d,n,N,r,trial,geometry,m,distortion,lambda_min,lambda_max,success_at_epsilon
2,8,64,8,0,common_factor,64,1.3382202181440626,0.14171911185812838,2.3382202181440626,0
2,8,64,8,0,haar,64,1.1836698614143804,0.5529613308750798,2.1836698614143804,0
2,8,64,8,0,common_factor,128,0.875362710120736,0.4566939579530022,1.875362710120736,0
2,8,64,8,0,haar,128,0.7905629467688098,0.7054594533216624,1.7905629467688098,0
2,8,64,8,0,common_factor,256,0.4848596504999103,0.5339556811067391,1.4848596504999103,1
2,8,64,8,0,haar,256,0.5484469162850028,0.679034497192845,1.5484469162850028,0
2,8,64,8,0,common_factor,512,0.46919593419187966,0.7065878176376104,1.4691959341918797,1
2,8,64,8,0,haar,512,0.4052183598092556,0.8323616682798389,1.4052183598092556,1
2,8,64,8,0,common_factor,1024,0.30940989491678583,0.8582681024626299,1.3094098949167858,1
2,8,64,8,0,haar,1024,0.19805134385682144,0.838380452251273,1.1980513438568214,1
2,8,64,8,0,common_factor,2048,0.1905171291219121,0.8223522381193629,1.190517129121912,1
2,8,64,8,0,haar,2048,0.14023757014581206,0.8597624298541879,1.1174670253412102,1
2,8,64,8,0,common_factor,4096,0.16177868235921689,0.8746452781574244,1.1617786823592169,1
2,8,64,8,0,haar,4096,0.08525625311028862,0.9147437468897114,1.0577006890413234,1
2,8,64,8,0,common_factor,8192,0.12037310598298712,0.935698005967453,1.1203731059829871,1
2,8,64,8,0,haar,8192,0.06059096265079211,0.9453792231958389,1.0605909626507921,1
2,8,64,8,1,common_factor,64,2.2842640696722647,0.4191784641440798,3.2842640696722647,0
2,8,64,8,1,haar,64,1.135594738912264,0.5252038897834587,2.135594738912264,0
2,8,64,8,1,common_factor,128,1.2773266493678848,0.5616627476357907,2.2773266493678848,0
2,8,64,8,1,haar,128,0.7517018906178727,0.5633293646380295,1.7517018906178727,0
2,8,64,8,1,common_factor,256,0.8540214647411202,0.6932223702949031,1.8540214647411202,0
2,8,64,8,1,haar,256,0.5118176562685728,0.7344587003672429,1.5118176562685728,0
2,8,64,8,1,common_factor,512,0.4947196163475054,0.7114451645541684,1.4947196163475054,1
2,8,64,8,1,haar,512,0.2626550785171383,0.7373449214828617,1.2502394066828078,1
2,8,64,8,1,common_factor,1024,0.3671805267140493,0.80393494330749,1.3671805267140493,1
2,8,64,8,1,haar,1024,0.19675310411730873,0.8678372547950517,1.1967531041173087,1
2,8,64,8,1,common_factor,2048,0.2410130015106704,0.8938179971066604,1.2410130015106704,1
2,8,64,8,1,haar,2048,0.1534379229762901,0.9223774449059855,1.15343792297629,1
2,8,64,8,1,common_factor,4096,0.18369126984608442,0.8948321802739042,1.1836912698460844,1
2,8,64,8,1,haar,4096,0.10749980943919413,0.9481908249549592,1.1074998094391941,1
2,8,64,8,1,common_factor,8192,0.08042488350264465,0.9195751164973553,1.0786926016159848,1
2,8,64,8,1,haar,8192,0.06612645663510475,0.9614081362591979,1.0661264566351047,1
2,8,64,8,2,common_factor,64,0.9496047313774998,0.22565680195324125,1.9496047313774998,0
2,8,64,8,2,haar,64,0.6560116130357858,0.3439883869642142,1.4065579783983413,0
2,8,64,8,2,common_factor,128,0.9835693713248905,0.38420217656421773,1.9835693713248905,0
2,8,64,8,2,haar,128,0.5439134744176297,0.5103684607001426,1.5439134744176297,0
2,8,64,8,2,common_factor,256,0.7007564221653424,0.5598823432926902,1.7007564221653424,0
2,8,64,8,2,haar,256,0.4416243884353699,0.7248820516059995,1.4416243884353699,1
2,8,64,8,2,common_factor,512,0.4514633888113746,0.6441136903618502,1.4514633888113746,1
2,8,64,8,2,haar,512,0.3097117405778964,0.725166158744166,1.3097117405778964,1
2,8,64,8,2,common_factor,1024,0.3582889675503125,0.7749496234443891,1.3582889675503125,1
2,8,64,8,2,haar,1024,0.27346737202521276,0.80743820303111,1.2734673720252128,1
2,8,64,8,2,common_factor,2048,0.2123731846256508,0.7876268153743492,1.1753138173806301,1
2,8,64,8,2,haar,2048,0.16264154770521833,0.8992602498540466,1.1626415477052183,1
2,8,64,8,2,common_factor,4096,0.1519489820437515,0.8480510179562485,1.1397702485883952,1
2,8,64,8,2,haar,4096,0.11040479634008094,0.9073367768278608,1.110404796340081,1
2,8,64,8,2,common_factor,8192,0.10052941673396365,0.8994705832660363,1.0659020862880348,1
2,8,64,8,2,haar,8192,0.07886895130890936,0.9391982414742525,1.0788689513089094,1
2,8,64,8,3,common_factor,64,0.8255534782738754,0.2530670978941987,1.8255534782738754,0
2,8,64,8,3,haar,64,0.6721400316031287,0.32785996839687126,1.3685153450837293,0
2,8,64,8,3,common_factor,128,0.6230804753467127,0.41559991005552954,1.6230804753467127,0
2,8,64,8,3,haar,128,0.4741829234481757,0.5258170765518243,1.3672881656468059,1
2,8,64,8,3,common_factor,256,0.5505761059141607,0.612135577101445,1.5505761059141607,0
2,8,64,8,3,haar,256,0.35119633755823376,0.6488036624417662,1.2886318118345639,1
2,8,64,8,3,common_factor,512,0.3649473016645127,0.6350526983354873,1.2587518835771467,1
2,8,64,8,3,haar,512,0.24372190561260587,0.761958171400128,1.2437219056126059,1
2,8,64,8,3,common_factor,1024,0.26656630293593275,0.7334336970640672,1.1936834579017732,1
2,8,64,8,3,haar,1024,0.26349717215672874,0.8599318879867927,1.2634971721567287,1
2,8,64,8,3,common_factor,2048,0.21643654327335093,0.7835634567266491,1.0844640674182342,1
2,8,64,8,3,haar,2048,0.15145813106622152,0.8664616142729766,1.1514581310662215,1
2,8,64,8,3,common_factor,4096,0.12960286111726305,0.888617783616519,1.129602861117263,1
2,8,64,8,3,haar,4096,0.12039060103997778,0.9231736009136273,1.1203906010399778,1
2,8,64,8,3,common_factor,8192,0.14840577204459193,0.9435693448109729,1.148405772044592,1
2,8,64,8,3,haar,8192,0.07723597395776771,0.9662417759893421,1.0772359739577677,1
2,8,64,8,4,common_factor,64,0.992686654296093,0.35349101860929116,1.992686654296093,0
2,8,64,8,4,haar,64,0.7680202463014942,0.5295360470458014,1.7680202463014942,0
2,8,64,8,4,common_factor,128,0.5519321665685879,0.4480678334314121,1.4542810781940732,0
2,8,64,8,4,haar,128,0.4538703157300952,0.582929170882883,1.4538703157300952,1
2,8,64,8,4,common_factor,256,0.49303869610048867,0.5069613038995113,1.39633705634488,1
2,8,64,8,4,haar,256,0.38970479702676053,0.6102952029732395,1.3111681488749551,1
2,8,64,8,4,common_factor,512,0.3081154330490964,0.6918845669509036,1.2907988169906446,1
2,8,64,8,4,haar,512,0.2767147503081868,0.7609000823294332,1.2767147503081868,1
2,8,64,8,4,common_factor,1024,0.255321051235156,0.7470590669421916,1.255321051235156,1
2,8,64,8,4,haar,1024,0.1871760731133254,0.8399676319288619,1.1871760731133254,1
2,8,64,8,4,common_factor,2048,0.22832363515639686,0.8251225907307415,1.2283236351563969,1
2,8,64,8,4,haar,2048,0.11080263249626088,0.8891973675037391,1.107848630517934,1
2,8,64,8,4,common_factor,4096,0.128598312889193,0.880044946172669,1.128598312889193,1
2,8,64,8,4,haar,4096,0.09344111310746062,0.9065588868925394,1.0671165187197178,1
2,8,64,8,4,common_factor,8192,0.09993563992170662,0.9249216366809856,1.0999356399217066,1
2,8,64,8,4,haar,8192,0.06353676405240938,0.9364632359475906,1.0542562350521774,1
2,8,64,8,5,common_factor,64,0.8748051504655963,0.23781124574208065,1.8748051504655963,0
2,8,64,8,5,haar,64,0.5883049464113067,0.4116950535886933,1.3064371015828609,0
2,8,64,8,5,common_factor,128,0.8002547247330227,0.3752516427538979,1.8002547247330227,0
2,8,64,8,5,haar,128,0.5976236268686161,0.4023763731313838,1.403993866255619,0
2,8,64,8,5,common_factor,256,0.45548541850012403,0.5640519232798135,1.455485418500124,1
2,8,64,8,5,haar,256,0.36749804316747603,0.632501956832524,1.3301135296650277,1
2,8,64,8,5,common_factor,512,0.4977247610064701,0.6833252224092135,1.4977247610064701,1
2,8,64,8,5,haar,512,0.2643917679554706,0.7925701361391841,1.2643917679554706,1
2,8,64,8,5,common_factor,1024,0.31734949541076585,0.7857970504837113,1.3173494954107658,1
2,8,64,8,5,haar,1024,0.19452607937392452,0.8115439622262377,1.1945260793739245,1
2,8,64,8,5,common_factor,2048,0.21783249861366327,0.8939844225346706,1.2178324986136633,1
2,8,64,8,5,haar,2048,0.13628287176849863,0.8637171282315014,1.1340309334446623,1
2,8,64,8,5,common_factor,4096,0.10560717294185362,0.8943928270581464,1.0838685149666831,1
2,8,64,8,5,haar,4096,0.10088301503304264,0.9135760201495737,1.1008830150330426,1
2,8,64,8,5,common_factor,8192,0.07024506647596662,0.9297549335240334,1.0649759861128656,1
2,8,64,8,5,haar,8192,0.05676172137747537,0.9432382786225246,1.052745445729696,1
2,8,64,8,6,common_factor,64,1.6794621798143812,0.3382304499363135,2.679462179814381,0
2,8,64,8,6,haar,64,0.994333690786996,0.38957790381982715,1.994333690786996,0
2,8,64,8,6,common_factor,128,0.6365414734289314,0.3951071733138598,1.6365414734289314,0
2,8,64,8,6,haar,128,0.49432955109519094,0.5056704489048091,1.40966273902481,1
2,8,64,8,6,common_factor,256,0.46570434431467433,0.5342956556853257,1.2726905287827102,1
2,8,64,8,6,haar,256,0.3748012310667138,0.6251987689332862,1.2723950272629503,1
2,8,64,8,6,common_factor,512,0.33107070286248286,0.6732429658249671,1.3310707028624829,1
2,8,64,8,6,haar,512,0.3538206157960134,0.6461793842039866,1.225681123895614,1
2,8,64,8,6,common_factor,1024,0.22747062396383166,0.7725293760361683,1.2083749420219385,1
2,8,64,8,6,haar,1024,0.2197703816571055,0.7802296183428945,1.138522545095265,1
2,8,64,8,6,common_factor,2048,0.18117019898597442,0.8188298010140256,1.1434958962247952,1
2,8,64,8,6,haar,2048,0.19257332456106113,0.8074266754389389,1.074727677213554,1
2,8,64,8,6,common_factor,4096,0.13848430819847568,0.8720249346703223,1.1384843081984757,1
2,8,64,8,6,haar,4096,0.1349266981953391,0.8650733018046609,1.0668978003134264,1
2,8,64,8,6,common_factor,8192,0.0729055980880855,0.9270944019119145,1.0623973659757124,1
2,8,64,8,6,haar,8192,0.08494878923559757,0.9150512107644024,1.0458577384287002,1
2,8,64,8,7,common_factor,64,1.4947693909084059,0.21489520411315643,2.494769390908406,0
2,8,64,8,7,haar,64,0.8025502971438818,0.48515577000672494,1.8025502971438818,0
2,8,64,8,7,common_factor,128,1.8424393327042412,0.3932561912187385,2.842439332704241,0
2,8,64,8,7,haar,128,0.4985728894363357,0.6684757859788116,1.4985728894363357,1
2,8,64,8,7,common_factor,256,0.8313649538520584,0.4975239327130923,1.8313649538520584,0
2,8,64,8,7,haar,256,0.2693381735634022,0.7926918338131029,1.2693381735634022,1
2,8,64,8,7,common_factor,512,0.6285328858636832,0.6301612644914832,1.6285328858636832,0
2,8,64,8,7,haar,512,0.27054096944485595,0.7911518501607602,1.270540969444856,1
2,8,64,8,7,common_factor,1024,0.39193879824967914,0.7890421702090554,1.3919387982496791,1
2,8,64,8,7,haar,1024,0.18398687096994015,0.8160131290300598,1.1511359342120526,1
2,8,64,8,7,common_factor,2048,0.2392237011314574,0.7607762988685426,1.2126276807091325,1
2,8,64,8,7,haar,2048,0.13656411984291594,0.8634358801570841,1.1001604626910038,1
2,8,64,8,7,common_factor,4096,0.15117906022275063,0.8488209397772494,1.134635202407018,1
2,8,64,8,7,haar,4096,0.07945620931901076,0.9263079225787171,1.0794562093190108,1
2,8,64,8,7,common_factor,8192,0.1085941813258392,0.8914058186741608,1.108435354317715,1
2,8,64,8,7,haar,8192,0.07801876917996275,0.9611283982304166,1.0780187691799628,1
2,8,64,8,8,common_factor,64,1.1563022880937939,0.33524289608456015,2.156302288093794,0
2,8,64,8,8,haar,64,1.0131615795246613,0.3445415683438766,2.0131615795246613,0
2,8,64,8,8,common_factor,128,0.5722048525927095,0.43440872255779805,1.5722048525927095,0
2,8,64,8,8,haar,128,0.6192728677228208,0.5398432300740282,1.6192728677228208,0
2,8,64,8,8,common_factor,256,0.5008329694227511,0.49916703057724887,1.1905943913765293,0
2,8,64,8,8,haar,256,0.3171379670115586,0.7127056835820763,1.3171379670115586,1
2,8,64,8,8,common_factor,512,0.2556024063878216,0.7443975936121784,1.249325308951275,1
2,8,64,8,8,haar,512,0.25891405995245487,0.7410859400475451,1.2218804965498082,1
2,8,64,8,8,common_factor,1024,0.22356652948514677,0.7764334705148532,1.1776078556427894,1
2,8,64,8,8,haar,1024,0.195833242802553,0.804166757197447,1.1737337194190722,1
2,8,64,8,8,common_factor,2048,0.21642609034877147,0.7835739096512285,1.0732046025056403,1
2,8,64,8,8,haar,2048,0.12174218282709837,0.8783527772458875,1.1217421828270984,1
2,8,64,8,8,common_factor,4096,0.15386362254787644,0.8461363774521236,1.0615770794864048,1
2,8,64,8,8,haar,4096,0.07878680987854803,0.921213190121452,1.0750295075583935,1
2,8,64,8,8,common_factor,8192,0.1000790168116984,0.8999209831883016,1.082958569348723,1
2,8,64,8,8,haar,8192,0.06977834187394616,0.9484387663221981,1.0697783418739462,1
2,8,64,8,9,common_factor,64,0.6641220440781285,0.33587795592187153,1.493363793237912,0
2,8,64,8,9,haar,64,0.5061676734179963,0.49383232658200377,1.4792152230126476,0
2,8,64,8,9,common_factor,128,0.5984620633773479,0.40153793662265214,1.4016685486534992,0
2,8,64,8,9,haar,128,0.36887611258945907,0.6881689507019026,1.368876112589459,1
2,8,64,8,9,common_factor,256,0.6231314103276913,0.4661225145647672,1.6231314103276913,0
2,8,64,8,9,haar,256,0.36369321546087496,0.7922994231870852,1.363693215460875,1
2,8,64,8,9,common_factor,512,0.4675841370912852,0.7070160385083418,1.4675841370912852,1
2,8,64,8,9,haar,512,0.19176968469987554,0.882021894375449,1.1917696846998755,1
2,8,64,8,9,common_factor,1024,0.31125235130785445,0.7403707067436033,1.3112523513078544,1
2,8,64,8,9,haar,1024,0.20562396183856801,0.794376038161432,1.1275482737377405,1
2,8,64,8,9,common_factor,2048,0.20368930680359054,0.8728027583884653,1.2036893068035905,1
2,8,64,8,9,haar,2048,0.11719809412556725,0.8864418412883549,1.1171980941255673,1
2,8,64,8,9,common_factor,4096,0.11996821567242177,0.8800317843275782,1.1170057678949643,1
2,8,64,8,9,haar,4096,0.09263058563349047,0.9073694143665095,1.0594058867739815,1
2,8,64,8,9,common_factor,8192,0.09339019187837683,0.9225120492448317,1.0933901918783768,1
2,8,64,8,9,haar,8192,0.0705241934448334,0.9294758065551666,1.0572874577370253,1
2,8,64,8,10,common_factor,64,0.709355249837071,0.290644750162929,1.5443677007561343,0
2,8,64,8,10,haar,64,0.6249563934521116,0.3953440268619553,1.6249563934521116,0
2,8,64,8,10,common_factor,128,0.5927413094764125,0.4072586905235876,1.391735217443289,0
2,8,64,8,10,haar,128,0.6284135837326947,0.5141416645302215,1.6284135837326947,0
2,8,64,8,10,common_factor,256,0.48016220603659543,0.5198377939634046,1.4523724044155217,1
2,8,64,8,10,haar,256,0.39234724643119656,0.6940400650346774,1.3923472464311966,1
2,8,64,8,10,common_factor,512,0.3625253845113685,0.6374746154886315,1.3261237242647865,1
2,8,64,8,10,haar,512,0.32512213412549373,0.7641299383312149,1.3251221341254937,1
2,8,64,8,10,common_factor,1024,0.23750732377616035,0.7624926762238396,1.2144103078784405,1
2,8,64,8,10,haar,1024,0.20213631422066525,0.7978636857793348,1.1890227107736349,1
2,8,64,8,10,common_factor,2048,0.20314196624180336,0.7968580337581966,1.1815460992474165,1
2,8,64,8,10,haar,2048,0.14793587314357692,0.8520641268564231,1.1314626884687582,1
2,8,64,8,10,common_factor,4096,0.1427317325487497,0.8572682674512503,1.116442460259674,1
2,8,64,8,10,haar,4096,0.11669031433776356,0.8833096856622364,1.076867443238774,1
2,8,64,8,10,common_factor,8192,0.07723583942679846,0.9227641605732015,1.0745081025137866,1
2,8,64,8,10,haar,8192,0.08696526825349093,0.9130347317465091,1.0618946024471083,1
2,8,64,8,11,common_factor,64,0.7028625525073551,0.3574190959670981,1.702862552507355,0
2,8,64,8,11,haar,64,0.6676256631377018,0.33237433686229817,1.5369225524209078,0
2,8,64,8,11,common_factor,128,0.5803554010429368,0.4196445989570632,1.3919796813347116,0
2,8,64,8,11,haar,128,0.5775140350079118,0.42248596499208824,1.4024045783167647,0
2,8,64,8,11,common_factor,256,0.51532579114552,0.48467420885448,1.295465889009607,0
2,8,64,8,11,haar,256,0.3626908107044702,0.7019187669746171,1.3626908107044702,1
2,8,64,8,11,common_factor,512,0.4179933302418122,0.684087795007196,1.4179933302418122,1
2,8,64,8,11,haar,512,0.27591483562796637,0.791608652398658,1.2759148356279664,1
2,8,64,8,11,common_factor,1024,0.4144163108866932,0.815145530820406,1.4144163108866932,1
2,8,64,8,11,haar,1024,0.21365899838378688,0.8732047738414573,1.2136589983837869,1
2,8,64,8,11,common_factor,2048,0.19789586216327892,0.8160194848415359,1.197895862163279,1
2,8,64,8,11,haar,2048,0.1466785619788913,0.898649948929952,1.1466785619788913,1
2,8,64,8,11,common_factor,4096,0.1822771701377781,0.8936218760502129,1.182277170137778,1
2,8,64,8,11,haar,4096,0.08958897651398745,0.9342203840969026,1.0895889765139875,1
2,8,64,8,11,common_factor,8192,0.10728135866837607,0.9373175392825741,1.107281358668376,1
2,8,64,8,11,haar,8192,0.06047472905020279,0.9576688405905969,1.0604747290502028,1
2,8,64,8,12,common_factor,64,1.0517005291167725,0.288350582078281,2.0517005291167725,0
2,8,64,8,12,haar,64,0.7088365124261449,0.39509716029132363,1.7088365124261449,0
2,8,64,8,12,common_factor,128,0.6688724108702679,0.5335129849279922,1.668872410870268,0
2,8,64,8,12,haar,128,0.6254715428051054,0.524822920562935,1.6254715428051054,0
2,8,64,8,12,common_factor,256,0.4577206619498779,0.5422793380501221,1.3118115037952256,1
2,8,64,8,12,haar,256,0.44759395500243215,0.5769516094494006,1.4475939550024322,1
2,8,64,8,12,common_factor,512,0.6644644525259435,0.7886563663906636,1.6644644525259435,0
2,8,64,8,12,haar,512,0.3334564327770442,0.6860266068234581,1.3334564327770442,1
2,8,64,8,12,common_factor,1024,0.3803721230742989,0.8474260648665403,1.380372123074299,1
2,8,64,8,12,haar,1024,0.16751513457229195,0.832484865427708,1.1586438774696555,1
2,8,64,8,12,common_factor,2048,0.2279046318075868,0.8551985053932571,1.2279046318075868,1
2,8,64,8,12,haar,2048,0.10969729326977284,0.906355182627971,1.1096972932697728,1
2,8,64,8,12,common_factor,4096,0.13728110142796912,0.9155471561301461,1.1372811014279691,1
2,8,64,8,12,haar,4096,0.08670118499289392,0.9132988150071061,1.0631985817897287,1
2,8,64,8,12,common_factor,8192,0.09816786308930081,0.9271439158543027,1.0981678630893008,1
2,8,64,8,12,haar,8192,0.05835665382604094,0.9452711576051949,1.058356653826041,1
2,8,64,8,13,common_factor,64,1.941951279315544,0.42955339049753055,2.941951279315544,0
2,8,64,8,13,haar,64,0.722408388831254,0.39034667955866115,1.722408388831254,0
2,8,64,8,13,common_factor,128,1.3759020060097078,0.6095385639711796,2.375902006009708,0
2,8,64,8,13,haar,128,0.6216568633033899,0.5048458676861131,1.6216568633033899,0
2,8,64,8,13,common_factor,256,0.7044319928740779,0.7431428676028582,1.7044319928740779,0
2,8,64,8,13,haar,256,0.3107456630370913,0.7005781019175626,1.3107456630370913,1
2,8,64,8,13,common_factor,512,0.33329897993520596,0.7472269028008881,1.333298979935206,1
2,8,64,8,13,haar,512,0.2606470389324438,0.7393529610675562,1.2060167501933734,1
2,8,64,8,13,common_factor,1024,0.20626422191064764,0.8155238093732337,1.2062642219106476,1
2,8,64,8,13,haar,1024,0.18870280842770015,0.8112971915722998,1.155819572231343,1
2,8,64,8,13,common_factor,2048,0.168789223902843,0.8856948657130587,1.168789223902843,1
2,8,64,8,13,haar,2048,0.126891594851819,0.8933527107599273,1.126891594851819,1
2,8,64,8,13,common_factor,4096,0.12364232247000562,0.9115147520423634,1.1236423224700056,1
2,8,64,8,13,haar,4096,0.09982314711521179,0.932541098806595,1.0998231471152118,1
2,8,64,8,13,common_factor,8192,0.0908817830061488,0.9091182169938512,1.058588188687249,1
2,8,64,8,13,haar,8192,0.06457848126347976,0.9354215187365202,1.0629163437149265,1
2,8,64,8,14,common_factor,64,2.192226466618276,0.39318293711431085,3.192226466618276,0
2,8,64,8,14,haar,64,0.7933518643541007,0.46077518434845893,1.7933518643541007,0
2,8,64,8,14,common_factor,128,1.2697182696045393,0.44501017911434176,2.2697182696045393,0
2,8,64,8,14,haar,128,0.4255156517998525,0.5744843482001475,1.392934666289282,1
2,8,64,8,14,common_factor,256,0.5310841080480995,0.6178201375344392,1.5310841080480995,0
2,8,64,8,14,haar,256,0.30495602667955,0.69504397332045,1.30126287339256,1
2,8,64,8,14,common_factor,512,0.29242011387179656,0.7075798861282034,1.2779367176920111,1
2,8,64,8,14,haar,512,0.24681581069947767,0.7531841893005223,1.1874811151598286,1
2,8,64,8,14,common_factor,1024,0.2718314802929983,0.7281685197070017,1.1126101732355989,1
2,8,64,8,14,haar,1024,0.18344795014767779,0.8165520498523222,1.1092573186678263,1
2,8,64,8,14,common_factor,2048,0.22084786079631002,0.77915213920369,1.1256563547042622,1
2,8,64,8,14,haar,2048,0.14442028020942366,0.8555797197905763,1.0741380261445568,1
2,8,64,8,14,common_factor,4096,0.17258113700882405,0.827418862991176,1.0483564669732741,1
2,8,64,8,14,haar,4096,0.10748104705457773,0.8925189529454223,1.0594470796029127,1
2,8,64,8,14,common_factor,8192,0.10736560589196342,0.8926343941080366,1.0457691877434039,1
2,8,64,8,14,haar,8192,0.06913930408124291,0.9415194417671785,1.069139304081243,1
2,8,64,8,15,common_factor,64,0.9414912894766867,0.2527299686300705,1.9414912894766867,0
2,8,64,8,15,haar,64,0.6470015494065702,0.3529984505934298,1.6193680327338746,0
2,8,64,8,15,common_factor,128,0.6006675756925806,0.39933242430741944,1.571436507774087,0
2,8,64,8,15,haar,128,0.6275463967078512,0.48428055989265345,1.6275463967078512,0
2,8,64,8,15,common_factor,256,0.4281754669815472,0.5718245330184528,1.337723397294049,1
2,8,64,8,15,haar,256,0.4056608573596403,0.6318812862886245,1.4056608573596403,1
2,8,64,8,15,common_factor,512,0.36419583262292554,0.654216259225089,1.3641958326229255,1
2,8,64,8,15,haar,512,0.3078753373979637,0.7608855997760542,1.3078753373979637,1
2,8,64,8,15,common_factor,1024,0.23340893189691336,0.7665910681030866,1.1876599644912051,1
2,8,64,8,15,haar,1024,0.18796754563250884,0.8120324543674912,1.1407280870345142,1
2,8,64,8,15,common_factor,2048,0.1620023760157414,0.8379976239842586,1.1403482958490638,1
2,8,64,8,15,haar,2048,0.1619638722993395,0.8380361277006605,1.069281028208354,1
2,8,64,8,15,common_factor,4096,0.12922128042983816,0.8707787195701618,1.0720417977854961,1
2,8,64,8,15,haar,4096,0.10585922094378397,0.894140779056216,1.0751667464650065,1
2,8,64,8,15,common_factor,8192,0.08851655966452288,0.9114834403354771,1.0761031491030544,1
2,8,64,8,15,haar,8192,0.07985603747541192,0.9201439625245881,1.0441537394999911,1
2,8,64,8,16,common_factor,64,0.8449032380224288,0.2469963712318842,1.8449032380224288,0
2,8,64,8,16,haar,64,0.8349241366877658,0.4599003372134057,1.8349241366877658,0
2,8,64,8,16,common_factor,128,0.6488027713728342,0.3511972286271658,1.510636403634065,0
2,8,64,8,16,haar,128,0.5153912935150884,0.48460870648491167,1.3075934829075924,0
2,8,64,8,16,common_factor,256,0.5018522227895854,0.4981477772104146,1.4527801467415036,0
2,8,64,8,16,haar,256,0.46833463194955605,0.7000724771752029,1.468334631949556,1
2,8,64,8,16,common_factor,512,0.3821500958587448,0.6178499041412552,1.3525854664001553,1
2,8,64,8,16,haar,512,0.22657774585123613,0.8066512801267427,1.2265777458512361,1
2,8,64,8,16,common_factor,1024,0.21874647820911108,0.7812535217908889,1.1283021800868303,1
2,8,64,8,16,haar,1024,0.15464648047415896,0.845353519525841,1.1532474738795693,1
2,8,64,8,16,common_factor,2048,0.192584863151522,0.807415136848478,1.0981596228791315,1
2,8,64,8,16,haar,2048,0.16312281857321564,0.8368771814267844,1.1005715502779494,1
2,8,64,8,16,common_factor,4096,0.12233882152619135,0.9009395567972311,1.1223388215261914,1
2,8,64,8,16,haar,4096,0.08602173500587451,0.920709579932582,1.0860217350058745,1
2,8,64,8,16,common_factor,8192,0.08788856990357152,0.9121114300964285,1.0784695171359542,1
2,8,64,8,16,haar,8192,0.05854704876411421,0.9428035902473938,1.0585470487641142,1
2,8,64,8,17,common_factor,64,1.1518815843811767,0.3347823717347829,2.1518815843811767,0
2,8,64,8,17,haar,64,0.522993000542507,0.477006999457493,1.5207010157724006,0
2,8,64,8,17,common_factor,128,0.7347702456158425,0.45172038003662085,1.7347702456158425,0
2,8,64,8,17,haar,128,0.5001799342587447,0.5368064996263019,1.5001799342587447,0
2,8,64,8,17,common_factor,256,0.9777304408298786,0.6355554088290926,1.9777304408298786,0
2,8,64,8,17,haar,256,0.4039439441899999,0.5960560558100001,1.380346233906961,1
2,8,64,8,17,common_factor,512,0.6331334094495538,0.7646184259759216,1.6331334094495538,0
2,8,64,8,17,haar,512,0.306805727293469,0.7446224160108759,1.306805727293469,1
2,8,64,8,17,common_factor,1024,0.40948042316732636,0.844013999360802,1.4094804231673264,1
2,8,64,8,17,haar,1024,0.17489467178008944,0.8251053282199106,1.125520555556323,1
2,8,64,8,17,common_factor,2048,0.33356198938554593,0.9386257995749465,1.333561989385546,1
2,8,64,8,17,haar,2048,0.14710658259431564,0.8909501317977981,1.1471065825943156,1
2,8,64,8,17,common_factor,4096,0.27623016177928617,0.9240349606710625,1.2762301617792862,1
2,8,64,8,17,haar,4096,0.10639778051623305,0.9312455273714418,1.106397780516233,1
2,8,64,8,17,common_factor,8192,0.19673628171925883,0.9601836880081848,1.1967362817192588,1
2,8,64,8,17,haar,8192,0.07163730454916895,0.9458535841267964,1.071637304549169,1
2,8,64,8,18,common_factor,64,1.648245053648984,0.2873450170634172,2.648245053648984,0
2,8,64,8,18,haar,64,0.7365777207745268,0.3726007070630184,1.7365777207745268,0
2,8,64,8,18,common_factor,128,1.342359194790999,0.34294050584588237,2.342359194790999,0
2,8,64,8,18,haar,128,0.603455773182602,0.47454214969560504,1.603455773182602,0
2,8,64,8,18,common_factor,256,0.5699757097743154,0.570228668485272,1.5699757097743154,0
2,8,64,8,18,haar,256,0.4300710676851579,0.5699289323148421,1.3127226120536486,1
2,8,64,8,18,common_factor,512,0.5041298661190641,0.6691416725782119,1.504129866119064,0
2,8,64,8,18,haar,512,0.2649604534977781,0.8263248416918819,1.264960453497778,1
2,8,64,8,18,common_factor,1024,0.30435115723176387,0.7104428536092138,1.3043511572317639,1
2,8,64,8,18,haar,1024,0.1302656199341311,0.8697343800658689,1.129651720436558,1
2,8,64,8,18,common_factor,2048,0.25085090239711083,0.7732564448046461,1.2508509023971108,1
2,8,64,8,18,haar,2048,0.1203039790685414,0.9071679941460977,1.1203039790685414,1
2,8,64,8,18,common_factor,4096,0.18206524581925965,0.8179347541807404,1.114703827622453,1
2,8,64,8,18,haar,4096,0.07779670417588547,0.9222032958241145,1.0613484056427935,1
2,8,64,8,18,common_factor,8192,0.10849612732552427,0.9036027037094013,1.1084961273255243,1
2,8,64,8,18,haar,8192,0.08494743408792305,0.920661866722823,1.084947434087923,1
2,8,64,8,19,common_factor,64,1.6982073458587132,0.34610989445686086,2.6982073458587132,0
2,8,64,8,19,haar,64,0.7370730384785791,0.4230227939534294,1.737073038478579,0
2,8,64,8,19,common_factor,128,1.0387445947833975,0.487656215993076,2.0387445947833975,0
2,8,64,8,19,haar,128,0.49195742865295644,0.651794655396491,1.4919574286529564,1
2,8,64,8,19,common_factor,256,0.7744261259952587,0.7134458353593043,1.7744261259952587,0
2,8,64,8,19,haar,256,0.43648733893595804,0.6621185699049077,1.436487338935958,1
2,8,64,8,19,common_factor,512,0.5955991182956557,0.7285064681814665,1.5955991182956557,0
2,8,64,8,19,haar,512,0.24086314573152456,0.7591368542684754,1.2392293127082046,1
2,8,64,8,19,common_factor,1024,0.4332482595006215,0.7443563253009838,1.4332482595006215,1
2,8,64,8,19,haar,1024,0.15390966942822915,0.8747356492933513,1.1539096694282291,1
2,8,64,8,19,common_factor,2048,0.24564953266859813,0.8295611238738022,1.2456495326685981,1
2,8,64,8,19,haar,2048,0.1320928875821128,0.8679071124178872,1.1216327539545916,1
2,8,64,8,19,common_factor,4096,0.1162082635163375,0.9009431553042586,1.1162082635163375,1
2,8,64,8,19,haar,4096,0.0917472345878092,0.9082527654121908,1.0844906679874236,1
2,8,64,8,19,common_factor,8192,0.06375813504917804,0.9463193906502078,1.063758135049178,1
2,8,64,8,19,haar,8192,0.08486463032977365,0.9151353696702264,1.063776161027462,1
2,8,64,8,20,common_factor,64,0.763453345033243,0.27988269833477425,1.763453345033243,0
2,8,64,8,20,haar,64,1.0186792932544395,0.4845523382434783,2.0186792932544395,0
2,8,64,8,20,common_factor,128,0.5839124158461941,0.4160875841538058,1.3780243826739973,0
2,8,64,8,20,haar,128,0.5768595666545158,0.5861952003512404,1.5768595666545158,0
2,8,64,8,20,common_factor,256,0.6235927318674073,0.5932226804234018,1.6235927318674073,0
2,8,64,8,20,haar,256,0.41041159884115297,0.7476186470097671,1.410411598841153,1
2,8,64,8,20,common_factor,512,0.3955148644287132,0.7198351317998548,1.3955148644287132,1
2,8,64,8,20,haar,512,0.2515890234887246,0.7771974966256782,1.2515890234887246,1
2,8,64,8,20,common_factor,1024,0.39836270739111246,0.8551278382287814,1.3983627073911125,1
2,8,64,8,20,haar,1024,0.19096905292960886,0.8112181925089843,1.1909690529296089,1
2,8,64,8,20,common_factor,2048,0.31576614479109555,0.9009049591184753,1.3157661447910955,1
2,8,64,8,20,haar,2048,0.18702757150494254,0.8129724284950575,1.1084138579868035,1
2,8,64,8,20,common_factor,4096,0.1949717179169448,0.9452331816591842,1.1949717179169448,1
2,8,64,8,20,haar,4096,0.09892955697973704,0.901070443020263,1.095680618092427,1
2,8,64,8,20,common_factor,8192,0.09669449713580547,0.9534855147336546,1.0966944971358055,1
2,8,64,8,20,haar,8192,0.07437548864389365,0.9459943085761335,1.0743754886438937,1
2,8,64,8,21,common_factor,64,0.9336914784644605,0.33696278925420237,1.9336914784644605,0
2,8,64,8,21,haar,64,0.7912384328866098,0.37189596587959495,1.7912384328866098,0
2,8,64,8,21,common_factor,128,0.6419827014597865,0.4624269336524086,1.6419827014597865,0
2,8,64,8,21,haar,128,0.5350318912633709,0.46496810873662914,1.3013226747099695,0
2,8,64,8,21,common_factor,256,0.6089923222425448,0.6239846945510897,1.6089923222425448,0
2,8,64,8,21,haar,256,0.3427715602969873,0.6572284397030127,1.3098727978614038,1
2,8,64,8,21,common_factor,512,0.35580877767340946,0.6441912223265905,1.3242489362311813,1
2,8,64,8,21,haar,512,0.2917245780030959,0.7082754219969041,1.2173293078481515,1
2,8,64,8,21,common_factor,1024,0.2482697878273844,0.7517302121726156,1.145933743698314,1
2,8,64,8,21,haar,1024,0.2310663406251614,0.7689336593748386,1.1328199307273101,1
2,8,64,8,21,common_factor,2048,0.19087255492314037,0.8091274450768596,1.1119243300356458,1
2,8,64,8,21,haar,2048,0.15704208390950014,0.8492284259247311,1.1570420839095001,1
2,8,64,8,21,common_factor,4096,0.1306097452021332,0.8693902547978668,1.0542510095392956,1
2,8,64,8,21,haar,4096,0.10151905811829753,0.8984809418817025,1.085379166974691,1
2,8,64,8,21,common_factor,8192,0.08974266094431549,0.9102573390556845,1.0656216671154193,1
2,8,64,8,21,haar,8192,0.07121307232021534,0.9348755850621211,1.0712130723202153,1
2,8,64,8,22,common_factor,64,1.6196301189466098,0.3422521720376865,2.61963011894661,0
2,8,64,8,22,haar,64,0.6595321930930742,0.34863664859109883,1.6595321930930742,0
2,8,64,8,22,common_factor,128,0.8671787125700183,0.38976518316151,1.8671787125700183,0
2,8,64,8,22,haar,128,0.7418461041161852,0.45788637028205925,1.7418461041161852,0
2,8,64,8,22,common_factor,256,0.5387335066431844,0.5579877368606119,1.5387335066431844,0
2,8,64,8,22,haar,256,0.3722326711124413,0.6277673288875587,1.339212939252747,1
2,8,64,8,22,common_factor,512,0.3420938426898341,0.6579061573101659,1.220435290822938,1
2,8,64,8,22,haar,512,0.22768573013688975,0.8079232881275414,1.2276857301368898,1
2,8,64,8,22,common_factor,1024,0.20711678049289384,0.7928832195071062,1.2021720488242438,1
2,8,64,8,22,haar,1024,0.15187184718997604,0.8734931115955472,1.151871847189976,1
2,8,64,8,22,common_factor,2048,0.18420653684832777,0.8157934631516722,1.0798418632253637,1
2,8,64,8,22,haar,2048,0.11718341911830477,0.8828165808816952,1.1033438229957628,1
2,8,64,8,22,common_factor,4096,0.10812232979489877,0.8918776702051012,1.0553879963742916,1
2,8,64,8,22,haar,4096,0.09397947484974667,0.9060205251502533,1.0866547999088558,1
2,8,64,8,22,common_factor,8192,0.08691457436671346,0.9130854256332865,1.0725770307652316,1
2,8,64,8,22,haar,8192,0.06650287769243612,0.9334971223075639,1.0547530809475643,1
2,8,64,8,23,common_factor,64,1.59467249675876,0.34644947156398803,2.59467249675876,0
2,8,64,8,23,haar,64,0.9497285736913832,0.4675418139729403,1.9497285736913832,0
2,8,64,8,23,common_factor,128,0.6696772388509218,0.4102358490073328,1.6696772388509218,0
2,8,64,8,23,haar,128,0.5088809344890308,0.7018417863650392,1.5088809344890308,0
2,8,64,8,23,common_factor,256,0.6950646293602301,0.6268035259451415,1.69506462936023,0
2,8,64,8,23,haar,256,0.37248727212866206,0.7099584777842827,1.372487272128662,1
2,8,64,8,23,common_factor,512,0.42572794209849585,0.6731996352841485,1.4257279420984958,1
2,8,64,8,23,haar,512,0.2350993914835019,0.7649006085164981,1.203627681140119,1
2,8,64,8,23,common_factor,1024,0.35886536731901697,0.7796944494579472,1.358865367319017,1
2,8,64,8,23,haar,1024,0.1829603602892622,0.8682767495469589,1.1829603602892622,1
2,8,64,8,23,common_factor,2048,0.22512011368744966,0.9273873935993439,1.2251201136874497,1
2,8,64,8,23,haar,2048,0.13122074905545889,0.8823623709921492,1.1312207490554589,1
2,8,64,8,23,common_factor,4096,0.15722122865321286,0.9197724935302338,1.1572212286532129,1
2,8,64,8,23,haar,4096,0.07500123932492597,0.9360961416066399,1.075001239324926,1
2,8,64,8,23,common_factor,8192,0.1175141626130991,0.9346093905922911,1.117514162613099,1
2,8,64,8,23,haar,8192,0.07192839320918876,0.9468558662776753,1.0719283932091888,1
2,8,64,8,24,common_factor,64,0.7250025696711575,0.2749974303288425,1.3864761964100185,0
2,8,64,8,24,haar,64,0.6165580795673926,0.4522358524638518,1.6165580795673926,0
2,8,64,8,24,common_factor,128,0.6201002697989297,0.3798997302010703,1.3351872633202992,0
2,8,64,8,24,haar,128,0.5688302711168511,0.6201908401188342,1.5688302711168511,0
2,8,64,8,24,common_factor,256,0.4977902914298723,0.5022097085701277,1.2104210760785081,1
2,8,64,8,24,haar,256,0.3440339320137238,0.6829129443646625,1.3440339320137238,1
2,8,64,8,24,common_factor,512,0.36494051622229207,0.6350594837777079,1.292794885358002,1
2,8,64,8,24,haar,512,0.23197192593313531,0.7680280740668647,1.2253417119456058,1
2,8,64,8,24,common_factor,1024,0.24795771441511505,0.7736026137172113,1.247957714415115,1
2,8,64,8,24,haar,1024,0.17470905319643526,0.8331187281201113,1.1747090531964353,1
2,8,64,8,24,common_factor,2048,0.2918693895679403,0.8017616698343728,1.2918693895679403,1
2,8,64,8,24,haar,2048,0.12760791321743903,0.872392086782561,1.1007738036849826,1
2,8,64,8,24,common_factor,4096,0.14220635877460064,0.8577936412253994,1.114146130947663,1
2,8,64,8,24,haar,4096,0.08276320556604788,0.9172367944339521,1.074578967695096,1
2,8,64,8,24,common_factor,8192,0.09083701249630227,0.9091629875036977,1.066624084227709,1
2,8,64,8,24,haar,8192,0.0849077186114714,0.9150922813885286,1.0559713282861611,1
2,8,64,8,25,common_factor,64,0.8496591823132424,0.15034081768675756,0.9399824154892029,0
2,8,64,8,25,haar,64,0.7392548724755196,0.2607451275244804,1.4235510544004606,0
2,8,64,8,25,common_factor,128,0.736954929341965,0.263045070658035,1.2409591635523984,0
2,8,64,8,25,haar,128,0.6096839557724983,0.39031604422750166,1.096672225625503,0
2,8,64,8,25,common_factor,256,0.40940624004792614,0.618236592480126,1.4094062400479261,1
2,8,64,8,25,haar,256,0.42954253759974625,0.5704574624002537,1.112818247732866,1
2,8,64,8,25,common_factor,512,0.3775948385951051,0.7346673420996144,1.3775948385951051,1
2,8,64,8,25,haar,512,0.35162808878022067,0.6483719112197793,1.0698712969602209,1
2,8,64,8,25,common_factor,1024,0.26469741200964547,0.8135378529650543,1.2646974120096455,1
2,8,64,8,25,haar,1024,0.20473959870003522,0.7952604012999648,1.078298163004542,1
2,8,64,8,25,common_factor,2048,0.16591554277408538,0.8340844572259146,1.119646362814725,1
2,8,64,8,25,haar,2048,0.11880109408563655,0.8811989059143635,1.072422885699536,1
2,8,64,8,25,common_factor,4096,0.10586644190268879,0.8941335580973112,1.092521165998726,1
2,8,64,8,25,haar,4096,0.09017915924585995,0.90982084075414,1.0765108884448278,1
2,8,64,8,25,common_factor,8192,0.08495203824786368,0.9150479617521363,1.084040082704335,1
2,8,64,8,25,haar,8192,0.07463354038013792,0.9253664596198621,1.0487610919964685,1
2,8,64,8,26,common_factor,64,0.9222230068006418,0.21769554038452357,1.9222230068006418,0
2,8,64,8,26,haar,64,0.8562806352589016,0.4662220674512139,1.8562806352589016,0
2,8,64,8,26,common_factor,128,0.6978093102235474,0.3021906897764526,1.6549991949336695,0
2,8,64,8,26,haar,128,0.5511157474198971,0.5640425074908497,1.551115747419897,0
2,8,64,8,26,common_factor,256,0.4994266715187148,0.5599822612087308,1.4994266715187148,1
2,8,64,8,26,haar,256,0.4091116272690978,0.6539639358510053,1.4091116272690978,1
2,8,64,8,26,common_factor,512,0.3597356570722987,0.6402643429277013,1.328487357403281,1
2,8,64,8,26,haar,512,0.2685002930316025,0.835466167688602,1.2685002930316025,1
2,8,64,8,26,common_factor,1024,0.20129735381498925,0.7987026461850107,1.188594692254128,1
2,8,64,8,26,haar,1024,0.2409976635525919,0.8547084163056349,1.240997663552592,1
2,8,64,8,26,common_factor,2048,0.20086385168313692,0.7991361483168631,1.142024794194016,1
2,8,64,8,26,haar,2048,0.18564164253643356,0.8983416992066674,1.1856416425364336,1
2,8,64,8,26,common_factor,4096,0.13759321695319748,0.8624067830468025,1.1045346270099812,1
2,8,64,8,26,haar,4096,0.1132649407314823,0.9351340732790263,1.1132649407314823,1
2,8,64,8,26,common_factor,8192,0.09345804961559723,0.9126631515178849,1.0934580496155972,1
2,8,64,8,26,haar,8192,0.07902236077521563,0.9497646132197333,1.0790223607752156,1
2,8,64,8,27,common_factor,64,0.8539819703614389,0.14601802963856117,1.6980980273784416,0
2,8,64,8,27,haar,64,1.128370600833593,0.42683138406569876,2.128370600833593,0
2,8,64,8,27,common_factor,128,0.6346385781591294,0.3653614218408706,1.6323499368658119,0
2,8,64,8,27,haar,128,0.6211790075734929,0.4314837122602299,1.6211790075734929,0
2,8,64,8,27,common_factor,256,0.4580852290204982,0.5419147709795018,1.3650694508890748,1
2,8,64,8,27,haar,256,0.459443717229699,0.6434920722346503,1.459443717229699,1
2,8,64,8,27,common_factor,512,0.5306436618095578,0.7277555479119124,1.5306436618095578,0
2,8,64,8,27,haar,512,0.28860507783879097,0.7888264322541547,1.288605077838791,1
2,8,64,8,27,common_factor,1024,0.31259569984651714,0.7657976375848694,1.3125956998465171,1
2,8,64,8,27,haar,1024,0.16908044517566223,0.8569054912410923,1.1690804451756622,1
2,8,64,8,27,common_factor,2048,0.19938314720547945,0.8006168527945206,1.188211612704074,1
2,8,64,8,27,haar,2048,0.11244471616129137,0.9147591637686643,1.1124447161612914,1
2,8,64,8,27,common_factor,4096,0.13947504615934214,0.8867528979359909,1.1394750461593421,1
2,8,64,8,27,haar,4096,0.0972082535443144,0.9027917464556856,1.0729712214239369,1
2,8,64,8,27,common_factor,8192,0.11234531697212213,0.8876546830278779,1.0562150724218868,1
2,8,64,8,27,haar,8192,0.06867320098439178,0.9313267990156082,1.0499584269993116,1
2,8,64,8,28,common_factor,64,1.1015581840204343,0.26970629426030895,2.1015581840204343,0
2,8,64,8,28,haar,64,0.8441969503147919,0.35062513815270946,1.844196950314792,0
2,8,64,8,28,common_factor,128,0.5422471149628547,0.45775288503714534,1.4874570808837968,0
2,8,64,8,28,haar,128,0.7429838195349319,0.5720016101655602,1.7429838195349319,0
2,8,64,8,28,common_factor,256,0.7118153023488787,0.6835914979045479,1.7118153023488787,0
2,8,64,8,28,haar,256,0.41711886750711624,0.7279874734680762,1.4171188675071162,1
2,8,64,8,28,common_factor,512,0.39212861568503565,0.6456042088103227,1.3921286156850357,1
2,8,64,8,28,haar,512,0.3505327600789965,0.8075519716550801,1.3505327600789965,1
2,8,64,8,28,common_factor,1024,0.271051744494497,0.728948255505503,1.2692982772360148,1
2,8,64,8,28,haar,1024,0.2627972262663485,0.8601806654322939,1.2627972262663485,1
2,8,64,8,28,common_factor,2048,0.2810697252021146,0.8592982004581471,1.2810697252021146,1
2,8,64,8,28,haar,2048,0.16095305503360224,0.9028742747527383,1.1609530550336022,1
2,8,64,8,28,common_factor,4096,0.2011099510186305,0.8882271853327571,1.2011099510186305,1
2,8,64,8,28,haar,4096,0.10166152072104806,0.9511138346525119,1.101661520721048,1
2,8,64,8,28,common_factor,8192,0.14359352980936535,0.9154841695734035,1.1435935298093654,1
2,8,64,8,28,haar,8192,0.07766625370014268,0.946333872820792,1.0776662537001427,1
2,8,64,8,29,common_factor,64,1.1964356941388608,0.2176953552166979,2.1964356941388608,0
2,8,64,8,29,haar,64,0.6023981710489641,0.39760182895103596,1.4461283537776315,0
2,8,64,8,29,common_factor,128,1.4405645140623875,0.41262237320267714,2.4405645140623875,0
2,8,64,8,29,haar,128,0.6742285827765961,0.5264276952807,1.6742285827765961,0
2,8,64,8,29,common_factor,256,1.3180511491468514,0.6425778326222673,2.3180511491468514,0
2,8,64,8,29,haar,256,0.49954974882679526,0.7062433005974479,1.4995497488267953,1
2,8,64,8,29,common_factor,512,0.6128501815311123,0.6837108672097477,1.6128501815311123,0
2,8,64,8,29,haar,512,0.2733527391531646,0.7266472608468354,1.1955298592609422,1
2,8,64,8,29,common_factor,1024,0.3254755539772496,0.7372748530998817,1.3254755539772496,1
2,8,64,8,29,haar,1024,0.1794252232977549,0.84255750138014,1.179425223297755,1
2,8,64,8,29,common_factor,2048,0.1960712268005288,0.8039287731994712,1.1883677550769363,1
2,8,64,8,29,haar,2048,0.13652790066902565,0.9116731004370088,1.1365279006690256,1
2,8,64,8,29,common_factor,4096,0.17804743329342798,0.821952566706572,1.0990247075949913,1
2,8,64,8,29,haar,4096,0.09406059712791048,0.9132890200305098,1.0940605971279105,1
2,8,64,8,29,common_factor,8192,0.1136049898000766,0.8863950101999234,1.0693466071753013,1
2,8,64,8,29,haar,8192,0.06540167881646286,0.9345983211835371,1.050727065818154,1
2,8,64,8,30,common_factor,64,0.9853218519657527,0.32444268040880586,1.9853218519657527,0
2,8,64,8,30,haar,64,0.603460672665997,0.39653932733400293,1.4301950032542579,0
2,8,64,8,30,common_factor,128,0.5933192126218974,0.4066807873781027,1.5323939004119087,0
2,8,64,8,30,haar,128,0.5897151374959961,0.6171087624574725,1.5897151374959961,0
2,8,64,8,30,common_factor,256,0.45808879724329743,0.567147587026683,1.4580887972432974,1
2,8,64,8,30,haar,256,0.4919370061695585,0.7491694153176663,1.4919370061695585,1
2,8,64,8,30,common_factor,512,0.35878158263667437,0.6412184173633256,1.2236344276489468,1
2,8,64,8,30,haar,512,0.31404413289243793,0.7635908225229153,1.314044132892438,1
2,8,64,8,30,common_factor,1024,0.2604272823711886,0.7395727176288114,1.1680641027043295,1
2,8,64,8,30,haar,1024,0.17690563330329445,0.8230943666967055,1.1404207181840795,1
2,8,64,8,30,common_factor,2048,0.20776624924230513,0.7922337507576949,1.157534144295413,1
2,8,64,8,30,haar,2048,0.09977594336786821,0.9118558073125207,1.0997759433678682,1
2,8,64,8,30,common_factor,4096,0.1250901188317589,0.8749098811682411,1.1209312886118248,1
2,8,64,8,30,haar,4096,0.09037148879672507,0.9096285112032749,1.074050519565984,1
2,8,64,8,30,common_factor,8192,0.10033381963621757,0.8996661803637824,1.0928753542576675,1
2,8,64,8,30,haar,8192,0.0652872907176455,0.9347127092823545,1.052742055340909,1
2,8,64,8,31,common_factor,64,1.0910486958001329,0.21424267657273052,2.091048695800133,0
2,8,64,8,31,haar,64,0.6074963869771786,0.39250361302282144,1.4033831492238213,0
2,8,64,8,31,common_factor,128,0.6518246618418849,0.3481753381581151,1.4666511876977946,0
2,8,64,8,31,haar,128,0.5244648259620052,0.47553517403799483,1.395900844737916,0
2,8,64,8,31,common_factor,256,0.5387834126376683,0.5311660145252242,1.5387834126376683,0
2,8,64,8,31,haar,256,0.3315141533589594,0.6684858466410406,1.3098523827491146,1
2,8,64,8,31,common_factor,512,0.38889048762596334,0.6376308800331817,1.3888904876259633,1
2,8,64,8,31,haar,512,0.2800431199035689,0.7199568800964311,1.2330629858188313,1
2,8,64,8,31,common_factor,1024,0.24146392266006944,0.8002489983885541,1.2414639226600694,1
2,8,64,8,31,haar,1024,0.16108088178188895,0.8683483902181623,1.161080881781889,1
2,8,64,8,31,common_factor,2048,0.17138860933640987,0.8286113906635901,1.0690448807627402,1
2,8,64,8,31,haar,2048,0.11042522173175762,0.8895747782682424,1.0994718184774195,1
2,8,64,8,31,common_factor,4096,0.12274321529622367,0.8772567847037763,1.0829169075156804,1
2,8,64,8,31,haar,4096,0.09348974583979608,0.9269673527934439,1.093489745839796,1
2,8,64,8,31,common_factor,8192,0.12637215102076105,0.873627848979239,1.0429379866692547,1
2,8,64,8,31,haar,8192,0.0588512167324694,0.9411487832675306,1.0586694084884154,1
2,8,64,8,32,common_factor,64,1.6080447870790526,0.26915673843867544,2.6080447870790526,0
2,8,64,8,32,haar,64,0.6217858999037542,0.38179227936865495,1.6217858999037542,0
2,8,64,8,32,common_factor,128,0.6452304022306581,0.4370411301991581,1.645230402230658,0
2,8,64,8,32,haar,128,0.44610986911845774,0.5538901308815423,1.3804481275857854,1
2,8,64,8,32,common_factor,256,0.9157106063082125,0.665510414584289,1.9157106063082125,0
2,8,64,8,32,haar,256,0.4112949363229117,0.7323830324266335,1.4112949363229117,1
2,8,64,8,32,common_factor,512,0.4328836762585775,0.6779111637921598,1.4328836762585775,1
2,8,64,8,32,haar,512,0.4070200962421844,0.8095492621607153,1.4070200962421844,1
2,8,64,8,32,common_factor,1024,0.24149620867886812,0.7585037913211319,1.1911559119650026,1
2,8,64,8,32,haar,1024,0.20736489281339576,0.7979732267207673,1.2073648928133958,1
2,8,64,8,32,common_factor,2048,0.18727019803174427,0.8127298019682557,1.1475072066520224,1
2,8,64,8,32,haar,2048,0.14352797690882535,0.8564720230911747,1.1226985780392313,1
2,8,64,8,32,common_factor,4096,0.11584226009597609,0.9179700840232149,1.115842260095976,1
2,8,64,8,32,haar,4096,0.08883554374661284,0.9198772471290824,1.0888355437466128,1
2,8,64,8,32,common_factor,8192,0.09579068943334668,0.9319872026198733,1.0957906894333467,1
2,8,64,8,32,haar,8192,0.07378001896842745,0.931079194574694,1.0737800189684275,1
2,8,64,8,33,common_factor,64,1.3945254843991135,0.4130996181890715,2.3945254843991135,0
2,8,64,8,33,haar,64,0.6463141893815737,0.3536858106184263,1.5695507350723272,0
2,8,64,8,33,common_factor,128,0.6146962309094515,0.42546171807136657,1.6146962309094515,0
2,8,64,8,33,haar,128,0.4334243270582988,0.5665756729417012,1.4201879062469336,1
2,8,64,8,33,common_factor,256,0.47460985851931636,0.5253901414806836,1.469442620320245,1
2,8,64,8,33,haar,256,0.39486450514982097,0.6662212967141848,1.394864505149821,1
2,8,64,8,33,common_factor,512,0.34644373248841,0.7019194271942839,1.34644373248841,1
2,8,64,8,33,haar,512,0.2456434801274694,0.7543565198725306,1.2016437784509444,1
2,8,64,8,33,common_factor,1024,0.25694612969032926,0.7430538703096707,1.2225917662556665,1
2,8,64,8,33,haar,1024,0.17862694734050955,0.8213730526594905,1.1617442232671151,1
2,8,64,8,33,common_factor,2048,0.18681617884725754,0.8131838211527425,1.176760340843466,1
2,8,64,8,33,haar,2048,0.1624493948691591,0.8375506051308409,1.143608837180127,1
2,8,64,8,33,common_factor,4096,0.10924938906862602,0.890750610931374,1.0762317810273905,1
2,8,64,8,33,haar,4096,0.12990897267126977,0.8700910273287302,1.076361271495929,1
2,8,64,8,33,common_factor,8192,0.09094764921353404,0.909052350786466,1.0563259374219636,1
2,8,64,8,33,haar,8192,0.07729633365006494,0.9350294122942049,1.077296333650065,1
2,8,64,8,34,common_factor,64,1.56456422943107,0.38592352667487123,2.56456422943107,0
2,8,64,8,34,haar,64,0.5470586010870402,0.5326656081186077,1.5470586010870402,0
2,8,64,8,34,common_factor,128,1.0053303463004677,0.6089315600310742,2.0053303463004677,0
2,8,64,8,34,haar,128,0.6436785860433283,0.6081579695249405,1.6436785860433283,0
2,8,64,8,34,common_factor,256,0.7480033570028948,0.8143300251574701,1.7480033570028948,0
2,8,64,8,34,haar,256,0.5221445418466262,0.7225197239193609,1.5221445418466262,0
2,8,64,8,34,common_factor,512,0.6027541549464783,0.7976572410876336,1.6027541549464783,0
2,8,64,8,34,haar,512,0.3390262561822823,0.8770315840601283,1.3390262561822823,1
2,8,64,8,34,common_factor,1024,0.3633341029499759,0.8904913796294192,1.363334102949976,1
2,8,64,8,34,haar,1024,0.15472328113862654,0.8747585200032777,1.1547232811386265,1
2,8,64,8,34,common_factor,2048,0.2477016269354131,0.8912580143867692,1.247701626935413,1
2,8,64,8,34,haar,2048,0.11382840707175546,0.8878389549326032,1.1138284070717555,1
2,8,64,8,34,common_factor,4096,0.17605856573779,0.909151597113762,1.17605856573779,1
2,8,64,8,34,haar,4096,0.08709949093114111,0.9228459598759354,1.087099490931141,1
2,8,64,8,34,common_factor,8192,0.11651393135350929,0.9431414326177998,1.1165139313535093,1
2,8,64,8,34,haar,8192,0.05755036193037055,0.9471857720360902,1.0575503619303706,1
2,8,64,8,35,common_factor,64,1.2930635076098715,0.2647355413441644,2.2930635076098715,0
2,8,64,8,35,haar,64,0.7078870436684923,0.4889938691857604,1.7078870436684923,0
2,8,64,8,35,common_factor,128,0.8866596125969071,0.5757427563591736,1.886659612596907,0
2,8,64,8,35,haar,128,0.44763560422610627,0.649544808618666,1.4476356042261063,1
2,8,64,8,35,common_factor,256,1.0490415580074899,0.6927011231971074,2.04904155800749,0
2,8,64,8,35,haar,256,0.2686627937722028,0.757066316518954,1.2686627937722028,1
2,8,64,8,35,common_factor,512,0.6339173758802663,0.7695238897540312,1.6339173758802663,0
2,8,64,8,35,haar,512,0.25354654545179534,0.8096991621320094,1.2535465454517953,1
2,8,64,8,35,common_factor,1024,0.4600951382596905,0.8795715222694009,1.4600951382596905,1
2,8,64,8,35,haar,1024,0.18381251181013902,0.8590037071741835,1.183812511810139,1
2,8,64,8,35,common_factor,2048,0.3140098252331367,0.9361059278983251,1.3140098252331367,1
2,8,64,8,35,haar,2048,0.14390282900911378,0.9053181249523705,1.1439028290091138,1
2,8,64,8,35,common_factor,4096,0.17221988732736704,0.9238474803553817,1.172219887327367,1
2,8,64,8,35,haar,4096,0.09341247101753414,0.9333440582726844,1.0934124710175341,1
2,8,64,8,35,common_factor,8192,0.12258309740569451,0.9299848098075755,1.1225830974056945,1
2,8,64,8,35,haar,8192,0.06349131180380341,0.9375834303559529,1.0634913118038034,1
2,8,64,8,36,common_factor,64,1.0409047757594583,0.3888651834425379,2.0409047757594583,0
2,8,64,8,36,haar,64,0.9318752676675293,0.4336982141255211,1.9318752676675293,0
2,8,64,8,36,common_factor,128,1.0105406239644044,0.5517027521229267,2.0105406239644044,0
2,8,64,8,36,haar,128,0.4704413116593442,0.5660214509924767,1.4704413116593442,1
2,8,64,8,36,common_factor,256,0.3989015130136869,0.6010984869863131,1.3351559414402268,1
2,8,64,8,36,haar,256,0.43079093704643756,0.5692090629535624,1.2847149117689438,1
2,8,64,8,36,common_factor,512,0.2715255851185455,0.7284744148814545,1.2070017868332827,1
2,8,64,8,36,haar,512,0.33266849234169105,0.667331507658309,1.1314959177226744,1
2,8,64,8,36,common_factor,1024,0.2275265254191825,0.7724734745808175,1.1975004641356908,1
2,8,64,8,36,haar,1024,0.15314862546603747,0.8468513745339625,1.132598033711905,1
2,8,64,8,36,common_factor,2048,0.17244122374350535,0.8853210590916823,1.1724412237435053,1
2,8,64,8,36,haar,2048,0.1673839937928845,0.9001585327490508,1.1673839937928845,1
2,8,64,8,36,common_factor,4096,0.14127678583657965,0.8587232141634203,1.0906487224069508,1
2,8,64,8,36,haar,4096,0.10220495169926358,0.92610976134684,1.1022049516992636,1
2,8,64,8,36,common_factor,8192,0.09735188462299127,0.9026481153770087,1.0639864295355148,1
2,8,64,8,36,haar,8192,0.06524305688531007,0.9347569431146899,1.0525218731937909,1
2,8,64,8,37,common_factor,64,2.106369434329368,0.5700452976952097,3.106369434329368,0
2,8,64,8,37,haar,64,0.9123160094016018,0.610016925053613,1.9123160094016018,0
2,8,64,8,37,common_factor,128,1.3606467116588417,0.5822903024279255,2.3606467116588417,0
2,8,64,8,37,haar,128,0.4140420296758329,0.6634068647934076,1.414042029675833,1
2,8,64,8,37,common_factor,256,0.6088720093957403,0.6376202666556424,1.6088720093957403,0
2,8,64,8,37,haar,256,0.3475292220523303,0.7111657137527493,1.3475292220523303,1
2,8,64,8,37,common_factor,512,0.39586497142486365,0.69345966241433,1.3958649714248637,1
2,8,64,8,37,haar,512,0.2698215689317143,0.7833830764471396,1.2698215689317143,1
2,8,64,8,37,common_factor,1024,0.3373143058133534,0.830614287657547,1.3373143058133534,1
2,8,64,8,37,haar,1024,0.21034752771789944,0.8158712536157514,1.2103475277178994,1
2,8,64,8,37,common_factor,2048,0.21005907694443393,0.8699314920927887,1.210059076944434,1
2,8,64,8,37,haar,2048,0.1385798232550044,0.9113957626384176,1.1385798232550044,1
2,8,64,8,37,common_factor,4096,0.1320230734578619,0.8679769265421381,1.0674889707891357,1
2,8,64,8,37,haar,4096,0.06961567125322621,0.9303843287467738,1.0627559313380737,1
2,8,64,8,37,common_factor,8192,0.08636189255011395,0.913638107449886,1.0767277391336298,1
2,8,64,8,37,haar,8192,0.04995946779264149,0.9500405322073585,1.0471538200768755,1
2,8,64,8,38,common_factor,64,1.501251226298157,0.36180113385409035,2.501251226298157,0
2,8,64,8,38,haar,64,0.6921006643118228,0.30789933568817723,1.4238996616213155,0
2,8,64,8,38,common_factor,128,0.8410407742627375,0.43221988590670063,1.8410407742627375,0
2,8,64,8,38,haar,128,0.5101659078301684,0.4898340921698316,1.376630234839951,0
2,8,64,8,38,common_factor,256,0.9500113365611462,0.6333788387422432,1.9500113365611462,0
2,8,64,8,38,haar,256,0.41130248666367897,0.6452375703244936,1.411302486663679,1
2,8,64,8,38,common_factor,512,0.4538230164927395,0.7166822302853708,1.4538230164927395,1
2,8,64,8,38,haar,512,0.288361949110582,0.711638050889418,1.1949786992609617,1
2,8,64,8,38,common_factor,1024,0.25970684802664434,0.7402931519733557,1.230185208141643,1
2,8,64,8,38,haar,1024,0.2182359062918764,0.7817640937081236,1.1203852972775583,1
2,8,64,8,38,common_factor,2048,0.1985871279980469,0.8014128720019531,1.110308886690511,1
2,8,64,8,38,haar,2048,0.1258703851748162,0.8741296148251838,1.0985130045670384,1
2,8,64,8,38,common_factor,4096,0.14518330422206438,0.8548166957779356,1.0646624795352655,1
2,8,64,8,38,haar,4096,0.08220547695147373,0.9177945230485263,1.0696703732555022,1
2,8,64,8,38,common_factor,8192,0.11184646022713518,0.8881535397728648,1.0490067325687074,1
2,8,64,8,38,haar,8192,0.057485709026213305,0.9425142909737867,1.049042335880305,1
2,8,64,8,39,common_factor,64,1.0803534736429623,0.20449181147101494,2.0803534736429623,0
2,8,64,8,39,haar,64,0.7150560664882106,0.42323051602616296,1.7150560664882106,0
2,8,64,8,39,common_factor,128,0.8336051732714131,0.3054270198796663,1.8336051732714131,0
2,8,64,8,39,haar,128,0.4492157830244844,0.5507842169755156,1.4020967706494887,1
2,8,64,8,39,common_factor,256,0.5044292067280405,0.4955707932719595,1.4913875281962747,0
2,8,64,8,39,haar,256,0.3485064006702654,0.6514935993297346,1.2965549499914542,1
2,8,64,8,39,common_factor,512,0.46059253697233604,0.6786479670612517,1.460592536972336,1
2,8,64,8,39,haar,512,0.37177530022249994,0.8378016323385427,1.3717753002225,1
2,8,64,8,39,common_factor,1024,0.22760793465386997,0.77239206534613,1.2199199546250452,1
2,8,64,8,39,haar,1024,0.2741515682361282,0.820075101447359,1.2741515682361282,1
2,8,64,8,39,common_factor,2048,0.19089727418054314,0.8091027258194569,1.0985729583614934,1
2,8,64,8,39,haar,2048,0.14783120526390747,0.91447538837436,1.1478312052639075,1
2,8,64,8,39,common_factor,4096,0.18486027677190242,0.8151397232280976,1.1270104767204316,1
2,8,64,8,39,haar,4096,0.07694099340322302,0.9271311366668193,1.076940993403223,1
2,8,64,8,39,common_factor,8192,0.12396834050270922,0.9256668533965542,1.1239683405027092,1
2,8,64,8,39,haar,8192,0.059294051074092025,0.9572392539331052,1.059294051074092,1
2,8,64,8,40,common_factor,64,1.195400297626119,0.43277824982514024,2.195400297626119,0
2,8,64,8,40,haar,64,1.1980797514608632,0.6054029498881519,2.198079751460863,0
2,8,64,8,40,common_factor,128,0.6181214238688606,0.5171139781924771,1.6181214238688606,0
2,8,64,8,40,haar,128,0.6447444465361629,0.5733148468470198,1.644744446536163,0
2,8,64,8,40,common_factor,256,0.4280959339113938,0.5719040660886062,1.4053209687467485,1
2,8,64,8,40,haar,256,0.3643480285509595,0.7418560827311553,1.3643480285509595,1
2,8,64,8,40,common_factor,512,0.38820466155246036,0.6117953384475396,1.3094540904432748,1
2,8,64,8,40,haar,512,0.32768346628039624,0.836803094875745,1.3276834662803962,1
2,8,64,8,40,common_factor,1024,0.2704167431106568,0.7295832568893432,1.219725698358281,1
2,8,64,8,40,haar,1024,0.2231180390059091,0.8267638540902529,1.223118039005909,1
2,8,64,8,40,common_factor,2048,0.2600967180860343,0.7994403866174704,1.2600967180860343,1
2,8,64,8,40,haar,2048,0.14377568206578628,0.888541911146265,1.1437756820657863,1
2,8,64,8,40,common_factor,4096,0.1505505150522468,0.8743114579011189,1.1505505150522468,1
2,8,64,8,40,haar,4096,0.09260130114435117,0.9171895283800084,1.0926013011443512,1
2,8,64,8,40,common_factor,8192,0.09642380837987086,0.9035761916201291,1.078191234493414,1
2,8,64,8,40,haar,8192,0.07047649854610216,0.9295235014538978,1.0508148872439729,1
2,8,64,8,41,common_factor,64,1.1496042932591317,0.3109693131711473,2.1496042932591317,0
2,8,64,8,41,haar,64,0.5497864453617621,0.45021355463823787,1.492924497843217,0
2,8,64,8,41,common_factor,128,0.7420021366334086,0.4050626148487011,1.7420021366334086,0
2,8,64,8,41,haar,128,0.46615702332765285,0.6301454017085029,1.4661570233276529,1
2,8,64,8,41,common_factor,256,0.8618046228818488,0.5802549520360746,1.8618046228818488,0
2,8,64,8,41,haar,256,0.43771031304231545,0.6802962053571247,1.4377103130423154,1
2,8,64,8,41,common_factor,512,0.3864072941476675,0.6135927058523325,1.3700810032230955,1
2,8,64,8,41,haar,512,0.31024095739527535,0.7476761947481412,1.3102409573952754,1
2,8,64,8,41,common_factor,1024,0.2582679381725733,0.7417320618274267,1.1339944595110611,1
2,8,64,8,41,haar,1024,0.16458144721051515,0.8434643235011111,1.1645814472105152,1
2,8,64,8,41,common_factor,2048,0.17598106139990044,0.8688442968191958,1.1759810613999004,1
2,8,64,8,41,haar,2048,0.132602144250632,0.908542689573923,1.132602144250632,1
2,8,64,8,41,common_factor,4096,0.11814894570697909,0.9223032191429706,1.118148945706979,1
2,8,64,8,41,haar,4096,0.09471299952169687,0.9260588052060367,1.0947129995216969,1
2,8,64,8,41,common_factor,8192,0.07421812334521072,0.9257818766547893,1.0685070436593098,1
2,8,64,8,41,haar,8192,0.06754431804091554,0.9324556819590845,1.0381736235510555,1
2,8,64,8,42,common_factor,64,0.8421402515405507,0.4485492924579255,1.8421402515405507,0
2,8,64,8,42,haar,64,0.6606211033810854,0.3393788966189146,1.5673144850931233,0
2,8,64,8,42,common_factor,128,0.6108833517799592,0.48530966720683894,1.6108833517799592,0
2,8,64,8,42,haar,128,0.40615320672441124,0.5938467932755888,1.3981674654238558,1
2,8,64,8,42,common_factor,256,0.4129565161937414,0.6294960928219647,1.4129565161937414,1
2,8,64,8,42,haar,256,0.3390646409986192,0.6609353590013808,1.254602545930101,1
2,8,64,8,42,common_factor,512,0.36317791550226963,0.6792213274400019,1.3631779155022696,1
2,8,64,8,42,haar,512,0.25792051967403884,0.7420794803259612,1.2359035143701969,1
2,8,64,8,42,common_factor,1024,0.323400089462351,0.784928424417932,1.323400089462351,1
2,8,64,8,42,haar,1024,0.20617488802881923,0.8407013300300247,1.2061748880288192,1
2,8,64,8,42,common_factor,2048,0.20805787139566123,0.7919421286043388,1.151277474970911,1
2,8,64,8,42,haar,2048,0.13721545447179406,0.8627845455282059,1.1017262033595092,1
2,8,64,8,42,common_factor,4096,0.15109319090903794,0.8489068090909621,1.1027534495541846,1
2,8,64,8,42,haar,4096,0.08560564962340789,0.9197593242543536,1.0856056496234079,1
2,8,64,8,42,common_factor,8192,0.10031212836425951,0.8996878716357405,1.0795250078067058,1
2,8,64,8,42,haar,8192,0.06275861901342705,0.9458104143025609,1.062758619013427,1
2,8,64,8,43,common_factor,64,0.9227783297061458,0.32465459672346875,1.9227783297061458,0
2,8,64,8,43,haar,64,0.5715563761373894,0.42844362386261065,1.4925423296040503,0
2,8,64,8,43,common_factor,128,1.3647150853092627,0.3566659433956721,2.3647150853092627,0
2,8,64,8,43,haar,128,0.7512319787772741,0.5279529176447756,1.751231978777274,0
2,8,64,8,43,common_factor,256,0.9232941933221124,0.6088809035492178,1.9232941933221124,0
2,8,64,8,43,haar,256,0.5488730846923806,0.6915265048611965,1.5488730846923806,0
2,8,64,8,43,common_factor,512,0.4383178934163543,0.7161374856034959,1.4383178934163543,1
2,8,64,8,43,haar,512,0.5055133363516631,0.7112307983862699,1.505513336351663,0
2,8,64,8,43,common_factor,1024,0.2737968492805518,0.7746828065774714,1.2737968492805518,1
2,8,64,8,43,haar,1024,0.2220499662587192,0.8284356913082831,1.2220499662587192,1
2,8,64,8,43,common_factor,2048,0.21098438496355465,0.8078222856933119,1.2109843849635546,1
2,8,64,8,43,haar,2048,0.15970540488207086,0.8402945951179291,1.1233543476797336,1
2,8,64,8,43,common_factor,4096,0.15174950438881463,0.8739740693527804,1.1517495043888146,1
2,8,64,8,43,haar,4096,0.09158183871603198,0.908418161283968,1.0878936620509805,1
2,8,64,8,43,common_factor,8192,0.11176376442067726,0.8882362355793227,1.0920699091844153,1
2,8,64,8,43,haar,8192,0.0680767556605767,0.9319232443394233,1.053447146963714,1
2,8,64,8,44,common_factor,64,1.436124736277392,0.2902911813476064,2.436124736277392,0
2,8,64,8,44,haar,64,1.111534171091836,0.4281426984128685,2.111534171091836,0
2,8,64,8,44,common_factor,128,0.9698786514771727,0.5691814860581015,1.9698786514771727,0
2,8,64,8,44,haar,128,0.6404383719072422,0.5629340286594053,1.6404383719072422,0
2,8,64,8,44,common_factor,256,0.39456968056207176,0.6294421078433882,1.3945696805620718,1
2,8,64,8,44,haar,256,0.29437984112959714,0.7056201588704029,1.2616854134365394,1
2,8,64,8,44,common_factor,512,0.3394174729645967,0.6605825270354033,1.2296740486586306,1
2,8,64,8,44,haar,512,0.2384387064649902,0.767591636281321,1.2384387064649902,1
2,8,64,8,44,common_factor,1024,0.3102537178407365,0.6897462821592635,1.2211538052788002,1
2,8,64,8,44,haar,1024,0.18905299256125285,0.8109470074387471,1.170992483679181,1
2,8,64,8,44,common_factor,2048,0.20175653124758341,0.7982434687524166,1.0865557250151432,1
2,8,64,8,44,haar,2048,0.12873187600714808,0.895191246967686,1.128731876007148,1
2,8,64,8,44,common_factor,4096,0.13765186520016215,0.8756626327208509,1.1376518652001621,1
2,8,64,8,44,haar,4096,0.09896577915483185,0.9010342208451682,1.088882929712905,1
2,8,64,8,44,common_factor,8192,0.09676185813866267,0.9032381418613373,1.078603056574427,1
2,8,64,8,44,haar,8192,0.07577390945812068,0.9432656877829608,1.0757739094581207,1
2,8,64,8,45,common_factor,64,1.650352444630382,0.47050874771420514,2.650352444630382,0
2,8,64,8,45,haar,64,0.835983587661433,0.5385528560665794,1.835983587661433,0
2,8,64,8,45,common_factor,128,1.1962709791789097,0.5643993369943363,2.1962709791789097,0
2,8,64,8,45,haar,128,0.6973388862243639,0.5391267321272359,1.697338886224364,0
2,8,64,8,45,common_factor,256,0.8124975274697948,0.6271869418904512,1.8124975274697948,0
2,8,64,8,45,haar,256,0.3955222108229475,0.6044777891770525,1.3815224931061132,1
2,8,64,8,45,common_factor,512,0.35167090883499075,0.6716595487132894,1.3516709088349907,1
2,8,64,8,45,haar,512,0.2835220964200077,0.7164779035799923,1.2458885643830417,1
2,8,64,8,45,common_factor,1024,0.36371327323140457,0.7879468191738812,1.3637132732314046,1
2,8,64,8,45,haar,1024,0.20585918333681175,0.8504912453098745,1.2058591833368117,1
2,8,64,8,45,common_factor,2048,0.30726719426157945,0.8096962120753227,1.3072671942615794,1
2,8,64,8,45,haar,2048,0.15576372448007136,0.8969981294783045,1.1557637244800714,1
2,8,64,8,45,common_factor,4096,0.16294850231673053,0.8370514976832695,1.1539556650339715,1
2,8,64,8,45,haar,4096,0.10297275672476469,0.9316726273312532,1.1029727567247647,1
2,8,64,8,45,common_factor,8192,0.10217434207127196,0.9062000565730135,1.102174342071272,1
2,8,64,8,45,haar,8192,0.065286931497335,0.9402418021740253,1.065286931497335,1
2,8,64,8,46,common_factor,64,0.6357176721672215,0.3790506712926235,1.6357176721672215,0
2,8,64,8,46,haar,64,0.6534463403455815,0.34655365965441853,1.6349901174159545,0
2,8,64,8,46,common_factor,128,0.5773943005258144,0.4589155092622914,1.5773943005258144,0
2,8,64,8,46,haar,128,0.8332116840976673,0.5291910015118887,1.8332116840976673,0
2,8,64,8,46,common_factor,256,0.49228958852359384,0.6009889711911132,1.4922895885235938,1
2,8,64,8,46,haar,256,0.7853139952351518,0.6551300433296164,1.7853139952351518,0
2,8,64,8,46,common_factor,512,0.409257940608313,0.6422361385107545,1.409257940608313,1
2,8,64,8,46,haar,512,0.41244885728156655,0.7370931635015299,1.4124488572815665,1
2,8,64,8,46,common_factor,1024,0.28958255333920513,0.7731870323455481,1.2895825533392051,1
2,8,64,8,46,haar,1024,0.3149042766077135,0.9298506864945417,1.3149042766077135,1
2,8,64,8,46,common_factor,2048,0.23800403947725224,0.8755154087720934,1.2380040394772522,1
2,8,64,8,46,haar,2048,0.21484859842933113,0.9494845801096448,1.2148485984293311,1
2,8,64,8,46,common_factor,4096,0.15821475212316627,0.9378786268635001,1.1582147521231663,1
2,8,64,8,46,haar,4096,0.10950949669588206,0.9510213248017721,1.109509496695882,1
2,8,64,8,46,common_factor,8192,0.10658248354428213,0.9320711956325527,1.1065824835442821,1
2,8,64,8,46,haar,8192,0.07687498011151761,0.9537188433312754,1.0768749801115176,1
2,8,64,8,47,common_factor,64,1.1159534091143581,0.3555360962979257,2.115953409114358,0
2,8,64,8,47,haar,64,0.6015695480320142,0.3984304519679858,1.314720059338978,0
2,8,64,8,47,common_factor,128,0.5962034293637051,0.49003299375921966,1.596203429363705,0
2,8,64,8,47,haar,128,0.5025313937999754,0.5347161076394423,1.5025313937999754,0
2,8,64,8,47,common_factor,256,0.7681078602458278,0.5406571992735635,1.7681078602458278,0
2,8,64,8,47,haar,256,0.4058302403173848,0.6731995827410262,1.4058302403173848,1
2,8,64,8,47,common_factor,512,0.4298915482440331,0.6469775478970397,1.429891548244033,1
2,8,64,8,47,haar,512,0.31727771003667604,0.682722289963324,1.2321339729499443,1
2,8,64,8,47,common_factor,1024,0.2792664686062065,0.7207335313937935,1.1793758556839031,1
2,8,64,8,47,haar,1024,0.17699218592007582,0.8277525610954752,1.1769921859200758,1
2,8,64,8,47,common_factor,2048,0.19109779831253193,0.8089022016874681,1.1435767102024144,1
2,8,64,8,47,haar,2048,0.12009986986864396,0.879900130131356,1.1026782679096054,1
2,8,64,8,47,common_factor,4096,0.14669750800734438,0.8533024919926556,1.0777388583377148,1
2,8,64,8,47,haar,4096,0.1055456378287094,0.8944543621712906,1.0780438410020137,1
2,8,64,8,47,common_factor,8192,0.12152258681175765,0.8784774131882424,1.0573950489654727,1
2,8,64,8,47,haar,8192,0.051322391629642694,0.9486776083703573,1.0468314036598572,1
2,8,64,8,48,common_factor,64,0.6566920070546731,0.3433079929453268,1.622409740285317,0
2,8,64,8,48,haar,64,0.6408287197802118,0.4156384810529813,1.6408287197802118,0
2,8,64,8,48,common_factor,128,0.7991081131726079,0.41473182111765394,1.7991081131726079,0
2,8,64,8,48,haar,128,0.5442422184454434,0.5330894004573651,1.5442422184454434,0
2,8,64,8,48,common_factor,256,0.6426082848048673,0.6129217476794685,1.6426082848048673,0
2,8,64,8,48,haar,256,0.49963020446275674,0.7678830604037509,1.4996302044627567,1
2,8,64,8,48,common_factor,512,0.5341605658676716,0.7762601271600663,1.5341605658676716,0
2,8,64,8,48,haar,512,0.2723624374189664,0.7778495453486889,1.2723624374189664,1
2,8,64,8,48,common_factor,1024,0.36328935689970376,0.7468560002487966,1.3632893568997038,1
2,8,64,8,48,haar,1024,0.1411263194273531,0.8588736805726469,1.1178495194751028,1
2,8,64,8,48,common_factor,2048,0.18288740890838628,0.8299247320540762,1.1828874089083863,1
2,8,64,8,48,haar,2048,0.18646703455425784,0.880184410341612,1.1864670345542578,1
2,8,64,8,48,common_factor,4096,0.170581631012239,0.8767817572155412,1.170581631012239,1
2,8,64,8,48,haar,4096,0.12599869331376,0.8954819483593716,1.12599869331376,1
2,8,64,8,48,common_factor,8192,0.12383064933158416,0.9133472716104759,1.1238306493315842,1
2,8,64,8,48,haar,8192,0.08888182776864961,0.9161608398999382,1.0888818277686496,1
2,8,64,8,49,common_factor,64,1.3691036172975424,0.2939692226148208,2.3691036172975424,0
2,8,64,8,49,haar,64,0.8159600966280105,0.308557553758377,1.8159600966280105,0
2,8,64,8,49,common_factor,128,0.8165451142801412,0.5635757314751139,1.8165451142801412,0
2,8,64,8,49,haar,128,0.5498962466097121,0.4501037533902879,1.4008423695081273,0
2,8,64,8,49,common_factor,256,0.6475022833037354,0.6698115439653377,1.6475022833037354,0
2,8,64,8,49,haar,256,0.35549725342545646,0.6445027465745435,1.3377445543311168,1
2,8,64,8,49,common_factor,512,0.4428085689350889,0.6978556168267123,1.442808568935089,1
2,8,64,8,49,haar,512,0.24701309214905942,0.7767214366031765,1.2470130921490594,1
2,8,64,8,49,common_factor,1024,0.24690563841801227,0.7530943615819877,1.2378702840535427,1
2,8,64,8,49,haar,1024,0.18294577442668825,0.8170542255733118,1.1487785598592228,1
2,8,64,8,49,common_factor,2048,0.16829196454031226,0.8317080354596877,1.1373964679236757,1
2,8,64,8,49,haar,2048,0.14210378024935932,0.8578962197506407,1.1165103213228378,1
2,8,64,8,49,common_factor,4096,0.13210036353758003,0.86789963646242,1.1002127342163839,1
2,8,64,8,49,haar,4096,0.09820104792906159,0.9145470213137523,1.0982010479290616,1
2,8,64,8,49,common_factor,8192,0.07045224412523377,0.9295477558747662,1.0681624477988143,1
2,8,64,8,49,haar,8192,0.0951775807283608,0.9484173043376767,1.0951775807283608,1
2,8,64,8,50,common_factor,64,1.2809380453973458,0.585991082944554,2.280938045397346,0
2,8,64,8,50,haar,64,0.688882388844716,0.5087015542908861,1.688882388844716,0
2,8,64,8,50,common_factor,128,0.781595953116754,0.4886072802442488,1.781595953116754,0
2,8,64,8,50,haar,128,0.5555002032192994,0.4444997967807006,1.3506627063321104,0
2,8,64,8,50,common_factor,256,0.43090978953748094,0.667475873389992,1.430909789537481,1
2,8,64,8,50,haar,256,0.4493399291009764,0.5506600708990236,1.2823992265928232,1
2,8,64,8,50,common_factor,512,0.5514649586373674,0.7914019670306639,1.5514649586373674,0
2,8,64,8,50,haar,512,0.31206757597538537,0.6879324240246146,1.1433949255824234,1
2,8,64,8,50,common_factor,1024,0.4446253300914669,0.877339671267576,1.4446253300914669,1
2,8,64,8,50,haar,1024,0.19014860023234403,0.809851399767656,1.1412304575902759,1
2,8,64,8,50,common_factor,2048,0.2542527981866911,0.8219818885871915,1.254252798186691,1
2,8,64,8,50,haar,2048,0.1563055175602951,0.8436944824397049,1.1065546237279458,1
2,8,64,8,50,common_factor,4096,0.18457270388153013,0.8781054920537387,1.1845727038815301,1
2,8,64,8,50,haar,4096,0.10617542532703483,0.900542065415828,1.1061754253270348,1
2,8,64,8,50,common_factor,8192,0.12194397482191499,0.878056025178085,1.0762805656675158,1
2,8,64,8,50,haar,8192,0.07994912198051474,0.9200508780194853,1.0445799104184303,1
2,8,64,8,51,common_factor,64,1.1282109252349315,0.282283303261222,2.1282109252349315,0
2,8,64,8,51,haar,64,0.9508900725758083,0.4616906579620528,1.9508900725758083,0
2,8,64,8,51,common_factor,128,0.5948240428942395,0.40517595710576043,1.3690427584600378,0
2,8,64,8,51,haar,128,0.49123968673667684,0.5659584426874699,1.4912396867366768,1
2,8,64,8,51,common_factor,256,0.4660743778568537,0.6143575130908062,1.4660743778568537,1
2,8,64,8,51,haar,256,0.31371806163688865,0.7080505573670407,1.3137180616368886,1
2,8,64,8,51,common_factor,512,0.3662792580509384,0.680627758386036,1.3662792580509384,1
2,8,64,8,51,haar,512,0.2868160822191499,0.7822490099961188,1.28681608221915,1
2,8,64,8,51,common_factor,1024,0.23011698671909686,0.7863591624179607,1.2301169867190969,1
2,8,64,8,51,haar,1024,0.18865110116464257,0.8381167779258901,1.1886511011646426,1
2,8,64,8,51,common_factor,2048,0.1869278220513646,0.8130721779486354,1.1047584499739933,1
2,8,64,8,51,haar,2048,0.13876708807562232,0.8612329119243777,1.0817334429657401,1
2,8,64,8,51,common_factor,4096,0.13438153584591916,0.8656184641540808,1.124949343404342,1
2,8,64,8,51,haar,4096,0.09599054328779466,0.9040094567122053,1.0888813410102074,1
2,8,64,8,51,common_factor,8192,0.10781493303649659,0.9172211458258951,1.1078149330364966,1
2,8,64,8,51,haar,8192,0.06764765759988212,0.9416177375071297,1.0676476575998821,1
2,8,64,8,52,common_factor,64,1.956155566106676,0.42535401332827544,2.956155566106676,0
2,8,64,8,52,haar,64,0.7416829527855184,0.5894779063545882,1.7416829527855184,0
2,8,64,8,52,common_factor,128,0.7922034443040116,0.503063121787897,1.7922034443040116,0
2,8,64,8,52,haar,128,0.49399323436672127,0.5649649134864321,1.4939932343667213,1
2,8,64,8,52,common_factor,256,0.5269777086067555,0.47302229139324453,1.4365810462959263,0
2,8,64,8,52,haar,256,0.3535241617046072,0.6464758382953928,1.1558802267718804,1
2,8,64,8,52,common_factor,512,0.39438908780195603,0.605610912198044,1.2192131040605894,1
2,8,64,8,52,haar,512,0.28412326601672677,0.7158767339832732,1.0696236189162558,1
2,8,64,8,52,common_factor,1024,0.37489988920853023,0.6251001107914698,1.160456103994702,1
2,8,64,8,52,haar,1024,0.19213198563003875,0.8078680143699613,1.1022919981451516,1
2,8,64,8,52,common_factor,2048,0.31998067183467793,0.6800193281653221,1.0809287369060825,1
2,8,64,8,52,haar,2048,0.15804526455046597,0.841954735449534,1.0879692019912364,1
2,8,64,8,52,common_factor,4096,0.20887685920739962,0.7911231407926004,1.0316204725056242,1
2,8,64,8,52,haar,4096,0.08972571442344257,0.9102742855765574,1.0648379513581636,1
2,8,64,8,52,common_factor,8192,0.10988196754398338,0.8901180324560166,1.049625553720001,1
2,8,64,8,52,haar,8192,0.05126287625514292,0.9487371237448571,1.0455352236561857,1
2,8,64,8,53,common_factor,64,0.7711051750793548,0.22889482492064514,1.6850649869115149,0
2,8,64,8,53,haar,64,0.5063076315224928,0.49369236847750725,1.4289218770054977,0
2,8,64,8,53,common_factor,128,0.5890282117201868,0.41097178827981323,1.311106833134026,0
2,8,64,8,53,haar,128,0.489571675067326,0.510428324932674,1.4558377875735335,1
2,8,64,8,53,common_factor,256,0.7547791317414911,0.7238657552208936,1.7547791317414911,0
2,8,64,8,53,haar,256,0.4788604535265608,0.6832629657040928,1.4788604535265608,1
2,8,64,8,53,common_factor,512,0.4307675766194001,0.7824738316241976,1.4307675766194001,1
2,8,64,8,53,haar,512,0.2545535617321516,0.7454464382678484,1.229081366498672,1
2,8,64,8,53,common_factor,1024,0.34625212890187584,0.890155881353314,1.3462521289018758,1
2,8,64,8,53,haar,1024,0.17563254331130684,0.8243674566886932,1.1549819292033214,1
2,8,64,8,53,common_factor,2048,0.22203566590432788,0.8640036134558259,1.2220356659043279,1
2,8,64,8,53,haar,2048,0.1426591224028103,0.8573408775971897,1.106810522672018,1
2,8,64,8,53,common_factor,4096,0.16861698052136997,0.877153901909708,1.16861698052137,1
2,8,64,8,53,haar,4096,0.10189064956252913,0.9147651231694502,1.1018906495625291,1
2,8,64,8,53,common_factor,8192,0.08562072381582353,0.9143792761841765,1.0851908221956446,1
2,8,64,8,53,haar,8192,0.07009657743681186,0.9299034225631881,1.0643772127482594,1
2,8,64,8,54,common_factor,64,2.4234044012601856,0.33480105092277346,3.4234044012601856,0
2,8,64,8,54,haar,64,1.0735406816433035,0.4400668048863464,2.0735406816433035,0
2,8,64,8,54,common_factor,128,1.0984944816802242,0.36393619744787686,2.0984944816802242,0
2,8,64,8,54,haar,128,0.7043741634991927,0.5019274552505478,1.7043741634991927,0
2,8,64,8,54,common_factor,256,0.7245835360923862,0.5858469461404928,1.7245835360923862,0
2,8,64,8,54,haar,256,0.4869156317191312,0.6836652416438151,1.4869156317191312,1
2,8,64,8,54,common_factor,512,0.44919131363796816,0.6980617318649529,1.4491913136379682,1
2,8,64,8,54,haar,512,0.2735442623899369,0.8069073801537555,1.273544262389937,1
2,8,64,8,54,common_factor,1024,0.3495716414861505,0.7247984256694212,1.3495716414861505,1
2,8,64,8,54,haar,1024,0.17545017777189542,0.8245498222281046,1.1681168156930595,1
2,8,64,8,54,common_factor,2048,0.23514009405216463,0.8416452925448429,1.2351400940521646,1
2,8,64,8,54,haar,2048,0.1238002264145126,0.8761997735854874,1.100770513696973,1
2,8,64,8,54,common_factor,4096,0.1576022564824333,0.8423977435175667,1.1277646643793515,1
2,8,64,8,54,haar,4096,0.09804401906162674,0.9179614590427786,1.0980440190616267,1
2,8,64,8,54,common_factor,8192,0.11650986587297663,0.8834901341270234,1.0892511207451991,1
2,8,64,8,54,haar,8192,0.0741996192737463,0.9258003807262537,1.072246111315868,1
2,8,64,8,55,common_factor,64,1.1557806699036979,0.3556235735371187,2.155780669903698,0
2,8,64,8,55,haar,64,0.7274479685832043,0.44986454602222453,1.7274479685832043,0
2,8,64,8,55,common_factor,128,0.6052821476377345,0.39471785236226553,1.5501537742831575,0
2,8,64,8,55,haar,128,0.4490803909578168,0.5509196090421832,1.433930546633411,1
2,8,64,8,55,common_factor,256,0.46396342984517736,0.5360365701548226,1.3465210444102005,1
2,8,64,8,55,haar,256,0.34080878353993216,0.6591912164600678,1.2802992499422803,1
2,8,64,8,55,common_factor,512,0.3454799476758328,0.6545200523241672,1.302049162927041,1
2,8,64,8,55,haar,512,0.1964481123032844,0.8035518876967156,1.1721531290405764,1
2,8,64,8,55,common_factor,1024,0.26981305365454156,0.8195679214688378,1.2698130536545416,1
2,8,64,8,55,haar,1024,0.26085182144229835,0.8692561219024105,1.2608518214422983,1
2,8,64,8,55,common_factor,2048,0.2293224359142938,0.872062110855078,1.2293224359142938,1
2,8,64,8,55,haar,2048,0.14972627386979664,0.8639698052466241,1.1497262738697966,1
2,8,64,8,55,common_factor,4096,0.15568397646272536,0.8443160235372746,1.0925524335351866,1
2,8,64,8,55,haar,4096,0.11804284524352537,0.9089034201903634,1.1180428452435254,1
2,8,64,8,55,common_factor,8192,0.11141463549123365,0.8885853645087664,1.1025667282620004,1
2,8,64,8,55,haar,8192,0.07603005456902867,0.9239699454309713,1.0694992960862904,1
2,8,64,8,56,common_factor,64,1.057626477694693,0.3731323133152479,2.057626477694693,0
2,8,64,8,56,haar,64,0.7811763124665991,0.45751005176139664,1.7811763124665991,0
2,8,64,8,56,common_factor,128,0.908920295953535,0.41666821647816155,1.908920295953535,0
2,8,64,8,56,haar,128,0.8604061028265826,0.5236310675386258,1.8604061028265826,0
2,8,64,8,56,common_factor,256,1.022535938398632,0.5540359144078804,2.022535938398632,0
2,8,64,8,56,haar,256,0.4353310567975712,0.7251476571249584,1.4353310567975712,1
2,8,64,8,56,common_factor,512,0.5147008781949094,0.7341435355253908,1.5147008781949094,0
2,8,64,8,56,haar,512,0.2455659898957694,0.8102815438361011,1.2455659898957694,1
2,8,64,8,56,common_factor,1024,0.35404618919633046,0.8073253042076818,1.3540461891963305,1
2,8,64,8,56,haar,1024,0.2093315787792096,0.8321869753065922,1.2093315787792096,1
2,8,64,8,56,common_factor,2048,0.18167365844828975,0.8183263415517102,1.1517180956468045,1
2,8,64,8,56,haar,2048,0.14466907897169978,0.8564084613928958,1.1446690789716998,1
2,8,64,8,56,common_factor,4096,0.13557365466031213,0.8756765761029212,1.1355736546603121,1
2,8,64,8,56,haar,4096,0.12346986022909423,0.9067896724456093,1.1234698602290942,1
2,8,64,8,56,common_factor,8192,0.13469773130462404,0.9346493859299616,1.134697731304624,1
2,8,64,8,56,haar,8192,0.08262607156657009,0.9380036298201458,1.08262607156657,1
2,8,64,8,57,common_factor,64,1.2064754340876345,0.25211202611165917,2.2064754340876345,0
2,8,64,8,57,haar,64,0.6946949774374072,0.3975492385175603,1.6946949774374072,0
2,8,64,8,57,common_factor,128,0.7246560074558785,0.5277415787961683,1.7246560074558785,0
2,8,64,8,57,haar,128,0.46669971148143974,0.5488679981399616,1.4666997114814397,1
2,8,64,8,57,common_factor,256,0.5797777929175918,0.7303570336429087,1.5797777929175918,0
2,8,64,8,57,haar,256,0.3591343211739416,0.6408656788260584,1.3373787163588384,1
2,8,64,8,57,common_factor,512,0.37778612949176504,0.733904232813018,1.377786129491765,1
2,8,64,8,57,haar,512,0.2864731709289585,0.7135268290710415,1.2585604386068978,1
2,8,64,8,57,common_factor,1024,0.17933072463818056,0.8206692753618194,1.1613751067482052,1
2,8,64,8,57,haar,1024,0.2135070010951261,0.7864929989048739,1.151740473321508,1
2,8,64,8,57,common_factor,2048,0.1638375706385491,0.8374168892127268,1.163837570638549,1
2,8,64,8,57,haar,2048,0.1400105086672725,0.869200598844126,1.1400105086672725,1
2,8,64,8,57,common_factor,4096,0.16128109270379287,0.9091404874501593,1.1612810927037929,1
2,8,64,8,57,haar,4096,0.13686738039309487,0.954425329894482,1.1368673803930949,1
2,8,64,8,57,common_factor,8192,0.09567992954651072,0.9171985748963336,1.0956799295465107,1
2,8,64,8,57,haar,8192,0.07889648774167268,0.9476474121063343,1.0788964877416727,1
2,8,64,8,58,common_factor,64,1.9740456072198884,0.4120089421878338,2.9740456072198884,0
2,8,64,8,58,haar,64,1.1560162876458362,0.3768045959860323,2.156016287645836,0
2,8,64,8,58,common_factor,128,1.6249260487272132,0.6235840180516663,2.6249260487272132,0
2,8,64,8,58,haar,128,0.772363290016248,0.6355010433649197,1.772363290016248,0
2,8,64,8,58,common_factor,256,0.7311786550372983,0.5793503064023331,1.7311786550372983,0
2,8,64,8,58,haar,256,0.4537387856631838,0.7561921461298946,1.4537387856631838,1
2,8,64,8,58,common_factor,512,0.7413625397963126,0.6381860155811301,1.7413625397963126,0
2,8,64,8,58,haar,512,0.30883993759085815,0.8487585460157473,1.3088399375908581,1
2,8,64,8,58,common_factor,1024,0.36577199445935826,0.8045536196048976,1.3657719944593583,1
2,8,64,8,58,haar,1024,0.2123449863044875,0.8965422528116466,1.2123449863044875,1
2,8,64,8,58,common_factor,2048,0.21263450437220954,0.8596902902963832,1.2126345043722095,1
2,8,64,8,58,haar,2048,0.10881157593792112,0.9136222263180919,1.1088115759379211,1
2,8,64,8,58,common_factor,4096,0.12009493431491747,0.8799050656850825,1.1036912555579794,1
2,8,64,8,58,haar,4096,0.08887375602092862,0.9111262439790714,1.0688977004335547,1
2,8,64,8,58,common_factor,8192,0.1255464148361598,0.8744535851638402,1.07512094049313,1
2,8,64,8,58,haar,8192,0.05675851271393573,0.9432414872860643,1.0486640252689838,1
2,8,64,8,59,common_factor,64,1.7533265772494966,0.32815361613658467,2.7533265772494966,0
2,8,64,8,59,haar,64,0.9458481270995152,0.653662200638319,1.9458481270995152,0
2,8,64,8,59,common_factor,128,0.8815852927017804,0.5045136211424085,1.8815852927017804,0
2,8,64,8,59,haar,128,0.6240642321667929,0.725945435728607,1.6240642321667929,0
2,8,64,8,59,common_factor,256,0.8509712296264984,0.5846229078828243,1.8509712296264984,0
2,8,64,8,59,haar,256,0.5195466650748082,0.7684578746329228,1.5195466650748082,0
2,8,64,8,59,common_factor,512,0.5057335091207888,0.6405101956937748,1.5057335091207888,0
2,8,64,8,59,haar,512,0.3679355305079206,0.8580314519101273,1.3679355305079206,1
2,8,64,8,59,common_factor,1024,0.2803241281492195,0.7196758718507805,1.2428805527359403,1
2,8,64,8,59,haar,1024,0.24630344756697475,0.946427851316431,1.2463034475669748,1
2,8,64,8,59,common_factor,2048,0.23997919269086798,0.760020807309132,1.1015171440831422,1
2,8,64,8,59,haar,2048,0.12708634628417237,0.8729136537158276,1.1111677668395579,1
2,8,64,8,59,common_factor,4096,0.1493094469766243,0.8506905530233757,1.097870139481029,1
2,8,64,8,59,haar,4096,0.09740300926289525,0.9650713658865457,1.0974030092628952,1
2,8,64,8,59,common_factor,8192,0.0832598755309204,0.9167401244690796,1.0607146958945113,1
2,8,64,8,59,haar,8192,0.07595346871028519,0.962707434140316,1.0759534687102852,1
2,8,64,8,60,common_factor,64,0.7976319078308585,0.2899469960973483,1.7976319078308585,0
2,8,64,8,60,haar,64,0.5436692401301444,0.4563307598698556,1.4694561791306984,0
2,8,64,8,60,common_factor,128,0.7731031429880881,0.4321902484312541,1.7731031429880881,0
2,8,64,8,60,haar,128,0.5895244347325783,0.47809391435021426,1.5895244347325783,0
2,8,64,8,60,common_factor,256,0.4965733338133048,0.5034266661866952,1.319957483005379,1
2,8,64,8,60,haar,256,0.38668064560495374,0.6133193543950463,1.3577214604833099,1
2,8,64,8,60,common_factor,512,0.3973657718752427,0.6026342281247573,1.2696140066027215,1
2,8,64,8,60,haar,512,0.25491852240798074,0.7450814775920193,1.2174787258856408,1
2,8,64,8,60,common_factor,1024,0.2591002155161244,0.7408997844838756,1.1680003431817263,1
2,8,64,8,60,haar,1024,0.20773748688498905,0.792262513115011,1.1931323044089406,1
2,8,64,8,60,common_factor,2048,0.16089720887575631,0.8523737022618978,1.1608972088757563,1
2,8,64,8,60,haar,2048,0.14550055792767946,0.8544994420723205,1.1018748038611728,1
2,8,64,8,60,common_factor,4096,0.11807557135254987,0.8908000619364659,1.1180755713525499,1
2,8,64,8,60,haar,4096,0.10922682764419256,0.8907731723558074,1.0811117683458498,1
2,8,64,8,60,common_factor,8192,0.07989783889168767,0.9201021611083123,1.057092932248681,1
2,8,64,8,60,haar,8192,0.06446785869243554,0.9355321413075645,1.0462969988811317,1
2,8,64,8,61,common_factor,64,0.7355073992873,0.3727353291250511,1.7355073992873,0
2,8,64,8,61,haar,64,0.5528405224308226,0.44987234116282987,1.5528405224308226,0
2,8,64,8,61,common_factor,128,0.6423970516318046,0.3576029483681954,1.157779232575704,0
2,8,64,8,61,haar,128,0.42437976076778217,0.5756202392322178,1.3237559608521865,1
2,8,64,8,61,common_factor,256,0.49578523604806046,0.5042147639519395,1.1360647660161471,1
2,8,64,8,61,haar,256,0.2994794773299778,0.7005205226700222,1.2854751147716597,1
2,8,64,8,61,common_factor,512,0.3223119508381562,0.6776880491618438,1.2401722145315532,1
2,8,64,8,61,haar,512,0.24400278390862196,0.755997216091378,1.2215670125693352,1
2,8,64,8,61,common_factor,1024,0.2535694239313965,0.7464305760686035,1.180816334517089,1
2,8,64,8,61,haar,1024,0.21537214180441577,0.7846278581955842,1.1837168655490402,1
2,8,64,8,61,common_factor,2048,0.1848562310604066,0.8151437689395934,1.1523831145206167,1
2,8,64,8,61,haar,2048,0.16973810812144063,0.8643692555136041,1.1697381081214406,1
2,8,64,8,61,common_factor,4096,0.14920471014023384,0.8839194249187253,1.1492047101402338,1
2,8,64,8,61,haar,4096,0.10999746621802164,0.8900025337819784,1.0977065811929758,1
2,8,64,8,61,common_factor,8192,0.13502201441601147,0.9253957970247592,1.1350220144160115,1
2,8,64,8,61,haar,8192,0.07621237453529495,0.923787625464705,1.0351787419147753,1
2,8,64,8,62,common_factor,64,1.3145038357295995,0.3872875749772408,2.3145038357295995,0
2,8,64,8,62,haar,64,0.9410508849859267,0.5889431429306838,1.9410508849859267,0
2,8,64,8,62,common_factor,128,0.7609013127512991,0.47932152124522864,1.7609013127512991,0
2,8,64,8,62,haar,128,0.5056169562679351,0.6085855504953714,1.5056169562679351,0
2,8,64,8,62,common_factor,256,0.443472807135745,0.556527192864255,1.315774788355788,1
2,8,64,8,62,haar,256,0.3900935571773567,0.620380319052561,1.3900935571773567,1
2,8,64,8,62,common_factor,512,0.5094636919425217,0.7145628469775471,1.5094636919425217,0
2,8,64,8,62,haar,512,0.2594832874003197,0.7717299406902126,1.2594832874003197,1
2,8,64,8,62,common_factor,1024,0.41714289487835643,0.8518605107682746,1.4171428948783564,1
2,8,64,8,62,haar,1024,0.15988820274739468,0.8613918917474935,1.1598882027473947,1
2,8,64,8,62,common_factor,2048,0.2314459171229739,0.8527643647756422,1.231445917122974,1
2,8,64,8,62,haar,2048,0.10234895507745745,0.9065371649011862,1.1023489550774574,1
2,8,64,8,62,common_factor,4096,0.14122762240280817,0.8806131399812223,1.1412276224028082,1
2,8,64,8,62,haar,4096,0.08364407611319957,0.9314784915510821,1.0836440761131996,1
2,8,64,8,62,common_factor,8192,0.09252062602978384,0.9074793739702162,1.044452971701866,1
2,8,64,8,62,haar,8192,0.06319922666963584,0.9368007733303642,1.0397874987280806,1
2,8,64,8,63,common_factor,64,0.8256584446065488,0.1743415553934512,1.6611497602983407,0
2,8,64,8,63,haar,64,0.7208306255711849,0.3666410338926799,1.720830625571185,0
2,8,64,8,63,common_factor,128,0.5732914602247079,0.49735106304974597,1.573291460224708,0
2,8,64,8,63,haar,128,0.6534946162945978,0.5780708706193167,1.6534946162945978,0
2,8,64,8,63,common_factor,256,0.5474204458100149,0.5816066895321098,1.547420445810015,0
2,8,64,8,63,haar,256,0.43144544439522825,0.711018064213105,1.4314454443952283,1
2,8,64,8,63,common_factor,512,0.3168228570789178,0.7375832664904125,1.3168228570789178,1
2,8,64,8,63,haar,512,0.26714958846798487,0.7720682254307691,1.2671495884679849,1
2,8,64,8,63,common_factor,1024,0.25583745616369225,0.7598413921806197,1.2558374561636922,1
2,8,64,8,63,haar,1024,0.17376799984167834,0.8263532524864012,1.1737679998416783,1
2,8,64,8,63,common_factor,2048,0.23645792333360727,0.7936191903753322,1.2364579233336073,1
2,8,64,8,63,haar,2048,0.14667223672659868,0.8533277632734013,1.104094523070046,1
2,8,64,8,63,common_factor,4096,0.18366503570693238,0.8163349642930676,1.1494942021836174,1
2,8,64,8,63,haar,4096,0.08697212651168984,0.9130278734883102,1.0794448960514273,1
2,8,64,8,63,common_factor,8192,0.1173275369857405,0.9101125533739727,1.1173275369857405,1
2,8,64,8,63,haar,8192,0.059698692249263496,0.9403013077507365,1.0384724599266615,1
3,8,512,8,0,common_factor,64,2.3218880365216794,0.19691307648587422,3.3218880365216794,0
3,8,512,8,0,haar,64,0.7848818996806031,0.3093929712191416,1.784881899680603,0
3,8,512,8,0,common_factor,128,1.054117081777163,0.2831625582296946,2.054117081777163,0
3,8,512,8,0,haar,128,0.8530659410131893,0.46817895392183434,1.8530659410131893,0
3,8,512,8,0,common_factor,256,0.6121259311139713,0.3878740688860287,1.581839895228263,0
3,8,512,8,0,haar,256,0.4347685399895411,0.5917449201530911,1.4347685399895411,1
3,8,512,8,0,common_factor,512,0.5901602407559547,0.6285258325122925,1.5901602407559547,0
3,8,512,8,0,haar,512,0.5357747297026643,0.7217562950840494,1.5357747297026643,0
3,8,512,8,0,common_factor,1024,0.37843145227332964,0.6378137321356875,1.3784314522733296,1
3,8,512,8,0,haar,1024,0.21296255755578053,0.7936131227715704,1.2129625575557805,1
3,8,512,8,0,common_factor,2048,0.31235264797446005,0.7693243850552298,1.31235264797446,1
3,8,512,8,0,haar,2048,0.2002385449839741,0.8901863644450553,1.200238544983974,1
3,8,512,8,0,common_factor,4096,0.19134540307907255,0.8086545969209274,1.1439609880415402,1
3,8,512,8,0,haar,4096,0.08361030256270996,0.9223401012826214,1.08361030256271,1
3,8,512,8,0,common_factor,8192,0.15137104693980663,0.8727451152766726,1.1513710469398066,1
3,8,512,8,0,haar,8192,0.06190177043017453,0.9381536862045637,1.0619017704301745,1
3,8,512,8,1,common_factor,64,1.1776841552440978,0.18590503436894854,2.1776841552440978,0
3,8,512,8,1,haar,64,1.254591483445246,0.3439408666344026,2.254591483445246,0
3,8,512,8,1,common_factor,128,1.5600706817376961,0.24470833361855282,2.560070681737696,0
3,8,512,8,1,haar,128,0.552971714303599,0.49449592790178315,1.552971714303599,0
3,8,512,8,1,common_factor,256,0.6474946358812368,0.3911257506335882,1.6474946358812368,0
3,8,512,8,1,haar,256,0.518652346016987,0.6258939029743587,1.518652346016987,0
3,8,512,8,1,common_factor,512,0.6956836894968645,0.48533828099181553,1.6956836894968645,0
3,8,512,8,1,haar,512,0.304067597735743,0.7050468908000858,1.304067597735743,1
3,8,512,8,1,common_factor,1024,0.5429079285771139,0.6682330217293974,1.542907928577114,0
3,8,512,8,1,haar,1024,0.23009988279736482,0.8574403503949786,1.2300998827973648,1
3,8,512,8,1,common_factor,2048,0.41682287974402343,0.7680265411647373,1.4168228797440234,1
3,8,512,8,1,haar,2048,0.19629314673270115,0.9240104538529847,1.1962931467327012,1
3,8,512,8,1,common_factor,4096,0.19112587252188173,0.8088741274781183,1.1891832377613953,1
3,8,512,8,1,haar,4096,0.13925211231566403,0.9315181084986551,1.139252112315664,1
3,8,512,8,1,common_factor,8192,0.20314919103023832,0.9158793533028875,1.2031491910302383,1
3,8,512,8,1,haar,8192,0.07991861884975537,0.9293500134831951,1.0799186188497554,1
3,8,512,8,2,common_factor,64,4.177855241569117,0.17616148566438852,5.177855241569117,0
3,8,512,8,2,haar,64,0.988547090379639,0.42549201632675704,1.988547090379639,0
3,8,512,8,2,common_factor,128,2.198393812784598,0.48537663593881836,3.198393812784598,0
3,8,512,8,2,haar,128,0.795421933350164,0.6319232942710669,1.795421933350164,0
3,8,512,8,2,common_factor,256,1.547085127626866,0.574712692473721,2.547085127626866,0
3,8,512,8,2,haar,256,0.5237888792601448,0.6689995923061249,1.5237888792601448,0
3,8,512,8,2,common_factor,512,0.6463119663748733,0.5831807875960997,1.6463119663748733,0
3,8,512,8,2,haar,512,0.4073305418694242,0.7556451743942206,1.4073305418694242,1
3,8,512,8,2,common_factor,1024,0.4270187487465281,0.5729812512534719,1.364675423485422,1
3,8,512,8,2,haar,1024,0.24160496057519354,0.8739319428671193,1.2416049605751935,1
3,8,512,8,2,common_factor,2048,0.33448544253930523,0.6655145574606948,1.2210354699125625,1
3,8,512,8,2,haar,2048,0.1439181573755859,0.8560818426244141,1.1376830704418945,1
3,8,512,8,2,common_factor,4096,0.345098168824161,0.8641865774107841,1.345098168824161,1
3,8,512,8,2,haar,4096,0.11001155592121892,0.9050153330782646,1.110011555921219,1
3,8,512,8,2,common_factor,8192,0.17171554365726194,0.8636453198761137,1.171715543657262,1
3,8,512,8,2,haar,8192,0.07509239200057327,0.9464968878700784,1.0750923920005733,1
3,8,512,8,3,common_factor,64,5.712193862097892,0.17024603530135235,6.712193862097892,0
3,8,512,8,3,haar,64,0.9754002145952181,0.44310656006515586,1.975400214595218,0
3,8,512,8,3,common_factor,128,3.0906894588046194,0.48181340152270646,4.090689458804619,0
3,8,512,8,3,haar,128,0.5143695555442416,0.5433467858968581,1.5143695555442416,0
3,8,512,8,3,common_factor,256,1.7110970999761177,0.5572262020905011,2.7110970999761177,0
3,8,512,8,3,haar,256,0.33110704655718803,0.668892953442812,1.2578158295894553,1
3,8,512,8,3,common_factor,512,0.9360171605757646,0.5942563782564945,1.9360171605757646,0
3,8,512,8,3,haar,512,0.2864046300467704,0.7240730139470168,1.2864046300467704,1
3,8,512,8,3,common_factor,1024,0.49562261113044714,0.6448581490868132,1.4956226111304471,1
3,8,512,8,3,haar,1024,0.19467064663466271,0.8053293533653373,1.1115762167565468,1
3,8,512,8,3,common_factor,2048,0.30768376435349576,0.6967471029786915,1.3076837643534958,1
3,8,512,8,3,haar,2048,0.1570951362094829,0.8429048637905171,1.0706013269061014,1
3,8,512,8,3,common_factor,4096,0.23025640044869322,0.7697435995513068,1.060632177247942,1
3,8,512,8,3,haar,4096,0.12370675475431492,0.8762932452456851,1.0605281378239348,1
3,8,512,8,3,common_factor,8192,0.12308901844886155,0.8769109815511384,1.10253751530983,1
3,8,512,8,3,haar,8192,0.08520671592849194,0.9147932840715081,1.0283102741118058,1
3,8,512,8,4,common_factor,64,1.7447806034305482,0.24277849433102036,2.744780603430548,0
3,8,512,8,4,haar,64,0.6897479387406142,0.31025206125938576,1.3944445195331543,0
3,8,512,8,4,common_factor,128,0.6572017290808752,0.34279827091912485,1.5884649654696208,0
3,8,512,8,4,haar,128,0.5742537625799244,0.42574623742007556,1.1056847314780287,0
3,8,512,8,4,common_factor,256,0.6433879580952007,0.3566120419047994,1.395420909303074,0
3,8,512,8,4,haar,256,0.42089951159471095,0.6311988511909737,1.420899511594711,1
3,8,512,8,4,common_factor,512,0.498053445874427,0.501946554125573,1.1545886530175136,1
3,8,512,8,4,haar,512,0.244944588800304,0.755055411199696,1.23305406224758,1
3,8,512,8,4,common_factor,1024,0.4273298875510203,0.5726701124489797,1.0076453152124845,1
3,8,512,8,4,haar,1024,0.21406301106317926,0.7859369889368207,1.1901791822682206,1
3,8,512,8,4,common_factor,2048,0.3073403315999701,0.6926596684000299,1.2755748421046724,1
3,8,512,8,4,haar,2048,0.12466665159736712,0.8753333484026329,1.12275839863074,1
3,8,512,8,4,common_factor,4096,0.2695286811212261,0.7565767866306196,1.269528681121226,1
3,8,512,8,4,haar,4096,0.10628237241498151,0.9123069369988728,1.1062823724149815,1
3,8,512,8,4,common_factor,8192,0.1587377365182171,0.8412622634817829,1.1574004153100197,1
3,8,512,8,4,haar,8192,0.07517586140069399,0.924824138599306,1.069561138858937,1
3,8,512,8,5,common_factor,64,0.9103276541207095,0.2374422147759087,1.9103276541207095,0
3,8,512,8,5,haar,64,0.7910236151679395,0.37277820398288186,1.7910236151679395,0
3,8,512,8,5,common_factor,128,1.3246151113367879,0.3430220826418709,2.324615111336788,0
3,8,512,8,5,haar,128,0.5239668827228168,0.4760331172771832,1.500491526247855,0
3,8,512,8,5,common_factor,256,2.3342493153265966,0.46085805277454467,3.3342493153265966,0
3,8,512,8,5,haar,256,0.3742235492330239,0.6257764507669761,1.3322548917693164,1
3,8,512,8,5,common_factor,512,1.0307198469892063,0.6121159986667251,2.0307198469892063,0
3,8,512,8,5,haar,512,0.31664761410927256,0.6833523858907274,1.2751367144671544,1
3,8,512,8,5,common_factor,1024,0.4688715550360725,0.6981914033785527,1.4688715550360725,1
3,8,512,8,5,haar,1024,0.19827040612979419,0.8017295938702058,1.1963192274381689,1
3,8,512,8,5,common_factor,2048,0.2894882739059107,0.7105117260940893,1.2049503365255814,1
3,8,512,8,5,haar,2048,0.16412655781356278,0.8358734421864372,1.1244141578852869,1
3,8,512,8,5,common_factor,4096,0.21522279633964803,0.784777203660352,1.1631192088858409,1
3,8,512,8,5,haar,4096,0.12850916920975475,0.8714908307902453,1.0772012539954654,1
3,8,512,8,5,common_factor,8192,0.16192804316756693,0.8714105765113754,1.161928043167567,1
3,8,512,8,5,haar,8192,0.09453278904146822,0.934191398264903,1.0945327890414682,1
3,8,512,8,6,common_factor,64,1.4607295743126354,0.1569035942643566,2.4607295743126354,0
3,8,512,8,6,haar,64,0.6961402701675597,0.30385972983244025,1.6319139203630935,0
3,8,512,8,6,common_factor,128,0.8240980495483994,0.2787317836975231,1.8240980495483994,0
3,8,512,8,6,haar,128,0.5238639983210549,0.47613600167894515,1.2586495484102087,0
3,8,512,8,6,common_factor,256,0.6850486197977972,0.3149513802022028,1.3385885456674151,0
3,8,512,8,6,haar,256,0.3842027054910062,0.6504657987901238,1.3842027054910062,1
3,8,512,8,6,common_factor,512,0.6325673132315242,0.4809964153255259,1.6325673132315242,0
3,8,512,8,6,haar,512,0.2895915080623156,0.7104084919376844,1.2825522666802704,1
3,8,512,8,6,common_factor,1024,0.3644814381497643,0.6881483429339539,1.3644814381497643,1
3,8,512,8,6,haar,1024,0.21584958736535564,0.8232952185730391,1.2158495873653556,1
3,8,512,8,6,common_factor,2048,0.2755269904977111,0.7244730095022889,1.136016181429319,1
3,8,512,8,6,haar,2048,0.13194572505180469,0.8680542749481953,1.1273476159353721,1
3,8,512,8,6,common_factor,4096,0.29316352325930917,0.7068364767406908,1.1329128670215314,1
3,8,512,8,6,haar,4096,0.14018898157322213,0.8598110184267779,1.0865045521183285,1
3,8,512,8,6,common_factor,8192,0.19977624701556285,0.8002237529844372,1.0502772058875758,1
3,8,512,8,6,haar,8192,0.07876378873192813,0.9212362112680719,1.049110708116291,1
3,8,512,8,7,common_factor,64,3.2521048754440205,0.24315916032112425,4.2521048754440205,0
3,8,512,8,7,haar,64,0.9779463139888331,0.3885594292626935,1.9779463139888331,0
3,8,512,8,7,common_factor,128,1.6676628684060657,0.38460782787038966,2.6676628684060657,0
3,8,512,8,7,haar,128,0.576650986453854,0.5244626279466643,1.576650986453854,0
3,8,512,8,7,common_factor,256,0.8331216882268406,0.5133471107458384,1.8331216882268406,0
3,8,512,8,7,haar,256,0.6074328995353455,0.652686108877051,1.6074328995353455,0
3,8,512,8,7,common_factor,512,0.5398135562746913,0.5378857552701722,1.5398135562746913,0
3,8,512,8,7,haar,512,0.4077487365538197,0.7631570974068269,1.4077487365538197,1
3,8,512,8,7,common_factor,1024,0.43672904817727787,0.6001600453134796,1.4367290481772779,1
3,8,512,8,7,haar,1024,0.24443998292320068,0.838003243962685,1.2444399829232007,1
3,8,512,8,7,common_factor,2048,0.31005128380407,0.68994871619593,1.1770498126461229,1
3,8,512,8,7,haar,2048,0.1537064668684749,0.9045464847798171,1.153706466868475,1
3,8,512,8,7,common_factor,4096,0.26922862770037537,0.7307713722996246,1.1153232876294197,1
3,8,512,8,7,haar,4096,0.09612026294438825,0.9082851083012811,1.0961202629443882,1
3,8,512,8,7,common_factor,8192,0.17159716788671653,0.8284028321132835,1.081049666264923,1
3,8,512,8,7,haar,8192,0.07851138815406744,0.9214886118459326,1.069700223364716,1
3,8,512,8,8,common_factor,64,2.100058763315049,0.18120862998025566,3.100058763315049,0
3,8,512,8,8,haar,64,1.001122196710622,0.40388985470737393,2.001122196710622,0
3,8,512,8,8,common_factor,128,1.0816581150614248,0.3428391892949361,2.081658115061425,0
3,8,512,8,8,haar,128,0.6723349251490198,0.5560400168468936,1.6723349251490198,0
3,8,512,8,8,common_factor,256,1.0768872720790017,0.5244881149414866,2.0768872720790017,0
3,8,512,8,8,haar,256,0.36670665452211404,0.7407849816764482,1.366706654522114,1
3,8,512,8,8,common_factor,512,0.4605539140616468,0.5589373777928585,1.4605539140616468,1
3,8,512,8,8,haar,512,0.2597079155189682,0.7402920844810318,1.168533163846365,1
3,8,512,8,8,common_factor,1024,0.37076828368767645,0.6292317163123236,1.310733169611622,1
3,8,512,8,8,haar,1024,0.2050625302846808,0.7949374697153192,1.1258195302381906,1
3,8,512,8,8,common_factor,2048,0.28974660837990285,0.7102533916200972,1.1841894453735688,1
3,8,512,8,8,haar,2048,0.1856640975470849,0.8143359024529151,1.082005024131765,1
3,8,512,8,8,common_factor,4096,0.1731912813500721,0.8268087186499279,1.14972168159632,1
3,8,512,8,8,haar,4096,0.1295699455336774,0.8704300544663226,1.0761200733871423,1
3,8,512,8,8,common_factor,8192,0.1321302744736128,0.8678697255263872,1.112264113223671,1
3,8,512,8,8,haar,8192,0.09653264147310181,0.9159002407881703,1.0965326414731018,1
3,8,512,8,9,common_factor,64,0.8815151733081108,0.11848482669188924,1.7181588322656265,0
3,8,512,8,9,haar,64,1.2004494057282518,0.3417919601978465,2.2004494057282518,0
3,8,512,8,9,common_factor,128,1.3158166425767837,0.23401439257695478,2.3158166425767837,0
3,8,512,8,9,haar,128,0.6796630891214064,0.49421095096306733,1.6796630891214064,0
3,8,512,8,9,common_factor,256,0.8008919776238415,0.4089830871781643,1.8008919776238415,0
3,8,512,8,9,haar,256,0.4316306710399854,0.5683693289600146,1.4071896372187633,1
3,8,512,8,9,common_factor,512,0.5352747270250642,0.5476311841143073,1.5352747270250642,0
3,8,512,8,9,haar,512,0.4674616710920425,0.7330820624734526,1.4674616710920425,1
3,8,512,8,9,common_factor,1024,0.3825081461206443,0.6905795125821419,1.3825081461206443,1
3,8,512,8,9,haar,1024,0.3929441733861727,0.8551853143058273,1.3929441733861727,1
3,8,512,8,9,common_factor,2048,0.6105843873994121,0.7514127194693471,1.6105843873994121,0
3,8,512,8,9,haar,2048,0.2224091214295305,0.8858764421129323,1.2224091214295305,1
3,8,512,8,9,common_factor,4096,0.2780228114009984,0.8058065517346209,1.2780228114009984,1
3,8,512,8,9,haar,4096,0.1350409180493788,0.9273018539715071,1.1350409180493788,1
3,8,512,8,9,common_factor,8192,0.2672140929670861,0.8720331802763508,1.267214092967086,1
3,8,512,8,9,haar,8192,0.10848071702889606,0.8915192829711039,1.065743687708018,1
3,8,512,8,10,common_factor,64,3.2911474637603773,0.1664550118142563,4.291147463760377,0
3,8,512,8,10,haar,64,0.9152500983561804,0.5899311416145717,1.9152500983561804,0
3,8,512,8,10,common_factor,128,1.412260675415686,0.3372878230215698,2.412260675415686,0
3,8,512,8,10,haar,128,0.6979391084631417,0.5128264957054743,1.6979391084631417,0
3,8,512,8,10,common_factor,256,0.8269260434068106,0.400934998442536,1.8269260434068106,0
3,8,512,8,10,haar,256,0.4590842938462929,0.6185450723854574,1.459084293846293,1
3,8,512,8,10,common_factor,512,0.494317923072899,0.505682076927101,1.4417271877621587,1
3,8,512,8,10,haar,512,0.3857074664315854,0.6950938382697648,1.3857074664315854,1
3,8,512,8,10,common_factor,1024,0.3456846515903852,0.6543153484096148,1.3413910085670555,1
3,8,512,8,10,haar,1024,0.2213639008270547,0.8047643451376754,1.2213639008270547,1
3,8,512,8,10,common_factor,2048,0.29862198175460186,0.878594584536305,1.2986219817546019,1
3,8,512,8,10,haar,2048,0.16961095650214453,0.8303890434978555,1.118315483263313,1
3,8,512,8,10,common_factor,4096,0.19357966881846989,0.8897699823197779,1.1935796688184699,1
3,8,512,8,10,haar,4096,0.14037229990891031,0.8792377348413432,1.1403722999089103,1
3,8,512,8,10,common_factor,8192,0.14773291394781407,0.8522670860521859,1.0787199308600874,1
3,8,512,8,10,haar,8192,0.09267374378029536,0.9073262562197046,1.0874984204642004,1
3,8,512,8,11,common_factor,64,1.5340884966495518,0.15849486023707404,2.534088496649552,0
3,8,512,8,11,haar,64,0.6632795789131463,0.3367204210868538,1.6400754296036668,0
3,8,512,8,11,common_factor,128,2.045410423194271,0.37537327726320574,3.045410423194271,0
3,8,512,8,11,haar,128,0.46958127523474147,0.6266451187337891,1.4695812752347415,1
3,8,512,8,11,common_factor,256,1.1628671805328663,0.5277647872778102,2.1628671805328663,0
3,8,512,8,11,haar,256,0.3383968625784707,0.6616031374215293,1.2987036606699796,1
3,8,512,8,11,common_factor,512,0.5843280132143975,0.5930787830483979,1.5843280132143975,0
3,8,512,8,11,haar,512,0.24594908419613137,0.7540509158038686,1.1555928051466395,1
3,8,512,8,11,common_factor,1024,0.3050969290120653,0.7091252435708641,1.3050969290120653,1
3,8,512,8,11,haar,1024,0.18590072110163958,0.8140992788983604,1.107448354790886,1
3,8,512,8,11,common_factor,2048,0.27996456398693936,0.7200354360130606,1.2052362608636942,1
3,8,512,8,11,haar,2048,0.1773350269601881,0.8226649730398119,1.0732870851688872,1
3,8,512,8,11,common_factor,4096,0.27797276408150173,0.8198227973951114,1.2779727640815017,1
3,8,512,8,11,haar,4096,0.1270765541856893,0.8729234458143107,1.093602591885737,1
3,8,512,8,11,common_factor,8192,0.22567539299996642,0.8627621908481391,1.2256753929999664,1
3,8,512,8,11,haar,8192,0.09328141585854455,0.9067185841414555,1.0426411973488037,1
3,8,512,8,12,common_factor,64,1.040522414321416,0.2005061419189755,2.040522414321416,0
3,8,512,8,12,haar,64,1.9280655621489369,0.5081593190314487,2.928065562148937,0
3,8,512,8,12,common_factor,128,2.137768728216568,0.517030482817699,3.137768728216568,0
3,8,512,8,12,haar,128,1.3084330898121959,0.6270092710886561,2.308433089812196,0
3,8,512,8,12,common_factor,256,1.5958233427259771,0.5883913170931538,2.595823342725977,0
3,8,512,8,12,haar,256,0.7688807975330978,0.7086135874599081,1.7688807975330978,0
3,8,512,8,12,common_factor,512,0.7660723127314986,0.5505791831544357,1.7660723127314986,0
3,8,512,8,12,haar,512,0.5007791582808809,0.8026255458275474,1.500779158280881,0
3,8,512,8,12,common_factor,1024,0.3847723588326437,0.6159810806420736,1.3847723588326437,1
3,8,512,8,12,haar,1024,0.24684087638546282,0.8589808796932134,1.2468408763854628,1
3,8,512,8,12,common_factor,2048,0.4997510327818906,0.7181273903747448,1.4997510327818906,1
3,8,512,8,12,haar,2048,0.17949189304957447,0.8205081069504255,1.178879821191809,1
3,8,512,8,12,common_factor,4096,0.3103349918589051,0.8373739674378001,1.3103349918589051,1
3,8,512,8,12,haar,4096,0.12121785423631715,0.8809541872212274,1.1212178542363171,1
3,8,512,8,12,common_factor,8192,0.1808843282442778,0.8850038220731296,1.1808843282442778,1
3,8,512,8,12,haar,8192,0.0876938257583808,0.9466417614955661,1.0876938257583808,1
3,8,512,8,13,common_factor,64,0.9307086854582869,0.17695730572997634,1.9307086854582869,0
3,8,512,8,13,haar,64,0.6682818174710714,0.34203755731574426,1.6682818174710714,0
3,8,512,8,13,common_factor,128,0.6860786984888592,0.3139213015111409,1.4930380786480681,0
3,8,512,8,13,haar,128,0.47011666081782566,0.5298833391821743,1.459352927548495,1
3,8,512,8,13,common_factor,256,0.5312505059557718,0.46874949404422817,1.4834679113150513,0
3,8,512,8,13,haar,256,0.32545313242525364,0.6745468675747464,1.2412773041867793,1
3,8,512,8,13,common_factor,512,0.4515159554406959,0.5484840445593041,1.4386672080177043,1
3,8,512,8,13,haar,512,0.26475910732105357,0.7710224584389868,1.2647591073210536,1
3,8,512,8,13,common_factor,1024,0.39509364149808834,0.6266402824959819,1.3950936414980883,1
3,8,512,8,13,haar,1024,0.26069144664953736,0.8369026424063439,1.2606914466495374,1
3,8,512,8,13,common_factor,2048,0.2752887239993853,0.7247112760006147,1.2037786316422578,1
3,8,512,8,13,haar,2048,0.14081392674930626,0.9022955814533045,1.1408139267493063,1
3,8,512,8,13,common_factor,4096,0.1764424344128871,0.8235575655871129,1.1182077424231092,1
3,8,512,8,13,haar,4096,0.11984678247311242,0.8801532175268876,1.0653749100979595,1
3,8,512,8,13,common_factor,8192,0.16240398061395722,0.8375960193860428,1.1036963444106749,1
3,8,512,8,13,haar,8192,0.091938834568847,0.9366509534736168,1.091938834568847,1
3,8,512,8,14,common_factor,64,0.89248278337275,0.10751721662725006,1.59394123933393,0
3,8,512,8,14,haar,64,1.3997934940727625,0.5379373067779339,2.3997934940727625,0
3,8,512,8,14,common_factor,128,0.7797229807587702,0.2202770192412298,1.4640904994747885,0
3,8,512,8,14,haar,128,0.8044032784586375,0.518799502693889,1.8044032784586375,0
3,8,512,8,14,common_factor,256,0.7239640290555043,0.37546834211764646,1.7239640290555043,0
3,8,512,8,14,haar,256,0.46639988074872174,0.5627625630046921,1.4663998807487217,1
3,8,512,8,14,common_factor,512,0.52920116630501,0.47079883369499,1.2563985180264907,0
3,8,512,8,14,haar,512,0.2838611011100809,0.7161388988899191,1.2789613574480274,1
3,8,512,8,14,common_factor,1024,1.0671495187854196,0.671088860573367,2.0671495187854196,0
3,8,512,8,14,haar,1024,0.24773046423563638,0.8418926375872092,1.2477304642356364,1
3,8,512,8,14,common_factor,2048,0.6270546080976613,0.7988277352224019,1.6270546080976613,0
3,8,512,8,14,haar,2048,0.15447549454221088,0.8767228819834597,1.1544754945422109,1
3,8,512,8,14,common_factor,4096,0.2982260885185062,0.7866804170661251,1.2982260885185062,1
3,8,512,8,14,haar,4096,0.12761467244536706,0.892025517629643,1.127614672445367,1
3,8,512,8,14,common_factor,8192,0.16110841236944384,0.8388915876305562,1.1167555668159759,1
3,8,512,8,14,haar,8192,0.07179127966324106,0.9282087203367589,1.0670440654959208,1
3,8,512,8,15,common_factor,64,5.055440416141131,0.19592125920314715,6.055440416141131,0
3,8,512,8,15,haar,64,0.6663711287691831,0.33362887123081686,1.6606108879071297,0
3,8,512,8,15,common_factor,128,2.9368110979607844,0.2331798124148296,3.9368110979607844,0
3,8,512,8,15,haar,128,0.5349434814229532,0.4998745559289543,1.5349434814229532,0
3,8,512,8,15,common_factor,256,1.4551961986007624,0.4269620998664511,2.4551961986007624,0
3,8,512,8,15,haar,256,0.37710719641353485,0.6274838641805219,1.3771071964135349,1
3,8,512,8,15,common_factor,512,0.5657824938657163,0.5161248958927785,1.5657824938657163,0
3,8,512,8,15,haar,512,0.2831696103808985,0.7168303896191015,1.1799824235550243,1
3,8,512,8,15,common_factor,1024,0.42701969293747744,0.5729803070625226,1.2137687615746413,1
3,8,512,8,15,haar,1024,0.22602381122776094,0.7739761887722391,1.1577473701983543,1
3,8,512,8,15,common_factor,2048,0.3197133664663585,0.6802866335336415,1.159463137596246,1
3,8,512,8,15,haar,2048,0.16526559480012215,0.8347344051998778,1.1175871720049577,1
3,8,512,8,15,common_factor,4096,0.1991837004350694,0.8008162995649306,1.1987266724202792,1
3,8,512,8,15,haar,4096,0.1349117220046283,0.9093439275678428,1.1349117220046283,1
3,8,512,8,15,common_factor,8192,0.14780292890685687,0.8521970710931431,1.086279076905484,1
3,8,512,8,15,haar,8192,0.07670513813591251,0.9232948618640875,1.0658098076471823,1
3,8,512,8,16,common_factor,64,0.7900721358289136,0.20992786417108647,1.7431960183100363,0
3,8,512,8,16,haar,64,1.2396793222155615,0.3999413179002344,2.2396793222155615,0
3,8,512,8,16,common_factor,128,0.7776522337052072,0.22234776629479278,1.1914796880320089,0
3,8,512,8,16,haar,128,0.7070357206349092,0.46720091929929985,1.7070357206349092,0
3,8,512,8,16,common_factor,256,0.5374546738254979,0.48080174924095703,1.537454673825498,0
3,8,512,8,16,haar,256,0.39983719957790265,0.6541076708995446,1.3998371995779026,1
3,8,512,8,16,common_factor,512,1.31868129650785,0.6268651190641091,2.31868129650785,0
3,8,512,8,16,haar,512,0.23718810827360504,0.762811891726395,1.2225672476734728,1
3,8,512,8,16,common_factor,1024,1.0241824723322521,0.7002917832443067,2.024182472332252,0
3,8,512,8,16,haar,1024,0.20265698862172243,0.8018183156794952,1.2026569886217224,1
3,8,512,8,16,common_factor,2048,0.5026386834882155,0.7191961774634671,1.5026386834882155,0
3,8,512,8,16,haar,2048,0.14215772747110367,0.8927744520883696,1.1421577274711037,1
3,8,512,8,16,common_factor,4096,0.2871240816388534,0.7585619642974684,1.2871240816388534,1
3,8,512,8,16,haar,4096,0.07984989755979588,0.9243775302425805,1.0798498975597959,1
3,8,512,8,16,common_factor,8192,0.15928300332565248,0.8493352992452662,1.1592830033256525,1
3,8,512,8,16,haar,8192,0.06285940188475014,0.9400196328074538,1.0628594018847501,1
3,8,512,8,17,common_factor,64,1.7083568996100955,0.279481806686621,2.7083568996100955,0
3,8,512,8,17,haar,64,0.905862934678235,0.2512968215446125,1.905862934678235,0
3,8,512,8,17,common_factor,128,1.8003733971757523,0.3901679920195334,2.8003733971757523,0
3,8,512,8,17,haar,128,0.5952744257161666,0.40472557428383343,1.3270417722458223,0
3,8,512,8,17,common_factor,256,0.7633145306586644,0.4153253243198199,1.7633145306586644,0
3,8,512,8,17,haar,256,0.47788819106484026,0.5221118089351597,1.311338390963368,1
3,8,512,8,17,common_factor,512,1.1270718232586079,0.5636163272352561,2.127071823258608,0
3,8,512,8,17,haar,512,0.3614641897080788,0.6385358102919212,1.2097230801657426,1
3,8,512,8,17,common_factor,1024,0.9868331008932374,0.6409269726783761,1.9868331008932374,0
3,8,512,8,17,haar,1024,0.26354303401060963,0.7364569659893904,1.086269767099896,1
3,8,512,8,17,common_factor,2048,0.46543224356431256,0.6706380909250795,1.4654322435643126,1
3,8,512,8,17,haar,2048,0.19027165507671095,0.809728344923289,1.068934353817801,1
3,8,512,8,17,common_factor,4096,0.24292161839513593,0.78692536763866,1.242921618395136,1
3,8,512,8,17,haar,4096,0.15097860385417583,0.8490213961458242,1.1260639431750439,1
3,8,512,8,17,common_factor,8192,0.16342043004111673,0.8365795699588833,1.1382578205280796,1
3,8,512,8,17,haar,8192,0.1015393560905965,0.8984606439094035,1.0674699589864318,1
3,8,512,8,18,common_factor,64,0.9704243064848854,0.1637329828531732,1.9704243064848854,0
3,8,512,8,18,haar,64,1.3333904556804228,0.4777470522199715,2.333390455680423,0
3,8,512,8,18,common_factor,128,0.8225046886211047,0.17749531137889527,1.2907423146388168,0
3,8,512,8,18,haar,128,0.7631567771840624,0.6527302260198034,1.7631567771840624,0
3,8,512,8,18,common_factor,256,0.5922952408461712,0.457451148602884,1.5922952408461712,0
3,8,512,8,18,haar,256,0.5201284226845391,0.5866236854159455,1.520128422684539,0
3,8,512,8,18,common_factor,512,1.4360879131999558,0.6107470933357881,2.4360879131999558,0
3,8,512,8,18,haar,512,0.2731883417258649,0.7540362529162162,1.273188341725865,1
3,8,512,8,18,common_factor,1024,0.6070044049897962,0.6414510763748036,1.6070044049897962,0
3,8,512,8,18,haar,1024,0.21055573920818738,0.7894442607918126,1.185572225856867,1
3,8,512,8,18,common_factor,2048,0.41896447380537993,0.656431991235748,1.41896447380538,1
3,8,512,8,18,haar,2048,0.1393452523622537,0.8606547476377463,1.128692370100588,1
3,8,512,8,18,common_factor,4096,0.23103749368616278,0.7855858311390659,1.2310374936861628,1
3,8,512,8,18,haar,4096,0.12221625500067679,0.8777837449993232,1.0932639078246307,1
3,8,512,8,18,common_factor,8192,0.17317017583288408,0.8268298241671159,1.1492921684104542,1
3,8,512,8,18,haar,8192,0.11106092663759326,0.9367012518728146,1.1110609266375933,1
3,8,512,8,19,common_factor,64,4.848263204389424,0.19194397112909264,5.848263204389424,0
3,8,512,8,19,haar,64,1.8181225820588622,0.41948625763858716,2.8181225820588622,0
3,8,512,8,19,common_factor,128,2.1605195238910464,0.23118495348792883,3.1605195238910464,0
3,8,512,8,19,haar,128,0.9193966980305204,0.48573903663012735,1.9193966980305204,0
3,8,512,8,19,common_factor,256,1.6469592695395057,0.550068033665625,2.6469592695395057,0
3,8,512,8,19,haar,256,0.43928925852614675,0.6875905717145865,1.4392892585261468,1
3,8,512,8,19,common_factor,512,0.7818738960443234,0.7083121264407771,1.7818738960443234,0
3,8,512,8,19,haar,512,0.33256446931986217,0.6804116847415951,1.3325644693198622,1
3,8,512,8,19,common_factor,1024,0.50723075760823,0.6867725433291495,1.50723075760823,0
3,8,512,8,19,haar,1024,0.2626475527507983,0.8300302081018998,1.2626475527507983,1
3,8,512,8,19,common_factor,2048,0.5455283726413214,0.8545047420785771,1.5455283726413214,0
3,8,512,8,19,haar,2048,0.22875675234181259,0.8766658385113582,1.2287567523418126,1
3,8,512,8,19,common_factor,4096,0.3313627691679011,0.9258022437169958,1.331362769167901,1
3,8,512,8,19,haar,4096,0.14076559810660627,0.9036802703512701,1.1407655981066063,1
3,8,512,8,19,common_factor,8192,0.18117765397395091,0.9156128445823887,1.181177653973951,1
3,8,512,8,19,haar,8192,0.07497161885703862,0.9395363249883569,1.0749716188570386,1
3,8,512,8,20,common_factor,64,0.8021163226053989,0.19788367739460117,1.1171509060062297,0
3,8,512,8,20,haar,64,1.352567319296683,0.549147142043109,2.352567319296683,0
3,8,512,8,20,common_factor,128,1.6455427246642027,0.3632805547224177,2.6455427246642027,0
3,8,512,8,20,haar,128,0.8015324103190273,0.6438587367018657,1.8015324103190273,0
3,8,512,8,20,common_factor,256,0.6344419681102855,0.5087651010766115,1.6344419681102855,0
3,8,512,8,20,haar,256,0.5406316080090441,0.6480509173390594,1.540631608009044,0
3,8,512,8,20,common_factor,512,0.5529532969252147,0.5996613297010982,1.5529532969252147,0
3,8,512,8,20,haar,512,0.3834818387466701,0.7096700088391691,1.38348183874667,1
3,8,512,8,20,common_factor,1024,0.48277737495681783,0.6565338577909854,1.4827773749568178,1
3,8,512,8,20,haar,1024,0.18500446371158685,0.8149955362884131,1.1299592616524488,1
3,8,512,8,20,common_factor,2048,0.35467354642806104,0.7803163898205829,1.354673546428061,1
3,8,512,8,20,haar,2048,0.12481139477663916,0.8751886052233608,1.1167174354535079,1
3,8,512,8,20,common_factor,4096,0.19012544675187648,0.8098745532481235,1.1838137006493832,1
3,8,512,8,20,haar,4096,0.09027013789602167,0.9097298621039783,1.0901504509430866,1
3,8,512,8,20,common_factor,8192,0.15536022438688502,0.8813359802678377,1.155360224386885,1
3,8,512,8,20,haar,8192,0.06986749139115911,0.9301325086088409,1.0390602380095069,1
3,8,512,8,21,common_factor,64,2.7785992261563597,0.09523987475983163,3.7785992261563597,0
3,8,512,8,21,haar,64,0.872918841150137,0.44586649698714254,1.872918841150137,0
3,8,512,8,21,common_factor,128,1.1831145346117702,0.2419400399116209,2.18311453461177,0
3,8,512,8,21,haar,128,0.6106407375209766,0.5156243190611561,1.6106407375209766,0
3,8,512,8,21,common_factor,256,0.6185214875956411,0.38147851240435887,1.5267278225282381,0
3,8,512,8,21,haar,256,0.4178675328248994,0.5821324671751006,1.3420306776871593,1
3,8,512,8,21,common_factor,512,0.7656481856544077,0.4063304306675651,1.7656481856544077,0
3,8,512,8,21,haar,512,0.35293280255313786,0.6470671974468621,1.3065777399005754,1
3,8,512,8,21,common_factor,1024,0.5411291010380515,0.5497688082561809,1.5411291010380515,0
3,8,512,8,21,haar,1024,0.22707239742835106,0.7729276025716489,1.1716458985162823,1
3,8,512,8,21,common_factor,2048,0.2792815402484581,0.7390683661624032,1.279281540248458,1
3,8,512,8,21,haar,2048,0.17485344308580508,0.8251465569141949,1.111688430602792,1
3,8,512,8,21,common_factor,4096,0.24025080653230924,0.8223243027667897,1.2402508065323092,1
3,8,512,8,21,haar,4096,0.11459889631959164,0.896903829092166,1.1145988963195916,1
3,8,512,8,21,common_factor,8192,0.10086381737955863,0.8991361826204414,1.0957948767883143,1
3,8,512,8,21,haar,8192,0.08720554551036641,0.928850262409113,1.0872055455103664,1
3,8,512,8,22,common_factor,64,0.8180842984544209,0.18191570154557915,1.7149150300271663,0
3,8,512,8,22,haar,64,0.9297269823303311,0.5133081790716014,1.9297269823303311,0
3,8,512,8,22,common_factor,128,1.0246615822969485,0.2591906884677889,2.0246615822969485,0
3,8,512,8,22,haar,128,0.9479712983714013,0.597413261868058,1.9479712983714013,0
3,8,512,8,22,common_factor,256,0.5734138547263508,0.4265861452736492,1.54292883124288,0
3,8,512,8,22,haar,256,0.4771350598272026,0.6750016575789234,1.4771350598272026,1
3,8,512,8,22,common_factor,512,0.4483516359417431,0.5516483640582569,1.3881693246707671,1
3,8,512,8,22,haar,512,0.34864492715059625,0.7053224037999779,1.3486449271505963,1
3,8,512,8,22,common_factor,1024,0.408818589186838,0.591181410813162,1.379011153375122,1
3,8,512,8,22,haar,1024,0.187701826090915,0.812298173909085,1.1708005947942435,1
3,8,512,8,22,common_factor,2048,0.3189331964927822,0.6810668035072178,1.2126495245510593,1
3,8,512,8,22,haar,2048,0.18101015340173476,0.8189898465982652,1.085500295959085,1
3,8,512,8,22,common_factor,4096,0.26609581487972955,0.7339041851202704,1.1001339454175758,1
3,8,512,8,22,haar,4096,0.12507565231747553,0.8749243476825245,1.0791291098274216,1
3,8,512,8,22,common_factor,8192,0.18261911228909522,0.8173808877109048,1.0739596807832406,1
3,8,512,8,22,haar,8192,0.05791379501792471,0.9420862049820753,1.0451078792320234,1
3,8,512,8,23,common_factor,64,2.6515237029450645,0.13354065804051504,3.6515237029450645,0
3,8,512,8,23,haar,64,1.2331234416814896,0.46240901536425255,2.2331234416814896,0
3,8,512,8,23,common_factor,128,1.7552962545185116,0.41457251658667726,2.7552962545185116,0
3,8,512,8,23,haar,128,0.6170062890225996,0.5457719347001807,1.6170062890225996,0
3,8,512,8,23,common_factor,256,2.2938075157653968,0.40939697494595484,3.2938075157653968,0
3,8,512,8,23,haar,256,0.4129834912666315,0.6697118814096453,1.4129834912666315,1
3,8,512,8,23,common_factor,512,1.1827451063725851,0.4847591795108371,2.182745106372585,0
3,8,512,8,23,haar,512,0.3532751994444139,0.7135408283754043,1.3532751994444139,1
3,8,512,8,23,common_factor,1024,0.9294703049982562,0.654696519660541,1.9294703049982562,0
3,8,512,8,23,haar,1024,0.21402184248189104,0.785978157518109,1.1979740261409508,1
3,8,512,8,23,common_factor,2048,0.6606367821941344,0.7281067591055371,1.6606367821941344,0
3,8,512,8,23,haar,2048,0.22863553894798772,0.8680285784369527,1.2286355389479877,1
3,8,512,8,23,common_factor,4096,0.3459698694067668,0.7705385140953029,1.3459698694067668,1
3,8,512,8,23,haar,4096,0.14509516254415789,0.9058873753398327,1.1450951625441579,1
3,8,512,8,23,common_factor,8192,0.20317036934561195,0.796829630654388,1.174609210542037,1
3,8,512,8,23,haar,8192,0.07870851250172883,0.9444563133138417,1.0787085125017288,1
3,8,512,8,24,common_factor,64,2.2451603590991622,0.19198812546218377,3.2451603590991622,0
3,8,512,8,24,haar,64,0.6792368956646067,0.32076310433539335,1.5372338370272272,0
3,8,512,8,24,common_factor,128,1.5188609546279555,0.24950957743858013,2.5188609546279555,0
3,8,512,8,24,haar,128,0.6529884094327227,0.5056650638289761,1.6529884094327227,0
3,8,512,8,24,common_factor,256,0.6745283790058367,0.37870377968222807,1.6745283790058367,0
3,8,512,8,24,haar,256,0.400457648300952,0.599542351699048,1.2594114785035644,1
3,8,512,8,24,common_factor,512,0.7505265619536572,0.6161752333164776,1.7505265619536572,0
3,8,512,8,24,haar,512,0.2997171916297596,0.7411416704464744,1.2997171916297596,1
3,8,512,8,24,common_factor,1024,0.4693232218879819,0.6969426394214453,1.469323221887982,1
3,8,512,8,24,haar,1024,0.23304659302194364,0.8080735724427461,1.2330465930219436,1
3,8,512,8,24,common_factor,2048,0.47263348122552573,0.7520627463142157,1.4726334812255257,1
3,8,512,8,24,haar,2048,0.14667335025580752,0.8692582056751886,1.1466733502558075,1
3,8,512,8,24,common_factor,4096,0.2410600652834025,0.8088933520183719,1.2410600652834025,1
3,8,512,8,24,haar,4096,0.1402256098111292,0.9482918201047307,1.1402256098111292,1
3,8,512,8,24,common_factor,8192,0.20429864506728435,0.8185165377155009,1.2042986450672843,1
3,8,512,8,24,haar,8192,0.09031992871176686,0.9387127268350618,1.0903199287117669,1
3,8,512,8,25,common_factor,64,5.942326458347388,0.09903375763983222,6.942326458347388,0
3,8,512,8,25,haar,64,1.1367985877170756,0.38428709060348437,2.1367985877170756,0
3,8,512,8,25,common_factor,128,2.803402200268563,0.21499665070018578,3.803402200268563,0
3,8,512,8,25,haar,128,0.6749178906008453,0.4787856669960501,1.6749178906008453,0
3,8,512,8,25,common_factor,256,1.2909849318271402,0.3904254804779025,2.2909849318271402,0
3,8,512,8,25,haar,256,0.46825381799606247,0.6248988400401464,1.4682538179960625,1
3,8,512,8,25,common_factor,512,0.5442272525389178,0.5298587969305293,1.5442272525389178,0
3,8,512,8,25,haar,512,0.34027794077192475,0.685346103691609,1.3402779407719247,1
3,8,512,8,25,common_factor,1024,0.5421284589906203,0.6796298884374795,1.5421284589906203,0
3,8,512,8,25,haar,1024,0.2856702244267313,0.7143297755732687,1.1681429998173702,1
3,8,512,8,25,common_factor,2048,0.4993460916511494,0.7347554882010028,1.4993460916511494,1
3,8,512,8,25,haar,2048,0.15526377430328409,0.8447362256967159,1.0938561943613299,1
3,8,512,8,25,common_factor,4096,0.2539352825501593,0.7909490862315984,1.2539352825501593,1
3,8,512,8,25,haar,4096,0.1080006334556437,0.8919993665443563,1.0652940612708202,1
3,8,512,8,25,common_factor,8192,0.20721709534285226,0.8407953580959712,1.2072170953428523,1
3,8,512,8,25,haar,8192,0.0788362063023873,0.9211637936976127,1.0510866767141902,1
3,8,512,8,26,common_factor,64,0.7849030219238526,0.2509159784171863,1.7849030219238526,0
3,8,512,8,26,haar,64,0.7900872535581625,0.40966499739480444,1.7900872535581625,0
3,8,512,8,26,common_factor,128,0.6047398563198854,0.3952601436801147,1.5935750391152843,0
3,8,512,8,26,haar,128,0.5171212924739239,0.4828787075260761,1.4130813066344272,0
3,8,512,8,26,common_factor,256,0.6477604896583373,0.42239168009836053,1.6477604896583373,0
3,8,512,8,26,haar,256,0.38797521894224807,0.6251762215150088,1.387975218942248,1
3,8,512,8,26,common_factor,512,0.525816143157058,0.474183856842942,1.3860031794980296,0
3,8,512,8,26,haar,512,0.27638678319296384,0.7524948762580458,1.2763867831929638,1
3,8,512,8,26,common_factor,1024,0.4048021354008434,0.5951978645991566,1.3426382447502323,1
3,8,512,8,26,haar,1024,0.2159583481069236,0.8290492533922265,1.2159583481069236,1
3,8,512,8,26,common_factor,2048,0.31821170452218284,0.6817882954778172,1.1090766714779248,1
3,8,512,8,26,haar,2048,0.14987803890889095,0.850121961091109,1.1176530737780688,1
3,8,512,8,26,common_factor,4096,0.2564193874036578,0.7435806125963422,1.0645786014158398,1
3,8,512,8,26,haar,4096,0.09940676643574253,0.9005932335642575,1.0684539839344889,1
3,8,512,8,26,common_factor,8192,0.15878540475854108,0.8533401765238472,1.158785404758541,1
3,8,512,8,26,haar,8192,0.07947088269710845,0.9378907925561597,1.0794708826971084,1
3,8,512,8,27,common_factor,64,1.3558819006679959,0.1620703024027721,2.355881900667996,0
3,8,512,8,27,haar,64,0.8366144099576776,0.46751131862963635,1.8366144099576776,0
3,8,512,8,27,common_factor,128,0.9941555880018378,0.2718566194050314,1.9941555880018378,0
3,8,512,8,27,haar,128,0.5422638282489507,0.6400250893175649,1.5422638282489507,0
3,8,512,8,27,common_factor,256,1.113950086083224,0.4896851766447242,2.113950086083224,0
3,8,512,8,27,haar,256,0.3211665167361405,0.6788334832638595,1.2781211920585132,1
3,8,512,8,27,common_factor,512,0.5787305797345608,0.6100866952286279,1.5787305797345608,0
3,8,512,8,27,haar,512,0.2658179706538454,0.7341820293461546,1.2178549160091892,1
3,8,512,8,27,common_factor,1024,0.2930997949322254,0.724854536556132,1.2930997949322254,1
3,8,512,8,27,haar,1024,0.183211817545749,0.816788182454251,1.141854063800813,1
3,8,512,8,27,common_factor,2048,0.2301847870492858,0.7698152129507142,1.1706375002737617,1
3,8,512,8,27,haar,2048,0.15401002802317953,0.8459899719768205,1.1005085733240476,1
3,8,512,8,27,common_factor,4096,0.22612265376982754,0.7754291239642751,1.2261226537698275,1
3,8,512,8,27,haar,4096,0.1323051006674596,0.8969481859709261,1.1323051006674596,1
3,8,512,8,27,common_factor,8192,0.15182057587682296,0.8853769013530488,1.151820575876823,1
3,8,512,8,27,haar,8192,0.07870886156679768,0.9380046020646509,1.0787088615667977,1
3,8,512,8,28,common_factor,64,0.8631141913748939,0.13688580862510616,1.054998628745763,0
3,8,512,8,28,haar,64,0.5913962102523492,0.40860378974765077,1.5216864284300646,0
3,8,512,8,28,common_factor,128,0.8329520219653224,0.16704797803467758,1.2241158650068056,0
3,8,512,8,28,haar,128,0.7526324367847808,0.5430117345918563,1.7526324367847808,0
3,8,512,8,28,common_factor,256,0.9261579509072795,0.3401765122281711,1.9261579509072795,0
3,8,512,8,28,haar,256,0.41987067125797806,0.6321601093784885,1.419870671257978,1
3,8,512,8,28,common_factor,512,0.6185390729085751,0.561622907550226,1.6185390729085751,0
3,8,512,8,28,haar,512,0.36131237203963773,0.6386876279603623,1.2492794110103573,1
3,8,512,8,28,common_factor,1024,0.42870291666830007,0.6935774105497071,1.4287029166683,1
3,8,512,8,28,haar,1024,0.24218818104505646,0.7578118189549435,1.1007082829446488,1
3,8,512,8,28,common_factor,2048,0.3299927873369446,0.7815055060375669,1.3299927873369446,1
3,8,512,8,28,haar,2048,0.11885454314519728,0.9206510783871129,1.1188545431451973,1
3,8,512,8,28,common_factor,4096,0.24312282188447365,0.7568771781155264,1.2045202090509306,1
3,8,512,8,28,haar,4096,0.09502207942814833,0.9049779205718517,1.0713410882439829,1
3,8,512,8,28,common_factor,8192,0.1994531088038506,0.8005468911961494,1.1271514202518416,1
3,8,512,8,28,haar,8192,0.08131859843145672,0.9186814015685433,1.070310310844413,1
3,8,512,8,29,common_factor,64,0.9474411967536771,0.1529205772249018,1.947441196753677,0
3,8,512,8,29,haar,64,1.3076821340608178,0.4666682734965937,2.307682134060818,0
3,8,512,8,29,common_factor,128,0.7111192388831775,0.2888807611168225,1.4139670068085772,0
3,8,512,8,29,haar,128,0.9439333864033763,0.6371741457316308,1.9439333864033763,0
3,8,512,8,29,common_factor,256,0.6548991466650581,0.3451008533349419,1.5380917042679836,0
3,8,512,8,29,haar,256,0.4393034811174854,0.5926306012786595,1.4393034811174854,1
3,8,512,8,29,common_factor,512,0.4979886237904334,0.5020113762095666,1.4192891227364108,1
3,8,512,8,29,haar,512,0.3091698140686119,0.6908301859313881,1.3027245263398106,1
3,8,512,8,29,common_factor,1024,0.4123849938674128,0.5876150061325872,1.2112769491579949,1
3,8,512,8,29,haar,1024,0.2264925910931881,0.7928720057067953,1.226492591093188,1
3,8,512,8,29,common_factor,2048,0.35353209947277375,0.6464679005272262,1.2289040507433662,1
3,8,512,8,29,haar,2048,0.13855300389534686,0.8614469961046531,1.1191589077549635,1
3,8,512,8,29,common_factor,4096,0.3545383135668332,0.7690596176176119,1.3545383135668332,1
3,8,512,8,29,haar,4096,0.13468201235985267,0.8653179876401473,1.0539115849403589,1
3,8,512,8,29,common_factor,8192,0.20144308632903707,0.900417814681094,1.201443086329037,1
3,8,512,8,29,haar,8192,0.09192161984568326,0.9080783801543167,1.050101622362147,1
3,8,512,8,30,common_factor,64,3.6952760010083168,0.1310431988036009,4.695276001008317,0
3,8,512,8,30,haar,64,0.93316136543712,0.3684243353197171,1.93316136543712,0
3,8,512,8,30,common_factor,128,2.2739546024942574,0.3797824206409603,3.2739546024942574,0
3,8,512,8,30,haar,128,0.6986075776996552,0.5382312898424871,1.6986075776996552,0
3,8,512,8,30,common_factor,256,1.7871277114685125,0.493051598880764,2.7871277114685125,0
3,8,512,8,30,haar,256,0.5646455484070048,0.612415757565493,1.5646455484070048,0
3,8,512,8,30,common_factor,512,0.8043940762109145,0.5407903062452596,1.8043940762109145,0
3,8,512,8,30,haar,512,0.33237066414306005,0.66762933585694,1.231512799263938,1
3,8,512,8,30,common_factor,1024,0.35077837370609266,0.6492216262939073,1.2800076829318043,1
3,8,512,8,30,haar,1024,0.19532287260122216,0.8109309050080127,1.1953228726012222,1
3,8,512,8,30,common_factor,2048,0.23895759206892475,0.7610424079310752,1.1152569184390309,1
3,8,512,8,30,haar,2048,0.14545601468488156,0.8545439853151184,1.0988306226161257,1
3,8,512,8,30,common_factor,4096,0.21402464813100197,0.8242895043892099,1.214024648131002,1
3,8,512,8,30,haar,4096,0.11259747946308296,0.887402520536917,1.07545845732875,1
3,8,512,8,30,common_factor,8192,0.15026962386117515,0.8588840251534247,1.1502696238611752,1
3,8,512,8,30,haar,8192,0.07619752557277204,0.9313873475772839,1.076197525572772,1
3,8,512,8,31,common_factor,64,1.3834822577799342,0.2270071023165469,2.383482257779934,0
3,8,512,8,31,haar,64,0.6484221451713569,0.3515778548286431,1.4045119735204394,0
3,8,512,8,31,common_factor,128,0.7257540848118408,0.2742459151881592,1.5595025808898417,0
3,8,512,8,31,haar,128,0.6015507954668983,0.39844920453310173,1.2149064103465679,0
3,8,512,8,31,common_factor,256,0.6712810429927933,0.3710914582747896,1.6712810429927933,0
3,8,512,8,31,haar,256,0.46677981387595113,0.5332201861240489,1.1197959085055602,1
3,8,512,8,31,common_factor,512,0.5138200765546863,0.48617992344531374,1.2149865072097377,0
3,8,512,8,31,haar,512,0.3075291211960737,0.6924708788039263,1.0897403766415514,1
3,8,512,8,31,common_factor,1024,0.39179895995415037,0.6082010400458496,1.3322434026830623,1
3,8,512,8,31,haar,1024,0.2192372491081701,0.7807627508918299,1.1164140977903065,1
3,8,512,8,31,common_factor,2048,0.2754979016591166,0.7245020983408834,1.2284188473080857,1
3,8,512,8,31,haar,2048,0.18295355487109732,0.8170464451289027,1.1236590533616033,1
3,8,512,8,31,common_factor,4096,0.18757267212978856,0.8196463191488395,1.1875726721297886,1
3,8,512,8,31,haar,4096,0.12144573529847447,0.8785542647015255,1.1089597197321424,1
3,8,512,8,31,common_factor,8192,0.14552456830450378,0.8544754316954962,1.0811113784386688,1
3,8,512,8,31,haar,8192,0.07204225446131607,0.9279577455386839,1.068445919045237,1
3,8,512,8,32,common_factor,64,0.8592960542126403,0.1407039457873597,1.6101507308714773,0
3,8,512,8,32,haar,64,0.606698430055274,0.393301569944726,1.3593877671662886,0
3,8,512,8,32,common_factor,128,1.8874700219139173,0.392072992063657,2.8874700219139173,0
3,8,512,8,32,haar,128,0.5418030036690832,0.4581969963309168,1.3088852599243703,0
3,8,512,8,32,common_factor,256,0.6856622142324309,0.5383883697653551,1.685662214232431,0
3,8,512,8,32,haar,256,0.34226784666436094,0.6577321533356391,1.3368226162835029,1
3,8,512,8,32,common_factor,512,1.051442277006951,0.6354335041677409,2.051442277006951,0
3,8,512,8,32,haar,512,0.21389174939328592,0.7861082506067141,1.1932969473329622,1
3,8,512,8,32,common_factor,1024,0.5723124093181866,0.7459765321097573,1.5723124093181866,0
3,8,512,8,32,haar,1024,0.19410963144419946,0.8471348330687799,1.1941096314441995,1
3,8,512,8,32,common_factor,2048,0.3672299534836436,0.8200866188763591,1.3672299534836436,1
3,8,512,8,32,haar,2048,0.15266627110260034,0.911289547660814,1.1526662711026003,1
3,8,512,8,32,common_factor,4096,0.23031866347044438,0.8402491162851787,1.2303186634704444,1
3,8,512,8,32,haar,4096,0.10345514714839799,0.896544852851602,1.06965116540822,1
3,8,512,8,32,common_factor,8192,0.17949934553322167,0.8591303932751462,1.1794993455332217,1
3,8,512,8,32,haar,8192,0.07124840602583171,0.9287515939741683,1.0548437704823126,1
3,8,512,8,33,common_factor,64,0.9831517342941181,0.18435301069182902,1.983151734294118,0
3,8,512,8,33,haar,64,0.7371341109923786,0.2628658890076215,1.5968269137932827,0
3,8,512,8,33,common_factor,128,1.0900133481926577,0.24681971516919507,2.0900133481926577,0
3,8,512,8,33,haar,128,0.6644927668076295,0.6012190218071992,1.6644927668076295,0
3,8,512,8,33,common_factor,256,0.5501844723138636,0.4498155276861364,1.5441415770600435,0
3,8,512,8,33,haar,256,0.5372868422735688,0.7352884614843895,1.5372868422735688,0
3,8,512,8,33,common_factor,512,0.5042415032257599,0.4957584967742401,1.3091951358515648,0
3,8,512,8,33,haar,512,0.30706888859149517,0.7338784251921908,1.3070688885914952,1
3,8,512,8,33,common_factor,1024,0.4589038288761572,0.5410961711238428,1.0746701951336783,1
3,8,512,8,33,haar,1024,0.20891863531800947,0.8079975845235702,1.2089186353180095,1
3,8,512,8,33,common_factor,2048,0.3021263263788787,0.6978736736211213,1.1453456860809899,1
3,8,512,8,33,haar,2048,0.17609923323933552,0.8239007667606645,1.0889488031112085,1
3,8,512,8,33,common_factor,4096,0.2529013401259512,0.7470986598740488,1.0578604309346973,1
3,8,512,8,33,haar,4096,0.12451653876448943,0.8754834612355106,1.089738662053752,1
3,8,512,8,33,common_factor,8192,0.15951639402316675,0.8404836059768332,1.1499259289489898,1
3,8,512,8,33,haar,8192,0.09467767755506151,0.9053223224449385,1.0394918785468892,1
3,8,512,8,34,common_factor,64,1.1222575363166722,0.14049239223018212,2.1222575363166722,0
3,8,512,8,34,haar,64,1.0635774697869405,0.46837578911996264,2.0635774697869405,0
3,8,512,8,34,common_factor,128,0.7636149969139552,0.23638500308604482,1.697266989911652,0
3,8,512,8,34,haar,128,0.8830103044782309,0.5794707228044219,1.883010304478231,0
3,8,512,8,34,common_factor,256,0.7790086111386261,0.3947178326237643,1.779008611138626,0
3,8,512,8,34,haar,256,0.4879232507502067,0.6952774650006398,1.4879232507502067,1
3,8,512,8,34,common_factor,512,0.5230419312345822,0.6275612078024198,1.5230419312345822,0
3,8,512,8,34,haar,512,0.238210753596106,0.8088380367340894,1.238210753596106,1
3,8,512,8,34,common_factor,1024,0.6400907959548867,0.7905789387119726,1.6400907959548867,0
3,8,512,8,34,haar,1024,0.2229327037064941,0.7940998232108585,1.222932703706494,1
3,8,512,8,34,common_factor,2048,0.3295849465653804,0.7167609250891863,1.3295849465653804,1
3,8,512,8,34,haar,2048,0.15107637297013699,0.848923627029863,1.0968176206816143,1
3,8,512,8,34,common_factor,4096,0.23610553790489075,0.7638944620951093,1.1971202199745468,1
3,8,512,8,34,haar,4096,0.10775850588132119,0.8922414941186788,1.0805942012977934,1
3,8,512,8,34,common_factor,8192,0.20523719667978546,0.8538419011378447,1.2052371966797855,1
3,8,512,8,34,haar,8192,0.06845548537796176,0.9361212164331615,1.0684554853779618,1
3,8,512,8,35,common_factor,64,1.5125154556215308,0.3082062892777212,2.512515455621531,0
3,8,512,8,35,haar,64,0.8378393490281177,0.6000946158839771,1.8378393490281177,0
3,8,512,8,35,common_factor,128,2.974766936418673,0.3586627944084614,3.974766936418673,0
3,8,512,8,35,haar,128,0.835270616127272,0.6226583688149789,1.835270616127272,0
3,8,512,8,35,common_factor,256,2.3915575849156396,0.5092824552584064,3.3915575849156396,0
3,8,512,8,35,haar,256,0.720555237793779,0.7419827028790402,1.720555237793779,0
3,8,512,8,35,common_factor,512,1.391131092113191,0.6448529307776849,2.391131092113191,0
3,8,512,8,35,haar,512,0.41162639243724186,0.8119341196771471,1.4116263924372419,1
3,8,512,8,35,common_factor,1024,0.8426679602391098,0.7605624575721305,1.8426679602391098,0
3,8,512,8,35,haar,1024,0.24018727847610277,0.7924281611023657,1.2401872784761028,1
3,8,512,8,35,common_factor,2048,0.3904443204201975,0.7987963088057536,1.3904443204201975,1
3,8,512,8,35,haar,2048,0.14321150546385242,0.8567884945361476,1.1135949644274898,1
3,8,512,8,35,common_factor,4096,0.31442229372564046,0.7809800603596916,1.3144222937256405,1
3,8,512,8,35,haar,4096,0.09129507923609825,0.9087049207639017,1.0585078621097221,1
3,8,512,8,35,common_factor,8192,0.17678991450842352,0.8232100854915765,1.1724199860645996,1
3,8,512,8,35,haar,8192,0.06526124925230392,0.9347387507476961,1.0318061125194937,1
3,8,512,8,36,common_factor,64,0.9866875895936129,0.18462258728912218,1.986687589593613,0
3,8,512,8,36,haar,64,1.399682815292679,0.4900604717090072,2.399682815292679,0
3,8,512,8,36,common_factor,128,0.7301420691568594,0.2698579308431406,1.4851046092642135,0
3,8,512,8,36,haar,128,0.8597624331863929,0.5971631012003114,1.859762433186393,0
3,8,512,8,36,common_factor,256,0.5316327603608401,0.46836723963915994,1.4649051786209468,0
3,8,512,8,36,haar,256,0.46202373494976334,0.7294926447141289,1.4620237349497633,1
3,8,512,8,36,common_factor,512,0.5024774795427156,0.528435857438626,1.5024774795427156,0
3,8,512,8,36,haar,512,0.29080031991234656,0.796536027270774,1.2908003199123466,1
3,8,512,8,36,common_factor,1024,0.44685808472479716,0.648910672698376,1.4468580847247972,1
3,8,512,8,36,haar,1024,0.20162241668988545,0.8524018623742227,1.2016224166898855,1
3,8,512,8,36,common_factor,2048,0.39267752766440545,0.7216644829364408,1.3926775276644054,1
3,8,512,8,36,haar,2048,0.1745640514398783,0.8556060193371111,1.1745640514398783,1
3,8,512,8,36,common_factor,4096,0.3824589935970786,0.8519620643833562,1.3824589935970786,1
3,8,512,8,36,haar,4096,0.08858791073824301,0.9195767748939625,1.088587910738243,1
3,8,512,8,36,common_factor,8192,0.23655031215726363,0.9077602103984307,1.2365503121572636,1
3,8,512,8,36,haar,8192,0.07916359408896367,0.9346812141610039,1.0791635940889637,1
3,8,512,8,37,common_factor,64,0.8384573064288047,0.16154269357119536,1.8246671952981632,0
3,8,512,8,37,haar,64,0.6389491313330941,0.36105086866690594,1.448366325822878,0
3,8,512,8,37,common_factor,128,0.7401498927929022,0.2598501072070978,1.3639534692130746,0
3,8,512,8,37,haar,128,0.47911360543873904,0.520886394561261,1.268325210662628,1
3,8,512,8,37,common_factor,256,0.8542424587259179,0.4875699819762526,1.8542424587259179,0
3,8,512,8,37,haar,256,0.3980915569772321,0.6019084430227679,1.3153374669660465,1
3,8,512,8,37,common_factor,512,0.5256973961957216,0.4743026038042784,1.260610981398692,0
3,8,512,8,37,haar,512,0.2994815194153284,0.7716238245260303,1.2994815194153284,1
3,8,512,8,37,common_factor,1024,0.42064749652754474,0.5793525034724553,1.2214483060307997,1
3,8,512,8,37,haar,1024,0.22116085334989966,0.848253300836289,1.2211608533498997,1
3,8,512,8,37,common_factor,2048,0.290647203908714,0.7270819878257018,1.290647203908714,1
3,8,512,8,37,haar,2048,0.12182413854347574,0.886827731655851,1.1218241385434757,1
3,8,512,8,37,common_factor,4096,0.2256126644479497,0.7923411603863628,1.2256126644479497,1
3,8,512,8,37,haar,4096,0.10915059107784675,0.8908494089221533,1.085655903854657,1
3,8,512,8,37,common_factor,8192,0.14681901813799803,0.8655780627047716,1.146819018137998,1
3,8,512,8,37,haar,8192,0.08838389987274398,0.911616100127256,1.0637895176803291,1
3,8,512,8,38,common_factor,64,4.490653168875317,0.14813861273322493,5.490653168875317,0
3,8,512,8,38,haar,64,1.8814357657860508,0.3997413866144554,2.8814357657860508,0
3,8,512,8,38,common_factor,128,1.9664850916653762,0.2564799828416469,2.966485091665376,0
3,8,512,8,38,haar,128,0.9858414605852801,0.6146711397991154,1.98584146058528,0
3,8,512,8,38,common_factor,256,0.8251488627156185,0.3191031917008616,1.8251488627156185,0
3,8,512,8,38,haar,256,0.45217583870568046,0.6809713272582849,1.4521758387056805,1
3,8,512,8,38,common_factor,512,0.7134185426771427,0.44982880980620826,1.7134185426771427,0
3,8,512,8,38,haar,512,0.31256002698900087,0.6874399730109991,1.1901152324529334,1
3,8,512,8,38,common_factor,1024,0.7223456861562987,0.6534655607632872,1.7223456861562987,0
3,8,512,8,38,haar,1024,0.1750418934396223,0.8588478430821179,1.1750418934396223,1
3,8,512,8,38,common_factor,2048,0.30881017832376934,0.7106522444719939,1.3088101783237693,1
3,8,512,8,38,haar,2048,0.1584243640046492,0.8415756359953508,1.1246044912081032,1
3,8,512,8,38,common_factor,4096,0.26904274707588316,0.8495943394638127,1.2690427470758832,1
3,8,512,8,38,haar,4096,0.13236553493883918,0.8676344650611608,1.0811955724332951,1
3,8,512,8,38,common_factor,8192,0.16377142411132906,0.8509372985352593,1.163771424111329,1
3,8,512,8,38,haar,8192,0.0799472448660512,0.9200527551339488,1.067754873120653,1
3,8,512,8,39,common_factor,64,1.1706170136398573,0.2149006346815768,2.1706170136398573,0
3,8,512,8,39,haar,64,0.7126039849878871,0.4699910780823925,1.7126039849878871,0
3,8,512,8,39,common_factor,128,0.6910962834240157,0.3089037165759842,1.6167441262663258,0
3,8,512,8,39,haar,128,0.8234222465081196,0.5409170412990314,1.8234222465081196,0
3,8,512,8,39,common_factor,256,1.2877071973531589,0.3742366952387664,2.287707197353159,0
3,8,512,8,39,haar,256,0.4828757849515126,0.8308079783608614,1.4828757849515126,1
3,8,512,8,39,common_factor,512,0.6223513300067633,0.4374452108993295,1.6223513300067633,0
3,8,512,8,39,haar,512,0.20377273783913608,0.7994882323619827,1.203772737839136,1
3,8,512,8,39,common_factor,1024,0.4461545161281396,0.5538454838718604,1.3682935392149667,1
3,8,512,8,39,haar,1024,0.2314775592590217,0.8828562678409696,1.2314775592590217,1
3,8,512,8,39,common_factor,2048,0.4028110441422488,0.6975704094046499,1.4028110441422488,1
3,8,512,8,39,haar,2048,0.1887689029974824,0.8854587932289544,1.1887689029974824,1
3,8,512,8,39,common_factor,4096,0.2613111453884651,0.7386888546115349,1.2321265020214913,1
3,8,512,8,39,haar,4096,0.11114010023251986,0.9070732247460694,1.1111401002325199,1
3,8,512,8,39,common_factor,8192,0.1702570922872202,0.8375667808174481,1.1702570922872202,1
3,8,512,8,39,haar,8192,0.07639462891349202,0.9277779322122777,1.076394628913492,1
3,8,512,8,40,common_factor,64,0.8181602912427698,0.18183970875723024,1.7118508825866967,0
3,8,512,8,40,haar,64,1.0234061863863535,0.3539242803239979,2.0234061863863535,0
3,8,512,8,40,common_factor,128,0.7582597495085992,0.25341619014178624,1.7582597495085992,0
3,8,512,8,40,haar,128,0.7355188590704711,0.4988669788046826,1.735518859070471,0
3,8,512,8,40,common_factor,256,0.622243903008312,0.377756096991688,1.5620020129355625,0
3,8,512,8,40,haar,256,0.4748987779357454,0.5465945474036623,1.4748987779357454,1
3,8,512,8,40,common_factor,512,0.47889922219714487,0.5211007778028551,1.21546459190392,1
3,8,512,8,40,haar,512,0.5012335679797972,0.6562377295293284,1.5012335679797972,0
3,8,512,8,40,common_factor,1024,0.33492597312583294,0.7091102115733209,1.334925973125833,1
3,8,512,8,40,haar,1024,0.24253317980443545,0.7653832188139444,1.2425331798044355,1
3,8,512,8,40,common_factor,2048,0.2611329015790258,0.8038280714535605,1.2611329015790258,1
3,8,512,8,40,haar,2048,0.15252961829510925,0.8507573396734783,1.1525296182951092,1
3,8,512,8,40,common_factor,4096,0.197159642396586,0.855423470797375,1.197159642396586,1
3,8,512,8,40,haar,4096,0.09162068162730297,0.908379318372697,1.0812301122150847,1
3,8,512,8,40,common_factor,8192,0.16621967040919083,0.8337803295908092,1.1172519660898648,1
3,8,512,8,40,haar,8192,0.08848264296795405,0.911517357032046,1.0777888943777905,1
3,8,512,8,41,common_factor,64,1.4477363553115685,0.13548380948355948,2.4477363553115685,0
3,8,512,8,41,haar,64,1.3776087589629515,0.4456891315001922,2.3776087589629515,0
3,8,512,8,41,common_factor,128,1.6172457327748795,0.2912240111257614,2.6172457327748795,0
3,8,512,8,41,haar,128,0.8250546869660536,0.6051330732391761,1.8250546869660536,0
3,8,512,8,41,common_factor,256,0.8131073097720396,0.316016384204123,1.8131073097720396,0
3,8,512,8,41,haar,256,0.3494334034978309,0.6505665965021691,1.292106658221127,1
3,8,512,8,41,common_factor,512,0.5812346317710169,0.4187653682289832,1.2287187056857152,0
3,8,512,8,41,haar,512,0.2809391115718729,0.78671719473915,1.280939111571873,1
3,8,512,8,41,common_factor,1024,0.4006423507054153,0.7182267108491114,1.4006423507054153,1
3,8,512,8,41,haar,1024,0.22232246884431528,0.8583876882478855,1.2223224688443153,1
3,8,512,8,41,common_factor,2048,0.2417606839819415,0.7582393160180585,1.1833515208864407,1
3,8,512,8,41,haar,2048,0.12356578577718524,0.8764342142228148,1.1127415969813739,1
3,8,512,8,41,common_factor,4096,0.20833885608335356,0.7916611439166464,1.1639397868615944,1
3,8,512,8,41,haar,4096,0.1132557958585263,0.9048615456778798,1.1132557958585263,1
3,8,512,8,41,common_factor,8192,0.11425032894976739,0.8916566670864358,1.1142503289497674,1
3,8,512,8,41,haar,8192,0.07586535277954387,0.9411612027579574,1.0758653527795439,1
3,8,512,8,42,common_factor,64,0.857734857155878,0.14226514284412195,1.7478002161600483,0
3,8,512,8,42,haar,64,0.7405178528551715,0.3001661502795766,1.7405178528551715,0
3,8,512,8,42,common_factor,128,0.6961377880348912,0.30386221196510876,1.6641009139316283,0
3,8,512,8,42,haar,128,0.7249893596210724,0.5656071630141563,1.7249893596210724,0
3,8,512,8,42,common_factor,256,0.5281732498824625,0.47182675011753744,1.3977919233053246,0
3,8,512,8,42,haar,256,0.6133676017389265,0.7267632175811422,1.6133676017389265,0
3,8,512,8,42,common_factor,512,1.4903277861357673,0.6086299892256916,2.4903277861357673,0
3,8,512,8,42,haar,512,0.44638041298982434,0.8346974242631682,1.4463804129898243,1
3,8,512,8,42,common_factor,1024,0.8492005570825643,0.7082941375608414,1.8492005570825643,0
3,8,512,8,42,haar,1024,0.23540930306290564,0.9240546295215601,1.2354093030629056,1
3,8,512,8,42,common_factor,2048,0.4630685186013883,0.7468633768687234,1.4630685186013883,1
3,8,512,8,42,haar,2048,0.178634318141081,0.9269518179357098,1.178634318141081,1
3,8,512,8,42,common_factor,4096,0.3292385486705274,0.8727172941923377,1.3292385486705274,1
3,8,512,8,42,haar,4096,0.10190007398156231,0.9366536211473349,1.1019000739815623,1
3,8,512,8,42,common_factor,8192,0.15717864743672738,0.8840668081478329,1.1571786474367274,1
3,8,512,8,42,haar,8192,0.07118837404434686,0.9598520441067222,1.0711883740443469,1
3,8,512,8,43,common_factor,64,0.8958418196704208,0.1041581803295793,1.7924039811919419,0
3,8,512,8,43,haar,64,0.7216244002802976,0.2783755997197024,1.5068218426437294,0
3,8,512,8,43,common_factor,128,0.8012673514416596,0.19873264855834039,1.5879092136689013,0
3,8,512,8,43,haar,128,0.5805069137561631,0.41949308624383685,1.340511727367894,0
3,8,512,8,43,common_factor,256,0.6777022924798028,0.3222977075201972,1.2753910632662462,0
3,8,512,8,43,haar,256,0.3967307345411897,0.6032692654588103,1.1036720530103612,1
3,8,512,8,43,common_factor,512,0.5922381305464277,0.40776186945357223,1.2313960702772706,0
3,8,512,8,43,haar,512,0.28143364094163226,0.7756248635257337,1.2814336409416323,1
3,8,512,8,43,common_factor,1024,0.4205700567621623,0.5794299432378377,1.145108487964493,1
3,8,512,8,43,haar,1024,0.17396359520209614,0.8443751557564972,1.1739635952020961,1
3,8,512,8,43,common_factor,2048,0.3100748415621337,0.6899251584378663,1.0997248025079525,1
3,8,512,8,43,haar,2048,0.1183976233088605,0.8816023766911395,1.1161601776486605,1
3,8,512,8,43,common_factor,4096,0.22395296503974071,0.7760470349602593,1.159199314813756,1
3,8,512,8,43,haar,4096,0.11648106504678957,0.8835189349532104,1.08077394842707,1
3,8,512,8,43,common_factor,8192,0.17838617827735626,0.8216138217226437,1.0884071252439842,1
3,8,512,8,43,haar,8192,0.1065411187884715,0.8934588812115285,1.0475075797664795,1
3,8,512,8,44,common_factor,64,2.04801136202229,0.10647393294092804,3.04801136202229,0
3,8,512,8,44,haar,64,1.2092154522496537,0.3762629424548233,2.2092154522496537,0
3,8,512,8,44,common_factor,128,1.1385779432420295,0.19858403158668414,2.1385779432420295,0
3,8,512,8,44,haar,128,0.6988329343436206,0.597866083383952,1.6988329343436206,0
3,8,512,8,44,common_factor,256,0.6317807493633134,0.3682192506366866,1.607322426637043,0
3,8,512,8,44,haar,256,0.6298479227967579,0.7141153012039044,1.629847922796758,0
3,8,512,8,44,common_factor,512,0.7170952334511118,0.45848590525681204,1.7170952334511118,0
3,8,512,8,44,haar,512,0.39403082285379765,0.6922684063373121,1.3940308228537976,1
3,8,512,8,44,common_factor,1024,0.4994779080082512,0.6073918722748329,1.4994779080082512,1
3,8,512,8,44,haar,1024,0.20976636605964671,0.8045131513442634,1.2097663660596467,1
3,8,512,8,44,common_factor,2048,0.4248394279375898,0.7946254893865362,1.4248394279375898,1
3,8,512,8,44,haar,2048,0.14343332342476411,0.8565666765752359,1.1158227206200273,1
3,8,512,8,44,common_factor,4096,0.263401983663452,0.8118387854902003,1.263401983663452,1
3,8,512,8,44,haar,4096,0.09627540788486688,0.9295382504247093,1.0962754078848669,1
3,8,512,8,44,common_factor,8192,0.1648289493359094,0.9065280561756185,1.1648289493359094,1
3,8,512,8,44,haar,8192,0.08991215890615512,0.9624406235178413,1.0899121589061551,1
3,8,512,8,45,common_factor,64,1.7627779430903314,0.22305745732944857,2.7627779430903314,0
3,8,512,8,45,haar,64,1.5666422785004595,0.5222510832349917,2.5666422785004595,0
3,8,512,8,45,common_factor,128,1.5186463378926756,0.4363484967124705,2.5186463378926756,0
3,8,512,8,45,haar,128,0.855768542869533,0.7079502678108115,1.855768542869533,0
3,8,512,8,45,common_factor,256,1.1118626994757803,0.5650921593765232,2.1118626994757803,0
3,8,512,8,45,haar,256,0.49232133292969316,0.7909607544644666,1.4923213329296932,1
3,8,512,8,45,common_factor,512,0.8221433813706753,0.5668003823836595,1.8221433813706753,0
3,8,512,8,45,haar,512,0.41628339073862364,0.7710321348315395,1.4162833907386236,1
3,8,512,8,45,common_factor,1024,0.4022535984126785,0.6853885954834674,1.4022535984126785,1
3,8,512,8,45,haar,1024,0.2594975525844281,0.8832669288154213,1.259497552584428,1
3,8,512,8,45,common_factor,2048,0.2554175034093975,0.813339006041686,1.2554175034093975,1
3,8,512,8,45,haar,2048,0.12955541009126792,0.8964257575719105,1.129555410091268,1
3,8,512,8,45,common_factor,4096,0.1922066372252027,0.8324032609413289,1.1922066372252027,1
3,8,512,8,45,haar,4096,0.11610887221251298,0.9281184970686592,1.116108872212513,1
3,8,512,8,45,common_factor,8192,0.1690787446473776,0.8513649737342509,1.1690787446473776,1
3,8,512,8,45,haar,8192,0.07855541406961053,0.9287544458381055,1.0785554140696105,1
3,8,512,8,46,common_factor,64,5.254099232187043,0.22123885935718085,6.254099232187043,0
3,8,512,8,46,haar,64,1.4323150424000182,0.46299067853064135,2.432315042400018,0
3,8,512,8,46,common_factor,128,2.5599529648313695,0.4085649007914815,3.5599529648313695,0
3,8,512,8,46,haar,128,0.8517198914859196,0.47881857680621454,1.8517198914859196,0
3,8,512,8,46,common_factor,256,1.491653108975267,0.5549342740240285,2.491653108975267,0
3,8,512,8,46,haar,256,0.38909162639706585,0.6387421456418058,1.3890916263970658,1
3,8,512,8,46,common_factor,512,1.4027947176401998,0.7068271263968339,2.4027947176402,0
3,8,512,8,46,haar,512,0.31545537621593944,0.6845446237840606,1.2408863687566385,1
3,8,512,8,46,common_factor,1024,0.8330352874939693,0.7423117258272733,1.8330352874939693,0
3,8,512,8,46,haar,1024,0.20084962523023775,0.7991503747697623,1.1244249688815575,1
3,8,512,8,46,common_factor,2048,0.421467779356014,0.7820271162410986,1.421467779356014,1
3,8,512,8,46,haar,2048,0.17051799482506502,0.829482005174935,1.1148774199026643,1
3,8,512,8,46,common_factor,4096,0.42516379845075747,0.8537547104556078,1.4251637984507575,1
3,8,512,8,46,haar,4096,0.1268215896353836,0.8731784103646164,1.0935623926182536,1
3,8,512,8,46,common_factor,8192,0.23986327346521907,0.8796490365485988,1.239863273465219,1
3,8,512,8,46,haar,8192,0.10971733232562053,0.8902826676743795,1.0519391155050755,1
3,8,512,8,47,common_factor,64,2.1342947362550917,0.23124239127337348,3.1342947362550917,0
3,8,512,8,47,haar,64,1.235194133136126,0.47092573350228406,2.235194133136126,0
3,8,512,8,47,common_factor,128,2.2637276960583828,0.31781612151024186,3.2637276960583828,0
3,8,512,8,47,haar,128,0.7797599981821441,0.552506752115398,1.7797599981821441,0
3,8,512,8,47,common_factor,256,2.8837808484062206,0.5558668354847323,3.8837808484062206,0
3,8,512,8,47,haar,256,0.5159450276174955,0.7335428633016864,1.5159450276174955,0
3,8,512,8,47,common_factor,512,1.4407226603062746,0.5307011562487483,2.4407226603062746,0
3,8,512,8,47,haar,512,0.3348665765450922,0.8142287856871675,1.3348665765450922,1
3,8,512,8,47,common_factor,1024,0.6028745278369028,0.5847958551353848,1.6028745278369028,0
3,8,512,8,47,haar,1024,0.17920686080393122,0.8340445739550766,1.1792068608039312,1
3,8,512,8,47,common_factor,2048,0.30016345293436564,0.6998365470656344,1.234049301675991,1
3,8,512,8,47,haar,2048,0.17407481230737298,0.9073493866012781,1.174074812307373,1
3,8,512,8,47,common_factor,4096,0.2584800079033551,0.7840177516344261,1.2584800079033551,1
3,8,512,8,47,haar,4096,0.12536852071681603,0.9546974228528904,1.125368520716816,1
3,8,512,8,47,common_factor,8192,0.18437295491585426,0.8156270450841457,1.1739148808588658,1
3,8,512,8,47,haar,8192,0.08353842836920422,0.9314876117297881,1.0835384283692042,1
3,8,512,8,48,common_factor,64,1.6558358108281332,0.07803154417392327,2.6558358108281332,0
3,8,512,8,48,haar,64,0.897076545124746,0.3748210810859497,1.897076545124746,0
3,8,512,8,48,common_factor,128,0.8203069724082201,0.1796930275917799,1.778655134046834,0
3,8,512,8,48,haar,128,0.5263410703748408,0.487349929114892,1.5263410703748408,0
3,8,512,8,48,common_factor,256,0.7387528526023039,0.2612471473976961,1.1714024909866247,0
3,8,512,8,48,haar,256,0.4254813438158943,0.5745186561841057,1.3874147785187398,1
3,8,512,8,48,common_factor,512,0.5377993925191851,0.4622006074808149,1.2762193141083404,0
3,8,512,8,48,haar,512,0.38251057130102284,0.7144891007053337,1.3825105713010228,1
3,8,512,8,48,common_factor,1024,0.48520927704754124,0.5147907229524588,1.201073076179544,1
3,8,512,8,48,haar,1024,0.2374760699701579,0.7997225720628545,1.237476069970158,1
3,8,512,8,48,common_factor,2048,0.4183120021756468,0.5816879978243532,1.2067773588023807,1
3,8,512,8,48,haar,2048,0.17380188349514525,0.8261981165048548,1.1426735885091353,1
3,8,512,8,48,common_factor,4096,0.3349679300969395,0.6650320699030605,1.0799599857967874,1
3,8,512,8,48,haar,4096,0.10582470459080484,0.8941752954091952,1.0703004208967215,1
3,8,512,8,48,common_factor,8192,0.25348804247443724,0.7465119575255628,1.104313324072946,1
3,8,512,8,48,haar,8192,0.08271395508182555,0.9172860449181744,1.0445083145043177,1
3,8,512,8,49,common_factor,64,1.5533328808448648,0.07827099070433634,2.5533328808448648,0
3,8,512,8,49,haar,64,0.6700007816227544,0.3299992183772455,1.3707851718430073,0
3,8,512,8,49,common_factor,128,0.8733734884914441,0.1266265115085558,1.7566025480369212,0
3,8,512,8,49,haar,128,0.6456223807251296,0.46034984274575047,1.6456223807251296,0
3,8,512,8,49,common_factor,256,0.792602609201211,0.20739739079878908,1.7283882838914797,0
3,8,512,8,49,haar,256,0.46036709625582917,0.5396329037441708,1.3022064199957628,1
3,8,512,8,49,common_factor,512,0.6521233112977927,0.34787668870220734,1.3224588926878562,0
3,8,512,8,49,haar,512,0.2995727114254052,0.7004272885745948,1.2437478815629508,1
3,8,512,8,49,common_factor,1024,0.7066284785187926,0.569929682363984,1.7066284785187926,0
3,8,512,8,49,haar,1024,0.24921016617910052,0.7507898338208995,1.0882523776966528,1
3,8,512,8,49,common_factor,2048,0.483153496340579,0.6669497870862306,1.483153496340579,1
3,8,512,8,49,haar,2048,0.15636649799987468,0.8436335020001253,1.0960435543138396,1
3,8,512,8,49,common_factor,4096,0.41315755870522497,0.8022127424757785,1.413157558705225,1
3,8,512,8,49,haar,4096,0.11539621497569996,0.9148248754517754,1.1153962149757,1
3,8,512,8,49,common_factor,8192,0.20264911376479366,0.8593105021746312,1.2026491137647937,1
3,8,512,8,49,haar,8192,0.06831914385039028,0.9316808561496097,1.0645019078805653,1
3,8,512,8,50,common_factor,64,1.8802224151554237,0.06951491996287461,2.8802224151554237,0
3,8,512,8,50,haar,64,0.6719997387378387,0.3280002612621613,1.5741514178783889,0
3,8,512,8,50,common_factor,128,1.7037246764033314,0.45188942021368617,2.7037246764033314,0
3,8,512,8,50,haar,128,0.427111924363752,0.572888075636248,1.412326143240402,1
3,8,512,8,50,common_factor,256,1.0442975290071237,0.54395206877826,2.0442975290071237,0
3,8,512,8,50,haar,256,0.31751164515091135,0.6824883548490887,1.290897851666867,1
3,8,512,8,50,common_factor,512,0.5176971683483638,0.6189221673565124,1.5176971683483638,0
3,8,512,8,50,haar,512,0.2673186054130242,0.7326813945869758,1.2155514696641558,1
3,8,512,8,50,common_factor,1024,0.3306333735282092,0.6693666264717908,1.2494250531954987,1
3,8,512,8,50,haar,1024,0.17244782380248835,0.8275521761975116,1.1308018409151768,1
3,8,512,8,50,common_factor,2048,0.3234060162526924,0.6765939837473076,1.1266995997681035,1
3,8,512,8,50,haar,2048,0.14284064796863905,0.8789390486815083,1.142840647968639,1
3,8,512,8,50,common_factor,4096,0.1924853261647852,0.8075146738352148,1.1510356863318676,1
3,8,512,8,50,haar,4096,0.12074873655657403,0.9195882993988267,1.120748736556574,1
3,8,512,8,50,common_factor,8192,0.18779671901123796,0.9011444069941883,1.187796719011238,1
3,8,512,8,50,haar,8192,0.08169813249395741,0.9470669016040617,1.0816981324939574,1
3,8,512,8,51,common_factor,64,1.4617252754174266,0.15654916227915236,2.4617252754174266,0
3,8,512,8,51,haar,64,1.4156047757120351,0.41955892734067923,2.415604775712035,0
3,8,512,8,51,common_factor,128,0.882045923943416,0.3256727241770071,1.882045923943416,0
3,8,512,8,51,haar,128,0.7375608234371633,0.6132786067050054,1.7375608234371633,0
3,8,512,8,51,common_factor,256,0.6489901999207188,0.5208713444282712,1.6489901999207188,0
3,8,512,8,51,haar,256,0.7119052326562227,0.7782506878631592,1.7119052326562227,0
3,8,512,8,51,common_factor,512,0.7981591159989061,0.5579274628752129,1.798159115998906,0
3,8,512,8,51,haar,512,0.5343230647322394,0.843611882243808,1.5343230647322394,0
3,8,512,8,51,common_factor,1024,0.4003288144324588,0.6396555205308877,1.4003288144324588,1
3,8,512,8,51,haar,1024,0.3398919355812102,0.895605605804239,1.3398919355812102,1
3,8,512,8,51,common_factor,2048,0.38628243556644737,0.75905884582312,1.3862824355664474,1
3,8,512,8,51,haar,2048,0.13541777021883727,0.9440677837574362,1.1354177702188373,1
3,8,512,8,51,common_factor,4096,0.3171335040758094,0.8442366800092227,1.3171335040758094,1
3,8,512,8,51,haar,4096,0.12569711589895527,0.9389923144284719,1.1256971158989553,1
3,8,512,8,51,common_factor,8192,0.19618122267324667,0.8921220875328604,1.1961812226732467,1
3,8,512,8,51,haar,8192,0.07123985134489408,0.9287601486551059,1.0703034687612218,1
3,8,512,8,52,common_factor,64,1.6875414219124214,0.15394875051604615,2.6875414219124214,0
3,8,512,8,52,haar,64,1.4060976232080082,0.3162627047058246,2.4060976232080082,0
3,8,512,8,52,common_factor,128,0.7438859971610348,0.4023301804584501,1.7438859971610348,0
3,8,512,8,52,haar,128,0.9756012404346532,0.5356539248439363,1.9756012404346532,0
3,8,512,8,52,common_factor,256,0.4771198585243235,0.5898973065279215,1.4771198585243235,1
3,8,512,8,52,haar,256,0.5550400327639853,0.7577825378771039,1.5550400327639853,0
3,8,512,8,52,common_factor,512,0.42343598076370814,0.5765640192362919,1.2515979354033826,1
3,8,512,8,52,haar,512,0.5028846039551969,0.8577452309888297,1.5028846039551969,0
3,8,512,8,52,common_factor,1024,0.4086294380283506,0.6689840011423469,1.4086294380283506,1
3,8,512,8,52,haar,1024,0.3191915706138746,0.9264467138275939,1.3191915706138746,1
3,8,512,8,52,common_factor,2048,0.2754790220743689,0.7245209779256311,1.2000700895656282,1
3,8,512,8,52,haar,2048,0.18742523662270916,0.8906312961649328,1.1874252366227092,1
3,8,512,8,52,common_factor,4096,0.19362637416610995,0.8170819539150115,1.19362637416611,1
3,8,512,8,52,haar,4096,0.12762889308407344,0.9216129544947171,1.1276288930840734,1
3,8,512,8,52,common_factor,8192,0.17185301263177144,0.8568399261832605,1.1718530126317714,1
3,8,512,8,52,haar,8192,0.11494296277755911,0.9405161608322168,1.114942962777559,1
3,8,512,8,53,common_factor,64,0.8604767519218137,0.19848083449057144,1.8604767519218137,0
3,8,512,8,53,haar,64,1.2783321464578803,0.4237647939329051,2.2783321464578803,0
3,8,512,8,53,common_factor,128,0.8014038823083689,0.19859611769163107,1.7270753634782703,0
3,8,512,8,53,haar,128,0.7386348277742929,0.46293157339409285,1.738634827774293,0
3,8,512,8,53,common_factor,256,0.8951396754618159,0.3967673118008654,1.895139675461816,0
3,8,512,8,53,haar,256,0.49457823674969426,0.6377936461732385,1.4945782367496943,1
3,8,512,8,53,common_factor,512,0.6714627307683956,0.5124196562108886,1.6714627307683956,0
3,8,512,8,53,haar,512,0.29839215471075076,0.7016078452892492,1.2944933020754075,1
3,8,512,8,53,common_factor,1024,0.5682696975343213,0.6061645295422176,1.5682696975343213,0
3,8,512,8,53,haar,1024,0.2782537815717965,0.7217462184282035,1.1816774457168684,1
3,8,512,8,53,common_factor,2048,0.3033895027587914,0.6966104972412086,1.277045149367892,1
3,8,512,8,53,haar,2048,0.18477087499214073,0.8152291250078593,1.1281086910952933,1
3,8,512,8,53,common_factor,4096,0.2916755004705658,0.8475783305596855,1.2916755004705658,1
3,8,512,8,53,haar,4096,0.1326386710421722,0.8673613289578278,1.0785320858456582,1
3,8,512,8,53,common_factor,8192,0.19049513857645328,0.9174652322530142,1.1904951385764533,1
3,8,512,8,53,haar,8192,0.08425312323109657,0.9298194059487205,1.0842531232310966,1
3,8,512,8,54,common_factor,64,0.8155071164282803,0.2184223980331449,1.8155071164282803,0
3,8,512,8,54,haar,64,1.2670095685006295,0.38993260245013817,2.2670095685006295,0
3,8,512,8,54,common_factor,128,0.7344986484612162,0.26550135153878385,1.4111436543945266,0
3,8,512,8,54,haar,128,0.7327278245113225,0.5255388870201201,1.7327278245113225,0
3,8,512,8,54,common_factor,256,0.623866979994353,0.37613302000564697,1.313876968373585,0
3,8,512,8,54,haar,256,0.34607526249900333,0.7560689828780482,1.3460752624990033,1
3,8,512,8,54,common_factor,512,0.5562705355081624,0.4437294644918376,1.088717405715236,0
3,8,512,8,54,haar,512,0.22173083498289614,0.7893335225278824,1.2217308349828961,1
3,8,512,8,54,common_factor,1024,0.47611881095788355,0.5238811890421164,1.102772925619026,1
3,8,512,8,54,haar,1024,0.23884782353207545,0.851793140398833,1.2388478235320755,1
3,8,512,8,54,common_factor,2048,0.33084238591069526,0.6691576140893047,1.1982341824579408,1
3,8,512,8,54,haar,2048,0.11561045433085293,0.8874382021435487,1.115610454330853,1
3,8,512,8,54,common_factor,4096,0.21848976050790148,0.7815102394920985,1.144808456492805,1
3,8,512,8,54,haar,4096,0.09415564301490065,0.9248100548341623,1.0941556430149006,1
3,8,512,8,54,common_factor,8192,0.16204472055134,0.83795527944866,1.1551282688718956,1
3,8,512,8,54,haar,8192,0.08328636496033748,0.9167136350396625,1.0642381567288166,1
3,8,512,8,55,common_factor,64,1.7610185392966908,0.13608473384624328,2.761018539296691,0
3,8,512,8,55,haar,64,0.9940875767457069,0.3505127452409639,1.994087576745707,0
3,8,512,8,55,common_factor,128,0.758420068373856,0.24157993162614394,1.7186687551590938,0
3,8,512,8,55,haar,128,0.5127976635945173,0.4957852209623507,1.5127976635945173,0
3,8,512,8,55,common_factor,256,1.4075567165342036,0.5892654004395403,2.4075567165342036,0
3,8,512,8,55,haar,256,0.5162918583785665,0.7357398059988104,1.5162918583785665,0
3,8,512,8,55,common_factor,512,0.8663005648511812,0.6297298328349481,1.8663005648511812,0
3,8,512,8,55,haar,512,0.5129135197460815,0.7154457208752097,1.5129135197460815,0
3,8,512,8,55,common_factor,1024,0.5977932379564561,0.7212067022188595,1.5977932379564561,0
3,8,512,8,55,haar,1024,0.20280564551563862,0.79897355088384,1.2028056455156386,1
3,8,512,8,55,common_factor,2048,0.40095233725595847,0.8607282773419277,1.4009523372559585,1
3,8,512,8,55,haar,2048,0.17027544137959438,0.880489380750177,1.1702754413795944,1
3,8,512,8,55,common_factor,4096,0.2655015085547441,0.8702805046981535,1.265501508554744,1
3,8,512,8,55,haar,4096,0.1275053641283861,0.9092031899443551,1.127505364128386,1
3,8,512,8,55,common_factor,8192,0.17783509329273173,0.9015683719259119,1.1778350932927317,1
3,8,512,8,55,haar,8192,0.07451238865887544,0.9440967635099792,1.0745123886588754,1
3,8,512,8,56,common_factor,64,0.9045925285757312,0.09540747142426877,1.5008067382300851,0
3,8,512,8,56,haar,64,1.0693898591523436,0.517331563793576,2.0693898591523436,0
3,8,512,8,56,common_factor,128,1.3649937599184625,0.16397143087238344,2.3649937599184625,0
3,8,512,8,56,haar,128,0.6079224972987698,0.5651786240935531,1.6079224972987698,0
3,8,512,8,56,common_factor,256,0.8616193256462163,0.2945552056412085,1.8616193256462163,0
3,8,512,8,56,haar,256,0.5150088390706742,0.7565375799731869,1.5150088390706742,0
3,8,512,8,56,common_factor,512,0.643736726910926,0.356263273089074,1.2260976084579431,0
3,8,512,8,56,haar,512,0.42897168823293197,0.8067886665916914,1.428971688232932,1
3,8,512,8,56,common_factor,1024,0.3759701432785022,0.6240298567214978,1.2360797153363543,1
3,8,512,8,56,haar,1024,0.30700785463693236,0.821755396245617,1.3070078546369324,1
3,8,512,8,56,common_factor,2048,0.37359260057269705,0.7010752553911529,1.373592600572697,1
3,8,512,8,56,haar,2048,0.1964328044816981,0.8900186801046523,1.196432804481698,1
3,8,512,8,56,common_factor,4096,0.19770178573757946,0.8022982142624205,1.169450764328153,1
3,8,512,8,56,haar,4096,0.12673887493718317,0.9172242810199505,1.1267388749371832,1
3,8,512,8,56,common_factor,8192,0.20073355950061567,0.7992664404993843,1.1122648491913951,1
3,8,512,8,56,haar,8192,0.08838165758392535,0.9348312318902047,1.0883816575839254,1
3,8,512,8,57,common_factor,64,1.5904639267781646,0.17051109402719872,2.5904639267781646,0
3,8,512,8,57,haar,64,1.2910477995036795,0.33258743514296946,2.2910477995036795,0
3,8,512,8,57,common_factor,128,0.8535712664799616,0.1464287335200384,1.4801907499483975,0
3,8,512,8,57,haar,128,0.6729244096191414,0.5783764775867507,1.6729244096191414,0
3,8,512,8,57,common_factor,256,0.7428552191423257,0.2571447808576743,1.6194292572051925,0
3,8,512,8,57,haar,256,0.3341717056529945,0.6658282943470055,1.3150380388110687,1
3,8,512,8,57,common_factor,512,0.5279907910921962,0.47200920890780385,1.30153329433919,0
3,8,512,8,57,haar,512,0.2916246546347071,0.7083753453652929,1.2340376465805127,1
3,8,512,8,57,common_factor,1024,0.4102264091281911,0.6655893105764245,1.410226409128191,1
3,8,512,8,57,haar,1024,0.18136518525417533,0.8434952857547406,1.1813651852541753,1
3,8,512,8,57,common_factor,2048,0.4285550625273413,0.7980504884798845,1.4285550625273413,1
3,8,512,8,57,haar,2048,0.16282079935663085,0.946291246925727,1.1628207993566309,1
3,8,512,8,57,common_factor,4096,0.31394554804032637,0.8519341789833426,1.3139455480403264,1
3,8,512,8,57,haar,4096,0.1057025424440905,0.9324248200979229,1.1057025424440905,1
3,8,512,8,57,common_factor,8192,0.20832516693258007,0.9023158296303192,1.20832516693258,1
3,8,512,8,57,haar,8192,0.07812845997786066,0.9565414741394044,1.0781284599778607,1
3,8,512,8,58,common_factor,64,1.310513195641421,0.10412188309879267,2.310513195641421,0
3,8,512,8,58,haar,64,0.6719281633884311,0.32807183661156886,1.6189562527308032,0
3,8,512,8,58,common_factor,128,0.7145623790344507,0.28543762096554925,1.3406368593339342,0
3,8,512,8,58,haar,128,0.618651693113687,0.38134830688631305,1.405997316201979,0
3,8,512,8,58,common_factor,256,0.6769312918640699,0.32306870813593014,1.079572495053899,0
3,8,512,8,58,haar,256,0.4846855982377213,0.5153144017622787,1.3548485349940451,1
3,8,512,8,58,common_factor,512,1.241013390207974,0.5835141558406556,2.241013390207974,0
3,8,512,8,58,haar,512,0.32293420602814016,0.7274255837700904,1.3229342060281402,1
3,8,512,8,58,common_factor,1024,0.880577546050717,0.7490989491885758,1.880577546050717,0
3,8,512,8,58,haar,1024,0.23688444984043955,0.7631155501595605,1.2025806996511872,1
3,8,512,8,58,common_factor,2048,0.5958255468678146,0.8595171695545721,1.5958255468678146,0
3,8,512,8,58,haar,2048,0.15986820353736553,0.8450220425918945,1.1598682035373655,1
3,8,512,8,58,common_factor,4096,0.4362945460116261,0.8840156644806721,1.436294546011626,1
3,8,512,8,58,haar,4096,0.09817981123900732,0.9304844703071247,1.0981798112390073,1
3,8,512,8,58,common_factor,8192,0.24770903949742595,0.9143867449297888,1.247709039497426,1
3,8,512,8,58,haar,8192,0.07971781312204917,0.9202821868779508,1.0614392828991583,1
3,8,512,8,59,common_factor,64,0.8442910649070536,0.1557089350929463,1.78218277181477,0
3,8,512,8,59,haar,64,0.5489731327894214,0.45102686721057866,1.5393589240485146,0
3,8,512,8,59,common_factor,128,0.7544216759105372,0.24557832408946279,1.3639250375343692,0
3,8,512,8,59,haar,128,0.628604937014158,0.6357566739417791,1.628604937014158,0
3,8,512,8,59,common_factor,256,0.7520137472174964,0.4448143805589339,1.7520137472174964,0
3,8,512,8,59,haar,256,0.41161752929288786,0.7041085333186706,1.4116175292928879,1
3,8,512,8,59,common_factor,512,0.9919590622889858,0.48249073352204197,1.9919590622889858,0
3,8,512,8,59,haar,512,0.5414830855750836,0.7514813371286676,1.5414830855750836,0
3,8,512,8,59,common_factor,1024,0.5366092235203985,0.7113372587927468,1.5366092235203985,0
3,8,512,8,59,haar,1024,0.23091118517470088,0.7690888148252991,1.2082139497456186,1
3,8,512,8,59,common_factor,2048,0.2900125248855778,0.7690470552573214,1.2900125248855778,1
3,8,512,8,59,haar,2048,0.1835050503248299,0.8580127928193982,1.1835050503248299,1
3,8,512,8,59,common_factor,4096,0.18583554224847232,0.8251080657453519,1.1858355422484723,1
3,8,512,8,59,haar,4096,0.11870896729170966,0.8812910327082903,1.0913331782055893,1
3,8,512,8,59,common_factor,8192,0.17777072474733446,0.8222292752526655,1.142238046391877,1
3,8,512,8,59,haar,8192,0.0747186987358337,0.9252813012641663,1.0669156764596148,1
3,8,512,8,60,common_factor,64,2.0104549256271342,0.20364684777751776,3.0104549256271342,0
3,8,512,8,60,haar,64,0.7327620358496909,0.35587544468118226,1.732762035849691,0
3,8,512,8,60,common_factor,128,1.4635897575591352,0.27927225321592836,2.4635897575591352,0
3,8,512,8,60,haar,128,0.41823578940813033,0.5817642105918697,1.3352102535702635,1
3,8,512,8,60,common_factor,256,0.802721965794811,0.3731800159191654,1.802721965794811,0
3,8,512,8,60,haar,256,0.31709076969801153,0.6829092303019885,1.3009870358579696,1
3,8,512,8,60,common_factor,512,0.538697078302002,0.46130292169799797,1.3080334128252171,0
3,8,512,8,60,haar,512,0.3798527509180194,0.7259214393429936,1.3798527509180194,1
3,8,512,8,60,common_factor,1024,0.4277623176237412,0.5722376823762588,1.3064350978864232,1
3,8,512,8,60,haar,1024,0.296308552243268,0.78434756755002,1.296308552243268,1
3,8,512,8,60,common_factor,2048,0.3168295831022676,0.6867084243289197,1.3168295831022676,1
3,8,512,8,60,haar,2048,0.1875951413478849,0.8649600497927188,1.187595141347885,1
3,8,512,8,60,common_factor,4096,0.2929218377901617,0.860587115357664,1.2929218377901617,1
3,8,512,8,60,haar,4096,0.11859607340150968,0.8948174790834375,1.1185960734015097,1
3,8,512,8,60,common_factor,8192,0.20306689363202635,0.8795530771674054,1.2030668936320263,1
3,8,512,8,60,haar,8192,0.0881150406599065,0.9118849593400935,1.0603952217568666,1
3,8,512,8,61,common_factor,64,0.8826567519031335,0.11734324809686647,1.0643569555308978,0
3,8,512,8,61,haar,64,2.367621751159466,0.33595100952685025,3.367621751159466,0
3,8,512,8,61,common_factor,128,0.8245936749976868,0.1754063250023132,1.0893119293881115,0
3,8,512,8,61,haar,128,1.2723944927958328,0.5534762911892812,2.272394492795833,0
3,8,512,8,61,common_factor,256,0.7009733538386176,0.29902664616138236,1.040567971850475,0
3,8,512,8,61,haar,256,0.47335675322901194,0.5699846132142823,1.473356753229012,1
3,8,512,8,61,common_factor,512,0.6574229591093512,0.3425770408906487,1.223624894004918,0
3,8,512,8,61,haar,512,0.30226634381805595,0.697733656181944,1.2928156669305915,1
3,8,512,8,61,common_factor,1024,0.45471632659955674,0.5452836734004433,1.3518616283568228,1
3,8,512,8,61,haar,1024,0.28450357948752303,0.7911660019674641,1.284503579487523,1
3,8,512,8,61,common_factor,2048,0.33291613245321516,0.6670838675467848,1.1686195768562908,1
3,8,512,8,61,haar,2048,0.2307484399102806,0.8870372299909759,1.2307484399102806,1
3,8,512,8,61,common_factor,4096,0.2105304302581199,0.794017557024315,1.21053043025812,1
3,8,512,8,61,haar,4096,0.11091450944774972,0.9116903873860921,1.1109145094477497,1
3,8,512,8,61,common_factor,8192,0.20348193607254927,0.8603243071935829,1.2034819360725493,1
3,8,512,8,61,haar,8192,0.07205507509847342,0.9370058437084972,1.0720550750984734,1
3,8,512,8,62,common_factor,64,0.8898976040752655,0.11010239592473449,1.8747487979695947,0
3,8,512,8,62,haar,64,0.6440860751468166,0.3559139248531834,1.5698510919937383,0
3,8,512,8,62,common_factor,128,0.777386287101574,0.22261371289842605,1.41535001155633,0
3,8,512,8,62,haar,128,0.5599004383348456,0.44009956166515435,1.218616636359952,0
3,8,512,8,62,common_factor,256,0.9155578116523992,0.3633577435042395,1.9155578116523992,0
3,8,512,8,62,haar,256,0.4276599306780997,0.6898979397883209,1.4276599306780997,1
3,8,512,8,62,common_factor,512,0.9926511491621735,0.5146470870309044,1.9926511491621735,0
3,8,512,8,62,haar,512,0.4841100960212923,0.8310824923452441,1.4841100960212923,1
3,8,512,8,62,common_factor,1024,0.7054189066980108,0.6753789108991596,1.7054189066980108,0
3,8,512,8,62,haar,1024,0.27778932745840357,0.8661422113568975,1.2777893274584036,1
3,8,512,8,62,common_factor,2048,0.32778460324003544,0.6722153967599646,1.303872902347882,1
3,8,512,8,62,haar,2048,0.1678993875160255,0.906168408901615,1.1678993875160255,1
3,8,512,8,62,common_factor,4096,0.26103616938289587,0.7389638306171041,1.1425918694939696,1
3,8,512,8,62,haar,4096,0.10215284995639595,0.9357222837258821,1.102152849956396,1
3,8,512,8,62,common_factor,8192,0.14850761394069933,0.8514923860593007,1.0713975646620273,1
3,8,512,8,62,haar,8192,0.07584730476642187,0.946006653600901,1.0758473047664219,1
3,8,512,8,63,common_factor,64,1.1000840882988894,0.31623530269606925,2.1000840882988894,0
3,8,512,8,63,haar,64,1.1815400883154519,0.5384429520932386,2.181540088315452,0
3,8,512,8,63,common_factor,128,0.6536747406093268,0.34632525939067316,1.4742740025308587,0
3,8,512,8,63,haar,128,0.6443131976591205,0.5864088552159479,1.6443131976591205,0
3,8,512,8,63,common_factor,256,0.7139513879476103,0.5132041704976884,1.7139513879476103,0
3,8,512,8,63,haar,256,0.3904521108782557,0.6962658614792008,1.3904521108782557,1
3,8,512,8,63,common_factor,512,0.5677441253305096,0.5695015578495677,1.5677441253305096,0
3,8,512,8,63,haar,512,0.19705083184678307,0.8029491681532169,1.1804737619261878,1
3,8,512,8,63,common_factor,1024,0.5823065349184802,0.5684324417326635,1.5823065349184802,0
3,8,512,8,63,haar,1024,0.3019071958536348,0.9176266628401247,1.3019071958536348,1
3,8,512,8,63,common_factor,2048,0.40840998865293177,0.7446316843747629,1.4084099886529318,1
3,8,512,8,63,haar,2048,0.16816567155441753,0.8919486857719754,1.1681656715544175,1
3,8,512,8,63,common_factor,4096,0.39699404982354247,0.8446815295534701,1.3969940498235425,1
3,8,512,8,63,haar,4096,0.1105982506175347,0.8894017493824653,1.07873460591296,1
3,8,512,8,63,common_factor,8192,0.2607189671477266,0.8511353335316899,1.2607189671477266,1
3,8,512,8,63,haar,8192,0.0754627001672451,0.9245372998327549,1.073537148881497,1
