r,m,ambient_dimension,support_dimension,d,trial,lambda_min,lambda_max,rankr_ratio,projector_ratio,qr_rank_margin
8,25,128,50,0,0,0.1858998412384012,1.777444459388857,1.2919541528588776,0.887192248096973,0.21772543076241654
8,25,128,50,2,0,0.022599523385732376,1.5368555583091148,2.0117303043665644,1.6069683996046606,0.07559119648071311
8,25,128,50,3,0,0.004961854048752935,3.2425589532559282,2.4222103942539017,2.017448489491997,0.03889862621518076
8,25,128,50,4,0,0.012829600862184595,1.9175095390829493,1.424723429944801,1.0199615251828966,0.019784941615670106
8,25,128,50,0,1,0.24223911211924581,2.0872552950261967,1.2902468646070615,0.8854849598451571,0.190911776320727
8,25,128,50,2,1,0.09839279225356135,5.228082178117408,1.4610795251914923,1.0563176204295885,0.07166490420359056
8,25,128,50,3,1,0.18314765772974337,1.8265017874656675,1.2361805197285516,0.8314186149666476,0.03716203086634911
8,25,128,50,4,1,0.007673047591285086,1.3638158122062178,1.7082416110134115,1.3034797062515073,0.016658679968184403
8,25,128,50,0,2,0.23777679775831065,2.369840626357875,1.2665419460189478,0.8617800412570435,0.20549550011491785
8,25,128,50,2,2,0.1400381230076925,3.3326190170890095,1.3102731164505013,0.905511211688597,0.08091441593330563
8,25,128,50,3,2,0.034770385140606055,4.0486515732753094,1.7844433111760742,1.3796814064141705,0.028881939064557792
8,25,128,50,4,2,0.027688778285625097,7.484245706970803,1.848382346285943,1.4436204415240388,0.010181871401521445
8,25,128,50,0,3,0.32966045568160185,2.6791222071681706,1.2359736095832963,0.8312117048213921,0.2176842679205178
8,25,128,50,2,3,0.12108447842357085,3.777521020605045,1.5202913259151967,1.1155294211532922,0.08510918592932797
8,25,128,50,3,3,0.09647603787223122,2.4979080512157283,1.3087717676275852,0.9040098628656814,0.12776013339596026
8,25,128,50,4,3,0.032865998010060044,4.562811780513651,1.5908683990220864,1.1861064942601818,0.009147365510284201
8,25,128,50,0,4,0.3510926239222348,2.00339644773735,1.2536445155310894,0.8488826107691851,0.2470942346650313
8,25,128,50,2,4,0.1139981588963509,2.361642366466958,1.2870673089283575,0.8823054041664538,0.11523534285898725
8,25,128,50,3,4,0.2510475415136668,2.5020356077824877,1.2604743060174564,0.8557124012555519,0.04417350587043121
8,25,128,50,4,4,0.015945324446073713,0.49482273959566964,1.7516211170996776,1.3468592123377734,0.00025538105077352476
8,25,128,50,0,5,0.1828134537335242,2.3208442788771793,1.2532844456758874,0.8485225409139829,0.17449747918716715
8,25,128,50,2,5,0.06585721091490872,6.2366828885515915,1.5086083286949892,1.103846423933085,0.0766565827192475
8,25,128,50,3,5,0.030135859525332064,4.51445862615242,1.6125163132421845,1.2077544084802803,0.020972757076703086
8,25,128,50,4,5,0.020158755969245348,4.341284550224858,1.57296405970741,1.1682021549455053,0.0010819582398125189
8,25,128,50,0,6,0.30612772362232904,2.0658863081032703,1.2881202879632223,0.8833583832013181,0.25006745184650303
8,25,128,50,2,6,0.0825705150059048,6.63494909477223,1.4106597116128432,1.005897806850939,0.07955673751548392
8,25,128,50,3,6,0.010861561322166553,6.093783368963342,1.9532664148696943,1.54850451010779,0.03924607381655657
8,25,128,50,4,6,0.017266217606571196,7.650938455177837,1.398574686999158,0.9938127822372538,0.032665019262464484
8,25,128,50,0,7,0.33826919670303024,1.878597754625201,1.207324352399693,0.8025624476377891,0.22233648053719723
8,25,128,50,2,7,0.21376395081744753,2.6495802056883,1.2866905133985438,0.88192860863664,0.15623677315645815
8,25,128,50,3,7,0.017195360053871567,25.562686788303765,1.5926911586205752,1.1879292538586705,0.02263649825366316
8,25,128,50,4,7,0.015252873737317466,1.12893566940833,1.2373014701361091,0.8325395653742049,0.03796842965178702
8,25,128,50,0,8,0.27767814578683037,2.303656973651847,1.2170519249353842,0.8122900201734797,0.20183471382315746
8,25,128,50,2,8,0.09904963803150468,4.39110947388197,1.3195624192914392,0.914800514529535,0.05117456057402085
8,25,128,50,3,8,0.023106929874799564,1.9188609588075876,1.643332519393654,1.23857061463175,0.04969979090272733
8,25,128,50,4,8,0.040315725292618364,1.1465917793800044,1.4000857606141235,0.9953238558522193,0.010336164803950472
8,25,128,50,0,9,0.3557147790843722,2.131066120254263,1.243318354846719,0.8385564500848144,0.20996709559522797
8,25,128,50,2,9,0.1947925171249309,3.0082854037546,1.3155302795672141,0.9107683748053095,0.07179510756877365
8,25,128,50,3,9,0.027728837233475384,1.7927833947929712,1.6812202195687456,1.2764583148068418,0.03385185060631895
8,25,128,50,4,9,0.018573225898031905,1.9614556874556688,1.3619422446282246,0.9571803398663201,0.029566590797032173
8,25,128,50,0,10,0.34362068501257964,2.5242187619486542,1.201729728257921,0.7969678234960167,0.16563855696364918
8,25,128,50,2,10,0.2352163135994974,3.756879640938519,1.3077499479900883,0.9029880432281843,0.1575744500140739
8,25,128,50,3,10,0.05248990211745268,2.75003753900015,1.4514702734067388,1.0467083686448344,0.024307424203711795
8,25,128,50,4,10,0.021229996222575123,18.294554575999257,1.7370984154461704,1.3323365106842662,0.00653467726615596
8,25,128,50,0,11,0.1838270194629078,2.323978630975158,1.381162927969131,0.9764010232072273,0.23776872365673002
8,25,128,50,2,11,0.17883082795761973,2.0317145575816298,1.2640483620726564,0.8592864573107519,0.09323606196648146
8,25,128,50,3,11,0.010344786515829665,1.9772948909046155,2.0795185930245497,1.6747566882626455,0.028129047820333937
8,25,128,50,4,11,0.015226646077871596,2.918380669515635,1.9371696714707924,1.5324077667088885,0.0018152913701268106
8,25,128,50,0,12,0.27531779619675906,2.273421349671272,1.251625588687003,0.8468636839250987,0.2796219774597044
8,25,128,50,2,12,0.14611178595989985,2.377538668008145,1.2944616811061103,0.889699776344206,0.1275537097368687
8,25,128,50,3,12,0.04128350823065992,5.579735478538662,1.735472461708977,1.3307105569470723,0.021259245161931162
8,25,128,50,4,12,0.010094060152190736,8.669388205530499,1.5084225410217358,1.103660636259832,0.0034823643735759995
8,25,128,50,0,13,0.27455742230871016,1.687919034357838,1.2996973762265804,0.8949354714646764,0.18792948505590806
8,25,128,50,2,13,0.23132831221057448,5.278690007996791,1.1930142091268479,0.7882523043649439,0.0578929007287266
8,25,128,50,3,13,0.013893151879258043,12.437577434437678,1.8555393935719962,1.4507774888100924,0.01789233322517674
8,25,128,50,4,13,0.026295015326641358,2.963507758540655,1.3948564425934453,0.9900945378315411,0.00453785798851373
8,25,128,50,0,14,0.2808606730373323,2.094901554425666,1.2497438518574064,0.8449819470955022,0.26989035302911873
8,25,128,50,2,14,0.056469707468667474,1.9086119562343007,1.561150694379942,1.1563887896180383,0.10825444355789908
8,25,128,50,3,14,0.0474213962706516,5.209618332464798,1.673513806598514,1.2687519018366098,0.10667947306834448
8,25,128,50,4,14,0.020366516911351232,3.8091485295087226,1.3227749766556154,0.9180130718937116,0.017244062006188006
8,25,128,50,0,15,0.23542097396189743,2.0691881230616302,1.248331616260089,0.8435697114981844,0.22922958826214632
8,25,128,50,2,15,0.13785173932510747,2.5327310298213037,1.3137308999943205,0.9089689952324163,0.08804562694104587
8,25,128,50,3,15,0.04286382081612991,3.418136417331838,1.4544540299689608,1.0496921252070566,0.04544659070791288
8,25,128,50,4,15,0.018314129632505442,1.1806899584026627,1.3133854204489792,0.9086235156870748,0.0027477566385391097
8,25,128,50,0,16,0.3102579085062008,2.5889753973087326,1.2025204670741658,0.7977585623122616,0.2581440201883472
8,25,128,50,2,16,0.1725532657043142,2.6205430009761606,1.4946215134350715,1.0898596086731676,0.08392985748945521
8,25,128,50,3,16,0.03143529049851657,1.4845262052216095,2.2670988242390453,1.8623369194771415,0.01740146354252291
8,25,128,50,4,16,0.0336310330483701,33.682730251824694,1.269157031999274,0.86439512723737,0.004839071293861756
8,25,128,50,0,17,0.3328626863608991,1.7818798277116943,1.179030243534022,0.7742683387721181,0.21459879429559214
8,25,128,50,2,17,0.09942079517015374,2.082119261681796,1.5139200019593793,1.1091580971974748,0.09771780194124162
8,25,128,50,3,17,0.09806679254052639,5.031584398765045,1.3423215288282786,0.9375596240663748,0.02926802102653447
8,25,128,50,4,17,0.003572309717876754,0.40020680220615223,1.6748670523261158,1.2701051475642116,0.003934021835925778
8,25,128,50,0,18,0.3861333063060025,2.2336650065534696,1.2086836806555543,0.8039217758936497,0.16368749892738343
8,25,128,50,2,18,0.04528509767931329,4.539976489551018,1.7217121033607115,1.316950198598807,0.13235390302083563
8,25,128,50,3,18,0.10244069070696801,5.882313031570531,1.3201056206981854,0.9153437159362809,0.0933313499563356
8,25,128,50,4,18,0.009930598533741888,33.03776213767187,1.5705131218021906,1.1657512170402864,0.0013077294754113645
8,25,128,50,0,19,0.21387800685497457,2.2615716792730907,1.314060540618429,0.9092986358565245,0.18162763172506616
8,25,128,50,2,19,0.10588704788578227,4.507835889917803,1.374830565236748,0.9700686604748441,0.07639051592271688
8,25,128,50,3,19,0.03931330582389592,0.6993572496644611,1.6814559504431625,1.2766940456812579,0.1185242065892053
8,25,128,50,4,19,0.05324054511297274,6.532854560776393,1.2513936040225655,0.8466316992606613,0.008745657228377522
8,25,128,50,0,20,0.3170034494515061,2.1897205622497697,1.274668799420474,0.8699068946585697,0.22810670679948292
8,25,128,50,2,20,0.07344524324588954,5.562733423444759,1.4646956779423532,1.0599337731804486,0.060599712399209325
8,25,128,50,3,20,0.04511248824558411,2.0949885470254515,1.5653364205570295,1.1605745157951253,0.021099226591211842
8,25,128,50,4,20,0.015017024326861814,4.800138025879176,1.871404586674731,1.4666426819128269,0.009075513356172307
8,25,128,50,0,21,0.2780307798339762,1.9145712023540824,1.2882737601816865,0.8835118554197825,0.22723046531492647
8,25,128,50,2,21,0.12081688177751475,4.544796673436786,1.235664554258391,0.8309026494964868,0.05520450548686425
8,25,128,50,3,21,0.014642033270287505,2.04685490673275,1.94127653464886,1.5365146298869563,0.02487880772458445
8,25,128,50,4,21,0.005053606292155654,14.030556177906982,1.5623386067450693,1.1575767019831646,0.002457444192805728
8,25,128,50,0,22,0.38214882204954603,1.838932205582108,1.219859569300454,0.8150976645385501,0.26892749923904885
8,25,128,50,2,22,0.0773621190615124,3.738633795583588,1.5172011564826708,1.112439251720767,0.08973023154081625
8,25,128,50,3,22,0.11468953736286688,3.2062554039985405,1.31740871509468,0.9126468103327756,0.04892208664447963
8,25,128,50,4,22,0.11112977960486613,2.7387345373884773,1.218077958570579,0.8133160538086752,0.018753068460399494
8,25,128,50,0,23,0.22785280401920338,1.7109181118532406,1.3390390447339695,0.9342771399720657,0.22716434868580615
8,25,128,50,2,23,0.03937586528479636,1.2866717623153225,1.4961920636031403,1.091430158841236,0.15023802432419978
8,25,128,50,3,23,0.017911674478878866,1.2821504194610225,1.5815966621295727,1.1768347573676685,0.024254565542949413
8,25,128,50,4,23,0.009621279680837258,3.1342208217715215,1.8809145366027118,1.476152631840808,0.0009680819836921901
8,25,128,50,0,24,0.15519954268100342,1.854861324602469,1.3346948708721034,0.9299329661101989,0.22290042276768712
8,25,128,50,2,24,0.04845053276218773,0.999186799231714,1.7445212825230492,1.339759377761145,0.22906681120260466
8,25,128,50,3,24,0.036829822753677396,3.7789518433999016,1.396773919966206,0.9920120152043017,0.031165259668757345
8,25,128,50,4,24,0.01148320280132592,1.5568108245244534,1.5858185480950984,1.1810566433331937,0.007277712500005131
8,25,128,50,0,25,0.31130520747663404,1.6774688497698707,1.3112204149758528,0.9064585102139491,0.2180361468183414
8,25,128,50,2,25,0.08547928000131087,2.1564515438765515,1.3733721030311217,0.968610198269217,0.09676558682034224
8,25,128,50,3,25,0.020640433202940442,2.899854678343732,1.9053491030866494,1.5005871983247454,0.029206653535363423
8,25,128,50,4,25,0.0035165571512386176,12.758718783756976,1.843589088991201,1.4388271842292966,0.0018488883278669674
8,25,128,50,0,26,0.29457348095502395,2.392172406830217,1.2101952034180554,0.8054332986561512,0.221742886906328
8,25,128,50,2,26,0.13246525040447768,1.7262708730414154,1.3507935942995082,0.9460316895376044,0.12858973960891582
8,25,128,50,3,26,0.12623397675403408,3.11242121555117,1.4573723089898654,1.052610404227961,0.04489922430231867
8,25,128,50,4,26,0.013056449289143703,20.033907022156313,1.7736791463886092,1.368917241626705,0.011648937754092401
8,25,128,50,0,27,0.2670148083818736,2.0393864990204236,1.2587436996448766,0.8539817948829729,0.18953090550250987
8,25,128,50,2,27,0.13305429993708368,3.0444113273068814,1.3913703135244295,0.9866084087625255,0.12005790422053889
8,25,128,50,3,27,0.08949181846594674,3.8637665166731896,1.2660799982297504,0.8613180934678466,0.023487326170093577
8,25,128,50,4,27,0.015663728305802167,0.9333714697960764,1.3325921938050376,0.9278302890431336,0.008100623940881683
8,25,128,50,0,28,0.2085577851217211,2.39797400482262,1.3025159007466351,0.8977539959847309,0.2311529908955175
8,25,128,50,2,28,0.07677549959398322,3.355368478202793,1.525738936709383,1.1209770319474783,0.08789107768454137
8,25,128,50,3,28,0.09054120635707971,19.721945401781433,1.499169205266332,1.094407300504428,0.028063969491288348
8,25,128,50,4,28,0.04781402937692703,5.373811235266928,1.5765943103013598,1.1718324055394556,0.006835487748961644
8,25,128,50,0,29,0.22929219615326313,2.0707290534746425,1.2816363476536652,0.8768744428917614,0.2804119478158227
8,25,128,50,2,29,0.0740366225515348,3.2878899808588433,1.542444084508518,1.137682179746614,0.11310869224445241
8,25,128,50,3,29,0.050402257777540656,2.7450276855337066,1.6143417245478306,1.209579819785926,0.040866248022020234
8,25,128,50,4,29,0.051858399415517974,22.217325036436378,1.468536536830596,1.063774632068692,0.009105974484262577
8,25,128,50,0,30,0.21504076216122683,1.5982324313601741,1.3113146108228058,0.9065527060609018,0.1790610534132253
8,25,128,50,2,30,0.07755388316028546,2.2505031776740507,1.5350218769805744,1.1302599722186697,0.11949430818595268
8,25,128,50,3,30,0.07673084376308079,2.201935334312624,1.4454594017069873,1.040697496945083,0.039675554527274545
8,25,128,50,4,30,0.007874090938683184,2.641952467815063,1.9400066217565328,1.5352447169946286,0.01985590831129398
8,25,128,50,0,31,0.363000984665183,1.6860033934413432,1.2360102617278872,0.8312483569659834,0.20198343512502517
8,25,128,50,2,31,0.086734124695173,1.8785414963048543,1.5948249979620615,1.1900630932001572,0.1593281677274776
8,25,128,50,3,31,0.035054279454908376,1.962645910986879,1.6721190441461178,1.2673571393842131,0.06147576899301578
8,25,128,50,4,31,0.03782539870715864,1.1224222040623328,1.5730100215143759,1.1682481167524719,0.02915617178835218
8,25,128,50,0,32,0.2309612798176153,2.254688291078874,1.257096365769827,0.8523344610079224,0.20024304267960402
8,25,128,50,2,32,0.07739366993940609,3.450978514692664,1.503842599262412,1.0990806945005076,0.14340920422942383
8,25,128,50,3,32,0.025520669737743553,2.4779168421776165,1.4439165525143998,1.039154647752496,0.015130630850707295
8,25,128,50,4,32,0.008727770389374029,2.673933971717852,1.9730090742728417,1.5682471695109372,0.012607304883688586
8,25,128,50,0,33,0.1765960426713176,1.9421155108770698,1.3676351467933974,0.9628732420314936,0.2151776272422064
8,25,128,50,2,33,0.0852864561462516,1.5178024587676582,1.3360501580184967,0.931288253256592,0.10188020531880014
8,25,128,50,3,33,0.1466313539127233,8.022617291447922,1.1856701040138236,0.7809081992519191,0.026981807207699125
8,25,128,50,4,33,0.06862319250137604,6.1839384488732225,1.174911715278266,0.7701498105163616,0.031623990074422625
8,25,128,50,0,34,0.353580162901539,1.6728148963063953,1.2583187016467807,0.8535567968848765,0.2057618284922481
8,25,128,50,2,34,0.16478623693214017,1.7439253572357851,1.440123288696154,1.0353613839342497,0.10913324132383796
8,25,128,50,3,34,0.03711357768740197,2.2670190007884825,1.4216084085574425,1.0168465037955388,0.012711985492042326
8,25,128,50,4,34,0.005614913545117723,3.1343684986420426,1.5541843815969871,1.149422476835083,0.012209942217990441
8,25,128,50,0,35,0.27986030619280644,2.1737803558415782,1.209112284837989,0.8043503800760847,0.2411334806966778
8,25,128,50,2,35,0.21647243002447963,2.02066031839614,1.2595096414149,0.8547477366529961,0.12654589405423214
8,25,128,50,3,35,0.08147855179302851,1.5345993530768456,1.6589547858770743,1.25419288111517,0.08405117746512517
8,25,128,50,4,35,0.04560923489356951,12.108999569426292,1.518743433899148,1.1139815291372432,0.0049865246987692135
8,25,128,50,0,36,0.3045157964939729,1.7678850697408799,1.2926852460604314,0.887923341298527,0.2766625875624925
8,25,128,50,2,36,0.07170313297104433,2.7171685544420052,1.487121579503605,1.082359674741701,0.10910820958811457
8,25,128,50,3,36,0.05006333142612937,2.9323305248819036,1.3722559050457592,0.967494000283855,0.018105951627808398
8,25,128,50,4,36,0.005194214948845495,1.0914919321210463,2.3095790931198765,1.9048171883579723,0.015168663697565733
8,25,128,50,0,37,0.22101076821615112,1.8343891236689729,1.2562067936278436,0.8514448888659389,0.2054784319621337
8,25,128,50,2,37,0.1468046827104097,4.316224964811991,1.3860888467433732,0.981326941981469,0.06366184903345767
8,25,128,50,3,37,0.008103106291511224,0.23981023875970642,2.2449989985907353,1.840237093828831,0.05062825740320358
8,25,128,50,4,37,0.016507121910114393,48.92101055522005,1.4482317139362493,1.0434698091743453,0.003621926292575238
8,25,128,50,0,38,0.24634264147891566,1.8148766679248043,1.2764713494846724,0.871709444722768,0.2683806780925859
8,25,128,50,2,38,0.11059114870085603,3.7360579274340298,1.4292320050780951,1.024470100316191,0.2117709408289488
8,25,128,50,3,38,0.011538353986319026,1.7888334423486416,1.9639035388590789,1.5591416340971742,0.06899002663944272
8,25,128,50,4,38,0.04124302792363083,4.724831672064242,1.284654304525799,0.8798923997638948,0.005690269742408698
8,25,128,50,0,39,0.2756454169337462,1.8676189290328247,1.278132685690932,0.8733707809290276,0.22924136761026886
8,25,128,50,2,39,0.12365825043795863,2.3559886523554985,1.3619612597906805,0.9571993550287763,0.07440456183324314
8,25,128,50,3,39,0.056787650739764266,1.4556997232807936,1.5051136666560252,1.100351761894121,0.0696798698214253
8,25,128,50,4,39,0.012400043653324927,3.5161261314436114,1.2588696014038963,0.854107696641992,0.014063267328926874
8,25,128,50,0,40,0.25518094276805026,2.100607948967966,1.227426641577294,0.8226647368153897,0.19977601989013458
8,25,128,50,2,40,0.09542298386048313,1.9256130771812696,1.4592055198875973,1.0544436151256926,0.08261114401150321
8,25,128,50,3,40,0.028813772970885814,8.561439811532871,1.5487767213007482,1.144014816538844,0.047379973107713705
8,25,128,50,4,40,0.010689763725778187,2.010968817541459,2.2602918145370987,1.8555299097751945,0.0027667255741167856
8,25,128,50,0,41,0.28405792152670944,2.275925030145056,1.1988978723181098,0.7941359675562056,0.27307992046426155
8,25,128,50,2,41,0.1294856118865327,2.9817926542442943,1.4072883027274905,1.0025263979655863,0.10261756292810996
8,25,128,50,3,41,0.09242723162522433,2.4812783393044904,1.49018573440235,1.0854238296404457,0.0722557156190113
8,25,128,50,4,41,0.009732989930064828,6.3654459223662645,1.3655128194140065,0.9607509146521025,0.002146469744463044
8,25,128,50,0,42,0.2570989465905814,2.064515477694219,1.291259211742081,0.8864973069801767,0.23732082806052782
8,25,128,50,2,42,0.10689185525134914,2.9357070379788985,1.341889110212747,0.9371272054508424,0.151883930906077
8,25,128,50,3,42,0.14577241230246332,7.424552899562592,1.2913580137780007,0.8865961090160965,0.04561335684457881
8,25,128,50,4,42,0.01734010187280753,2.0471089292041826,2.1047021824876873,1.6999402777257826,0.04754963785458066
8,25,128,50,0,43,0.2962327683088855,2.636124949696901,1.2115917715686342,0.80682986680673,0.22306871051028737
8,25,128,50,2,43,0.05865497339357261,1.3552080802382012,1.6397918928459132,1.2350299880840092,0.11842537212351512
8,25,128,50,3,43,0.052732302073387013,1.9951222347027868,1.6189913120093509,1.2142294072474469,0.0206337288821711
8,25,128,50,4,43,0.013225065396158737,0.7186018376229086,1.5168121562636796,1.1120502515017758,0.023098501747864125
8,25,128,50,0,44,0.2800479620617182,2.9613433897471406,1.2581475830882751,0.8533856783263714,0.2335940314062056
8,25,128,50,2,44,0.09398117282301331,2.5925966302828694,1.5601414301861505,1.1553795254242463,0.1230385038890706
8,25,128,50,3,44,0.13401886904585153,7.523705929866313,1.1803298332967247,0.7755679285348203,0.05537130081897657
8,25,128,50,4,44,0.015174692103800472,5.249838011836611,1.8038728900307324,1.3991109852688277,0.020433896742663046
8,25,128,50,0,45,0.17954969161144518,1.9719478256938965,1.2481760041639955,0.8434140994020911,0.18787646483003345
8,25,128,50,2,45,0.13052586432008262,5.982634544591361,1.347792304595342,0.9430303998334377,0.17891902889913328
8,25,128,50,3,45,0.03924641780237864,4.049389667503428,1.6337544630829446,1.22899255832104,0.03909233669485645
8,25,128,50,4,45,0.0035688304363124326,8.222705633828639,1.8858821447605787,1.481120239998675,0.0015002321932584763
8,25,128,50,0,46,0.23957318316050238,2.422069111589101,1.275608801152398,0.8708468963904936,0.16830693946992992
8,25,128,50,2,46,0.11278727611821757,5.138183429996911,1.3965435191137376,0.9917816143518339,0.06466718731902524
8,25,128,50,3,46,0.07279551066924837,4.296000094257748,1.502346495011319,1.097584590249415,0.06455274911963105
8,25,128,50,4,46,0.010508036179327402,2.249249924244641,1.68468028389431,1.2799183791324058,0.0030387038567999186
8,25,128,50,0,47,0.2843086373670301,1.8895555530801071,1.2857183898074727,0.8809564850455684,0.2491693221732217
8,25,128,50,2,47,0.05731576080862584,1.0975403521633325,1.8257261058404164,1.4209642010785117,0.17543862570700372
8,25,128,50,3,47,0.04077434018205175,1.5733399029284334,1.704915279263308,1.300153374501404,0.10711069202256358
8,25,128,50,4,47,0.006263124146303086,6.226900475572346,1.9982650162705506,1.5935031115086469,0.002141475513985954
8,25,128,50,0,48,0.0939230011552104,2.114446827985636,1.4541983022496907,1.0494363974877867,0.2194868916586992
8,25,128,50,2,48,0.054844529052583794,3.8530865051639984,1.45853932394951,1.0537774191876057,0.05922035445337192
8,25,128,50,3,48,0.034383462667512896,13.233956330232118,1.685343471288745,1.2805815665268403,0.004258318869060832
8,25,128,50,4,48,0.02064036589454367,1.3181826947139132,2.0343583924810504,1.6295964877191462,0.008519802359024487
8,25,128,50,0,49,0.25509341081504333,2.3609587223439297,1.23523487708239,0.8304729723204858,0.18010167109015782
8,25,128,50,2,49,0.12337783131320675,1.5970565883042072,1.4137339452671942,1.0089720405052898,0.14664717219461967
8,25,128,50,3,49,0.024764344247065664,1.212137391412447,1.856681032242598,1.4519191274806937,0.08443693010323564
8,25,128,50,4,49,0.006441198345833965,1.6870346216237448,1.6111865002050687,1.2064245954431643,0.010192091882796782
8,25,128,50,0,50,0.3295381167729414,2.0789829930326906,1.2399635195847052,0.8352016148228012,0.22163691352743467
8,25,128,50,2,50,0.20435747403199042,3.7072353090716614,1.2714937271346463,0.866731822372742,0.06676616134223609
8,25,128,50,3,50,0.05329990498814538,3.2929311805236625,1.1828609102738203,0.7780990055119164,0.07460632917792195
8,25,128,50,4,50,0.0059497704573562675,12.634586030486183,2.091172179622043,1.6864102748601386,0.003911060401881441
8,25,128,50,0,51,0.41397882962651295,2.294833755742897,1.2331915087754541,0.8284296040135501,0.21317894707990848
8,25,128,50,2,51,0.23039647829947255,3.661824179244178,1.2294106899936046,0.8246487852316999,0.06743427840716158
8,25,128,50,3,51,0.05270612954268116,5.95507457678295,1.4836114897053396,1.0788495849434359,0.0704208397234018
8,25,128,50,4,51,0.05424893316486894,3.260642169860284,1.5660323774156684,1.1612704726537642,0.02023402278987932
8,25,128,50,0,52,0.1734159435167085,1.962884663881616,1.3011590480309463,0.8963971432690423,0.28433151152324365
8,25,128,50,2,52,0.05599661715771437,2.354910418514213,1.5805054164254195,1.1757435116635158,0.18700169936778557
8,25,128,50,3,52,0.03528312863878748,2.7612109104859788,1.6103065046996763,1.205544599937772,0.07312303122654334
8,25,128,50,4,52,0.009561920270038821,4.249553752723496,1.8783289270190195,1.4735670222571153,0.004052767785240695
8,25,128,50,0,53,0.3741787604694342,1.9217483464676426,1.1940611349619146,0.7892992302000108,0.18857620927666371
8,25,128,50,2,53,0.18587226323165856,1.9923421466934164,1.264589386745096,0.8598274819831913,0.11141061252972874
8,25,128,50,3,53,0.0936827841274498,2.641987087468053,1.3581581148543171,0.9533962100924134,0.039160318644248106
8,25,128,50,4,53,0.0201921230929278,2.272745498758396,1.4494156675647343,1.04465376280283,0.006312819052977361
8,25,128,50,0,54,0.24579462426071785,1.9678513355502372,1.2515762423918901,0.8468143376299855,0.20359784932819147
8,25,128,50,2,54,0.09535934899365384,1.1922816058307768,1.5526670783156433,1.147905173553739,0.13487711400585278
8,25,128,50,3,54,0.06601904518949708,2.845659554411713,1.4418590321569476,1.0370971273950431,0.06778512671879555
8,25,128,50,4,54,0.03691322724483854,8.92651082676631,1.4904791314413366,1.0857172266794324,0.009799207720856613
8,25,128,50,0,55,0.34949648904369635,2.3160907057254785,1.2573858286557182,0.8526239238938143,0.25073124504755584
8,25,128,50,2,55,0.08865726969613151,2.4666257792492408,1.4113150249788364,1.0065531202169327,0.2116975235192853
8,25,128,50,3,55,0.00575996337149228,4.433375613303071,2.149488101809756,1.7447261970478518,0.018897504041953346
8,25,128,50,4,55,0.013562206559882616,3.5255256097806424,1.3246790909497919,0.9199171861878872,0.007261828024907181
8,25,128,50,0,56,0.2424635991817233,2.6717732223887958,1.220840156851751,0.8160782520898469,0.19523654206053315
8,25,128,50,2,56,0.15580358641028738,2.285035487268231,1.3440207539381712,0.9392588491762668,0.12667196436184255
8,25,128,50,3,56,0.0318108451818904,5.576893380215668,1.5532798711372946,1.1485179663753904,0.014142828312320827
8,25,128,50,4,56,0.00652611372481826,6.02023690240431,1.910780474150636,1.5060185693887318,0.007903470416103106
8,25,128,50,0,57,0.2555895720151148,2.4733418207037436,1.2605303669385748,0.8557684621766706,0.17564992636355667
8,25,128,50,2,57,0.08421555942836824,2.0751671419179374,1.4335002721102938,1.0287383673483896,0.15714369785711893
8,25,128,50,3,57,0.032325326536370484,1.4786555160727546,1.632350991126971,1.2275890863650671,0.05522984545534707
8,25,128,50,4,57,0.018711092052766828,3.515457077084575,1.392224451784092,0.9874625470221874,0.012725765543388654
8,25,128,50,0,58,0.33675959889159407,2.1521743060593104,1.2230669436913781,0.8183050389294744,0.20305474809379243
8,25,128,50,2,58,0.08741591275128607,1.4450990085768556,1.7921488055533787,1.3873869007914745,0.1846603006350433
8,25,128,50,3,58,0.101973263098417,6.022855861382713,1.424605514168257,1.0198436094063528,0.030506385227868752
8,25,128,50,4,58,0.011391111226708652,0.9499311442286748,1.5793774863307206,1.1746155815688164,0.00948959945651583
8,25,128,50,0,59,0.257640902270309,2.181872505110654,1.3239398346622058,0.919177929900302,0.20650010535632005
8,25,128,50,2,59,0.16557984885324617,2.8331915540492782,1.2905687489206632,0.8858068441587594,0.10378845485356224
8,25,128,50,3,59,0.015761335818603017,2.260677717525472,1.8378844794790727,1.433122574717168,0.04795718562353925
8,25,128,50,4,59,0.005849002056016634,5.267595525034787,1.5600237603680578,1.1552618556061534,0.008503803575829033
8,25,128,50,0,60,0.344416337561814,2.3720207029747473,1.2268502818535014,0.822088377091597,0.2372932334849784
8,25,128,50,2,60,0.04985254521390198,2.078652735145016,2.0437689968481765,1.6390070920862723,0.13000697525801833
8,25,128,50,3,60,0.03793213141898062,6.646475473952648,1.5530179488039582,1.1482560440420535,0.009212764942189634
8,25,128,50,4,60,0.00544011274278997,1.461346471096495,2.133397900623538,1.7286359958616337,0.012628092355514795
8,25,128,50,0,61,0.06552291554403128,1.940384682752948,1.5769846324087453,1.172222727646841,0.26354680807278813
8,25,128,50,2,61,0.0322222945004488,3.6657235488753557,1.439246164101108,1.0344842593392034,0.055009920053083715
8,25,128,50,3,61,0.011188548934617185,1.1293829734421548,1.8549828332263474,1.450220928464443,0.03856947414483943
8,25,128,50,4,61,0.0018511262120087608,5.507160444161837,2.131817026459638,1.7270551216977337,0.0025393034227627473
8,25,128,50,0,62,0.31104259018023406,3.0297575199880047,1.2586258320849852,0.853863927323081,0.21049166350627152
8,25,128,50,2,62,0.08325689756570136,2.332536777025995,1.3797289868123273,0.9749670820504228,0.0995138383064184
8,25,128,50,3,62,0.08175138188678661,3.930420667159568,1.576499421375062,1.1717375166131578,0.04484272726406565
8,25,128,50,4,62,0.013821535041809671,2.8552738410824485,1.7217561952992078,1.3169942905373038,0.018972659155521904
8,25,128,50,0,63,0.24647164919454342,2.295555574555787,1.2564337806678678,0.8516718759059634,0.16433913115265292
8,25,128,50,2,63,0.06216389115103914,2.600631001802695,1.5087673228323404,1.104005418070436,0.1014712272802536
8,25,128,50,3,63,0.0529663822846376,6.103389851215204,1.2672236103281995,0.8624617055662949,0.02107977224672922
8,25,128,50,4,63,0.008621215452360456,1.450176560676332,1.6020061937142422,1.197244288952338,0.02284319539324154
8,25,128,50,0,64,0.15373047019985386,1.540513558578751,1.4003204661567346,0.9955585613948301,0.26862662684472904
8,25,128,50,2,64,0.12037423768805793,3.1184820964253013,1.232169078040742,0.8274071732788375,0.059583350167662814
8,25,128,50,3,64,0.08610292415507892,2.787976787722208,1.2401517283288634,0.8353898235669597,0.032201873963411634
8,25,128,50,4,64,0.01108728608852158,2.5267604994950794,2.004541783553311,1.5997798787914066,0.013480494393672498
8,25,128,50,0,65,0.18172766316092048,2.2597324086979587,1.2996166232231117,0.8948547184612075,0.2123517424052802
8,25,128,50,2,65,0.09465296284409859,1.7549527043332511,1.555210580403775,1.1504486756418713,0.1394646474060718
8,25,128,50,3,65,0.030739047263786724,7.212163667360981,1.7364113258441334,1.3316494210822292,0.041429746581685356
8,25,128,50,4,65,0.011892673827503144,5.548759653395178,1.9247382506142716,1.519976345852367,0.009419112772871413
8,25,128,50,0,66,0.28490403450266544,2.116436533823991,1.2688878034829665,0.8641258987210625,0.1969542478085075
8,25,128,50,2,66,0.2540785316096259,3.9687520243715046,1.2518764797805597,0.8471145750186553,0.08007010458772436
8,25,128,50,3,66,0.033466800523242204,6.02478662646296,1.4978336550641842,1.09307175030228,0.00924256338994034
8,25,128,50,4,66,0.004746822323763157,1.1544471140934205,2.368298151481868,1.963536246719964,0.006605712787294057
8,25,128,50,0,67,0.35708455863886374,2.0560337515760434,1.246722531451863,0.8419606266899589,0.1976046376297805
8,25,128,50,2,67,0.045119189392165214,1.6662345431380499,1.6970422381956043,1.2922803334337,0.10998982777771658
8,25,128,50,3,67,0.04331313243074145,3.2498607584978227,1.788212202681469,1.3834502979195644,0.03608059932501334
8,25,128,50,4,67,0.024827593070550442,3.5403288116995357,1.4772701322649713,1.072508227503067,0.015290620098254867
8,25,128,50,0,68,0.32769962302799804,2.620681799472178,1.1950018740148332,0.7902399692529292,0.19491140593180828
8,25,128,50,2,68,0.12441269412059623,2.682823771543047,1.508766865412583,1.1040049606506788,0.14292688211763013
8,25,128,50,3,68,0.031721452690668915,0.9114470627485163,1.995522890971825,1.5907609862099203,0.10572748938309315
8,25,128,50,4,68,0.0038262792066762834,0.7491832522434263,1.6338038786232976,1.229041973861393,0.010067674929768181
8,25,128,50,0,69,0.2895320273367465,1.7368983593656333,1.2725150101712375,0.8677531054093333,0.23541874070387853
8,25,128,50,2,69,0.07806793216595939,3.2357525021707314,1.3986323751093075,0.9938704703474031,0.05667548317217236
8,25,128,50,3,69,0.040530958998703334,2.871967060572556,1.6685573719454045,1.2637954671835008,0.05701631771183112
8,25,128,50,4,69,0.006806139060760198,1.766978671930823,1.7440550436430502,1.3392931388811462,0.005329107930618484
8,25,128,50,0,70,0.3019245509273481,1.9402528875206064,1.2597025609237527,0.8549406561618484,0.1923673119243557
8,25,128,50,2,70,0.06326957412875438,1.9810820036321792,1.4536305551674342,1.04886865040553,0.07705187041582157
8,25,128,50,3,70,0.06793417640027015,2.8964859549718454,1.3501350644171757,0.9453731596552712,0.01943351813515105
8,25,128,50,4,70,0.01573081275102525,3.694229397874313,2.0888893213707376,1.6841274166088338,0.017024958817698475
8,25,128,50,0,71,0.24335449462265665,2.2360008916136587,1.2616614660117011,0.8568995612497972,0.23985783291217727
8,25,128,50,2,71,0.15358501812479358,3.8419372785804935,1.2580556965160616,0.8532937917541572,0.1026782269103475
8,25,128,50,3,71,0.014997660597865906,2.1786461003919473,1.9983908291313774,1.5936289243694732,0.027739401920836453
8,25,128,50,4,71,0.05084073380699346,1.8601404995841428,1.3348506112555452,0.930088706493641,0.03185154859249562
8,25,128,50,0,72,0.26096568154451294,2.099114838179402,1.2262689860103702,0.8215070812484662,0.15727959642198158
8,25,128,50,2,72,0.07144275556500103,2.375489042748934,1.5216556232437153,1.116893718481811,0.09363325818606359
8,25,128,50,3,72,0.014384696866018674,0.7181791673664268,2.373190658645739,1.9684287538838348,0.03800206423825437
8,25,128,50,4,72,0.009953329284792128,7.4838097062344,2.062578689078455,1.6578167843165508,0.009191090621615727
8,25,128,50,0,73,0.19591276478807373,1.6923265069384883,1.2879130804980838,0.8831511757361801,0.2530675756810509
8,25,128,50,2,73,0.08182063779385214,2.325660287365279,1.3471673016024814,0.9424053968405772,0.15633147525129393
8,25,128,50,3,73,0.04805635701662757,1.4671519756347757,1.525626599886532,1.1208646951246273,0.0895519691792468
8,25,128,50,4,73,0.011147624273528969,0.5390013274813771,1.6149934669495536,1.2102315621876496,0.04729716858620219
8,25,128,50,0,74,0.3329071977250743,2.036372984900965,1.32852119949773,0.9237592947358255,0.23247896629618417
8,25,128,50,2,74,0.07787490067999439,2.2337552308526893,1.4822392063670877,1.0774773016051835,0.13531331857825488
8,25,128,50,3,74,0.01884076675855373,2.231913593889748,2.0194864371874504,1.6147245324255461,0.10014792821779674
8,25,128,50,4,74,0.0370019596837632,1.3720707022475553,1.5529725751522934,1.1482106703903892,0.035445396286260644
8,25,128,50,0,75,0.25102711273545636,2.215965956852407,1.277560324419429,0.8727984196575251,0.21210172141742503
8,25,128,50,2,75,0.1549313385845289,2.526285535764287,1.2386901509516817,0.8339282461897772,0.13789689177039252
8,25,128,50,3,75,0.02686519883438981,2.059311467677806,1.5234493096055561,1.1186874048436524,0.02215842647392511
8,25,128,50,4,75,0.018067018641096205,3.899509844488729,1.3472699364095797,0.9425080316476757,0.009995086396646482
8,25,128,50,0,76,0.27621483693800125,2.6384985989033902,1.262546320237861,0.8577844154759573,0.29467211021756134
8,25,128,50,2,76,0.12376571605424883,2.520594791598189,1.3218085440201877,0.9170466392582837,0.1375897698838488
8,25,128,50,3,76,0.06205922708249072,2.357844968209506,1.4799856717693138,1.0752237670074098,0.05259084540480546
8,25,128,50,4,76,0.010081738257805206,1.6832691856474775,1.805865787398824,1.40110388263692,0.010178345755949723
8,25,128,50,0,77,0.24105353899412582,2.01475980101676,1.285037371785557,0.8802754670236528,0.2705000324018026
8,25,128,50,2,77,0.1839578295687383,4.465324522896865,1.2394272520069767,0.8346653472450729,0.11677769058592272
8,25,128,50,3,77,0.04238363732067018,1.047147139228128,1.4882927247585531,1.083530819996649,0.06982884273203394
8,25,128,50,4,77,0.013884112469840677,4.169894300305572,1.449552883896824,1.0447909791349197,0.004724360717185287
8,25,128,50,0,78,0.4561142307928139,2.0342289334398984,1.1845266382698798,0.7797647335079754,0.2669543635847115
8,25,128,50,2,78,0.36938289898814614,2.700861891969957,1.2965461334445025,0.8917842286825985,0.10482487815181983
8,25,128,50,3,78,0.03688879080184866,8.585621200255186,1.4340660910922574,1.0293041863303527,0.03431545620296966
8,25,128,50,4,78,0.0060041791716360475,0.38920397004978113,2.3598626229095956,1.9551007181476914,0.011959200241894195
8,25,128,50,0,79,0.22785319056878128,1.6881619603375604,1.260951572287402,0.8561896675254976,0.21467132114893314
8,25,128,50,2,79,0.07625733529384716,4.106780341276726,1.4676880237532623,1.0629261189913581,0.17630147996535533
8,25,128,50,3,79,0.04205114531725427,4.630719788176782,1.6110766815186137,1.2063147767567095,0.0774824932235619
8,25,128,50,4,79,0.03444150936829712,3.445034592060634,1.2425071051803356,0.8377452004184311,0.006864643416301588
8,25,128,50,0,80,0.3142151354750321,1.7609654265439358,1.2135937296863242,0.80883182492442,0.20645912211158643
8,25,128,50,2,80,0.12856374792394024,4.3139538874586405,1.3761825737918625,0.9714206690299587,0.07157428032872866
8,25,128,50,3,80,0.04138592285022329,2.727309191115868,1.586242973200292,1.181481068438388,0.030142639403719355
8,25,128,50,4,80,0.03658660996226623,2.921815389749074,1.7753577722473304,1.3705958674854264,0.01217577973550139
8,25,128,50,0,81,0.19132994248015342,1.8814638979263845,1.3707764433902119,0.9660145386283077,0.28707884547677415
8,25,128,50,2,81,0.028561432970013744,1.0992772550186702,1.8059811571233375,1.4012192523614333,0.12012641762097237
8,25,128,50,3,81,0.10084472601198427,3.219366743993561,1.385500039263273,0.9807381345013688,0.022751737518928353
8,25,128,50,4,81,0.023106763353432327,1.1544719932027854,1.7501725924744198,1.3454106877125156,0.005452711378353454
8,25,128,50,0,82,0.2763025196429734,2.42739864171081,1.229423800554734,0.82466189579283,0.2731479909857224
8,25,128,50,2,82,0.08296827642578528,2.208025225220022,1.6058588520786552,1.201096947316751,0.11955323333810522
8,25,128,50,3,82,0.026935597279900223,2.6646053931206084,1.4603108568218661,1.0555489520599615,0.06023199267006514
8,25,128,50,4,82,0.04238755628256577,1.990386497148584,1.5481049036533359,1.1433429988914314,0.027507711764757813
8,25,128,50,0,83,0.2217029431340511,1.5646678654002548,1.2676798743553925,0.8629179695934885,0.19496611643855774
8,25,128,50,2,83,0.12237561619555062,5.574731217666032,1.2484087385258147,0.8436468337639109,0.059687319299605524
8,25,128,50,3,83,0.03937722488108219,1.1284849170275466,1.6012733637473546,1.1965114589854506,0.05532252957768635
8,25,128,50,4,83,0.00563493222850727,1.1463388051509553,1.4684578690697476,1.0636959643078434,0.04402844403894862
8,25,128,50,0,84,0.2354864938122473,2.3750584651677276,1.2330556056684971,0.8282937009065927,0.19593154369446805
8,25,128,50,2,84,0.044178561962712616,4.038167545986504,1.5727582712162604,1.1679963664543562,0.09921465927817094
8,25,128,50,3,84,0.06282402911284762,3.215753354436702,1.2922809449555448,0.8875190401936406,0.046369635322672485
8,25,128,50,4,84,0.050335873350710665,7.997996629735757,1.5278786551862626,1.1231167504243587,0.004796445352914561
8,25,128,50,0,85,0.22760027684793419,1.8728353394610135,1.3099625075683299,0.9052006028064259,0.1641924300125029
8,25,128,50,2,85,0.08660833248159025,3.5884102387206918,1.3789411521560713,0.9741792473941668,0.073959080892811
8,25,128,50,3,85,0.013561197895745745,4.26317349763643,1.6167954449148807,1.2120335401529765,0.031684071273718
8,25,128,50,4,85,0.01440855165111958,2.4408502838962556,1.5531604330070632,1.148398528245159,0.015140159725914547
8,25,128,50,0,86,0.3439658361342242,1.842381059788982,1.1973308364720583,0.7925689317101545,0.29584065750214283
8,25,128,50,2,86,0.11176629184781123,2.7069067259280417,1.326516056673356,0.9217541519114523,0.1665176713068687
8,25,128,50,3,86,0.07769428643537028,7.8047946166424405,1.3776309329482082,0.9728690281863042,0.01915756623938286
8,25,128,50,4,86,0.012282976008704335,2.3572740948331345,1.749532913875119,1.3447710091132148,0.02338592903686949
8,25,128,50,0,87,0.24723210639365784,2.2471692626650523,1.2760012446325482,0.8712393398706437,0.18323224728773888
8,25,128,50,2,87,0.11128023959885822,2.846432756079642,1.3862946325418535,0.9815327277799497,0.11232029913867357
8,25,128,50,3,87,0.035962944377016796,26.280550237477833,1.4594153601977509,1.0546534554358464,0.010984134318283423
8,25,128,50,4,87,0.020633571619536637,1.3195181144132833,1.8224188623236084,1.4176569575617037,0.013216926656814778
8,25,128,50,0,88,0.3163390073261991,1.3252593743935492,1.307643495447415,0.902881590685511,0.2475619596981825
8,25,128,50,2,88,0.10706044014378766,1.9084671859306424,1.3109599626633122,0.906198057901408,0.074141309061577
8,25,128,50,3,88,0.01907983406220893,1.218997530813703,1.6894238411889217,1.2846619364270175,0.04425136216645333
8,25,128,50,4,88,0.02936411312501442,3.58688516652946,1.4344365631350704,1.0296746583731657,0.006056104257701173
8,25,128,50,0,89,0.2614286026158002,2.4362966839159212,1.2380484215824452,0.8332865168205412,0.2545787782970846
8,25,128,50,2,89,0.050172002948414084,5.598799988384441,1.6083109315576782,1.2035490267957742,0.09960704359400169
8,25,128,50,3,89,0.014036534497484307,2.2689454931512834,1.9504750733903067,1.545713168628403,0.07213553187060784
8,25,128,50,4,89,0.01854377407172596,2.2133452432687286,2.0566397214977865,1.6518778167358823,0.009280575174862398
8,25,128,50,0,90,0.16321622715409131,2.3221814555904006,1.3286787992960156,0.9239168945341119,0.18899115056797275
8,25,128,50,2,90,0.05822247217329959,1.6758830740137,1.6278215499047435,1.2230596451428388,0.18852819069702775
8,25,128,50,3,90,0.030228979668836604,4.21186658702386,1.6567249812338944,1.2519630764719905,0.04301640564128934
8,25,128,50,4,90,0.0059877200837375934,9.808507330696887,1.7413827446909231,1.3366208399290187,0.005521858611085924
8,25,128,50,0,91,0.26897071972418,2.3173060334206466,1.280547038708122,0.8757851339462182,0.18145841748027386
8,25,128,50,2,91,0.06670447390687073,4.189712214757923,1.4162556527279548,1.0114937479660506,0.04509754484262378
8,25,128,50,3,91,0.08016870643691343,6.965497025070995,1.256590898113899,0.8518289933519947,0.02755846104932449
8,25,128,50,4,91,0.020017776506575012,6.194164473272821,1.4285880407712974,1.0238261360093928,0.004220478585701823
8,25,128,50,0,92,0.3581385510659178,2.6547221690803817,1.2435260595026543,0.8387641547407503,0.23386478602686048
8,25,128,50,2,92,0.10325059221447377,2.1754872358869006,1.382586204077861,0.9778242993159569,0.0767814288965395
8,25,128,50,3,92,0.039961338137468654,1.6925640982520327,1.8703910773204808,1.465629172558577,0.0798870472033853
8,25,128,50,4,92,0.01968482000542062,2.0251580595692316,1.8131077847673427,1.408345880005439,0.031878386103171875
8,25,128,50,0,93,0.22365661691776695,1.8646289995402308,1.2383621009465628,0.8336001961846584,0.23138011125658564
8,25,128,50,2,93,0.09959944857497995,1.9085056892698242,1.3798237521716612,0.9750618474097568,0.061714473818522964
8,25,128,50,3,93,0.03831918989705352,7.638036604591408,1.8913176867207935,1.4865557819588897,0.028463125998026088
8,25,128,50,4,93,0.03387767885003042,1.4687435010363916,1.6853659820756945,1.2806040773137903,0.018882408669363072
8,25,128,50,0,94,0.3021864408870628,2.236897409444743,1.2456814165631647,0.8409195118012605,0.18593456533793767
8,25,128,50,2,94,0.17395978328829836,2.9937250109466897,1.2605149092071464,0.8557530044452424,0.06901500545312016
8,25,128,50,3,94,0.04716552149567436,4.045859573709541,1.3231693112230571,0.9184074064611529,0.03242184112355197
8,25,128,50,4,94,0.06147901902745159,1.3840267477707375,1.317533829666763,0.9127719249048587,0.024245870895894972
8,25,128,50,0,95,0.2966264213549887,1.6336537752211349,1.2838257160386528,0.8790638112767484,0.2521383237724497
8,25,128,50,2,95,0.19087678289190732,3.163255041368819,1.3367361519811836,0.9319742472192791,0.1342063431302904
8,25,128,50,3,95,0.033989338531712404,1.9197604675664492,1.6433666430922886,1.238604738330384,0.03759308923332893
8,25,128,50,4,95,0.012286472226940251,5.8379715595531305,1.7374996339606494,1.3327377291987448,0.008501079995288176
8,25,128,50,0,96,0.3767704726447424,2.1505764961124845,1.2189321269543179,0.8141702221924136,0.30302306588415107
8,25,128,50,2,96,0.11814092510338785,4.1347495670780345,1.375163721839169,0.9704018170772644,0.08844481341795082
8,25,128,50,3,96,0.026301127313821056,4.582783479376031,1.4219645400715248,1.017202635309621,0.08845703895865954
8,25,128,50,4,96,0.013162857205070367,2.5267793026598087,1.7169239845270297,1.312162079765125,0.005897934782426483
8,25,128,50,0,97,0.15448752516343,1.9490587769433478,1.2693542364544574,0.8645923316925535,0.28685044133578297
8,25,128,50,2,97,0.03615518128650972,2.541073106423464,1.5209214793895804,1.1161595746276767,0.07224403522556473
8,25,128,50,3,97,0.009582528011728946,1.395081434049478,2.0664568871113875,1.6616949823494833,0.03498445608509654
8,25,128,50,4,97,0.007054938787294514,4.292891106872046,2.129845958722216,1.7250840539603116,0.0147174646196066
8,25,128,50,0,98,0.3875298808223037,1.7355878611495181,1.2407320316956523,0.8359701269337476,0.1935324867977955
8,25,128,50,2,98,0.17338220974922594,1.9672594633790788,1.3290224238047246,0.9242605190428206,0.12414541915073835
8,25,128,50,3,98,0.18127697175475324,3.7783189810519193,1.2916238994408489,0.8868619946789451,0.04508419488012149
8,25,128,50,4,98,0.006892704135194795,1.0137528504721187,1.747727746207095,1.3429658414451913,0.05786428746996688
8,25,128,50,0,99,0.24978863611750504,2.0225194794557417,1.3803087672768592,0.975546862514955,0.28416230487982636
8,25,128,50,2,99,0.12014780693189284,1.7294241376600952,1.4274065896255457,1.022644684863642,0.19071588640734927
8,25,128,50,3,99,0.03523588816954786,3.025048920996598,1.5151636207715873,1.110401716009683,0.061144050294852946
8,25,128,50,4,99,0.03364723436535506,5.6590587941182715,1.40089405017478,0.9961321454128758,0.008720681225056787
8,25,128,50,0,100,0.21806167656998188,1.7714079507964566,1.2971812464594945,0.8924193416975905,0.15072846143066032
8,25,128,50,2,100,0.16275878364646026,1.9658893312974288,1.3209523500572178,0.9161904452953138,0.07696766114174382
8,25,128,50,3,100,0.054928848133317776,4.674476574523538,1.6007917748955642,1.1960298701336605,0.03466325069760552
8,25,128,50,4,100,0.008486242199050652,5.381257382389504,1.4943580206289764,1.0895961158670726,0.0035098345114341965
8,25,128,50,0,101,0.3294515310077689,1.996355272107968,1.227199215588628,0.8224373108267233,0.21970179054344086
8,25,128,50,2,101,0.11251179734442054,4.197181725810896,1.3340492874735008,0.929287382711597,0.11529358824802838
8,25,128,50,3,101,0.02375807848924838,2.3251782882100827,1.6697255922626704,1.2649636875007664,0.04315484441607879
8,25,128,50,4,101,0.011183361047138901,0.4456321513928815,1.7361695366706447,1.331407631908741,0.037237124438374423
8,25,128,50,0,102,0.2902404437103688,2.2039958554819816,1.2753298266278514,0.8705679218659474,0.22461347933113918
8,25,128,50,2,102,0.15397538374811773,2.8234964088321206,1.3961406868990858,0.9913787821371818,0.05338085063921616
8,25,128,50,3,102,0.031211532327050276,5.462420674806163,1.5281886531539377,1.123426748392034,0.057466909875282364
8,25,128,50,4,102,0.03208392814188763,4.293556640828419,1.4609883714732559,1.056226466711352,0.010476940266260585
8,25,128,50,0,103,0.2220393290790476,2.294362242553264,1.2384217433126037,0.8336598385506999,0.28942999067739245
8,25,128,50,2,103,0.08655900186516408,3.287867358286527,1.4387194654412618,1.0339575606793572,0.0876372072736813
8,25,128,50,3,103,0.01035342539495456,3.268997968889851,1.7792869514639342,1.37452504670203,0.021695659436578186
8,25,128,50,4,103,0.0202458405657488,4.563935393002607,1.4446814842987925,1.039919579536888,0.015000389343268155
8,25,128,50,0,104,0.15605168338548334,1.7997752634045423,1.3361431620604407,0.9313812572985363,0.25306642460726075
8,25,128,50,2,104,0.12654767444849893,5.41468071329643,1.2224609105479298,0.8176990057860261,0.09531156792364624
8,25,128,50,3,104,0.012022770704854026,1.5835115840067986,2.1504926869678354,1.7457307822059311,0.058775446746950226
8,25,128,50,4,104,0.03151772822697127,4.922752078875472,1.3388932183267772,0.9341313135648726,0.009969232486484906
8,25,128,50,0,105,0.3333982308094087,1.9784296150326337,1.236642731566775,0.8318808268048707,0.18560643407466668
8,25,128,50,2,105,0.1258567012862578,2.6431612565451714,1.4351173144690104,1.0303554097071066,0.0679493199398321
8,25,128,50,3,105,0.08367156396163578,5.027230395758064,1.3057448621281655,0.9009829573662618,0.03182517783647704
8,25,128,50,4,105,0.051401236124797786,0.9012336418446822,1.8127968769765783,1.4080349722146739,0.0005167406583086233
8,25,128,50,0,106,0.2055368352172485,2.4578963299444134,1.2948779389427485,0.8901160341808438,0.21041050309266954
8,25,128,50,2,106,0.12562680474783813,2.8107395235654975,1.340321710400021,0.9355598056381167,0.12774441376640713
8,25,128,50,3,106,0.049033743843460396,2.4868335513813546,1.7214154339121555,1.3166535291502512,0.057399883598993694
8,25,128,50,4,106,0.10239761041027881,5.353694565466675,1.6401694521941304,1.2354075474322261,0.012427771850644642
8,25,128,50,0,107,0.15354946125715663,2.012054677555107,1.2672072162775994,0.8624453115156951,0.2567456137151407
8,25,128,50,2,107,0.052695039277080934,1.8682223308802035,1.5242885234242682,1.1195266186623636,0.1647386305276189
8,25,128,50,3,107,0.047453849890480966,7.662537978968439,1.415240720158403,1.0104788153964988,0.01777221954097206
8,25,128,50,4,107,0.004747932514991984,7.844922892057549,1.6610574551658672,1.256295550403963,0.009186261892806165
8,25,128,50,0,108,0.46137733159652977,2.1913778145183427,1.1964291230893473,0.7916672183274427,0.16050940076072392
8,25,128,50,2,108,0.14707220231619916,2.079583726946333,1.6593038096335486,1.2545419048716449,0.12062132588768407
8,25,128,50,3,108,0.03754887144781838,0.9759432867844477,1.5692187186908515,1.1644568139289468,0.051195107048267484
8,25,128,50,4,108,0.029710961605051222,0.5298618957031668,1.7872646514455321,1.3825027466836284,0.01713714289967187
8,25,128,50,0,109,0.2544263225341751,2.289004453017952,1.2373948583095968,0.8326329535476926,0.3130383452952599
8,25,128,50,2,109,0.1583572892212274,2.686726130327181,1.4605623390135976,1.055800434251693,0.1819356085358781
8,25,128,50,3,109,0.011351934087185031,2.1329577822294232,1.4660953852145018,1.061333480452598,0.05086860363757095
8,25,128,50,4,109,0.01105006301571345,28.836835689063076,1.6367850054404005,1.2320231006784965,0.007484431051742478
8,25,128,50,0,110,0.33535220385794245,1.9627423800183537,1.2461014735213807,0.8413395687594765,0.24179702923385168
8,25,128,50,2,110,0.17427470755182772,1.2064219350890286,1.387706495078441,0.9829445903165368,0.15719875123114307
8,25,128,50,3,110,0.01730787047814011,0.8889605547976394,2.2148724917539777,1.8101105869920735,0.038186388515843536
8,25,128,50,4,110,0.006564750378979466,6.856628942235535,1.7982355228824918,1.3934736181205878,0.016913201361378975
8,25,128,50,0,111,0.2847630365433374,1.9424467817040036,1.2304224662136942,0.82566056145179,0.2169301042940127
8,25,128,50,2,111,0.0515169857055089,1.2409232665721435,1.9185178309018736,1.513755926139969,0.1329132832282113
8,25,128,50,3,111,0.04000090549122093,1.8638202172570475,1.6258627392937592,1.221100834531855,0.04620079631047606
8,25,128,50,4,111,0.01100470030364355,1.4597066221771315,1.4261139862159973,1.0213520814540926,0.03703150808244614
8,25,128,50,0,112,0.29265301534813326,2.317601102830751,1.1923680680827244,0.7876061633208202,0.17981095623952884
8,25,128,50,2,112,0.1529200826952731,3.002364124745988,1.2388384656221074,0.8340765608602032,0.03354128463473622
8,25,128,50,3,112,0.10625336769120369,7.474723737731001,1.202175402810295,0.7974134980483907,0.04293075555997898
8,25,128,50,4,112,0.0039457557491516465,5.264672318164168,2.544553433699191,2.1397915289372866,0.0024569496806928133
8,25,128,50,0,113,0.3327039060355093,2.43880529737249,1.231441745566404,0.8266798408045002,0.19262836466803834
8,25,128,50,2,113,0.056893456010567375,3.55995970075426,1.831880884411619,1.4271189796497152,0.06833620536300077
8,25,128,50,3,113,0.04925488936301697,4.33894428206345,1.7969391896020963,1.3921772848401917,0.016109603950052148
8,25,128,50,4,113,0.029038245704067586,3.4389531782510474,1.4795789485709125,1.0748170438090083,0.02588341922531672
8,25,128,50,0,114,0.2962647436468804,2.325709560188849,1.239203136373884,0.8344412316119794,0.2791971865407907
8,25,128,50,2,114,0.08936481759674846,3.5611773120778594,1.4148727427468024,1.0101108379848984,0.13742764322801265
8,25,128,50,3,114,0.025272537085464605,14.701789177682153,1.867672971313029,1.4629110665511247,0.03407129936987231
8,25,128,50,4,114,0.006378104927726792,1.7716085178087555,2.1859198871582963,1.7811579823963921,0.044677107459450395
8,25,128,50,0,115,0.25646384601399436,1.8637125781457764,1.21997792270158,0.8152160179396759,0.22444338697027716
8,25,128,50,2,115,0.08018714754124201,1.1266322133670665,1.6344946750053435,1.229732770243439,0.19796776875480732
8,25,128,50,3,115,0.07505125284447765,4.019524164206717,1.3597843843539041,0.9550224795920004,0.035816232564987616
8,25,128,50,4,115,0.029643953557868207,2.7320898748479476,1.5487321612161777,1.1439702564542733,0.03017890221321238
8,25,128,50,0,116,0.2602649260303033,1.480582688839357,1.2678518412193294,0.8630899364574249,0.29812230205806284
8,25,128,50,2,116,0.09943185577298118,1.9236199570014847,1.3944760848222466,0.9897141800603428,0.08804705426316674
8,25,128,50,3,116,0.053535621676325765,4.921925210513174,1.3397778125038915,0.9350159077419873,0.006208251260679531
8,25,128,50,4,116,0.007018063801055644,1.3415334317777394,1.9237707249197147,1.5190088201578105,0.008014369551788372
8,25,128,50,0,117,0.39613201830591044,1.7099373118851198,1.2453474719147786,0.8405855671528748,0.23564677841016177
8,25,128,50,2,117,0.2537216605373148,3.0599762370919574,1.1977369879908777,0.7929750832289733,0.09249621525355235
8,25,128,50,3,117,0.053995265197741886,1.5834378173303567,1.342922998171336,0.9381610934094322,0.038944816677357774
8,25,128,50,4,117,0.02232137421103344,3.6031858277741335,1.4993452171991264,1.094583312437222,0.00682191768073196
8,25,128,50,0,118,0.4090238359359931,1.803784121181451,1.2103478527666354,0.8055859480047314,0.27793102336618875
8,25,128,50,2,118,0.20994617709795696,3.084730323747621,1.2835169230551484,0.8787550182932442,0.09966473961546422
8,25,128,50,3,118,0.13898866387220282,6.100470428073628,1.418929539094517,1.0141676343326127,0.023887864856158413
8,25,128,50,4,118,0.02736396842089931,4.962281927683654,1.6495125235249413,1.244750618763037,0.013865502076578705
8,25,128,50,0,119,0.15314560106961342,1.5156060957102464,1.3283826008534159,0.9236206960915112,0.3445834258815063
8,25,128,50,2,119,0.04016152421952371,2.2574239241754386,1.581575038501434,1.1768131337395298,0.0962173178454399
8,25,128,50,3,119,0.006953229170864374,1.4030786104040993,2.5737793784414102,2.1690174736795056,0.036341357781163756
8,25,128,50,4,119,0.007012279122816166,0.8790267421829775,1.604907400350636,1.2001454955887318,0.015582774863385647
8,25,128,50,0,120,0.14636472884617086,1.9617475733640215,1.3228134035159622,0.9180514987540578,0.21666875176855552
8,25,128,50,2,120,0.046982841688044064,2.2426926543543075,1.6994929712675126,1.2947310665056087,0.14067598471398318
8,25,128,50,3,120,0.01624770766194396,5.117375516765943,1.9296348206112168,1.524872915849313,0.03308165345525868
8,25,128,50,4,120,0.006658804984409651,5.810077588090361,1.7508487618001247,1.3460868570382205,0.005453976457630238
8,25,128,50,0,121,0.24966339758965594,2.0758160121220612,1.286404468574183,0.8816425638122789,0.22740028270535245
8,25,128,50,2,121,0.0645070467724245,2.3767431463271076,1.427808332754108,1.0230464279922042,0.14064214490917687
8,25,128,50,3,121,0.028203075185869755,1.496574578528349,2.019006516750144,1.6142446119882399,0.04370436751228364
8,25,128,50,4,121,0.011226223890167687,2.5074403227046766,1.4120309182920197,1.0072690135301157,0.025269139849611013
8,25,128,50,0,122,0.3184059185462723,2.2489810677077813,1.208556898444889,0.8037949936829847,0.19425948137829988
8,25,128,50,2,122,0.14838621918908695,4.055189751830748,1.2489776692147085,0.8442157644528043,0.09933326853217733
8,25,128,50,3,122,0.04468098196569866,0.7531633880970344,1.5613437616295502,1.1565818568676463,0.07504319153785095
8,25,128,50,4,122,0.005106903254773821,2.554986621273109,2.1441773260854116,1.739415421323507,0.01379211257140235
8,25,128,50,0,123,0.34404457589305865,2.103301220434244,1.2109428900258727,0.8061809852639685,0.2970698315348749
8,25,128,50,2,123,0.16838285862512192,1.8385754631287483,1.518544056392165,1.1137821516302608,0.09902367855306973
8,25,128,50,3,123,0.05948320718115094,2.816619916141433,1.3555882889714714,0.9508263842095674,0.04083479982381337
8,25,128,50,4,123,0.015048443452121172,2.5354351653069163,1.683387381468326,1.2786254767064218,0.02393127937896717
8,25,128,50,0,124,0.2670470111876222,1.9158248999323455,1.2896115502477299,0.8848496454858257,0.2627498475992597
8,25,128,50,2,124,0.0990118936835624,2.409246291775701,1.328467446718479,0.9237055419565747,0.057026933290589686
8,25,128,50,3,124,0.13334827969433116,12.986208917977883,1.3533221375895192,0.9485602328276155,0.02364277372219836
8,25,128,50,4,124,0.011057583464512185,3.5500246851326893,1.78293088738078,1.3781689826188757,0.015159577998428575
8,25,128,50,0,125,0.22151770502197154,2.3097854699700755,1.2894030497145312,0.884641144952627,0.2056457414785384
8,25,128,50,2,125,0.09867033892999769,1.9451629626136768,1.3879853103646242,0.98322340560272,0.09675090187452984
8,25,128,50,3,125,0.014481928239096135,1.7032299110554254,1.8513833788751817,1.446621474113278,0.018557120696263488
8,25,128,50,4,125,0.01787737818811433,6.193118389980501,1.380318578918581,0.9755566741566764,0.02147011914302582
8,25,128,50,0,126,0.23736017538530146,2.2440959204037925,1.2741934997461062,0.869431594984202,0.229832076041702
8,25,128,50,2,126,0.14846190547856092,1.9529116422109098,1.250172340335466,0.8454104355735623,0.18529999544407927
8,25,128,50,3,126,0.03364625191412969,3.8174232501892624,1.6678373137535938,1.2630754089916891,0.035053724925846574
8,25,128,50,4,126,0.015559195249357746,1.5046748598219204,1.6391985027699127,1.234436598008009,0.013109913127973435
8,25,128,50,0,127,0.23843955547408646,2.231344220232687,1.2842722794225614,0.879510374660657,0.23096175084210463
8,25,128,50,2,127,0.06546909720888126,2.3319659469998446,1.722591790496759,1.317829885734855,0.06305404045032671
8,25,128,50,3,127,0.08205345071891615,6.692433134958204,1.3181494358353865,0.9133875310734823,0.006837838579378081
8,25,128,50,4,127,0.0195382914455812,3.4917492908887158,1.475225886410028,1.0704639816481238,0.021049025285603925
16,49,256,98,0,0,0.2289236915904751,2.610840125077549,1.278142353875551,0.8757033294853063,0.1505136922532527
16,49,256,98,2,0,0.07328432969453849,5.715884388000859,1.443686331276324,1.0412473068860795,0.03670071607834363
16,49,256,98,3,0,0.0325021322501781,5.335935110623618,1.708161016845969,1.3057219924557248,0.031460052701171984
16,49,256,98,4,0,0.004067968591507073,2.378500447427611,2.180004106676872,1.7775650822866282,0.0016107049162657893
16,49,256,98,0,1,0.22063530366827902,2.2086252158894686,1.2863830529751275,0.8839440285848834,0.17423625438968268
16,49,256,98,2,1,0.04412711985326519,3.4505511753878673,1.6878990975026262,1.2854600731123824,0.07499626410256441
16,49,256,98,3,1,0.02945388097011967,2.8124281768289556,1.8568386197025706,1.454399595312326,0.052053852451097976
16,49,256,98,4,1,0.003484880795354471,2.851168388114538,1.9637654287955155,1.5613264044052713,0.0035587333049551017
16,49,256,98,0,2,0.2740016182340532,2.120454651007333,1.3003273647994429,0.8978883404091995,0.18911548103703799
16,49,256,98,2,2,0.10616503374037,3.847264740200372,1.32548198885884,0.9230429644685962,0.06113396167976145
16,49,256,98,3,2,0.007855527844483968,7.177761241209115,2.2030748480969167,1.8006358237066724,0.012404479055583813
16,49,256,98,4,2,0.005301601730153722,5.980460927796603,1.8221250034909553,1.419685979100711,0.0007432068003051396
16,49,256,98,0,3,0.2258539749495972,2.209146088293742,1.3481112830219453,0.945672258631701,0.22085019821752053
16,49,256,98,2,3,0.08092996390932314,2.2596183205584803,1.4577082986378191,1.0552692742475749,0.10071237859756518
16,49,256,98,3,3,0.028058442239882207,5.705548885191556,1.43209331627053,1.029654291880286,0.019944273025825618
16,49,256,98,4,3,0.005287092892648253,2.37765214423973,1.742066190368332,1.3396271659780883,0.011171837738760342
16,49,256,98,0,4,0.20057202584022624,2.1690868524590314,1.2867118009504157,0.8842727765601719,0.21703221634212333
16,49,256,98,2,4,0.07893082239699084,3.6895370087099453,1.363133683020556,0.9606946586303131,0.08819021397432227
16,49,256,98,3,4,0.02140600918210043,4.049658105487277,1.998713986175303,1.5962749617850598,0.025942465216821108
16,49,256,98,4,4,0.013342550781173957,10.51800052262464,1.7108451884283955,1.3084061640381517,0.004144396408729416
16,49,256,98,0,5,0.21566321539779232,2.421426786358662,1.2781858809282136,0.8757468565379689,0.18223475084269658
16,49,256,98,2,5,0.10645869802276162,2.612199958436275,1.3604426532985872,0.9580036289083438,0.05923220470890282
16,49,256,98,3,5,0.02921695507528498,7.574598919312411,1.5891946318281587,1.1867556074379149,0.009508307563760565
16,49,256,98,4,5,0.004562645067681099,27.584184723311854,2.4590871906474794,2.0566481662572365,0.007263777013755964
16,49,256,98,0,6,0.2726080133603114,2.1575211020395475,1.2627852074941281,0.8603461831038839,0.17712657020906428
16,49,256,98,2,6,0.18650664871302325,4.794720026758386,1.2555794460101581,0.8531404216199139,0.03495186790775757
16,49,256,98,3,6,0.02451132217425642,5.016860323759348,2.0114076520506927,1.608968627660449,0.02412212157390405
16,49,256,98,4,6,0.008348254341884399,9.529514791303402,2.262889149089213,1.8604501246989695,0.0027459250101615346
16,49,256,98,0,7,0.3151108741707102,2.336014545529406,1.2537277154068627,0.8512886910166184,0.19322180526072383
16,49,256,98,2,7,0.0894731125960215,3.7570223611873512,1.4201610635939794,1.0177220392037363,0.09146263934410308
16,49,256,98,3,7,0.03868111675911255,9.372359703201935,1.4425521775357264,1.040113153145482,0.0261393300406364
16,49,256,98,4,7,0.005866968860942793,3.569434984631676,1.8458853208901158,1.4434462964998716,0.0026727044824946975
16,49,256,98,0,8,0.2466975497197423,2.114600533899117,1.3163219234816803,0.9138828990914369,0.203541086125961
16,49,256,98,2,8,0.07827283595267198,3.6101528005717496,1.4912006791820844,1.0887616547918402,0.0690584024978763
16,49,256,98,3,8,0.03642148022229367,5.847257338950523,1.7471331513151318,1.344694126924887,0.02575871400084764
16,49,256,98,4,8,0.014368789864381747,6.426982759308748,1.554902559628811,1.1524635352385673,0.005577699308834322
16,49,256,98,0,9,0.22580042729856808,2.442388516256011,1.2540962981388368,0.851657273748593,0.13150861800633962
16,49,256,98,2,9,0.06103583203634235,6.4910595867389045,1.597624098065186,1.195185073674942,0.04504620662150338
16,49,256,98,3,9,0.06843965230536422,7.619531021215195,1.3967046462252608,0.9942656218350177,0.016556868589637556
16,49,256,98,4,9,0.005988748758845259,2.150943903767848,1.8497124973097117,1.447273472919468,0.010941099876106548
16,49,256,98,0,10,0.21040788155167087,2.345483823104652,1.2796998980435874,0.8772608736533432,0.1916323093030959
16,49,256,98,2,10,0.052959831320605714,3.1583766975610317,1.7981887215467491,1.3957496971565053,0.0444785224332702
16,49,256,98,3,10,0.03840849804188229,2.8028821594709075,1.5604848324843261,1.1580458080940819,0.019307012300534596
16,49,256,98,4,10,0.0028751774863889565,2.974940553958887,2.2366972335773676,1.8342582091871247,0.004182191198078228
16,49,256,98,0,11,0.18927850042712932,2.0949748479197114,1.3298200334920844,0.9273810091018415,0.15899740619853656
16,49,256,98,2,11,0.10911688061032797,2.6986262459772976,1.33613171252926,0.9336926881390166,0.11814968556850862
16,49,256,98,3,11,0.047256412849914484,13.269577964366555,1.5734995759676402,1.171060551577396,0.014728637036424689
16,49,256,98,4,11,0.004160274162210969,6.281739490237639,1.7218337499487513,1.3193947255585066,0.0025112461686429897
16,49,256,98,0,12,0.19471348567736774,2.0334055944102025,1.2875758216596238,0.8851367972693804,0.15806542429375992
16,49,256,98,2,12,0.10257031719013068,4.825748108566162,1.359210179318128,0.9567711549278837,0.05408986988292765
16,49,256,98,3,12,0.019368209662138428,2.8323052609894974,2.028433207914717,1.6259941835244742,0.008489626829081219
16,49,256,98,4,12,0.005399658653975233,3.8110861909582985,2.0724441412537695,1.6700051168635266,0.0055765745832796814
16,49,256,98,0,13,0.18493408440437817,1.911761054188696,1.294287165723412,0.8918481413331687,0.18660815932896432
16,49,256,98,2,13,0.08602822458570344,3.9236099274659186,1.4526930992771536,1.0502540748869098,0.08520579183713962
16,49,256,98,3,13,0.038965858404703534,9.99361807019966,1.4638382256401212,1.061399201249877,0.010170309550975134
16,49,256,98,4,13,0.006321108719441636,2.3614938984864278,1.978438609734963,1.5759995853447197,0.016750986143753862
16,49,256,98,0,14,0.24915220334923158,2.060532144532558,1.2571619377414134,0.8547229133511696,0.17911799369880893
16,49,256,98,2,14,0.11855531014053329,3.929073179632221,1.326921146512791,0.9244821221225479,0.06391413483371772
16,49,256,98,3,14,0.03007293977793452,3.098609245384942,1.5936862087563788,1.1912471843661354,0.03560418735100975
16,49,256,98,4,14,0.009033682780169026,3.5057372018746733,1.8797446412635872,1.477305616873343,0.005271543297957076
16,49,256,98,0,15,0.23956536906659354,2.352079468853256,1.2845140439649998,0.8820750195747564,0.16529294462142152
16,49,256,98,2,15,0.05845763442462593,2.1178599757804757,1.6175147711893683,1.2150757467991244,0.08534667952306058
16,49,256,98,3,15,0.03784861433543591,3.2594664204498836,1.7463608019829362,1.3439217775926924,0.0285793065359874
16,49,256,98,4,15,0.008475022552698771,10.341281935049338,1.68802265964973,1.2855836352594867,0.0046273792324647
16,49,256,98,0,16,0.17515544606759761,1.997621964785399,1.3312448199650393,0.9288057955747959,0.18889565280321638
16,49,256,98,2,16,0.07622303208295006,2.118150371669282,1.454052531132167,1.0516135067419228,0.09436744011634324
16,49,256,98,3,16,0.01023441206967358,3.4514287300136313,2.0995752157858725,1.6971361913956287,0.028157220062717567
16,49,256,98,4,16,0.008212148735895555,4.527081568839536,1.7844749938939914,1.3820359695037485,0.0051374874873130905
16,49,256,98,0,17,0.2559919929581322,2.0818122038608595,1.2932138344093245,0.8907748100190798,0.1693220194616948
16,49,256,98,2,17,0.08199028291305407,2.94333116780735,1.4279881578575848,1.0255491334673401,0.06168534844509761
16,49,256,98,3,17,0.032701431611317576,9.776152454973438,1.5110135569107792,1.1085745325205352,0.025581103291695047
16,49,256,98,4,17,0.0028482973491032204,2.8331532831408595,2.4153243917106355,2.0128853673203917,0.01013538238382762
16,49,256,98,0,18,0.250922016410431,2.7113393902811995,1.269198938972655,0.8667599145824116,0.1521121216981785
16,49,256,98,2,18,0.12722431204027487,6.527595737235568,1.2684891908451865,0.8660501664549418,0.0759538709936254
16,49,256,98,3,18,0.03872855937875587,10.25518835662317,1.6445440723502518,1.242105047960008,0.011673933818385664
16,49,256,98,4,18,0.01931550505959633,4.116112852956327,1.7400489469525862,1.3376099225623417,0.009585119560957422
16,49,256,98,0,19,0.22067851653831785,2.4089643066737874,1.2839850773500943,0.88154605295985,0.16687377004036577
16,49,256,98,2,19,0.12269759428180872,4.252713998067286,1.3766234714019894,0.974184447011746,0.08316298194986484
16,49,256,98,3,19,0.02028601168330886,3.3818292186865007,1.8319929525391578,1.4295539281489145,0.02750273431898611
16,49,256,98,4,19,0.006030776525811128,26.667729942964847,1.8987055339953594,1.4962665096051158,0.0016142932255340083
16,49,256,98,0,20,0.2198534347221721,2.43420695717923,1.3073130581137007,0.9048740337234573,0.1701535191369105
16,49,256,98,2,20,0.16369166845909786,5.098928255105556,1.2659914030229316,0.8635523786326882,0.1142170143281372
16,49,256,98,3,20,0.03337631436937732,4.409251178965623,1.459061501358494,1.0566224769682506,0.020362060761892856
16,49,256,98,4,20,0.010655961012065389,15.198397904372086,1.8323855917893077,1.429946567399064,0.0007482166596409427
16,49,256,98,0,21,0.269821867774748,2.279111350190031,1.2511878569789179,0.8487488325886741,0.1834523783975733
16,49,256,98,2,21,0.16549417483156753,3.086879549051158,1.3896186424564392,0.9871796180661949,0.06602931133019274
16,49,256,98,3,21,0.02446285632766039,4.728927581380953,2.063022498801838,1.6605834744115953,0.02298698528002906
16,49,256,98,4,21,0.003562214484819751,2.2002824999406885,3.318724153195513,2.916285128805269,0.010011358236200424
16,49,256,98,0,22,0.1529221554888817,2.222424321335724,1.3146373727162148,0.9121983483259708,0.1888836307003034
16,49,256,98,2,22,0.04999885727084399,2.8373342767690835,1.6953348198536617,1.2928957954634175,0.05927759533707373
16,49,256,98,3,22,0.039417384420645185,4.716695649736348,1.656869955843388,1.254430931453145,0.012887972531539863
16,49,256,98,4,22,0.011748984318525812,11.809752210914535,1.4577175138301188,1.0552784894398748,0.0005220112174235709
16,49,256,98,0,23,0.227401064547779,2.253700808146367,1.2406158169277524,0.8381767925375083,0.13934553016306603
16,49,256,98,2,23,0.08071960458600957,3.1075420216474785,1.4221917464610128,1.019752722070768,0.06650232932195319
16,49,256,98,3,23,0.025511319992344815,3.5633034945702136,1.7336612728538183,1.3312222484635754,0.019236467343861367
16,49,256,98,4,23,0.005927156189313248,2.1649670175929874,2.01207649579836,1.6096374714081154,0.0073694272668112775
16,49,256,98,0,24,0.21460810205014774,2.2528374982156807,1.3192494575276221,0.9168104331373783,0.1968244259366997
16,49,256,98,2,24,0.08308324248607458,3.3643712907058987,1.5119816189145547,1.1095425945243118,0.05658717730737277
16,49,256,98,3,24,0.031813825400810555,2.818615145804157,1.7858404671652746,1.38340144277503,0.04493924255737216
16,49,256,98,4,24,0.007259053212904831,17.228061719917825,2.5336282067785785,2.1311891823883347,0.002670184769835396
16,49,256,98,0,25,0.18775809552138442,2.127312019000547,1.3460025922837955,0.9435635678935519,0.20389854114461828
16,49,256,98,2,25,0.0508573589816186,5.091533816549424,1.6198864774103243,1.21744745302008,0.10072852922636275
16,49,256,98,3,25,0.014736392697897182,1.7368417702246464,1.7969332555307638,1.39449423114052,0.05955736406420774
16,49,256,98,4,25,0.013377730570383242,8.582339960786648,2.390198409731527,1.987759385341283,0.000308291560822321
16,49,256,98,0,26,0.16518961422649428,2.1517837003561824,1.292181078046262,0.8897420536560183,0.18188414689202034
16,49,256,98,2,26,0.052544197575179065,2.955634611521327,1.568035419219863,1.1655963948296186,0.04684029178960738
16,49,256,98,3,26,0.018587849258857776,2.854242956760973,1.9398734363468917,1.5374344119566477,0.05431303714165699
16,49,256,98,4,26,0.020008070814460363,4.878725574452132,1.3444545109834694,0.9420154865932258,0.005396645131894914
16,49,256,98,0,27,0.17775905829562483,2.220599344778152,1.293285795660962,0.8908467712707182,0.14988919390862687
16,49,256,98,2,27,0.05515239039929569,4.238563247272837,1.6726420588915976,1.2702030345013533,0.03713532559889499
16,49,256,98,3,27,0.0176701362546842,3.281066063868277,1.6688184160786443,1.2663793916883996,0.022885733626029123
16,49,256,98,4,27,0.02501747669677723,10.395310085838904,1.468708940360099,1.0662699159698548,0.006870401760557265
16,49,256,98,0,28,0.21231835961168105,2.1132634668242574,1.2620574873184047,0.8596184629281609,0.18476286000938416
16,49,256,98,2,28,0.08615933678925881,3.764589914301263,1.3872830964212983,0.9848440720310538,0.125493382903462
16,49,256,98,3,28,0.023421386187454152,8.503605368012318,1.6616652508757097,1.259226226485465,0.006998694505176796
16,49,256,98,4,28,0.015913192816601685,2.5833905385562517,1.8106775779525979,1.408238553562354,0.0014492390666648541
16,49,256,98,0,29,0.22859488514264378,2.312381410158641,1.249073301616805,0.8466342772265616,0.20403805976137832
16,49,256,98,2,29,0.08402715749115919,4.04193896996713,1.436637338476871,1.0341983140866269,0.07808630194622805
16,49,256,98,3,29,0.028791216393264825,7.701337584465275,1.6187605853863165,1.2163215609960734,0.023066388987033493
16,49,256,98,4,29,0.007380856598834283,4.1216156423969625,2.0115759734220005,1.6091369490317557,0.005273779614564351
16,49,256,98,0,30,0.24259661504995306,2.261381147687656,1.28220033408846,0.8797613096982158,0.21405661939415488
16,49,256,98,2,30,0.10585786024778648,3.260377423085351,1.4699499426327045,1.0675109182424602,0.06451231098935188
16,49,256,98,3,30,0.022802690539548323,3.9553406487006963,2.0432617431574402,1.6408227187671969,0.023817656250325586
16,49,256,98,4,30,0.02569769124784751,17.500309695227983,1.4293610069277882,1.0269219825375444,0.000572645491316357
16,49,256,98,0,31,0.254959739920289,2.0938275551323717,1.302107762890563,0.8996687385003188,0.1796149970441331
16,49,256,98,2,31,0.0700879713109215,2.3909969883025597,1.5268114271489237,1.1243724027586808,0.09482301698010384
16,49,256,98,3,31,0.015754054017694946,4.603609110476732,1.7878605621084067,1.3854215377181625,0.016015757719518794
16,49,256,98,4,31,0.016622680359847965,13.003955524968962,1.8406672588518211,1.4382282344615778,0.0027789696216595117
16,49,256,98,0,32,0.2050213676527474,2.441977221991117,1.2782313418387972,0.8757923174485533,0.16755352273471386
16,49,256,98,2,32,0.09177536102153212,2.8292704930456716,1.4148808454740216,1.0124418210837778,0.09352887064984354
16,49,256,98,3,32,0.028763856281836392,3.5045939411475935,1.7054778014861034,1.3030387770958587,0.016985037803747653
16,49,256,98,4,32,0.008074737906763626,7.3123962395939195,2.2876737322264344,1.8852347078361902,0.0012203494933883151
16,49,256,98,0,33,0.24185802397193304,2.0091989392439435,1.3113047390339756,0.9088657146437313,0.1588280219863487
16,49,256,98,2,33,0.11933981775458,4.7520525509278055,1.318808312864575,0.9163692884743302,0.05984321660176141
16,49,256,98,3,33,0.017339286033827717,2.146436368218048,2.1490146303283097,1.746575605938066,0.0385089425114834
16,49,256,98,4,33,0.0075884897570597624,1.4513883928743128,2.003247955156262,1.6008089307660178,0.004495316656803755
16,49,256,98,0,34,0.23369376860557853,1.9682123707949915,1.2587503203827541,0.8563112959925103,0.18142048555132925
16,49,256,98,2,34,0.08061616804989628,2.2871245640003286,1.413889098485282,1.0114500740950376,0.09492344163851399
16,49,256,98,3,34,0.01702596874604194,3.5849617485207106,1.9923639479825006,1.5899249235922568,0.008311011228503027
16,49,256,98,4,34,0.01363228023247255,4.699080140583403,1.7068209544004245,1.3043819300101802,0.005725134100285771
16,49,256,98,0,35,0.22006995008871813,2.2381482693559285,1.3022833293042595,0.8998443049140157,0.1972190660686043
16,49,256,98,2,35,0.07056910030522204,2.0369549927399673,1.4452025532012345,1.0427635288109904,0.1572123270428787
16,49,256,98,3,35,0.11327936814618503,3.5040211362283213,1.4674348824351218,1.0649958580448775,0.028884054523266634
16,49,256,98,4,35,0.009307495001584893,5.761418065321607,1.7491751708505991,1.3467361464603549,0.02418647360042218
16,49,256,98,0,36,0.2121027135257823,2.1878790645435453,1.2632213581574376,0.8607823337671938,0.15634036434834092
16,49,256,98,2,36,0.06648291421719751,2.5373011713026803,1.6118745194034323,1.2094354950131887,0.09745942241078578
16,49,256,98,3,36,0.042186360333598204,6.595564206851037,1.5352891469779852,1.132850122587742,0.027482391759429185
16,49,256,98,4,36,0.009435475771468768,5.706561174932684,1.7540967891983401,1.3516577648080972,0.0010850996469464916
16,49,256,98,0,37,0.18451211734572864,1.9936578246481234,1.315287165787296,0.9128481413970526,0.15345615835382886
16,49,256,98,2,37,0.14899625377133674,7.9770056203099,1.2490247671880919,0.8465857427978474,0.0702998791328745
16,49,256,98,3,37,0.027946137072607225,8.383345671668646,1.6794361359694903,1.276997111579247,0.01656924729431483
16,49,256,98,4,37,0.028825827527547154,2.3224791607046296,1.5205453702475797,1.1181063458573366,0.002569367963913038
16,49,256,98,0,38,0.22310735112716662,2.192169367059714,1.2805921891858192,0.8781531647955756,0.17813964871668864
16,49,256,98,2,38,0.10016469364413468,2.5897808872133234,1.468343740697982,1.0659047163077382,0.08608617642384556
16,49,256,98,3,38,0.052012958899181456,10.550231465815845,1.6496186433935436,1.2471796190032993,0.054570862615234784
16,49,256,98,4,38,0.013508043991366665,2.5450184400999842,1.7273885807585827,1.3249495563683382,0.0026982786442398907
16,49,256,98,0,39,0.26553720831279487,2.614215396774344,1.2719447722338608,0.8695057478436166,0.16712245707088894
16,49,256,98,2,39,0.10594341935297522,5.128558366646741,1.5166116094764015,1.1141725850861572,0.10239108734073953
16,49,256,98,3,39,0.05604996120024135,4.5242554735101,1.6560036271401617,1.2535646027499183,0.026848370649650437
16,49,256,98,4,39,0.01641979397246567,7.286969805708149,1.6264527233234494,1.2240136989332058,0.002091174419114263
16,49,256,98,0,40,0.24553587625259501,2.504362240439441,1.2565172717317057,0.8540782473414623,0.18272984912182688
16,49,256,98,2,40,0.15331402215111375,4.289044494730672,1.3005355035621742,0.8980964791719295,0.07816455253548779
16,49,256,98,3,40,0.026844287095298944,5.219725456866587,1.9125875886882349,1.5101485642979906,0.01794911689529745
16,49,256,98,4,40,0.009001559069128744,18.238589259142913,2.6845247679465642,2.282085743556321,0.002074895724572177
16,49,256,98,0,41,0.23689625537355974,2.499439357324178,1.2866206912579745,0.8841816668677307,0.18497810784119656
16,49,256,98,2,41,0.13097764467332457,4.708465861000256,1.365604266659937,0.9631652422696941,0.06338732076074986
16,49,256,98,3,41,0.012554007160519076,3.0123957544460134,2.093449588449329,1.6910105640590842,0.037386817773928126
16,49,256,98,4,41,0.004353019732452357,3.347012110069249,2.031686050636517,1.629247026246274,0.006800913950078257
16,49,256,98,0,42,0.2750042777041552,2.0226642608474497,1.2743931452638415,0.8719541208735979,0.154382635608419
16,49,256,98,2,42,0.09046439082152835,4.881235810625249,1.3978457984204855,0.9954067740302417,0.05650253430821699
16,49,256,98,3,42,0.08134472441614723,3.4979158164286606,1.41875434779575,1.0163153234055056,0.04404211441345325
16,49,256,98,4,42,0.006229182136229874,4.2294826886559935,1.5684653659149805,1.166026341524736,0.0018683966965441692
16,49,256,98,0,43,0.2624259840389871,2.178053443861759,1.2373472802441698,0.8349082558539269,0.15957271708918205
16,49,256,98,2,43,0.08548006961212895,2.508236166675168,1.5163523022859393,1.113913277895696,0.07108147318241231
16,49,256,98,3,43,0.08550758263127367,12.057755457379333,1.346043975475993,0.9436049510857494,0.022410683627900732
16,49,256,98,4,43,0.007003871440904948,2.4222976644099936,1.773067696209602,1.3706286718193574,0.003486938528501621
16,49,256,98,0,44,0.1688874228928515,2.4165609735547937,1.3437311482934848,0.9412921239032404,0.17621979003193788
16,49,256,98,2,44,0.06492229505539863,4.688290166756452,1.4568691657069817,1.0544301413167378,0.07545070647007518
16,49,256,98,3,44,0.024131876329350516,1.9205379391654591,1.8522796430542816,1.4498406186640374,0.03584759343590541
16,49,256,98,4,44,0.001795707252112662,3.7750065310383834,2.6317226979632293,2.2292836735729846,0.003020832254713024
16,49,256,98,0,45,0.26989646100165576,2.2098512083799022,1.2757503517981323,0.8733113274078885,0.17457231479063143
16,49,256,98,2,45,0.07544359532430121,3.345743849669344,1.5566192758094544,1.154180251419211,0.07001812718248036
16,49,256,98,3,45,0.02377210786489446,2.9912887728061173,1.6832426888822982,1.2808036644920548,0.038769592980168334
16,49,256,98,4,45,0.0165533517947562,1.2949719497788499,1.6408657652619925,1.2384267408717484,0.012429334142689576
16,49,256,98,0,46,0.22332654333226118,1.889905041666568,1.3155723414843572,0.9131333170941129,0.19401905443983236
16,49,256,98,2,46,0.07705418721308213,4.657233337632309,1.3742928161457688,0.9718537917555246,0.06085982354647284
16,49,256,98,3,46,0.03906150042326491,7.677696636792168,1.5346965091393836,1.1322574847491396,0.021537504781373687
16,49,256,98,4,46,0.00398665934572895,4.5777513418832125,1.9964180409136143,1.5939790165233703,0.0004050197840270273
16,49,256,98,0,47,0.2697277096207623,2.0784323888005476,1.28631538905417,0.8838763646639265,0.22009829356275076
16,49,256,98,2,47,0.11634496605396126,3.707582691699023,1.4001651973523919,0.9977261729621478,0.08974762869076303
16,49,256,98,3,47,0.06476526979090723,27.90802362918722,1.3875828831870785,0.9851438587968353,0.011096819741672021
16,49,256,98,4,47,0.027473569768462207,6.970932096472387,1.4402319355697937,1.0377929111795492,0.004689616662631067
16,49,256,98,0,48,0.25266913860397444,2.1424097425209827,1.3146875450794395,0.9122485206891966,0.19135684064089892
16,49,256,98,2,48,0.04967345446418947,2.9873923482268525,1.7092314584313444,1.3067924340411015,0.07102174486435577
16,49,256,98,3,48,0.045349537293705694,4.50106491130595,1.477417336008903,1.0749783116186595,0.0023049281759400177
16,49,256,98,4,48,0.011593030619535406,9.021507506725786,1.7635542838568103,1.3611152594665672,0.006018557750148468
16,49,256,98,0,49,0.21953009771639412,2.4632433134575367,1.2913241441546044,0.8888851197643604,0.18787976385925415
16,49,256,98,2,49,0.08234661069725524,2.8842535699742116,1.5087455790272248,1.1063065546369817,0.11123687462211972
16,49,256,98,3,49,0.014153932131731306,2.657601950280745,1.8409089084251686,1.4384698840349248,0.035054360464731975
16,49,256,98,4,49,0.01034855285941667,2.338858628745744,1.4522659849189414,1.0498269605286978,0.0029534753281869127
16,49,256,98,0,50,0.22440426772728125,2.208403988361757,1.2842782652762548,0.881839240886011,0.16591216089536373
16,49,256,98,2,50,0.09290554419581334,3.8464243907138496,1.3742251328237027,0.9717861084334594,0.05527237306452971
16,49,256,98,3,50,0.019398521317338307,8.880412400610918,1.5811344155327642,1.1786953911425204,0.015620327843759472
16,49,256,98,4,50,0.030426118618246196,4.380140931894339,1.4841354579783372,1.0816964335880925,0.002725470442197854
16,49,256,98,0,51,0.26136442882249794,2.478455375489645,1.2879996933751268,0.8855606689848834,0.1673243554969323
16,49,256,98,2,51,0.09897015366452738,2.8318159331679595,1.4532943859106486,1.050855361520405,0.0810084837428149
16,49,256,98,3,51,0.06255708745552044,4.171151729926368,1.4314144781903901,1.0289754538001468,0.02141037579306133
16,49,256,98,4,51,0.0132993302969027,7.097980588371034,1.6106797437382205,1.2082407193479767,0.00048434120386537706
16,49,256,98,0,52,0.2876555375148375,1.952739843781801,1.2552736465021117,0.8528346221118674,0.17484854526396565
16,49,256,98,2,52,0.140305973434922,3.287189085912335,1.3512318440125404,0.9487928196222963,0.06238968980121401
16,49,256,98,3,52,0.027945383214714316,3.168759195290463,1.5942830921012083,1.1918440677109636,0.04386684716967422
16,49,256,98,4,52,0.009286542768706324,2.0324944826090148,2.4577297442688257,2.055290719878583,0.011736404580316214
16,49,256,98,0,53,0.23579026322398725,2.0774502462533353,1.293161298476564,0.8907222740863201,0.20829414630366452
16,49,256,98,2,53,0.15349693729445815,4.450078645138145,1.31172527145932,0.9092862470690761,0.06111265688420069
16,49,256,98,3,53,0.046609325745067855,4.6302521968344506,1.480461239296742,1.0780222149064986,0.011551864106999656
16,49,256,98,4,53,0.010999942789986962,10.552944389191781,1.6194559127922319,1.2170168884019876,0.00482095824511071
16,49,256,98,0,54,0.22628889986587494,2.3903821308438142,1.2596624420246563,0.8572234176344118,0.17902147993186124
16,49,256,98,2,54,0.13727759855768434,4.236240847038422,1.2559080487496366,0.8534690243593932,0.055469941049918814
16,49,256,98,3,54,0.025017046385246725,2.3600062983073533,1.7205866167073738,1.3181475923171302,0.027230481322997758
16,49,256,98,4,54,0.006468288331595766,5.714079291162987,1.7376051771187524,1.3351661527285081,0.008683795168736522
16,49,256,98,0,55,0.16639751545366374,2.2652117945010573,1.3011010895879058,0.8986620651976622,0.18615329844409592
16,49,256,98,2,55,0.08561293262985202,3.7086133936488275,1.4472888652496947,1.0448498408594507,0.10388001762431523
16,49,256,98,3,55,0.024012266293974866,2.3419438626175935,2.062294149924414,1.65985512553417,0.024115520044873325
16,49,256,98,4,55,0.01735251538701118,3.0183275726090937,1.6934059597479978,1.290966935357753,0.00589727486122822
16,49,256,98,0,56,0.2684190818283107,1.9109803116618553,1.3053274408017017,0.9028884164114572,0.1913718384142969
16,49,256,98,2,56,0.10198291567729828,5.279235194060583,1.4338807243551974,1.0314416999649545,0.08350125173120561
16,49,256,98,3,56,0.026281701195298057,1.5120097897071216,1.7308991213295797,1.3284600969393363,0.008940918888290182
16,49,256,98,4,56,0.023505062607448723,6.542729931180376,1.4394459329625293,1.0370069085722857,0.010262360303723963
16,49,256,98,0,57,0.3103977577589977,2.5007309290389936,1.2407605988929955,0.8383215745027517,0.10658732986037624
16,49,256,98,2,57,0.1844181283371652,5.0853185667177385,1.2900614150533034,0.8876223906630596,0.042715032637666676
16,49,256,98,3,57,0.023979548553747256,9.14976844687627,2.22691228898574,1.8244732645954969,0.013247719357329803
16,49,256,98,4,57,0.005871011732645211,3.498243090946924,2.1304132759573124,1.727974251567069,0.010675590921093313
16,49,256,98,0,58,0.26579320300839243,1.9248548848224774,1.2514997583525138,0.8490607339622702,0.20836378298671995
16,49,256,98,2,58,0.14748637941950837,3.251091971680819,1.3013907324522411,0.8989517080619969,0.06874300576043002
16,49,256,98,3,58,0.020594909924334718,7.726201793856664,1.5937863175172589,1.1913472931270146,0.012031344819115886
16,49,256,98,4,58,0.004006959241259321,6.181418754746833,1.992002000901274,1.5895629765110293,0.0033584748951510503
16,49,256,98,0,59,0.20315075208151112,2.3310997067602077,1.2638965055213713,0.8614574811311275,0.17395281033249865
16,49,256,98,2,59,0.06900794459908911,2.0471085858824627,1.678694961408109,1.276255937017865,0.09462710452355405
16,49,256,98,3,59,0.03164835748353781,8.492055279439793,1.981149014653629,1.5787099902633859,0.01629623434135077
16,49,256,98,4,59,0.00945678179820668,7.6161928762785305,1.5666098001519697,1.1641707757617255,0.0006994011753920345
16,49,256,98,0,60,0.21227909123723301,2.4896066434007986,1.2321101380676867,0.829671113677442,0.15081762813390465
16,49,256,98,2,60,0.08014807008030822,3.638309409800032,1.3715715770359012,0.9691325526456573,0.058134443558825286
16,49,256,98,3,60,0.019294873143726556,4.107011966528308,1.880846315707402,1.4784072913171578,0.014015932127755714
16,49,256,98,4,60,0.016021170338200993,6.689088023137689,1.4555374703089234,1.05309844591868,0.002476411930340365
16,49,256,98,0,61,0.1971752122610314,2.2443590293008424,1.2563446731166878,0.8539056487264443,0.18290951444699666
16,49,256,98,2,61,0.04245870466522247,2.9528596682675046,1.6240550783661465,1.221616053975902,0.10585103116824993
16,49,256,98,3,61,0.0853357426238405,3.2012326827354363,1.3257998822341759,0.9233608578439316,0.027710777824238003
16,49,256,98,4,61,0.00320636328767333,2.849881517829827,3.084607399106448,2.6821683747162037,0.019105590838996996
16,49,256,98,0,62,0.30436978437087614,2.4467310168231466,1.2647765731067642,0.8623375487165212,0.16364099405953866
16,49,256,98,2,62,0.08439272445491733,3.0247320110851352,1.5693885667498084,1.1669495423595642,0.07359641245500398
16,49,256,98,3,62,0.04990554769351954,3.691601854612928,1.7644971652750563,1.3620581408848125,0.03755728591324518
16,49,256,98,4,62,0.023423201601425962,29.18464186378889,1.7693135291137359,1.3668745047234925,0.0015809134217846423
16,49,256,98,0,63,0.2633245874644954,2.638934620864148,1.242991858682796,0.8405528342925521,0.17333432649492592
16,49,256,98,2,63,0.07911211540638811,4.807467290011477,1.370016007772136,0.9675769833818926,0.048564904521175
16,49,256,98,3,63,0.01829511085396018,4.061242928843591,1.8791948005724326,1.4767557761821895,0.02229906496329255
16,49,256,98,4,63,0.00734862637618697,18.790273316664702,2.4215414459988445,2.0191024216086007,0.0020459269465398144
16,49,256,98,0,64,0.20689518537944798,2.501640725441253,1.2545263371794422,0.8520873127891981,0.1583940908712039
16,49,256,98,2,64,0.06038748401186098,1.968290908822508,1.6320088445273848,1.2295698201371419,0.07662682263025504
16,49,256,98,3,64,0.03622489726702033,3.1711879269312644,1.6433607582407999,1.2409217338505556,0.053417199521817615
16,49,256,98,4,64,0.009948645948547902,2.836401587532402,1.5114342404090366,1.1089952160187924,0.0068962369064569555
16,49,256,98,0,65,0.1996613781347479,2.147503007489817,1.3211687505169813,0.9187297261267382,0.17984740478109104
16,49,256,98,2,65,0.06832540439928486,2.8371442826555913,1.484969924258327,1.0825308998680825,0.05238299658662129
16,49,256,98,3,65,0.07490245498819065,3.4902397403193217,1.3930592961582757,0.9906202717680319,0.037115239824248435
16,49,256,98,4,65,0.012238132585623401,4.2378104441289715,1.7319112754577088,1.3294722510674646,0.006413354452436159
16,49,256,98,0,66,0.2668360424460233,2.0123133522050676,1.2629909942527413,0.860551969862497,0.1579659053732506
16,49,256,98,2,66,0.09777792958453747,3.5468481371762017,1.4601491890055522,1.0577101646153082,0.11066955722865689
16,49,256,98,3,66,0.06702166673731072,9.663696705915203,1.291266918636469,0.8888278942462247,0.009760960136382004
16,49,256,98,4,66,0.014089513751848566,2.6464273269874763,1.6136386587990574,1.211199634408814,0.001580142477831798
16,49,256,98,0,67,0.18930602194297497,1.9527329594991192,1.295340533489482,0.8929015090992376,0.15210583558995744
16,49,256,98,2,67,0.05252769165750042,4.034311028387211,1.440690911267659,1.0382518868774149,0.050633648346697466
16,49,256,98,3,67,0.04243844302333371,3.6297596669058083,1.4975737328236658,1.095134708433422,0.018258139364451694
16,49,256,98,4,67,0.008180085428272744,2.8971173457175263,1.655123587254506,1.2526845628642622,0.002032253075975493
16,49,256,98,0,68,0.1877569821149291,1.9898044905840246,1.285588250479732,0.883149226089488,0.18503836394640286
16,49,256,98,2,68,0.08821488329913012,1.9416293726613054,1.4852569073922703,1.0828178830020274,0.10694502436487333
16,49,256,98,3,68,0.05118289715836267,3.7729951906210677,1.5013800553596623,1.098941030969419,0.027853189790799607
16,49,256,98,4,68,0.011454851581096822,3.8603274504712193,1.5502699892427767,1.1478309648525329,0.004884318190329224
16,49,256,98,0,69,0.17739521528279173,2.0110427835022353,1.3657321322884464,0.9632931078982025,0.16842999134838074
16,49,256,98,2,69,0.10254243720758816,3.6231913005034073,1.386558594890449,0.984119570500205,0.05285387822122904
16,49,256,98,3,69,0.026047100766595704,3.9281958509710653,1.9773171648921954,1.5748781405019514,0.025643097329728737
16,49,256,98,4,69,0.006063043786217119,10.674549091297365,1.9891407691070544,1.5867017447168106,0.0019002458314369315
16,49,256,98,0,70,0.24758625209223964,2.3616243772946888,1.2555378721021595,0.8530988477119159,0.15014978884205799
16,49,256,98,2,70,0.09126952287632574,4.916657411362018,1.6954535024827622,1.293014478092518,0.03327435335232825
16,49,256,98,3,70,0.03138543795507145,6.740529106585347,1.5936468392356655,1.1912078148454217,0.0116695104378068
16,49,256,98,4,70,0.006360278408005997,3.620199969255423,2.193134314006609,1.790695289616366,0.007503221257364076
16,49,256,98,0,71,0.22350833843114506,2.2812626427666403,1.286699525121746,0.8842605007315019,0.14065011028566857
16,49,256,98,2,71,0.08251254560276415,4.148964830836302,1.4428060608684137,1.0403670364781696,0.08979917289084649
16,49,256,98,3,71,0.054481765419498486,9.275510990385085,1.4319285970140427,1.029489572623799,0.016515038603634305
16,49,256,98,4,71,0.01002778660649294,6.2058668593121595,1.8329576339280722,1.4305186095378275,0.004675049847966298
16,49,256,98,0,72,0.22959519366078884,2.276380307616947,1.2746869826240548,0.8722479582338103,0.13593932110037002
16,49,256,98,2,72,0.0742500538963022,3.1129250400149973,1.6361679966759453,1.2337289722857019,0.07378981514168795
16,49,256,98,3,72,0.028981047372206293,2.806034602612676,1.7904759945582178,1.388036970167974,0.04049944485663241
16,49,256,98,4,72,0.024368519678184066,12.120186562651078,1.5541930974709346,1.1517540730806903,0.005143823664688808
16,49,256,98,0,73,0.22232534327894826,2.3317583463966165,1.2577602256649605,0.855321201274716,0.17939685758673427
16,49,256,98,2,73,0.05454195889557064,2.806802499669671,1.733640181800338,1.331201157410094,0.07911847877898594
16,49,256,98,3,73,0.0777482415866804,6.343162514845092,1.3812044255410807,0.9787654011508362,0.01800977250246856
16,49,256,98,4,73,0.019721228492965197,8.028505716225265,1.7725772350085034,1.3701382106182596,0.0008165383501934541
16,49,256,98,0,74,0.20714357184689125,2.2115161414798226,1.3535414339300185,0.9511024095397751,0.21612384721201575
16,49,256,98,2,74,0.12168423249873528,6.651725429386193,1.3076546684117762,0.9052156440215331,0.06463411531134186
16,49,256,98,3,74,0.014099017449304915,1.4747719708415106,2.7644176384828514,2.3619786140926085,0.014497142889394394
16,49,256,98,4,74,0.0073383414271726835,4.608102068919209,1.8040515475535224,1.4016125231632781,0.013332524919354011
16,49,256,98,0,75,0.24379937472846797,2.459286344925364,1.2879582055768828,0.8855191811866394,0.145345891119832
16,49,256,98,2,75,0.07913318413401696,2.687506151780576,1.6318160501128123,1.2293770257225685,0.12076796157759777
16,49,256,98,3,75,0.033964167120850076,6.2591599270556495,1.6093946270259307,1.206955602635686,0.018362131400432084
16,49,256,98,4,75,0.014233152351227947,3.46029845567247,1.4970889914133354,1.0946499670230914,0.0009182517916993249
16,49,256,98,0,76,0.224006255166329,2.1352233319818335,1.2668191018156867,0.8643800774254426,0.1981172654378803
16,49,256,98,2,76,0.0863687566224118,4.944246452153575,1.4350555933222908,1.0326165689320472,0.04362731581898297
16,49,256,98,3,76,0.031432677904812585,3.3948098759284617,1.678774878523937,1.276335854133693,0.014710967377588613
16,49,256,98,4,76,0.0298849831370567,29.17677419902718,1.627588310640035,1.225149286249792,0.005470237733318071
16,49,256,98,0,77,0.16228806644794652,2.091163667949757,1.3081807352586967,0.9057417108684529,0.17299436864725312
16,49,256,98,2,77,0.11010311118904703,3.7315998115372064,1.3082118339667428,0.905772809576499,0.062401821374611824
16,49,256,98,3,77,0.02811359851808888,3.0314086502668225,1.6345896801475306,1.2321506557572874,0.04335621749284886
16,49,256,98,4,77,0.006441350582762897,3.6189428852337384,1.8302586017812983,1.4278195773910536,0.00101278077533589
16,49,256,98,0,78,0.17067547259700147,2.099555392057655,1.3333390937435459,0.9309000693533029,0.14107401169469347
16,49,256,98,2,78,0.0558423804596168,2.4534025956131353,1.545730278739402,1.1432912543491582,0.07364378144757634
16,49,256,98,3,78,0.0162396770990279,5.56712780375476,1.7504199344515188,1.3479809100612758,0.050132463466605943
16,49,256,98,4,78,0.00403549536483733,3.3816348616015093,1.6744497057776657,1.2720106813874228,0.007208535793721211
16,49,256,98,0,79,0.2677121505094974,2.4295365480473423,1.2275863485131129,0.8251473241228684,0.1652125365816873
16,49,256,98,2,79,0.0761001858305488,3.2268787388064633,1.391173769679194,0.9887347452889497,0.09137848159696615
16,49,256,98,3,79,0.034734183781810986,8.224188712694334,1.588268552545265,1.185829528155022,0.007628968071994067
16,49,256,98,4,79,0.01267299015842976,1.5815729737454125,1.7818590033432518,1.379419978953008,0.011919278467198178
16,49,256,98,0,80,0.2214377549800916,2.0574129751599415,1.3161051793325695,0.9136661549423266,0.15710814088051098
16,49,256,98,2,80,0.11687116365311158,4.6819401998651555,1.3741007188312486,0.9716616944410053,0.07057409479403877
16,49,256,98,3,80,0.052921716538029996,3.420647270986291,1.5171433925172009,1.1147043681269562,0.03465466092449321
16,49,256,98,4,80,0.004940207078489747,0.8254277596479098,2.5153896253391235,2.1129506009488797,0.01128685285975172
16,49,256,98,0,81,0.14007882568892452,2.5040276147424625,1.35138345667203,0.9489444322817864,0.1908721939273423
16,49,256,98,2,81,0.06975523411795467,3.4916017282531646,1.5904377840813546,1.1879987596911104,0.0553817830023795
16,49,256,98,3,81,0.013196345586764916,3.970854529258054,2.125248763415523,1.7228097390252781,0.003907531115227208
16,49,256,98,4,81,0.011095491876721429,32.239280713450256,1.8675913514478162,1.465152327057572,0.0010654303113887796
16,49,256,98,0,82,0.21301329741799127,2.4558677258048176,1.2873023015774034,0.8848632771871596,0.15645331916865854
16,49,256,98,2,82,0.06620143524934459,3.9404634277884183,1.5366386846658178,1.1341996602755735,0.11032768740679656
16,49,256,98,3,82,0.033106033566433234,7.783524268120022,2.083297025418646,1.6808580010284029,0.026654774783759588
16,49,256,98,4,82,0.014348035338732608,8.432311858012067,1.8677615359922273,1.4653225116019826,0.003954132154857817
16,49,256,98,0,83,0.212970956275021,2.4094801907492265,1.3386169728976602,0.9361779485074155,0.2064108508726221
16,49,256,98,2,83,0.06598374629694406,3.8257349812462724,1.4620680104244286,1.059628986034184,0.0822839672387218
16,49,256,98,3,83,0.01607761607060561,2.7995604876510587,2.105256147129589,1.7028171227393454,0.05613164768797312
16,49,256,98,4,83,0.034533987714043445,9.822638612959702,1.7102511573372747,1.3078121329470314,0.0006278815371112766
16,49,256,98,0,84,0.23381148551909642,2.2248507739450667,1.2999207443186522,0.8974817199284075,0.11038424174092715
16,49,256,98,2,84,0.11662570103445105,4.21721657452753,1.4260455484264998,1.0236065240362553,0.061169514260413664
16,49,256,98,3,84,0.036636956246599975,2.22598692125951,1.5764061117119463,1.173967087321703,0.018097248707969922
16,49,256,98,4,84,0.0060853297577366456,4.53648247535239,1.935580434175435,1.5331414097851912,0.004689560422563852
16,49,256,98,0,85,0.19610111710608497,2.514564343513179,1.2766812560435834,0.8742422316533389,0.17156250712732318
16,49,256,98,2,85,0.07478219764005066,3.911695039994627,1.572731140834028,1.1702921164437843,0.05231363405199437
16,49,256,98,3,85,0.04788688589556417,3.569831448564774,1.427894230766151,1.0254552063759075,0.061238589786556254
16,49,256,98,4,85,0.010603731637182997,6.80884113965716,1.580655210352362,1.1782161859621176,0.007230039228788222
16,49,256,98,0,86,0.16275472960614584,2.383686408458824,1.3762209637705545,0.9737819393803111,0.15423833520304833
16,49,256,98,2,86,0.09252606649839813,3.1209088938637706,1.4549721555656112,1.0525331311753678,0.09218019594231727
16,49,256,98,3,86,0.017020914469579054,7.847503387393816,1.8680178957413556,1.465578871351111,0.02856399511248337
16,49,256,98,4,86,0.014326916249547583,5.35235417797498,1.6257711747182457,1.2233321503280017,0.002677656605493163
16,49,256,98,0,87,0.1744059691910125,2.591695277809963,1.3054569122809436,0.9030178878906998,0.1418733136996129
16,49,256,98,2,87,0.11199950796882963,4.965649682531106,1.3788907195651623,0.9764516951749194,0.08511550114389911
16,49,256,98,3,87,0.02958486540783318,3.214369204176205,1.6134546677407613,1.2110156433505175,0.025780788975906906
16,49,256,98,4,87,0.005278344796149576,17.36407736083966,1.6467489125675572,1.2443098881773142,0.0035204770744290065
16,49,256,98,0,88,0.24469593029220202,2.0450104773201496,1.2949274040389898,0.8924883796487464,0.17085249433781163
16,49,256,98,2,88,0.08034001940049339,4.078417186774248,1.4719324459716439,1.0694934215814005,0.09438512988808043
16,49,256,98,3,88,0.036693461438135115,9.430033498559608,1.7880590644218954,1.385620040031652,0.025890823003825367
16,49,256,98,4,88,0.005112360055553881,5.125946360120646,2.488921244884674,2.08648222049443,0.00205355955147205
16,49,256,98,0,89,0.1550324980752517,2.262636509191011,1.3103045539964664,0.907865529606223,0.20079761444183955
16,49,256,98,2,89,0.11643846062071202,4.06935957298993,1.366563185015548,0.9641241606253033,0.09664699280436867
16,49,256,98,3,89,0.0398399242022796,10.20951137291187,1.701919534949043,1.2994805105587997,0.008027919439662443
16,49,256,98,4,89,0.0037821215303958313,1.1029683299906954,2.0845708923372763,1.6821318679470334,0.009587586810771574
16,49,256,98,0,90,0.2925648838145589,2.0892638060228395,1.276701829349104,0.8742628049588603,0.16969869772179016
16,49,256,98,2,90,0.07410651901582647,2.502811843813599,1.5250619277177648,1.122622903327521,0.10277874966032521
16,49,256,98,3,90,0.0158873134561821,5.727859671384705,2.0559402646927283,1.653501240302484,0.04015837062563498
16,49,256,98,4,90,0.007800133109372106,2.5831260498071695,2.382568020342892,1.9801289959526471,0.01791845187998887
16,49,256,98,0,91,0.25353627068425594,2.587918075810472,1.230371978702981,0.8279329543127378,0.1572229106867195
16,49,256,98,2,91,0.0961402302793276,2.20885173855775,1.4893081621512312,1.0868691377609867,0.08621800342748695
16,49,256,98,3,91,0.030109566736125307,2.4490964993799484,1.7320700617545195,1.3296310373642761,0.06333528626427246
16,49,256,98,4,91,0.008511914848264137,6.914951671481067,1.6332383144823068,1.2307992900920635,0.003676066685673274
16,49,256,98,0,92,0.18090397783801762,2.306329537303267,1.2967615369174792,0.8943225125272356,0.181490608097835
16,49,256,98,2,92,0.043888451320618034,2.3940110061175965,1.7595841581880014,1.3571451337977578,0.05280991602620668
16,49,256,98,3,92,0.012405671190340778,2.3757825851211978,1.7857003092468064,1.3832612848565624,0.027597636224974704
16,49,256,98,4,92,0.008484506499785905,8.849616358628541,1.96228458435824,1.5598455599679966,0.0006194908046305729
16,49,256,98,0,93,0.2018452005781812,2.4069875700400294,1.3364619471343904,0.9340229227441466,0.14929659237388318
16,49,256,98,2,93,0.03516531004770089,3.1870429183488946,1.6301268264305886,1.2276878020403448,0.061919136362868006
16,49,256,98,3,93,0.028494617658166754,7.949586896636271,1.4816029709587704,1.079163946568526,0.009921002875958602
16,49,256,98,4,93,0.006693082689647852,11.68396580906657,1.698158527264101,1.2957195028738564,0.0020814607445130092
16,49,256,98,0,94,0.24660326740479047,2.416712209055017,1.2619066311362968,0.8594676067460529,0.17931787318968825
16,49,256,98,2,94,0.07037374757657147,3.0191482138447316,1.6380734037200093,1.235634379329765,0.07860939041327598
16,49,256,98,3,94,0.03175235667238548,4.889737309081357,1.682287479942732,1.2798484555524876,0.02646942451597881
16,49,256,98,4,94,0.007697740916020139,0.5439142128896726,1.4952537056117587,1.0928146812215154,0.008543682333787878
16,49,256,98,0,95,0.267004902934535,2.8597829759978666,1.3071260051319824,0.9046869807417384,0.2204128964350714
16,49,256,98,2,95,0.07138965256748812,3.7518893768857877,1.5985620725331575,1.1961230481429137,0.05137446293646071
16,49,256,98,3,95,0.024274366170659853,3.836241997190069,1.7763240609698752,1.3738850365796313,0.024828086840879268
16,49,256,98,4,95,0.003817330071412288,1.9420386314980478,2.269412621911989,1.8669735975217456,0.003394484636322566
16,49,256,98,0,96,0.26865452134295237,2.329067150944784,1.293389632561254,0.8909506081710106,0.19213824324712148
16,49,256,98,2,96,0.04232630190349637,2.54713794103764,1.7391850028228681,1.3367459784326243,0.06548797255551408
16,49,256,98,3,96,0.05401811070343669,5.632498365586763,1.5449991333226283,1.1425601089323845,0.02519875557442759
16,49,256,98,4,96,0.021749380711226556,12.458634835289333,1.426269957758705,1.0238309333684619,0.00016253744674872022
16,49,256,98,0,97,0.2032594241124204,2.3376283965521183,1.2602313358338746,0.8577923114436299,0.19216849445397005
16,49,256,98,2,97,0.06553135383002787,2.7013339265037892,1.5227278011251981,1.120288776734954,0.07073268744564747
16,49,256,98,3,97,0.03663599215134761,5.326657498725177,1.720457790712672,1.318018766322428,0.02503103515126912
16,49,256,98,4,97,0.009140351555132351,10.207892815716185,1.8804563828937737,1.4780173585035303,0.0015856222733836988
16,49,256,98,0,98,0.15771762749950563,2.1560101525168704,1.2931614981595387,0.8907224737692943,0.17083942923028042
16,49,256,98,2,98,0.05635386208193709,2.9885349386203544,1.484463189350211,1.0820241649599662,0.09629910316843492
16,49,256,98,3,98,0.02384717698793313,1.713434074316676,1.7068617814888194,1.3044227570985747,0.03142642084746006
16,49,256,98,4,98,0.006324354864407633,1.3958502355943652,2.2119760592271227,1.8095370348368789,0.007678291013925238
16,49,256,98,0,99,0.21119731139804548,2.418207560338749,1.315043849370275,0.9126048249800309,0.18410884965068303
16,49,256,98,2,99,0.033302570299576006,2.504164633985204,1.4698062517469166,1.067367227356673,0.07074425565883928
16,49,256,98,3,99,0.012001433055459712,9.30449928494229,2.0011344211815,1.5986953967912552,0.009114870503708598
16,49,256,98,4,99,0.015042610478554855,7.642766193422286,1.682139945748902,1.2797009213586588,0.0019639880043827523
16,49,256,98,0,100,0.2485324480553772,2.445479902841514,1.2442809109584014,0.8418418865681581,0.1820626576003491
16,49,256,98,2,100,0.12224805738783573,5.1291030284146695,1.2714526262213544,0.8690136018311101,0.09339400304956515
16,49,256,98,3,100,0.08604234698383299,7.342435106184341,1.3748152518876302,0.9723762274973868,0.029726860489641387
16,49,256,98,4,100,0.021589687972030622,53.394519225553836,1.4418706257472218,1.0394316013569789,0.001049659182080343
16,49,256,98,0,101,0.3050530359485205,2.376884605897223,1.241815122524534,0.8393760981342897,0.1455172804242189
16,49,256,98,2,101,0.046049717150501136,1.6236103766415138,1.7782466505963592,1.3758076262061163,0.10813080068067081
16,49,256,98,3,101,0.00979895816863136,9.192794213696924,1.9428666757369397,1.5404276513466968,0.01215062360700869
16,49,256,98,4,101,0.020603644423089495,13.903324546539235,1.5608450418388904,1.1584060174486464,0.005503573304630515
16,49,256,98,0,102,0.24335248841110807,2.427127057457259,1.2908745442672904,0.8884355198770457,0.15655206410710573
16,49,256,98,2,102,0.06517509217465499,2.704937269904944,1.534652976266208,1.1322139518759649,0.07840864468729035
16,49,256,98,3,102,0.012311661788556165,3.4246646268029366,2.311541074229206,1.9091020498389621,0.024475877594970306
16,49,256,98,4,102,0.00568495204946531,5.920305705285966,1.9839472746512048,1.5815082502609616,0.004886720200753792
16,49,256,98,0,103,0.25422188178841004,2.047478337438804,1.2981997908339786,0.8957607664437344,0.19593631386078436
16,49,256,98,2,103,0.041313495227051134,3.4941970401946687,1.700250072009074,1.297811047618831,0.10407095142868637
16,49,256,98,3,103,0.05407293048767055,7.505372449365399,1.5517970014228895,1.1493579770326452,0.022328394406079703
16,49,256,98,4,103,0.007756375816562439,24.36001626256257,1.8098575138249435,1.4074184894347006,0.002671450599238647
16,49,256,98,0,104,0.24809376103881584,2.435570471065123,1.271840049263445,0.8694010248732003,0.15132409863284604
16,49,256,98,2,104,0.0744039559912549,3.629194213516024,1.4892741029103627,1.086835078520119,0.05098877498466416
16,49,256,98,3,104,0.017375124730486392,6.318443267372896,1.7018271415817616,1.2993881171915174,0.009875642605481894
16,49,256,98,4,104,0.008710843074650861,7.274141493182203,2.0215639427692857,1.6191249183790415,0.0040381477331338156
16,49,256,98,0,105,0.2693840922569751,2.0802553659375933,1.288241352417431,0.8858023280271876,0.19420541943359595
16,49,256,98,2,105,0.14885620282204057,3.1923843173579654,1.387574645364337,0.9851356209740931,0.08701974990331472
16,49,256,98,3,105,0.03765932472784696,3.131009283194011,1.6008221869062456,1.1983831625160022,0.0392145998748499
16,49,256,98,4,105,0.004472887828254292,1.543037535404971,2.313086373364497,1.910647348974253,0.012070354308599289
16,49,256,98,0,106,0.22300078215609415,2.395387716061129,1.29735659123822,0.8949175668479761,0.16846888316969696
16,49,256,98,2,106,0.11405162002288086,2.880086936274508,1.3865367618653983,0.9840977374751549,0.04842865027878456
16,49,256,98,3,106,0.03371981770824708,5.296670584684272,1.7343869553276658,1.3319479309374227,0.022351917095978613
16,49,256,98,4,106,0.012176923922483375,3.4331233497614653,1.7192401008725566,1.3168010764823137,0.0014211712373345872
16,49,256,98,0,107,0.26206350456763744,2.010117174387067,1.2801024232977558,0.8776633989075115,0.1642098785402852
16,49,256,98,2,107,0.12086730387424059,4.48873808023695,1.3993138052438194,0.9968747808535756,0.08568493386130557
16,49,256,98,3,107,0.0254543194886272,8.856817525068617,1.9212731007829975,1.5188340763927535,0.016552750807749036
16,49,256,98,4,107,0.025762247381494078,8.611158197149964,1.488430903358106,1.085991878967862,0.009285451441379483
16,49,256,98,0,108,0.2607701410831568,2.0000242317172665,1.258740519022733,0.8563014946324898,0.17125169937312618
16,49,256,98,2,108,0.11400702022368611,5.608092996132892,1.370730164790043,0.9682911403997991,0.07155776884920675
16,49,256,98,3,108,0.015564923690663746,4.676869240894831,1.754925142104729,1.3524861177144842,0.026372880699245444
16,49,256,98,4,108,0.017571807547412135,9.41787644977577,1.4616690076498673,1.0592299832596233,0.00371847088479157
16,49,256,98,0,109,0.23553991173469713,1.9869439902592894,1.283914037801265,0.8814750134110216,0.16776678137464154
16,49,256,98,2,109,0.20341624712658077,4.934254210631882,1.3346422177142445,0.9322031933240016,0.06275882790037429
16,49,256,98,3,109,0.02125353459060544,5.979494526198297,1.8183855996602394,1.4159465752699951,0.06085207323977225
16,49,256,98,4,109,0.0050348716645509115,3.8079076932179428,2.3267770316276253,1.924338007237381,0.008730831062458009
16,49,256,98,0,110,0.19359225141009956,2.3463444885729015,1.2743446589269782,0.8719056345367342,0.13494046510617536
16,49,256,98,2,110,0.0834903175274074,2.771372696251469,1.3481874994106835,0.945748475020439,0.07969889531824724
16,49,256,98,3,110,0.04113410114460454,8.825584774655983,1.5900597868249833,1.1876207624347401,0.014896616666407616
16,49,256,98,4,110,0.013313836537542013,7.335116247609031,1.7195726858872429,1.3171336614969995,0.002191076234570233
16,49,256,98,0,111,0.2509631833447446,2.3155559288395113,1.3032167772658696,0.9007777528756264,0.20078505690960188
16,49,256,98,2,111,0.10395224251376756,2.2022231494018074,1.3931031927237572,0.9906641683335131,0.10920882556069325
16,49,256,98,3,111,0.01850535174469613,3.3394561183484783,2.3577047374136555,1.9552657130234117,0.01871475576319255
16,49,256,98,4,111,0.03374983666453804,6.696321049880185,1.49409213864671,1.0916531142564665,0.002144192992940397
16,49,256,98,0,112,0.20617643184018045,2.2305822486201694,1.2983480821766942,0.8959090577864508,0.1581381466554682
16,49,256,98,2,112,0.07639603773824133,3.1308033089002527,1.4566563099130128,1.0542172855227694,0.0862460608881652
16,49,256,98,3,112,0.025510081130893977,3.386289619246423,1.6758662530569735,1.2734272286667299,0.03137668206933462
16,49,256,98,4,112,0.01215511381170224,2.2089361168633213,1.5633983577703685,1.1609593333801254,0.015078106530579907
16,49,256,98,0,113,0.24732019496518506,2.125015078841989,1.245617286673041,0.8431782622827964,0.18622550608783905
16,49,256,98,2,113,0.10022355197539926,3.219545237663253,1.4905203278048444,1.0880813034146009,0.05475154608635393
16,49,256,98,3,113,0.07002559058707648,12.94994266341758,1.3854430902140196,0.983004065823776,0.017672958202861768
16,49,256,98,4,113,0.007825762593313334,8.876400454864566,1.6654833335156427,1.263044309125398,0.003914181362385409
16,49,256,98,0,114,0.20485777104146918,2.1812674103328016,1.289430781574464,0.8869917571842194,0.1790284072588805
16,49,256,98,2,114,0.07106105260784039,2.890855062106865,1.415970925875224,1.0135319014849795,0.10041453796781609
16,49,256,98,3,114,0.04541770430773192,3.3156284181698337,1.355075355749396,0.9526363313591517,0.03715402349696064
16,49,256,98,4,114,0.012701701432364798,2.5311352847828394,1.9189805087006597,1.516541484310416,0.0036435117131651666
16,49,256,98,0,115,0.2171153325938963,1.9482250612379033,1.335464378695192,0.9330253543049487,0.21126880864122918
16,49,256,98,2,115,0.07588551656716874,5.34293568491424,1.557304683583507,1.1548656591932627,0.03773682518456719
16,49,256,98,3,115,0.025737982395483475,1.387769525113628,1.6996172551802626,1.2971782307900188,0.06677105169011313
16,49,256,98,4,115,0.00756756078425209,8.297071566795953,1.7120560878703754,1.3096170634801325,0.014139464069166052
16,49,256,98,0,116,0.10491595840358425,2.405196505944694,1.3943203289861479,0.9918813045959034,0.16641235400037008
16,49,256,98,2,116,0.05586388778024701,3.8690055407820676,1.4954827208813057,1.093043696491062,0.049518861732210345
16,49,256,98,3,116,0.01828414471978717,1.9592950271944323,1.9592975232086889,1.5568584988184444,0.026517837613204944
16,49,256,98,4,116,0.010429289685932321,16.168812140803585,1.5785543489208047,1.17611532453056,0.0031954392419355215
16,49,256,98,0,117,0.18617799782961683,1.9890972276874177,1.3077594353739541,0.9053204109837107,0.17297739835903178
16,49,256,98,2,117,0.06270299816734468,3.364317529476801,1.3478422478137808,0.9454032234235363,0.05780679773378362
16,49,256,98,3,117,0.03548135692477119,8.45939008827381,1.5230994358262984,1.120660411436054,0.02402117968619793
16,49,256,98,4,117,0.004011096414589011,3.015965881933261,2.288442099944012,1.8860030755537682,0.003269201103789507
16,49,256,98,0,118,0.19874555227598567,2.2444307840206115,1.2640729297917188,0.8616339054014759,0.17847429955667513
16,49,256,98,2,118,0.07329980559087655,2.9736914025510783,1.5464073308959354,1.1439683065056911,0.08205846850996452
16,49,256,98,3,118,0.035120110948424606,5.533307693876811,1.6025115472441498,1.2000725228539064,0.024638253238291996
16,49,256,98,4,118,0.0031345531571856083,1.7544553553308335,2.4306939601381186,2.0282549357478743,0.010427146260934841
16,49,256,98,0,119,0.1831529682830105,2.150642164492349,1.3293753530396977,0.9269363286494539,0.19485735493075648
16,49,256,98,2,119,0.07033322546918237,5.450458141385093,1.3513165875046635,0.9488775631144204,0.039059349505935544
16,49,256,98,3,119,0.036608539781412236,4.876695369602702,1.555609248370994,1.1531702239807498,0.01961860476763243
16,49,256,98,4,119,0.006872277433517295,1.3145718852093382,2.453456877220785,2.0510178528305403,0.0034051524044115405
16,49,256,98,0,120,0.28453196326396063,1.8824770934881798,1.285045611414618,0.8826065870243749,0.2260018525733313
16,49,256,98,2,120,0.11929333765127721,5.858402192779144,1.3221572955633274,0.9197182711730836,0.14670728655669185
16,49,256,98,3,120,0.0144619824458028,3.840356567920921,1.8380294761731015,1.4355904517828577,0.01765356769910326
16,49,256,98,4,120,0.03370424006688862,4.46306779143835,1.348605885493004,0.9461668611027605,0.004103741521264066
16,49,256,98,0,121,0.2546866791775498,2.0179233008618658,1.3023811334134328,0.8999421090231898,0.16119231040316637
16,49,256,98,2,121,0.062153057431563644,2.700030824381556,1.5336965897744215,1.1312575653841783,0.07579879362122287
16,49,256,98,3,121,0.02526440807053867,7.676784324255786,1.5564003019109223,1.1539612775206791,0.017716385192852735
16,49,256,98,4,121,0.021738835111257876,5.484361549322452,1.545404953038989,1.1429659286487457,0.0014860310941864883
16,49,256,98,0,122,0.21526688356818485,2.2082038309074563,1.3001539771637387,0.8977149527734944,0.19597959426355624
16,49,256,98,2,122,0.09713995547620295,2.217945315877539,1.5043617957949897,1.1019227714047464,0.06561123124235409
16,49,256,98,3,122,0.03423482455951367,9.684072903057288,1.6079264012108045,1.2054873768205603,0.007622859808417957
16,49,256,98,4,122,0.009888345920539025,8.541395471703344,1.9977846437671034,1.5953456193768591,0.004213404013450357
16,49,256,98,0,123,0.2938854995243936,2.3423871615110823,1.2604811588321463,0.8580421344419022,0.14097507851365318
16,49,256,98,2,123,0.06778953224556036,2.402937258121232,1.6231135029400878,1.220674478549844,0.09896466998542108
16,49,256,98,3,123,0.044562220234173486,5.392617443777665,1.4549993023538303,1.052560277963586,0.022578246025903328
16,49,256,98,4,123,0.018561409641316865,12.182536273159329,1.4597322629605731,1.0572932385703293,0.0010819156043791573
16,49,256,98,0,124,0.19892437851936703,2.0407517214070237,1.3118906173590772,0.9094515929688338,0.20394790940295088
16,49,256,98,2,124,0.057277753322004715,3.5939055414138297,1.5446400057375165,1.1422009813472727,0.09536472679261071
16,49,256,98,3,124,0.029267650476350854,2.3907847768702397,2.0081851980746697,1.605746173684425,0.019624359993933978
16,49,256,98,4,124,0.02873981214102266,17.405502627631343,1.4748975856270787,1.0724585612368358,0.003800635138386016
16,49,256,98,0,125,0.3069694460129363,2.4030011289665643,1.2679634642980642,0.865524439907821,0.1783939163653529
16,49,256,98,2,125,0.1638974951033851,3.271865405859419,1.358754465640566,0.9563154412503216,0.08642803893835287
16,49,256,98,3,125,0.05623601056667661,3.9358237969080205,1.5048356851375178,1.1023966607472744,0.024697233217106842
16,49,256,98,4,125,0.00687718131473889,4.362864520086523,1.5595000096371967,1.157060985246952,0.001501026430164842
16,49,256,98,0,126,0.2388317473800912,2.21269260263263,1.3031570471549494,0.9007180227647051,0.16046042727103385
16,49,256,98,2,126,0.06439581140715216,4.108455681387974,1.6237789835881224,1.2213399591978789,0.05792856634068496
16,49,256,98,3,126,0.017819206005115343,6.867545328775147,2.1686327907465945,1.7661937663563503,0.019442654054774886
16,49,256,98,4,126,0.0013538471872311284,0.3472182975538342,2.2562050780998515,1.8537660537096077,0.00917178709782839
16,49,256,98,0,127,0.21319669966984633,2.0011262491019,1.2882157900241982,0.8857767656339544,0.1651590799334171
16,49,256,98,2,127,0.07757546284830177,3.4655094335368206,1.4192807069607172,1.0168416825704742,0.05239307579973217
16,49,256,98,3,127,0.03838399284196737,16.101102354012294,1.7004896491426886,1.2980506247524453,0.01362973405974847
16,49,256,98,4,127,0.009898227812138866,20.180769074745378,1.9212910338698104,1.5188520094795663,0.001354985896951882
32,97,512,194,0,0,0.18086804521638317,2.183298570195717,1.2692828325363128,0.8680482646350782,0.11056240770765016
32,97,512,194,2,0,0.08292248436372415,4.916770101806252,1.469238121380411,1.0680035534791763,0.03892672498103955
32,97,512,194,3,0,0.028133884456704342,6.492715637545224,1.7701629462427073,1.3689283783414723,0.015775720804681002
32,97,512,194,4,0,0.006594282372195237,8.486007599007817,1.8951196437543534,1.4938850758531181,0.0004710326175614233
32,97,512,194,0,1,0.19795247090729773,2.37321105028273,1.3144632114454153,0.9132286435441799,0.13950162565842647
32,97,512,194,2,1,0.05251322391350142,4.089411218650293,1.5402168477187792,1.1389822798175437,0.036291438617759776
32,97,512,194,3,1,0.017120579090429505,2.9088993809672266,1.8629386652512556,1.4617040973500224,0.010646201618881747
32,97,512,194,4,1,0.004546598491806197,5.53660828016197,1.9010897912183848,1.4998552233171516,0.0008132380849710452
32,97,512,194,0,2,0.17486750653113659,2.2170257958916544,1.3102969064785353,0.9090623385773,0.14323628167204763
32,97,512,194,2,2,0.07853548476092553,4.268806075634222,1.4850091770951803,1.083774609193945,0.04615796797241757
32,97,512,194,3,2,0.02768294121800347,3.223736533937167,1.6965441103840742,1.2953095424828405,0.010476979940883578
32,97,512,194,4,2,0.004730950826340292,3.3343377914689745,1.9907936880104606,1.5895591201092252,0.0016164615165737179
32,97,512,194,0,3,0.2372458779624515,2.2150790792620128,1.2959760765174821,0.8947415086162493,0.1480013768559315
32,97,512,194,2,3,0.11598291682649553,4.498899291004908,1.3325173340563903,0.9312827661551566,0.050193552121261996
32,97,512,194,3,3,0.029205395626863622,3.393412320633177,1.7109859458400694,1.3097513779388343,0.014964490704611304
32,97,512,194,4,3,0.013427617676506189,9.80397674334099,2.036356519365402,1.6351219514641677,0.001847371433351289
32,97,512,194,0,4,0.21054341636518867,2.1688581223237713,1.297249182895604,0.8960146149943711,0.1313816280058836
32,97,512,194,2,4,0.07536389754852701,3.919430485323115,1.5417231068652477,1.1404885389640143,0.07392641041860767
32,97,512,194,3,4,0.021016219433265055,5.337688863714641,2.1393675694591163,1.7381330015578804,0.005740736019007752
32,97,512,194,4,4,0.012897399466196917,22.92436329088038,1.7982681186969645,1.3970335507957294,0.0023532474634771956
32,97,512,194,0,5,0.19467854291970252,2.2847730508757245,1.2965445868920134,0.8953100189907808,0.12488357211863375
32,97,512,194,2,5,0.07196360614571316,5.382845872655908,1.489583705469628,1.0883491375683931,0.07160408409149081
32,97,512,194,3,5,0.01529315802907143,6.711868667224742,2.0564638464302174,1.655229278528985,0.004708053061616976
32,97,512,194,4,5,0.008959713624145327,3.3226315049053516,1.7721328178273854,1.370898249926153,0.004472582225173351
32,97,512,194,0,6,0.18843923561206052,2.197785438506842,1.3042935804529894,0.9030590125517541,0.12266235303366264
32,97,512,194,2,6,0.10789613258319082,4.969498005670962,1.4026970272726302,1.001462459371396,0.05886968819149683
32,97,512,194,3,6,0.02596066469499498,5.780739921999526,1.6815011491534704,1.280266581252235,0.01526031950984897
32,97,512,194,4,6,0.005968365166289234,6.629035202333991,1.8373173596513395,1.4360827917501062,0.001969437029945388
32,97,512,194,0,7,0.19907900615044063,2.3264640200721836,1.2742931711453518,0.8730586032441181,0.12949958209442208
32,97,512,194,2,7,0.13877910144627584,4.750707516310243,1.3061546684205405,0.9049201005193055,0.03768396487175503
32,97,512,194,3,7,0.030896698330178697,3.421545967470862,1.809052994297918,1.407818426396684,0.015366204226588619
32,97,512,194,4,7,0.0069581605850630324,19.083906735526085,1.6879118913632571,1.2866773234620226,0.003043138230643661
32,97,512,194,0,8,0.2196414648354458,2.2124317267606743,1.2978869446698258,0.8966523767685928,0.11819318878777266
32,97,512,194,2,8,0.054877655098482456,4.020159801191177,1.564753507756393,1.1635189398551589,0.032618288548217654
32,97,512,194,3,8,0.026148821375179016,5.1560555741199146,1.7505314696072363,1.3492969017060013,0.014921098835821841
32,97,512,194,4,8,0.006379756020258097,14.995828552626165,2.100151942977708,1.6989173750764728,0.0008379505126473948
32,97,512,194,0,9,0.1763127586994964,2.3598423936764488,1.2984719553179815,0.8972373874167481,0.13703028452663849
32,97,512,194,2,9,0.10340146081439783,4.872093824891216,1.4325369582302754,1.0313023903290421,0.05804012546939372
32,97,512,194,3,9,0.03942583726869518,12.940051597288358,1.5552636181108572,1.1540290502096227,0.006277648067033431
32,97,512,194,4,9,0.005732634759418555,30.471674492581464,1.8777900316853087,1.4765554637840737,0.0005469291173838185
32,97,512,194,0,10,0.21976982352999738,2.413261066202911,1.293573709325503,0.8923391414242694,0.13249917827801744
32,97,512,194,2,10,0.08242313029994915,4.707809000464443,1.4782959922046626,1.0770614243034267,0.031922352157749107
32,97,512,194,3,10,0.02561359500575675,4.917921597770935,1.7286263488926017,1.3273917809913662,0.00796305390871372
32,97,512,194,4,10,0.014238387873318119,14.011447748669585,1.535444514389017,1.1342099464877826,0.0017404760743783506
32,97,512,194,0,11,0.20680563872302496,2.3227559283594306,1.2781374722748997,0.8769029043736651,0.12465150539297186
32,97,512,194,2,11,0.07873373823453653,4.234344899475683,1.4539552731657335,1.0527207052644982,0.07992614499816166
32,97,512,194,3,11,0.0211986733679108,4.2741078190813155,1.8705718346084765,1.4693372667072424,0.015115659187997116
32,97,512,194,4,11,0.019505894547761995,9.942588764024547,1.6660593487374329,1.2648247808362,0.003759939598204875
32,97,512,194,0,12,0.2182713081119148,2.122018576759697,1.297504548099615,0.8962699801983796,0.13278467580640485
32,97,512,194,2,12,0.08838362491143101,4.792321600278036,1.436064216605426,1.0348296487041928,0.058457385002092487
32,97,512,194,3,12,0.024663274204137386,4.413278730544105,1.7327996491756983,1.3315650812744657,0.008972220831089207
32,97,512,194,4,12,0.009711434071458367,7.668256498732463,1.7869264774349232,1.3856919095336906,0.004874436815856463
32,97,512,194,0,13,0.22014320431813902,2.3703545967819757,1.2843337533715173,0.8830991854702823,0.10977102008907672
32,97,512,194,2,13,0.06723788195183632,2.514226995741897,1.65574353786868,1.2545089699674463,0.08629365113847406
32,97,512,194,3,13,0.028447637201311424,11.491036000772647,1.481752875269641,1.0805183073684077,0.009490169538403408
32,97,512,194,4,13,0.01437112465293914,10.88118231119647,1.7069275548429166,1.3056929869416827,0.003197767947339293
32,97,512,194,0,14,0.22228407092860822,2.1640557812109376,1.2683002717256624,0.86706570382443,0.11311798258776586
32,97,512,194,2,14,0.07346377877906178,4.161432282917633,1.4474734019621416,1.0462388340609081,0.06610524202072827
32,97,512,194,3,14,0.02136630177262476,7.108473055463026,1.6167500136574846,1.2155154457562496,0.015871060880095628
32,97,512,194,4,14,0.004899647734195618,10.478098255926712,2.371308618344508,1.970074050443273,0.0014226949499134543
32,97,512,194,0,15,0.21612510452945038,2.294112121016988,1.2805909512128066,0.8793563833115741,0.1265505918787693
32,97,512,194,2,15,0.08774707915815573,4.317823360974028,1.4840705072920317,1.0828359393907974,0.050626963329582074
32,97,512,194,3,15,0.045974532208929664,12.268241206653393,1.55365211205448,1.152417544153245,0.010245177986971145
32,97,512,194,4,15,0.00833065223610342,4.001387425023821,1.7549792154920416,1.3537446475908084,0.0007940586545853993
32,97,512,194,0,16,0.20076137149125714,2.1739529369175044,1.3093597354107633,0.9081251675095281,0.14158512761913955
32,97,512,194,2,16,0.06124547876349185,3.749515098301358,1.51520627127275,1.113971703371515,0.05460714735293701
32,97,512,194,3,16,0.040362697246168755,4.256448066337552,1.75254289519135,1.3513083272901163,0.010778656516760179
32,97,512,194,4,16,0.007878238537531767,5.117615882657267,1.861825442469765,1.4605908745685312,0.004239263762298992
32,97,512,194,0,17,0.23994220133545704,2.318824836104379,1.2778213320678082,0.876586764166575,0.12577149655672015
32,97,512,194,2,17,0.0772208579853533,3.950463735101513,1.5067008213587063,1.1054662534574717,0.05784483803406613
32,97,512,194,3,17,0.0445384355633184,6.207487869477058,1.4553918068738325,1.0541572389726,0.009027705194197575
32,97,512,194,4,17,0.007378297828658881,3.7426727299508937,1.8204999435366338,1.4192653756354012,0.005209908375496351
32,97,512,194,0,18,0.21853570201445952,2.1657755640939658,1.3080826732752775,0.906848105374042,0.15167776625868215
32,97,512,194,2,18,0.0618710020477269,4.9140589967871104,1.3599387499709161,0.9587041820696811,0.03899457361713915
32,97,512,194,3,18,0.023981966764120805,4.0926024664227585,1.6707413176383956,1.269506749737161,0.009736448869933835
32,97,512,194,4,18,0.00821042044290708,15.195405718434653,1.8846392111467287,1.4834046432454961,0.0017281520205732447
32,97,512,194,0,19,0.19580064943092731,2.38901137137411,1.2736472496229132,0.8724126817216806,0.10745531078568635
32,97,512,194,2,19,0.07024211533670653,3.1653751262223575,1.4966209651179398,1.095386397216707,0.04637151773059985
32,97,512,194,3,19,0.03292242297314749,8.670507918573175,1.5495223470549235,1.1482877791536907,0.019808176359039645
32,97,512,194,4,19,0.006304416677980385,6.5834317226325245,2.1693695065830783,1.7681349386818432,0.0022591428213337116
32,97,512,194,0,20,0.20251380895604945,2.0474873941038125,1.305136607971596,0.9039020400703635,0.1351467934149804
32,97,512,194,2,20,0.076492220145105,3.2686048917641157,1.464459623630461,1.0632250557292267,0.06263431855252906
32,97,512,194,3,20,0.03196887577688376,8.921082896665393,1.6589439289713845,1.2577093610701517,0.013545937246048512
32,97,512,194,4,20,0.009833484513636526,3.5848059746674936,2.214417454108129,1.8131828862068957,0.0037206850276768648
32,97,512,194,0,21,0.23405752527513574,2.4393825966947102,1.2729787428536197,0.8717441749523864,0.1402437563839973
32,97,512,194,2,21,0.07226257006566392,4.345406335339944,1.553166027190255,1.1519314592890204,0.04963345213308441
32,97,512,194,3,21,0.028393707354314426,4.578921209163679,1.8101381892867905,1.408903621385555,0.033006918126401545
32,97,512,194,4,21,0.004300836917106667,4.897551186795878,2.0312351466614014,1.6300005787601677,0.0014247311718999984
32,97,512,194,0,22,0.21320347764149336,2.450600774216264,1.2772716081092956,0.8760370402080611,0.12304661017190516
32,97,512,194,2,22,0.05914335920623375,4.161929116957645,1.4658685112970193,1.064633943395787,0.04661538484251894
32,97,512,194,3,22,0.03211689768319908,11.373233459749098,1.610733314359618,1.209498746458383,0.016048453817139964
32,97,512,194,4,22,0.006447266387602716,6.193708253086834,2.051855463347221,1.6506208954459858,0.0025925278814571545
32,97,512,194,0,23,0.21114262574239775,2.213293222135448,1.3072024275306575,0.905967859629424,0.14005330595232074
32,97,512,194,2,23,0.09280131390900488,4.290853065716265,1.406523124549566,1.0052885566483312,0.04588244798501436
32,97,512,194,3,23,0.039018196005574345,6.351319907780837,1.5891694140795996,1.187934846178365,0.004553094475896317
32,97,512,194,4,23,0.01146029336405466,12.75835798026409,1.9541519528564626,1.5529173849552294,0.0026799826034519386
32,97,512,194,0,24,0.19317539069290462,2.299838784855011,1.314936013168103,0.9137014452668701,0.12859441212719824
32,97,512,194,2,24,0.0758534292226294,3.668884768871116,1.5031326013782444,1.1018980334770099,0.0671937862816675
32,97,512,194,3,24,0.02196904236246574,11.249079588190465,1.6105547068477375,1.2093201389465023,0.003100093071780163
32,97,512,194,4,24,0.008420594199481537,5.892369075010173,2.2775186558565275,1.8762840879552947,0.0030557351449924026
32,97,512,194,0,25,0.17107517766864527,2.163129762668738,1.3211761423546047,0.9199415744533717,0.13775842738710753
32,97,512,194,2,25,0.08170388581365616,5.519686908371458,1.3291654936384458,0.9279309257372113,0.04196534255349926
32,97,512,194,3,25,0.012523203544760886,4.067124423477778,2.093928708265154,1.692694140363919,0.01606015384891469
32,97,512,194,4,25,0.008085488289831131,9.868483836235535,2.0196183601473017,1.6183837922460675,0.005555121479325165
32,97,512,194,0,26,0.21958214547749694,2.3447181323379787,1.2843051682192341,0.8830706003179998,0.12256354576968985
32,97,512,194,2,26,0.07926685861466021,3.9399598414706705,1.4809757230662033,1.0797411551649674,0.057843439798585555
32,97,512,194,3,26,0.02217335414944483,6.177751472627179,1.9414041764597194,1.540169608558486,0.010749038446208373
32,97,512,194,4,26,0.008777797809211969,13.951629531635348,1.6933006318900192,1.2920660639887842,0.0014372982384668472
32,97,512,194,0,27,0.19215088775839254,2.343492559673001,1.2912675531508784,0.8900329852496434,0.12418862100342425
32,97,512,194,2,27,0.08710804596344429,3.822819764434652,1.5317512268120979,1.1305166589108637,0.051456653017499694
32,97,512,194,3,27,0.017547392937926887,5.864148138437534,2.0936763336070596,1.6924417657058264,0.01177101422549353
32,97,512,194,4,27,0.005968240395191737,7.372597723402784,2.1021377033472586,1.7009031354460227,0.001458422586862355
32,97,512,194,0,28,0.22961267790475537,2.4565402868950015,1.2880130574434898,0.8867784895422552,0.13965605364194902
32,97,512,194,2,28,0.0593770951321016,3.7254390831669584,1.5545542887281407,1.1533197208269073,0.0986226901116994
32,97,512,194,3,28,0.030463707566506102,6.333525311241212,1.7668231062697304,1.3655885383684954,0.009824108303777388
32,97,512,194,4,28,0.010254097971888417,8.753490674694724,1.955906074931443,1.5546715070302106,0.0027617960724114444
32,97,512,194,0,29,0.20138366223443113,2.3600415980801737,1.278886057453057,0.8776514895518233,0.12771959250765644
32,97,512,194,2,29,0.07873002044634489,4.4718018866246725,1.5045919885513905,1.1033574206501555,0.05348416942932008
32,97,512,194,3,29,0.019012716909585847,16.366801571284405,1.654197222727157,1.2529626548259216,0.006081000172648912
32,97,512,194,4,29,0.009799190461514276,17.622820530731126,1.9075855443903011,1.5063509764890668,0.006444838089614208
32,97,512,194,0,30,0.18753999840362157,2.498788444315357,1.2937937138684663,0.8925591459672333,0.1355757454250578
32,97,512,194,2,30,0.06578883557904511,4.0362762483822845,1.6191964677982356,1.217961899897002,0.028477766414002428
32,97,512,194,3,30,0.026063616902284533,3.4712309079645483,1.5748175315595958,1.1735829636583617,0.021519961297083275
32,97,512,194,4,30,0.006529116222697694,2.671546454946224,1.6403447489647154,1.2391101810634808,0.005514082448575741
32,97,512,194,0,31,0.18996825879891605,2.483567757252507,1.288631304323888,0.8873967364226552,0.13565878030909764
32,97,512,194,2,31,0.09260616556764306,7.636264102585635,1.4136446761328207,1.0124101082315882,0.026843081004403493
32,97,512,194,3,31,0.01972583920553017,7.579022932911377,1.8957805354673294,1.494545967566097,0.012541037108973602
32,97,512,194,4,31,0.011830804338069883,13.466767509283908,1.780908924020694,1.3796743561194589,0.0018359647176628996
32,97,512,194,0,32,0.251904453151882,2.4685864990503728,1.2610260515004938,0.8597914835992597,0.13749155376260822
32,97,512,194,2,32,0.07029780142142446,3.954700750700619,1.6125663008867321,1.2113317329854993,0.03994228681146823
32,97,512,194,3,32,0.02967563344148536,4.508730202987336,1.553283419873699,1.1520488519724665,0.009188540503040663
32,97,512,194,4,32,0.003641141060321782,5.955295635591471,1.8610699310918095,1.4598353631905745,0.0016886825059845604
32,97,512,194,0,33,0.1813043315207678,2.2828545597403713,1.2955264458084896,0.8942918779072571,0.12575602446081532
32,97,512,194,2,33,0.06332156143214131,4.66243533952627,1.412254344614551,1.0110197767133187,0.05328370861030878
32,97,512,194,3,33,0.016984258824185725,6.143645576131136,2.149326816854508,1.7480922489532738,0.005834641506480428
32,97,512,194,4,33,0.009446684024188004,10.79292225286223,2.034807238808412,1.6335726709071778,0.0019167872692776337
32,97,512,194,0,34,0.20922754919972605,2.506741310587627,1.2892626323511627,0.8880280644499301,0.13570056791770813
32,97,512,194,2,34,0.0826975841148053,3.307263240729397,1.517731737917404,1.1164971700161708,0.0599671156313999
32,97,512,194,3,34,0.027898069622043477,7.297458490778327,1.5496683841140935,1.148433816212858,0.010292112749569784
32,97,512,194,4,34,0.012419745651268833,7.978962160361895,1.806126498083127,1.4048919301818934,0.001027438207286976
32,97,512,194,0,35,0.19324458561765923,2.447567136581937,1.2781777484772072,0.8769431805759744,0.14329747552445737
32,97,512,194,2,35,0.08192060914183626,3.628312173845221,1.4945119350293896,1.093277367128156,0.05891902422512245
32,97,512,194,3,35,0.03594211639936825,6.956018345843953,1.5747026337794865,1.1734680658782537,0.007974115709082514
32,97,512,194,4,35,0.006018418994732671,26.276485265311308,1.7854500778560674,1.3842155099548314,0.0005396952537659595
32,97,512,194,0,36,0.18463979578617964,2.291133223439227,1.2753319718627611,0.8740974039615281,0.13287355516961571
32,97,512,194,2,36,0.0701780168457317,2.947193614927139,1.467383481420129,1.0661489135188944,0.05623426541151455
32,97,512,194,3,36,0.018809769863218168,2.873106700049804,2.08527472609095,1.6840401581897169,0.02433895711887525
32,97,512,194,4,36,0.004049817480614448,5.944150149290357,2.0699405373322293,1.6687059694309951,0.0013816951017761193
32,97,512,194,0,37,0.1648095228592823,2.4047667119674143,1.3073153881983788,0.9060808202971451,0.11657436068801368
32,97,512,194,2,37,0.07188895584624762,3.7478849597018282,1.4327993436830309,1.0315647757817956,0.07199673901868041
32,97,512,194,3,37,0.025259653896339267,4.949583613044596,1.7632636701859914,1.3620291022847582,0.012061088379869609
32,97,512,194,4,37,0.007186977944652737,30.22666380177686,1.699672952772565,1.2984383848713321,0.0012830804484534415
32,97,512,194,0,38,0.2439070000479799,2.190167118624181,1.2866313388075024,0.8853967709062687,0.1480313619525971
32,97,512,194,2,38,0.07732335372201611,3.1063347173462015,1.5600465847531222,1.1588120168518898,0.036850252113273654
32,97,512,194,3,38,0.01114768469327546,9.336346216842728,2.1808351453806782,1.7796005774794459,0.015928152501814757
32,97,512,194,4,38,0.00757340172875906,15.182078938225999,1.7137783113322493,1.3125437434310143,0.0026399777453615845
32,97,512,194,0,39,0.22693585093436666,2.5318882125114373,1.28834052198074,0.8871059540795052,0.1180472745534476
32,97,512,194,2,39,0.08324461864055004,4.65120429881879,1.436040344279681,1.0348057763784482,0.05892365238929049
32,97,512,194,3,39,0.03683507198425719,6.426318580920986,1.7953736855042561,1.3941391176030216,0.006928773501896015
32,97,512,194,4,39,0.007452544731870921,4.288859629109718,1.9955575453633094,1.594322977462074,0.002683503832733355
32,97,512,194,0,40,0.19492462515087539,2.326767709459153,1.2761372398522974,0.8749026719510624,0.12965775216450173
32,97,512,194,2,40,0.07921270578425128,3.615461871169797,1.4729776622278181,1.0717430943265853,0.046890090497584
32,97,512,194,3,40,0.027375062188672025,4.374997184369191,1.927412699971613,1.5261781320703776,0.0069724605010895715
32,97,512,194,4,40,0.01458805234890724,5.19598193506315,1.461436698138187,1.0602021302369522,0.0012122543361791156
32,97,512,194,0,41,0.19348710858919055,2.2409889433794916,1.31921436920185,0.9179798013006142,0.13541206397526395
32,97,512,194,2,41,0.06496534946296705,3.6550910502264617,1.488240920810505,1.0870063529092704,0.048548144605743956
32,97,512,194,3,41,0.02853877433692011,6.761199855342493,1.7303964893871107,1.329161921485877,0.016759255934077063
32,97,512,194,4,41,0.007253961276565829,15.924077813609166,2.0694499973083254,1.6682154294070912,0.00021627862296605185
32,97,512,194,0,42,0.21176664781323964,2.550198353654208,1.2724911167966309,0.8712565488953956,0.1131065272109993
32,97,512,194,2,42,0.05310812030490013,5.1039864306569225,1.6645135028239881,1.2632789349227558,0.05062409700795297
32,97,512,194,3,42,0.019594153609130943,4.463655777701815,1.9047431230399832,1.5035085551387475,0.008285935476803926
32,97,512,194,4,42,0.015530389916594766,12.766064761399104,1.5005398452666112,1.099305277365378,0.0010734221085204562
32,97,512,194,0,43,0.2135790965464983,2.2610932315234233,1.295683855530009,0.894449287628774,0.15361603225044754
32,97,512,194,2,43,0.07459973113078379,4.678798960082943,1.4970669721705483,1.0958324042693128,0.02860381878762832
32,97,512,194,3,43,0.026998806862993295,11.88180587950458,1.8110705310185007,1.409835963117267,0.008092982024038232
32,97,512,194,4,43,0.005032072189144217,13.930839350642511,2.086650379784445,1.6854158118832103,0.0010795527513651237
32,97,512,194,0,44,0.23022719622125015,2.3291519752544367,1.273740226240044,0.8725056583388096,0.13015038518209218
32,97,512,194,2,44,0.062393184296583096,2.9505392849625958,1.5431514116029326,1.141916843701697,0.04969003501653487
32,97,512,194,3,44,0.02405808941147811,5.988236042514722,1.6540156015685286,1.2527810336672935,0.005502132311425067
32,97,512,194,4,44,0.010574512265561397,7.347015766762707,1.726182123334807,1.324947555433571,0.002680276325475448
32,97,512,194,0,45,0.2374919609978967,2.4810321578689907,1.2844017915474435,0.8831672236462111,0.13754209622293836
32,97,512,194,2,45,0.12592024170590377,4.309956681938863,1.385130984324768,0.9838964164235335,0.04859860211461068
32,97,512,194,3,45,0.043706692918667536,4.453090917954745,1.4772072629677626,1.075972695066529,0.010946642632961873
32,97,512,194,4,45,0.007130356152474563,13.44558977063803,1.848702009739124,1.4474674418378903,0.0014251044489768214
32,97,512,194,0,46,0.2132317635500544,2.3695749220031432,1.2889513730397135,0.8877168051384778,0.1382370916009187
32,97,512,194,2,46,0.06814718903057554,4.530477808085173,1.4745529277421467,1.0733183598409113,0.04551531122797971
32,97,512,194,3,46,0.027026946008573017,16.623405118328314,1.896604319117782,1.495369751216547,0.002278093976500591
32,97,512,194,4,46,0.02212206636302111,8.574354434317335,1.6279233770257253,1.226688809124493,0.002808798691516696
32,97,512,194,0,47,0.18937023915780607,2.3031803636901502,1.3088485063549615,0.9076139384537285,0.1336698376412155
32,97,512,194,2,47,0.0757631243503637,3.1749779554201245,1.5422091235403435,1.140974555639108,0.06563984795008636
32,97,512,194,3,47,0.021049769676010927,7.3179014374249665,1.9338293480403637,1.532594780139128,0.011284272690812542
32,97,512,194,4,47,0.01578997052653153,48.342533591238634,1.766180882579898,1.3649463146786651,0.0026054303366201915
32,97,512,194,0,48,0.2038004299258817,2.145166256251928,1.2935148677808455,0.8922802998796122,0.12794991448588977
32,97,512,194,2,48,0.06823287292947482,4.531887725577665,1.5358869556143246,1.1346523877130892,0.03891077647038235
32,97,512,194,3,48,0.02302623819432194,3.944486667445682,1.8397415396332488,1.4385069717320143,0.019570217898829907
32,97,512,194,4,48,0.008577036662587622,12.036465050080167,1.6974626054289077,1.2962280375276727,0.0016836357796790136
32,97,512,194,0,49,0.23742772495484377,2.194536841073849,1.2829693941518276,0.8817348262505931,0.12980438305579406
32,97,512,194,2,49,0.051630295600594955,3.3630292120641005,1.6013338733617535,1.200099305460519,0.05589306347499452
32,97,512,194,3,49,0.029050016126752586,3.671576229272721,1.6512909648140832,1.25005639691285,0.018341078562989572
32,97,512,194,4,49,0.008512017967427107,6.8886648621656335,1.8761209538386125,1.4748863859373778,0.0015096629322188504
32,97,512,194,0,50,0.2138193094168891,2.513856510216274,1.3030327184817783,0.901798150580543,0.13306187471646175
32,97,512,194,2,50,0.09383324252323429,3.291938778990884,1.4806903030549465,1.0794557351537115,0.04813640695344641
32,97,512,194,3,50,0.02322783223300484,6.865168495075794,2.101310511040723,1.7000759431394883,0.020363117532122967
32,97,512,194,4,50,0.011478086440913861,9.79409331606546,1.886270507623529,1.4850359397222945,0.0018671026640458479
32,97,512,194,0,51,0.2510408078695253,2.275843504496227,1.2896839106135898,0.8884493427123559,0.1329845120481996
32,97,512,194,2,51,0.09620530456440164,3.7280138080115313,1.3463706100634927,0.9451360421622574,0.03575906958961402
32,97,512,194,3,51,0.03586360285715184,29.22357454413995,1.7053199250303481,1.3040853571291144,0.007230930364908284
32,97,512,194,4,51,0.0035424364052318684,5.604327722361983,1.9855491180928064,1.5843145501915714,0.0014785755950290002
32,97,512,194,0,52,0.25805414988042846,2.2860260579389586,1.281480866112255,0.88024629821102,0.1294935724806048
32,97,512,194,2,52,0.07917129005178536,2.9970842141350595,1.5386934193590749,1.1374588514578399,0.06153877407007982
32,97,512,194,3,52,0.035584984846564624,6.0216438096493885,1.510798992620973,1.1095644247197392,0.01541672076995413
32,97,512,194,4,52,0.009054537495093988,18.3014830479474,1.580321431700996,1.1790868637997605,0.001791357579302509
32,97,512,194,0,53,0.18982667597998662,2.2834648274260703,1.2999782487734675,0.8987436808722329,0.1350698503823578
32,97,512,194,2,53,0.05497360767387624,3.0335644683942093,1.5499878648059906,1.1487532969047578,0.06258309231252937
32,97,512,194,3,53,0.06122582904023737,17.4567941977621,1.4238721033635224,1.0226375354622874,0.006015089693701159
32,97,512,194,4,53,0.009762897197191355,4.335979158906856,1.7360785131400338,1.3348439452387986,0.004794268844295968
32,97,512,194,0,54,0.2008440255686733,2.2973492532854203,1.2720793381426623,0.8708447702414297,0.13272910818428163
32,97,512,194,2,54,0.06930568431375284,7.918930307944294,1.4868393144225294,1.0856047465212946,0.03331672436348746
32,97,512,194,3,54,0.03049211862445561,9.864438482860919,1.669874681148384,1.2686401132471516,0.012754855945608861
32,97,512,194,4,54,0.007324901502221583,2.6268419694418745,1.9198694650038042,1.5186348971025687,0.0018395608575954695
32,97,512,194,0,55,0.2213634711923661,2.4224360870587156,1.3058031104846997,0.9045685425834655,0.1273648490766273
32,97,512,194,2,55,0.10871975128023952,2.8916347708232655,1.3942913772500096,0.9930568093487757,0.055785937270210646
32,97,512,194,3,55,0.02841423450043813,7.848660558988039,1.5106810807332673,1.109446512832033,0.02039619727892471
32,97,512,194,4,55,0.01569289108194397,8.826027269196246,1.493596061987635,1.0923614940864006,0.005048770165323612
32,97,512,194,0,56,0.23392148130699547,2.3207029391874014,1.2907745478140438,0.8895399799128114,0.11783706807694211
32,97,512,194,2,56,0.08132698697815062,2.438214969349918,1.4921337363269611,1.0908991684257288,0.0524045740351505
32,97,512,194,3,56,0.025004470950391607,21.964849525797923,1.6828930463786196,1.281658478477386,0.0054963348116838714
32,97,512,194,4,56,0.02257097236979271,6.378622096310862,1.7097028591623626,1.3084682912611285,0.004730438694882278
32,97,512,194,0,57,0.21448552919765346,2.1792598069265083,1.2897796255216034,0.8885450576203695,0.13961958415146586
32,97,512,194,2,57,0.08520753191974305,4.093025973460479,1.4837963637098057,1.082561795808573,0.04060740611020666
32,97,512,194,3,57,0.030043565525395756,6.3446775211161235,1.8065379613523942,1.4053033934511596,0.004465627405459462
32,97,512,194,4,57,0.00829869935220923,4.24718537937853,2.044347415314328,1.643112847413093,0.0022858027297005474
32,97,512,194,0,58,0.23379559552962978,2.4717971671039836,1.2738504713547667,0.8726159034535321,0.12335502001254887
32,97,512,194,2,58,0.11430914404725219,2.981488173753603,1.447612601682634,1.0463780337814015,0.06519729043559308
32,97,512,194,3,58,0.030288030450443853,11.106818991433688,1.7646615859080077,1.3634270180067745,0.006325489048714639
32,97,512,194,4,58,0.007650449664736111,10.280656549406316,1.913826432088793,1.5125918641875593,0.0017888577218562304
32,97,512,194,0,59,0.19400735881654343,2.3469517104544253,1.3043863597750662,0.9031517918738317,0.12781450610057785
32,97,512,194,2,59,0.07475487638541053,3.8503244355844743,1.4379049028386077,1.036670334937373,0.0677818262203344
32,97,512,194,3,59,0.0356012355571847,5.280596096886935,1.6123547186944385,1.211120150793203,0.003330485974793788
32,97,512,194,4,59,0.005076477127707396,3.384824486801681,2.091640144353155,1.6904055764519192,0.0025537458436985057
32,97,512,194,0,60,0.18432341278392522,2.359418514177813,1.269746808241123,0.8685122403398893,0.13925862656872723
32,97,512,194,2,60,0.07662533149667833,3.9018217287098915,1.3675162856887015,0.9662817177874672,0.04475175133530824
32,97,512,194,3,60,0.03276879695384675,15.871176220649616,1.8425821055000582,1.4413475375988227,0.00513598447849854
32,97,512,194,4,60,0.0034755001829544175,7.3085766827816325,2.2637967214318597,1.8625621535306252,0.0027552940499483564
32,97,512,194,0,61,0.18725112622835124,2.3836025282527613,1.288705341470598,0.8874707735693654,0.11691117150144444
32,97,512,194,2,61,0.10943820601460073,5.238375167833018,1.3981063801491078,0.9968718122478748,0.03286873865532031
32,97,512,194,3,61,0.023506643430179167,15.090477583451431,1.6687807823361602,1.267546214434926,0.009163858286839898
32,97,512,194,4,61,0.015115896383940498,15.770616554785427,1.646929895322248,1.2456953274210143,0.0009103990205426339
32,97,512,194,0,62,0.18232209165605812,2.494629649066954,1.320772495664822,0.9195379277635887,0.1361637844348732
32,97,512,194,2,62,0.057271326690345375,3.7697032572463103,1.4506575065513312,1.0494229386500962,0.05627783517507303
32,97,512,194,3,62,0.03721763569630145,6.669199962139297,1.5565381731322425,1.1553036052310084,0.01264651599635097
32,97,512,194,4,62,0.004589731174911252,3.3326915298593747,2.2646483061320914,1.8634137382308573,0.0055557544370217465
32,97,512,194,0,63,0.20000110668472887,2.317782635222385,1.3044223664810064,0.903187798579772,0.12543044153586988
32,97,512,194,2,63,0.050657777076514254,3.2984352710048537,1.5450456781741102,1.1438111102728747,0.03970510124162994
32,97,512,194,3,63,0.03864033348959905,14.336196421756544,1.3195549454613986,0.918320377560164,0.005736471377577761
32,97,512,194,4,63,0.008694891055019591,3.778237531467389,2.057895334364699,1.6566607664634638,0.0010472484062164448
32,97,512,194,0,64,0.21944236318780827,2.1825750139432776,1.3072151893397321,0.9059806214384984,0.1437489323401766
32,97,512,194,2,64,0.07629114554134939,4.149878800887015,1.3884929004551785,0.9872583325539459,0.0725882803890806
32,97,512,194,3,64,0.030245362899823918,8.914404173717426,1.6551262375818703,1.2538916696806375,0.011455224771606213
32,97,512,194,4,64,0.006841117146470777,6.788216733592677,2.1202711089077013,1.7190365410064672,0.003476164614674826
32,97,512,194,0,65,0.22557209179207563,2.2440016829276628,1.2942759861770994,0.8930414182758639,0.1510118488573968
32,97,512,194,2,65,0.13393491280139277,3.6758429511233084,1.3355344328377063,0.9342998649364738,0.05430819790471918
32,97,512,194,3,65,0.026182401282076585,3.4978143284512573,1.639865934406087,1.2386313665048547,0.015892064829603807
32,97,512,194,4,65,0.006963651373534263,6.062679030340993,1.9033106438560412,1.5020760759548075,7.36377286903818e-05
32,97,512,194,0,66,0.20774800797819493,2.250046967535566,1.3055961058380678,0.9043615379368326,0.13421247849205706
32,97,512,194,2,66,0.07347445387739764,2.621797707598235,1.5328044076059102,1.1315698397046745,0.06834952841619418
32,97,512,194,3,66,0.02631541072546487,7.938088920692753,1.5794647390164354,1.1782301711151995,0.010368611167755873
32,97,512,194,4,66,0.0055345138696073545,5.834314041568275,2.0725790795553074,1.6713445116540733,0.002177207066010178
32,97,512,194,0,67,0.22914012851878385,2.366089641470289,1.276239523154751,0.875004955253516,0.128387914682723
32,97,512,194,2,67,0.08632928488281627,3.8942511900676884,1.544195801738992,1.1429612338377595,0.023215998056930975
32,97,512,194,3,67,0.015004488824653713,4.567232791731673,2.0742122197581505,1.6729776518569182,0.008131747150780824
32,97,512,194,4,67,0.010859099962741389,5.467338567208848,1.7588501345674106,1.3576155666661762,0.002819323033989674
32,97,512,194,0,68,0.210493422845432,2.3217473543495113,1.28987975402644,0.8886451861252063,0.11887618424401042
32,97,512,194,2,68,0.08746799615716136,4.375185214847971,1.5190876534706828,1.1178530855694468,0.03881738985878443
32,97,512,194,3,68,0.0288586411081498,12.819728485407481,1.6709740698498685,1.269739501948635,0.005917011012152926
32,97,512,194,4,68,0.016095094603208463,9.100392316488833,1.7467799600793141,1.3455453921780816,0.004821492016141516
32,97,512,194,0,69,0.22473793564216296,2.3635244337792845,1.2776304683926805,0.8763959004914454,0.15552325440128412
32,97,512,194,2,69,0.10425851027406179,3.775826067354008,1.4208790874303858,1.0196445195291517,0.05131561728731527
32,97,512,194,3,69,0.031497292428537486,4.4542044171837425,1.8876087911042045,1.4863742232029686,0.028989459987663686
32,97,512,194,4,69,0.009226153008899285,12.498475582821747,1.577329407681562,1.1760948397803297,0.0010863276823985717
32,97,512,194,0,70,0.20478198057774005,2.0301871802862546,1.2754869047453372,0.8742523368441049,0.1398480621004107
32,97,512,194,2,70,0.09345858793361765,3.3642498410538373,1.3724095957020974,0.9711750278008644,0.0368500214728941
32,97,512,194,3,70,0.022487792823271482,6.907450279078322,1.6996764166806089,1.298441848779376,0.011707253335996592
32,97,512,194,4,70,0.012880674217908287,13.361707388713235,1.9084755823372137,1.50724101443598,0.002471019883400277
32,97,512,194,0,71,0.17177348171410362,2.2817072730130183,1.3196719796415513,0.9184374117403173,0.14562470117680437
32,97,512,194,2,71,0.08191381813620006,3.0761271227055365,1.4599454971746768,1.0587109292734418,0.05726066003415726
32,97,512,194,3,71,0.019695611631841338,2.8980618878847615,1.9334944095031055,1.5322598416018707,0.017814085621660876
32,97,512,194,4,71,0.0062791728696479625,1.972426585076999,1.833407505518195,1.4321729376169614,0.0024148516234256323
32,97,512,194,0,72,0.20308137971859688,2.2525532382603948,1.293974888466229,0.8927403205649966,0.13243848206856057
32,97,512,194,2,72,0.0994967300584244,3.294163986613934,1.4493940700539207,1.0481595021526857,0.04124534811554238
32,97,512,194,3,72,0.028498634968500136,9.390243524909675,1.6314453824555089,1.230210814554276,0.02285643156561646
32,97,512,194,4,72,0.013304521243377988,5.8403485030557185,1.6517678515209113,1.2505332836196779,0.005338502719377274
32,97,512,194,0,73,0.24392035449476315,2.3649844608601707,1.2992629366562778,0.8980283687550425,0.15452102405407625
32,97,512,194,2,73,0.07024814739822226,3.203249047352006,1.5571561764209,1.155921608519666,0.0425388016473843
32,97,512,194,3,73,0.024738843367863635,5.736338958702321,1.8195519930776762,1.4183174251764434,0.008379363572596943
32,97,512,194,4,73,0.009003156378427189,4.079317774071172,2.195995918734236,1.794761350833003,0.0037659907377465243
32,97,512,194,0,74,0.20539419676413853,2.2234747911439467,1.2970313794818042,0.8957968115805706,0.10293911106421351
32,97,512,194,2,74,0.0911109007517496,4.3924171048325515,1.4730748936393003,1.0718403257380658,0.05430617618859656
32,97,512,194,3,74,0.04043140913663451,9.574821511908077,1.584485315793925,1.1832507478926892,0.014091081291325266
32,97,512,194,4,74,0.012082530257937723,5.595315933913964,1.9763296561655226,1.5750950882642876,0.004161560601291033
32,97,512,194,0,75,0.17696804570565072,2.193389909593851,1.2932700399805261,0.8920354720792929,0.11892456721487656
32,97,512,194,2,75,0.061116287510654545,4.427478488463471,1.4314815613645233,1.0302469934632903,0.053849730290029076
32,97,512,194,3,75,0.038690090912674675,9.62255550223179,1.4827649203145263,1.0815303524132922,0.00396998240187428
32,97,512,194,4,75,0.013567776897871682,5.27344248850644,1.5824525224185093,1.181217954517276,0.0024727540240135487
32,97,512,194,0,76,0.2280015331536724,2.388495197027936,1.266591068618872,0.8653565007176383,0.11858063910601084
32,97,512,194,2,76,0.08820189352986639,3.3494696393272916,1.4388177414704335,1.0375831735691996,0.06205070918606581
32,97,512,194,3,76,0.025203872509825996,4.574284890893912,1.8924322674194605,1.491197699518228,0.014455451005862372
32,97,512,194,4,76,0.010815287900230494,17.125945465516608,2.054788545173335,1.6535539772721002,5.161647440666665e-05
32,97,512,194,0,77,0.17646926328923468,2.426309903426905,1.2968784223594083,0.8956438544581751,0.10615444075587772
32,97,512,194,2,77,0.08845663898581986,4.537063498490935,1.3921177906842344,0.9908832227830011,0.04606169365212615
32,97,512,194,3,77,0.026001008718094763,7.244912262221721,1.9426409205232622,1.5414063526220296,0.010148350164439294
32,97,512,194,4,77,0.0037114716675166084,4.265623603001181,2.070632835735557,1.6693982678343247,0.0037584464567264235
32,97,512,194,0,78,0.18296409731740373,2.2110460893273367,1.2888736383052468,0.8876390704040134,0.14673761758198192
32,97,512,194,2,78,0.05185524107472488,3.195055839758983,1.612739297274278,1.2115047293730434,0.05449830631673531
32,97,512,194,3,78,0.010554602677620591,4.08799843843063,2.323173569448948,1.9219390015477131,0.020161653037624124
32,97,512,194,4,78,0.007955261244818376,14.831351889981995,2.022222179114913,1.6209876112136783,0.0010995301578478353
32,97,512,194,0,79,0.15564194515916385,2.2440255048594664,1.2965542286315235,0.8953196607302907,0.13588175898050053
32,97,512,194,2,79,0.07597752378582587,3.9516925319183844,1.504629328465485,1.1033947605642496,0.05938814023560394
32,97,512,194,3,79,0.03264778493122483,8.581888750744529,1.5880801523982968,1.186845584497064,0.018533997168845115
32,97,512,194,4,79,0.0060089040777902185,28.68008731572734,2.166288039803616,1.7650534719023838,0.0013461350601461062
32,97,512,194,0,80,0.2229862964497937,2.3173266967807007,1.2912990273886253,0.890064459487391,0.11709959647669546
32,97,512,194,2,80,0.08707872715123102,3.6252868229252098,1.4923786128370706,1.091144044935838,0.053559144013122256
32,97,512,194,3,80,0.02201621944810312,4.24181177194864,2.0448405239823684,1.6436059560811351,0.016894603966944394
32,97,512,194,4,80,0.012110192494604977,5.577801645932945,1.738963707244658,1.3377291393434234,0.0009663476517054276
32,97,512,194,0,81,0.18966106750033787,2.1842899790821155,1.299216319421351,0.8979817515201169,0.1543664594405707
32,97,512,194,2,81,0.040635490556914795,2.4949131156109874,1.6507403507549854,1.2495057828537526,0.07052067095303309
32,97,512,194,3,81,0.03585861989387681,7.2608225249051195,1.6164418102423452,1.215207242341112,0.011398819200090766
32,97,512,194,4,81,0.01333520116823279,11.814086750451422,1.501813226235957,1.1005786583347223,0.00042999948678321413
32,97,512,194,0,82,0.22762164198496926,2.321033630672821,1.2973304446827325,0.8960958767814979,0.13856825097035713
32,97,512,194,2,82,0.06366964439199177,2.7803085943016033,1.5587782287910916,1.157543660889857,0.05036914762300092
32,97,512,194,3,82,0.029728429927997048,4.651846977853269,1.9269941334566392,1.5257595655554042,0.03042616859449662
32,97,512,194,4,82,0.0192445592729047,30.920448636702382,1.6056346763911016,1.2044001084898674,0.0038122591989977334
32,97,512,194,0,83,0.2329191012667547,2.4096814234132427,1.2804243540041864,0.8791897861029518,0.1324200121474414
32,97,512,194,2,83,0.07189914816870122,5.082186836612546,1.5515345543985697,1.150299986497334,0.028076238475007818
32,97,512,194,3,83,0.030522148309447997,5.403559647137908,1.5642361177686301,1.1630015498673956,0.00938715488364606
32,97,512,194,4,83,0.00816921573167631,18.186418619173978,1.6437199033564944,1.2424853354552603,0.001671914957275394
32,97,512,194,0,84,0.21326311574126183,2.282014876666428,1.3057853084274929,0.9045507405262576,0.12401798072497919
32,97,512,194,2,84,0.061368291994340435,4.24775317713458,1.5211419493866007,1.1199073814853655,0.04924528703890928
32,97,512,194,3,84,0.03249968994603506,20.34350104515216,1.625632806249894,1.224398238348659,0.00591323162322829
32,97,512,194,4,84,0.013070737859952984,3.7578450040208207,2.0497087480934946,1.6484741801922596,0.0022400766832975138
32,97,512,194,0,85,0.23011887558500208,2.3410523344484115,1.2881261523289087,0.8868915844276763,0.10478043349194936
32,97,512,194,2,85,0.061885554314971926,3.6582890233561094,1.6193631820621606,1.2181286141609249,0.0416976017709356
32,97,512,194,3,85,0.027053370145772512,6.119374143647002,1.8830870383061513,1.4818524704049167,0.008874324618112927
32,97,512,194,4,85,0.013643523837497734,9.335514759896398,1.722928934381662,1.321694366480429,0.0016703804408205736
32,97,512,194,0,86,0.23920099086942606,2.2488767571458057,1.2662546250726918,0.8650200571714564,0.12975908086217838
32,97,512,194,2,86,0.06741732639199327,4.784893285812226,1.4732734214906857,1.0720388535894507,0.046232356862687986
32,97,512,194,3,86,0.04334157148999721,13.736559812148009,1.53769782922258,1.136463261321346,0.010157257723892137
32,97,512,194,4,86,0.006197883897731397,6.2357968303819895,1.715748327750003,1.3145137598487686,0.0018218797748053184
32,97,512,194,0,87,0.24470518875815747,2.331500817789613,1.3000359441015068,0.8988013762002716,0.12931436966739096
32,97,512,194,2,87,0.07129650868748963,3.8308597850752184,1.532890363892919,1.1316557959916835,0.07524854708452826
32,97,512,194,3,87,0.028443973997280273,4.134067106718934,1.6816638776418444,1.2804293097406116,0.01484970169198159
32,97,512,194,4,87,0.006666880913321416,15.612602408750313,1.6431351107090326,1.241900542807798,0.00029337844673221715
32,97,512,194,0,88,0.27559109566019824,2.5977751953099695,1.2876750619166397,0.8864404940154067,0.13684457481960496
32,97,512,194,2,88,0.0952573288674838,4.309919943315122,1.4840475861157294,1.0828130182144946,0.059278813119659275
32,97,512,194,3,88,0.015644110624917947,5.090474862010836,1.8805452007785344,1.4793106328773007,0.02954404314467268
32,97,512,194,4,88,0.005022632830608188,7.454443074389369,1.9580445254223895,1.556809957521157,0.0025084714434631433
32,97,512,194,0,89,0.1922102586424845,2.285230193141368,1.2847170450479295,0.8834824771466963,0.15757388629979738
32,97,512,194,2,89,0.06512650667971456,2.8283015572725927,1.5074458882125454,1.10621132031131,0.08078639896021779
32,97,512,194,3,89,0.007776331742495058,2.804458769919867,2.691756455342266,2.290521887441031,0.02480112820651841
32,97,512,194,4,89,0.015821763950357327,4.210519474872345,1.8941609019425019,1.4929263340412682,0.002448418380857055
32,97,512,194,0,90,0.2265318707317377,2.1939206223129295,1.2899485172624297,0.8887139493611969,0.12488289101470057
32,97,512,194,2,90,0.07794351953179159,2.9601505884913775,1.4728645592973824,1.0716299913961471,0.056218261880536406
32,97,512,194,3,90,0.023626957710826662,11.787552695884543,1.8517993702115967,1.4505648023103639,0.004828593083845261
32,97,512,194,4,90,0.006893739118412541,8.373895215238207,2.009123097303922,1.6078885294026861,0.0006389309336066676
32,97,512,194,0,91,0.24434824708936792,2.3774127492300092,1.2709279069213506,0.8696933390201167,0.13088759569705755
32,97,512,194,2,91,0.09843996312227477,3.456664757066026,1.4384350277407096,1.0372004598394753,0.08027733846427318
32,97,512,194,3,91,0.05186240385496022,7.985271646874388,1.5701803658711362,1.1689457979699007,0.010931394632624982
32,97,512,194,4,91,0.006390898831617177,6.780464369587354,1.811185900452665,1.4099513325514295,0.0003138106843586464
32,97,512,194,0,92,0.19708428012543355,2.341234423282998,1.2816431203104879,0.8804085524092535,0.13596086222276024
32,97,512,194,2,92,0.07695183162510154,3.1828704208716925,1.4281474110386774,1.026912843137442,0.05730148017812659
32,97,512,194,3,92,0.015541595975997064,13.838100893401464,2.4292230632433607,2.027988495342125,0.005184681891951858
32,97,512,194,4,92,0.009433159137372686,7.699961524462131,1.8255434774612946,1.424308909560061,0.0012141462048554116
32,97,512,194,0,93,0.2279307464196973,2.1938713823172336,1.2991974441164988,0.8979628762152636,0.1309338780818003
32,97,512,194,2,93,0.07488133957474316,3.4596968184796717,1.5355819604723184,1.1343473925710832,0.08298628039576444
32,97,512,194,3,93,0.03717655249085776,4.198466936820914,1.598385363205579,1.1971507953043456,0.0114155510003511
32,97,512,194,4,93,0.00708360612240835,20.18595210498769,1.6984060511830479,1.297171483281815,0.0015827817706676568
32,97,512,194,0,94,0.21367685422241528,2.5821761389475033,1.2929872591098,0.8917526912085663,0.11236492899629681
32,97,512,194,2,94,0.061055784713017223,3.9244307785935653,1.6061421428157054,1.204907574914472,0.056747792143803114
32,97,512,194,3,94,0.022520239317556957,4.42150739030832,1.8432845508882942,1.4420499829870614,0.00951733002879943
32,97,512,194,4,94,0.0058208658715308845,32.884795729026635,1.7960795325889918,1.3948449646877563,0.00043192453189470464
32,97,512,194,0,95,0.21621219727385724,2.32211827738563,1.3067767430709372,0.9055421751697033,0.1450503879464171
32,97,512,194,2,95,0.10995789340542228,3.5054673805453205,1.4231199850854352,1.0218854171842011,0.06190810905746311
32,97,512,194,3,95,0.021166559164438322,5.312298882544252,1.564514884940814,1.163280317039579,0.02197652493265426
32,97,512,194,4,95,0.008662594713930435,6.741191797159308,2.0192931921691777,1.6180586242679418,0.0016941519185496336
32,97,512,194,0,96,0.17926624008416464,2.481448399335127,1.306187573089658,0.9049530051884247,0.12628382382541878
32,97,512,194,2,96,0.06755790620986633,3.831849974068501,1.4782222312729063,1.0769876633716713,0.050495703982678226
32,97,512,194,3,96,0.02126886751507977,8.446027099895915,1.8225975131238088,1.421362945222576,0.005249798971467307
32,97,512,194,4,96,0.004218114303897704,14.878519684191891,2.55496131265481,2.153726744753577,0.0037862437434518954
32,97,512,194,0,97,0.25179907586992506,2.355755270179021,1.2711093160793858,0.8698747481781517,0.11851491554907136
32,97,512,194,2,97,0.05820460881623317,4.601027363244307,1.5495228142163282,1.1482882463150936,0.04095879493070395
32,97,512,194,3,97,0.0195649435861078,8.358223556753966,1.9227652503369386,1.5215306824357029,0.027343400776738438
32,97,512,194,4,97,0.01647079944527757,7.102615256428521,1.7568555419756828,1.3556209740744478,0.0004581227151278578
32,97,512,194,0,98,0.13609685397723215,2.4237780492582903,1.2888785435500363,0.8876439756488033,0.12139230581916
32,97,512,194,2,98,0.07040897560262453,3.8917191218889213,1.4637234887911892,1.0624889208899546,0.028208399032848615
32,97,512,194,3,98,0.018990928496854024,13.815469043154614,1.677484295593438,1.2762497276922034,0.006339050271318532
32,97,512,194,4,98,0.010896058769984349,4.378465426679844,2.0140001152021725,1.6127655473009384,0.004454446473162567
32,97,512,194,0,99,0.19347329572880714,2.388466972992833,1.3140853020487648,0.9128507341475292,0.10555563915785833
32,97,512,194,2,99,0.08618424421873283,4.234406976634426,1.4394146632425764,1.0381800953413425,0.0376455781883913
32,97,512,194,3,99,0.023116349870619907,12.748008312051105,1.9089342160315739,1.507699648130341,0.009707459047592544
32,97,512,194,4,99,0.021121958813339354,23.989425333652434,1.4950116241087361,1.0937770562075038,0.0010790519940764517
32,97,512,194,0,100,0.1976271564394186,2.309326916660063,1.2940457705393862,0.8928112026381534,0.14265149633674792
32,97,512,194,2,100,0.055011563285449164,3.295527384044925,1.635902276863491,1.234667708962256,0.05094921859861452
32,97,512,194,3,100,0.028496242487174816,9.00815883487444,1.6490423350915955,1.2478077671903627,0.007876389219030864
32,97,512,194,4,100,0.004706419889169324,7.2901486545381236,1.9690281437975363,1.567793575896303,0.0017717269780878637
32,97,512,194,0,101,0.20211963139380862,2.455055670189794,1.2938323574769357,0.8925977895757029,0.1235017920810515
32,97,512,194,2,101,0.05313668516113113,4.700353575249827,1.6078147333155615,1.2065801654143264,0.06335827405830669
32,97,512,194,3,101,0.0278593245831158,6.196374952255706,1.8894123413723012,1.4881777734710653,0.009113882488303858
32,97,512,194,4,101,0.0069682618012313355,6.083383324162498,2.089612976507296,1.688378408606063,0.002504513784891351
32,97,512,194,0,102,0.19831166627993385,2.4590349033106356,1.3160593753695937,0.91482480746836,0.12843600998967175
32,97,512,194,2,102,0.09082030119384554,3.9090836137794325,1.4609927376476322,1.0597581697463987,0.03652981965525066
32,97,512,194,3,102,0.01844696227909744,6.325668530192798,1.8506557707665965,1.4494212028653628,0.01634854090665046
32,97,512,194,4,102,0.02073634816534701,18.52914963638056,1.5359727276184838,1.134738159717248,0.005141780633414457
32,97,512,194,0,103,0.16421851342911625,2.291908878710366,1.3050575195405418,0.9038229516393095,0.12701787229193068
32,97,512,194,2,103,0.07606198861708297,5.203956403083591,1.5441615890609532,1.1429270211597178,0.03923662846451648
32,97,512,194,3,103,0.015542117518469215,6.660850828589481,1.991842252945375,1.5906076850441409,0.009898706689577872
32,97,512,194,4,103,0.010885611860034386,15.920076052481154,1.7430272499009978,1.3417926819997632,0.0020613261810387136
32,97,512,194,0,104,0.1705941792010284,2.3987053323977303,1.2793911447445494,0.8781565768433168,0.12451916571414444
32,97,512,194,2,104,0.06617608960797819,4.193879498839809,1.4288933465006373,1.0276587785994025,0.049362217351446934
32,97,512,194,3,104,0.013789694051239833,4.364101942631309,2.050570481409567,1.649335913508331,0.017928211529819743
32,97,512,194,4,104,0.010494606716150313,9.588014228907808,1.8191910384492358,1.4179564705480026,0.0007147753175538693
32,97,512,194,0,105,0.23652821192730994,2.249971903890175,1.2658437618216256,0.8646091939203906,0.14027742485403047
32,97,512,194,2,105,0.0841995286377103,2.980945691264192,1.4547853024740989,1.053550734572866,0.03683491817812351
32,97,512,194,3,105,0.019727180293801688,5.122993828353402,1.827068450659473,1.4258338827582406,0.011624389102506585
32,97,512,194,4,105,0.01577715272422275,4.665549043946525,1.71062285442493,1.3093882865236957,0.003916046642469152
32,97,512,194,0,106,0.1867547100606179,2.449321943732869,1.3008813325323278,0.8996467646310933,0.12938574856939186
32,97,512,194,2,106,0.05268184063132557,4.812612057372453,1.6518122262741861,1.2505776583729507,0.04312126259279593
32,97,512,194,3,106,0.0361416493245359,7.388106894592586,1.4713910444377705,1.0701564765365355,0.009778415028288986
32,97,512,194,4,106,0.009883573609829596,5.893729817922775,1.8447298970141877,1.4434953291129524,0.0001453490208027538
32,97,512,194,0,107,0.19390563586009335,2.4021968833020138,1.3004665266260556,0.8992319587248225,0.1306729330242404
32,97,512,194,2,107,0.10447463317423458,5.884955973731582,1.3844983889057643,0.983263821004531,0.03769534360544707
32,97,512,194,3,107,0.0335906607232314,4.865304883120928,1.631556328716423,1.2303217608151904,0.00631960646759192
32,97,512,194,4,107,0.009287298056855773,11.463495139138335,1.8564043837021154,1.4551698158008826,0.0013463467375667139
32,97,512,194,0,108,0.19614261505362227,2.5018364405276214,1.3033452745062162,0.9021107066049829,0.15231684429563797
32,97,512,194,2,108,0.07656728686141274,6.61902033302842,1.5236019697812737,1.122367401880041,0.06422227530810805
32,97,512,194,3,108,0.02581166156557279,5.366165603042576,1.7159365750799558,1.3147020071787203,0.012171118190820729
32,97,512,194,4,108,0.003964040920520469,23.808809839444905,2.202529892029286,1.801295324128052,0.00042131827943358484
32,97,512,194,0,109,0.1886794553705178,2.3660606293846063,1.3094685176300673,0.9082339497288316,0.13342769143780184
32,97,512,194,2,109,0.07705903158055034,3.210885405601838,1.4937900423088835,1.09255547440765,0.04543781757662856
32,97,512,194,3,109,0.027946366191003984,8.674985419564933,1.741981711712274,1.3407471438110399,0.004400329192223599
32,97,512,194,4,109,0.008296554480554661,7.098476403916685,2.06570676850815,1.664472200606916,0.004237636886191212
32,97,512,194,0,110,0.2281553533014057,2.196734548444542,1.2873322863866026,0.8860977184853702,0.14156382208413848
32,97,512,194,2,110,0.04605045911701974,3.1945200371769635,1.6139419568191284,1.2127073889178952,0.05569528143436466
32,97,512,194,3,110,0.02189146634331191,8.411862486559315,1.6856641665467482,1.284429598645513,0.010820750306094442
32,97,512,194,4,110,0.013339379428305334,28.959764818166214,1.7743778530329946,1.3731432851317606,0.0012380743812677767
32,97,512,194,0,111,0.19246165308257676,2.3225295307588087,1.2959394593232056,0.89470489142197,0.13904011433907107
32,97,512,194,2,111,0.06545604631367313,3.694170216661953,1.5405574543808265,1.1393228864795937,0.03542440781087375
32,97,512,194,3,111,0.03131129426577988,2.030949392962571,1.6797674167667975,1.278532848865563,0.020191859494446136
32,97,512,194,4,111,0.017384367207363412,14.747789048359698,1.5637614391314614,1.1625268712302272,0.002999006037591613
32,97,512,194,0,112,0.17082513960795753,2.220788975683628,1.3050552782925315,0.9038207103912974,0.14852244926115205
32,97,512,194,2,112,0.0717369179308245,4.257336546684658,1.6201982084895818,1.218963640588349,0.03928590702373823
32,97,512,194,3,112,0.040915976618098704,6.495102622362227,1.620357284030557,1.2191227161293234,0.013711757902203296
32,97,512,194,4,112,0.010628830771680656,95.41017041509988,1.7118408425090812,1.3106062746078457,0.0007300111967017254
32,97,512,194,0,113,0.21288766418732621,2.326953398181838,1.2908563423854906,0.889621774484258,0.1290190208944863
32,97,512,194,2,113,0.0882753206407553,4.334890034996585,1.4595281617829112,1.0582935938816789,0.04489011028396521
32,97,512,194,3,113,0.019540068174192692,8.41726414094014,1.5738828689038473,1.1726483010026136,0.011279192873157077
32,97,512,194,4,113,0.00615812506207051,3.3930360321221364,1.8489273040570515,1.447692736155819,0.002639042698250704
32,97,512,194,0,114,0.19565636610846318,2.5060084789742936,1.309976109031857,0.9087415411306239,0.12803703004316835
32,97,512,194,2,114,0.10419262982358404,4.6115475096737555,1.3860444301006396,0.9848098621994055,0.06623048897197635
32,97,512,194,3,114,0.026191190130258647,12.513771694956352,1.870268030308765,1.4690334624075305,0.005595530591924505
32,97,512,194,4,114,0.006367720542580648,10.018434249603327,1.8760329333460846,1.474798365444851,0.00033699314243829727
32,97,512,194,0,115,0.22321068325064183,2.1607237043434555,1.2732613900071053,0.8720268221058696,0.15509996033802867
32,97,512,194,2,115,0.10417690942540923,4.324201948091612,1.3549098012246767,0.9536752333234411,0.0335348754157679
32,97,512,194,3,115,0.02858375105547138,9.67229937915968,1.546980541999981,1.1457459740987481,0.024002378841955156
32,97,512,194,4,115,0.0071005054713210326,7.66652306916445,1.8271741314542553,1.4259395635530225,0.0032606754851288423
32,97,512,194,0,116,0.25678948307414046,2.112335595473508,1.3095078983377062,0.9082733304364723,0.13213838064236919
32,97,512,194,2,116,0.11388240909829096,4.187050407008853,1.347626711637307,0.9463921437360732,0.05116910543839625
32,97,512,194,3,116,0.022332766706541392,3.5867037106736532,1.9871445012820081,1.5859099333807727,0.016273317816462823
32,97,512,194,4,116,0.022318767515389675,2.762037946145849,1.7524943940168343,1.3512598261156015,0.003423381776574621
32,97,512,194,0,117,0.254026581935423,2.257889681369939,1.2783968705270394,0.8771623026258055,0.14072393127645597
32,97,512,194,2,117,0.08698198391355003,5.316153320112891,1.4733449504835892,1.0721103825823555,0.03525371399646845
32,97,512,194,3,117,0.028348378072476733,20.511828882089148,1.7840498385658659,1.3828152706646328,0.01861575730032657
32,97,512,194,4,117,0.009674654079938014,5.907839705688803,1.899220104574097,1.4979855366728643,0.002141868155527085
32,97,512,194,0,118,0.2130429529550249,2.2646209742027255,1.2912502229906546,0.8900156550894209,0.14182357424473185
32,97,512,194,2,118,0.07928626970425251,3.7156827984497127,1.4991314741362742,1.0978969062350394,0.060380841475759374
32,97,512,194,3,118,0.01783491347882265,12.372127821891645,2.029464285017708,1.6282297171164757,0.011124587499709874
32,97,512,194,4,118,0.007670105372502617,5.491456509848243,1.9233459428679018,1.5221113749666664,0.0012303367952267291
32,97,512,194,0,119,0.17292479964005789,2.4530543698998444,1.3131042590757143,0.9118696911744806,0.13775984379480924
32,97,512,194,2,119,0.07086284814503233,4.56423117279897,1.4477954067515175,1.046560838850283,0.0613305819141162
32,97,512,194,3,119,0.016035520086034222,4.1206096052718655,1.9583165107011848,1.5570819427999503,0.01646572723494425
32,97,512,194,4,119,0.007851887191403582,10.464490289425868,1.8657310206404238,1.4644964527391906,0.0013435788879165018
32,97,512,194,0,120,0.23329721840291281,2.1969941294431883,1.2767394894967652,0.8755049215955317,0.12656243314089632
32,97,512,194,2,120,0.05436923857640685,3.285674910658596,1.610084415586142,1.2088498476849097,0.03394289574991872
32,97,512,194,3,120,0.02279603741550412,2.7442537489061967,1.7419376370829065,1.3407030691816715,0.01382643017177965
32,97,512,194,4,120,0.00990422020432123,2.686790812430698,1.8826291449965984,1.4813945770953652,0.002922772749467795
32,97,512,194,0,121,0.17348832127161415,2.164788090053004,1.3199597506254719,0.9187251827242378,0.13353500851464314
32,97,512,194,2,121,0.07254402661255292,3.850748969485828,1.4792993591990822,1.078064791297848,0.029189173241227703
32,97,512,194,3,121,0.019608533402827488,5.808879027173866,1.8868414377445473,1.4856068698433127,0.014804435604164641
32,97,512,194,4,121,0.016506755523898763,8.175304069403026,1.6517699244527617,1.2505353565515271,0.0001518560854063648
32,97,512,194,0,122,0.2182198789789485,2.6024180971963915,1.2771868553794588,0.8759522874782242,0.11783149296010786
32,97,512,194,2,122,0.06879381945362649,3.616956904847474,1.5603448374737372,1.1591102695725013,0.05654748601565628
32,97,512,194,3,122,0.025499745288457536,8.958038728604937,1.726658248732901,1.3254236808316655,0.004948895372313053
32,97,512,194,4,122,0.011087739837204666,3.772291950858092,1.6293067570230675,1.228072189121832,0.0016240535406400185
32,97,512,194,0,123,0.19392859577574384,2.559731480818173,1.2925443786814153,0.8913098107801822,0.11563387034894547
32,97,512,194,2,123,0.06708268931548485,3.886200179519667,1.3869447122403207,0.9857101443390874,0.049204637204425986
32,97,512,194,3,123,0.03139817249485947,16.015237340493787,1.5456446797515286,1.144410111850295,0.0030418553561306775
32,97,512,194,4,123,0.008050236638956017,155.3701923501185,1.630580169185119,1.2293456012838853,0.0005630867293473335
32,97,512,194,0,124,0.16805132845873758,2.503406858847975,1.2867450727835332,0.8855105048822978,0.13377677811759917
32,97,512,194,2,124,0.07964765076492236,4.3011444479361876,1.472433156399874,1.071198588498639,0.06806127185350166
32,97,512,194,3,124,0.027345779623927556,6.140468885284228,1.9068969251511412,1.505662357249907,0.012946246956546507
32,97,512,194,4,124,0.012617640915549226,18.6633807110748,1.780837616001139,1.3796030480999057,0.0009827352965928052
32,97,512,194,0,125,0.24719975388600363,2.267391401808418,1.2864032402320071,0.8851686723307743,0.140417457520876
32,97,512,194,2,125,0.061869474748060115,4.174043074118613,1.539840057623303,1.1386054897220674,0.07089551936106157
32,97,512,194,3,125,0.028223538740548025,9.572377362614166,1.737806680583461,1.3365721126822265,0.0073963992728623635
32,97,512,194,4,125,0.01060805975472718,23.91355656897462,1.8470560009748933,1.445821433073661,0.0035395602944368804
32,97,512,194,0,126,0.196843528774833,2.3689893630160026,1.29166298018165,0.8904284122804142,0.12888891720459475
32,97,512,194,2,126,0.10364419846057299,5.33338721330252,1.3866776528544875,0.9854430849532534,0.040317013471605406
32,97,512,194,3,126,0.024144653701901372,5.382699131622509,1.883320559879348,1.4820859919781135,0.008352356503653412
32,97,512,194,4,126,0.008153466080256156,21.865323295854445,2.332448939135607,1.931214371234372,0.0018093299113083488
32,97,512,194,0,127,0.1883549929326723,2.332859591140707,1.2944538687384664,0.8932193008372309,0.11405504737201376
32,97,512,194,2,127,0.06526585960802125,4.690136512054377,1.4908010671149774,1.089566499213742,0.05870368527710209
32,97,512,194,3,127,0.02985817464835144,7.823400187904628,1.6093743202585542,1.2081397523573187,0.0099651096251132
32,97,512,194,4,127,0.014861218632766075,9.766215359350799,1.5619596541778802,1.1607250862766456,0.001449907955971361
64,193,1024,386,0,0,0.19539708848080012,2.452064581815735,1.3088068318281911,0.9081857138157687,0.08193308983488477
64,193,1024,386,2,0,0.06154668715955279,3.8296092024248365,1.5315330947368582,1.130911976724434,0.0341030661419023
64,193,1024,386,3,0,0.021857278633184627,6.966842769411981,1.818151404415452,1.4175302864030286,0.006215353908675721
64,193,1024,386,4,0,0.005715444906037297,10.70846553579539,2.0019455058023774,1.6013243877899512,0.0018501740630666895
64,193,1024,386,0,1,0.18666166586256583,2.278937005807706,1.2808668932913618,0.8802457752789365,0.1001326075782942
64,193,1024,386,2,1,0.08318828156169096,4.327616146341828,1.4069650610806674,1.006343943068245,0.022085554480436233
64,193,1024,386,3,1,0.017720049709934217,10.939324089415063,1.86625253788845,1.4656314198760256,0.002999126175180858
64,193,1024,386,4,1,0.009881986100314596,19.04815331240451,1.9388654459509027,1.5382443279384788,0.0010262131055842373
64,193,1024,386,0,2,0.18720706821047756,2.439251530316554,1.2971947305011984,0.8965736124887727,0.09552379143536485
64,193,1024,386,2,2,0.061241231045089585,4.919632190800357,1.496015738266872,1.0953946202544458,0.03419914680208855
64,193,1024,386,3,2,0.030495663890131013,21.851660850791347,1.6874558203961163,1.2868347023836932,0.003974858220448634
64,193,1024,386,4,2,0.00625995403155751,11.771633151668286,2.349598798838088,1.9489776808256636,0.002698831978301116
64,193,1024,386,0,3,0.2047370180993892,2.407109889474265,1.2921190381786893,0.8914979201662661,0.09705904208530323
64,193,1024,386,2,3,0.07913977125783325,3.6790976249433323,1.4896275526111955,1.0890064345987724,0.028829024475659472
64,193,1024,386,3,3,0.028173411768580126,7.128888917221996,1.735204153319719,1.334583035307297,0.003625566330833167
64,193,1024,386,4,3,0.006113478628337495,15.841426465000069,2.001288262962019,1.6006671449495968,0.0004187769922489856
64,193,1024,386,0,4,0.20623145199326628,2.405862361723609,1.2929339059493694,0.8923127879369446,0.09815194960292395
64,193,1024,386,2,4,0.06752663620226777,4.636616735795688,1.5360278675869514,1.1354067495745284,0.04026215553739963
64,193,1024,386,3,4,0.015398491175063258,5.913336204569031,2.01153209449242,1.6109109764799925,0.0038280370428726723
64,193,1024,386,4,4,0.0088394339762877,5.763966640318964,1.8634625443498125,1.4628414263373912,0.0012786915611257888
64,193,1024,386,0,5,0.1727695175144825,2.506204535457516,1.304173391200179,0.9035522731877563,0.09178031563475814
64,193,1024,386,2,5,0.0764605507902417,4.608590513202966,1.4772748649345944,1.0766537469221689,0.037883493845912525
64,193,1024,386,3,5,0.01641890668197623,4.887298888456282,1.9735419650698813,1.5729208470574605,0.005743958813431581
64,193,1024,386,4,5,0.008147055064632116,13.305549910128997,1.724824274412728,1.3242031564003014,0.00036950163708139474
64,193,1024,386,0,6,0.1893073143800157,2.4246069728896664,1.293354181333258,0.8927330633208328,0.10839980941418771
64,193,1024,386,2,6,0.08156141951087023,4.265657103437958,1.422344362748496,1.021723244736073,0.021619951997762104
64,193,1024,386,3,6,0.03847877647936575,13.363248114876455,1.6048691791530887,1.2042480611406674,0.001977880407043734
64,193,1024,386,4,6,0.009168490159548263,16.502958996314476,1.5662430192868495,1.1656219012744273,0.0023037755502694863
64,193,1024,386,0,7,0.2028389679674277,2.493296960939799,1.2878545721424668,0.8872334541300404,0.09809262278620061
64,193,1024,386,2,7,0.06418136538108729,6.6835059013054785,1.5029720067036374,1.1023508886912126,0.027657197148987747
64,193,1024,386,3,7,0.036471328775608276,8.678336034356164,1.5171352176856947,1.1165140996732674,0.005557354844210004
64,193,1024,386,4,7,0.0074511093173437555,12.286420391965905,2.175140538292123,1.7745194202797023,0.00149445006132152
64,193,1024,386,0,8,0.21007129189688425,2.614845106573301,1.2931448735664994,0.8925237555540733,0.0944990451039382
64,193,1024,386,2,8,0.06755389313809636,4.812989638244305,1.4846400050384605,1.0840188870260334,0.02587668186183273
64,193,1024,386,3,8,0.03012041296303121,7.69813960751134,1.5821848929088072,1.1815637748963823,0.009108781471257064
64,193,1024,386,4,8,0.008447401647588056,3.4820643072281188,1.8291367748171112,1.4285156568046844,0.001676049462158547
64,193,1024,386,0,9,0.21880803348770264,2.3866803814969693,1.2823841659022448,0.8817630478898195,0.09872366885925844
64,193,1024,386,2,9,0.07552201205358584,4.201044130806562,1.4660475506553623,1.065426432642937,0.023882908656126075
64,193,1024,386,3,9,0.04707369586160655,17.277846166051653,1.4936218448797538,1.0930007268673307,0.007053336510997121
64,193,1024,386,4,9,0.010141353676837049,15.690564136345689,1.766404267196843,1.3657831491844163,0.0012276640133879488
64,193,1024,386,0,10,0.20718410275288152,2.3565309169982354,1.2878209125795226,0.8871997945670955,0.10575450261732568
64,193,1024,386,2,10,0.06925732084607626,5.120062849695406,1.5886711837146368,1.188050065702214,0.03197977768998425
64,193,1024,386,3,10,0.03343769095350266,18.028846474215214,1.6753048818369938,1.2746837638245694,0.006435595505152009
64,193,1024,386,4,10,0.009167341506182388,7.9806989482447666,1.6535739765795874,1.2529528585671628,0.0012013504845726937
64,193,1024,386,0,11,0.19651190858542758,2.474743616698192,1.2891974069074381,0.8885762888950168,0.09415497900027099
64,193,1024,386,2,11,0.05649790704290701,3.8453905396885615,1.6441235299330348,1.243502411920609,0.023273222693093353
64,193,1024,386,3,11,0.02289352663405913,8.13099543615414,1.6809646372856584,1.2803435192732309,0.010683454342356392
64,193,1024,386,4,11,0.006933183838204472,9.76160074950008,1.8938523981177446,1.49323128010532,0.0006055766735277408
64,193,1024,386,0,12,0.2085903057948932,2.3733224567214966,1.2864759016666452,0.8858547836542243,0.10024302389609928
64,193,1024,386,2,12,0.08263742466953171,4.275469251782622,1.4821313999763024,1.0815102819638795,0.033848995743521654
64,193,1024,386,3,12,0.021452301614991433,11.792892860477142,1.7008388900462825,1.3002177720338608,0.003774453036317494
64,193,1024,386,4,12,0.006208541875096589,14.889291341915978,1.886529030060343,1.4859079120479208,0.0010263519187700457
64,193,1024,386,0,13,0.2121654098739947,2.411547381729222,1.2913154296239107,0.8906943116114903,0.1015024067695191
64,193,1024,386,2,13,0.08966473203675247,4.624362448795847,1.4628729867700583,1.0622518687576346,0.03445355268234487
64,193,1024,386,3,13,0.04001611116250037,8.304963061492355,1.6455123411662433,1.2448912231538216,0.0058070967363845725
64,193,1024,386,4,13,0.0076268602066112325,13.246322493792073,1.856630103943869,1.4560089859314473,0.0009444166327608409
64,193,1024,386,0,14,0.1889689830310551,2.4913933068828493,1.283940939033135,0.8833198210207129,0.09897490751083222
64,193,1024,386,2,14,0.07850954281128814,3.983784743656871,1.428286431718806,1.027665313706379,0.040174107321266896
64,193,1024,386,3,14,0.04478420355832613,32.48586694740399,1.487008999101127,1.0863878810887044,0.0015762019228743142
64,193,1024,386,4,14,0.00921390671292021,12.063136129890164,1.7904984740206564,1.3898773560082347,0.001057108231238371
64,193,1024,386,0,15,0.19580588646609784,2.249015087626063,1.3001120733244582,0.8994909553120323,0.09945789530404416
64,193,1024,386,2,15,0.05906631488613841,3.3887259492835007,1.5605098417247025,1.1598887237122781,0.030111602009302834
64,193,1024,386,3,15,0.03297482880358435,7.573397176815163,1.6469325170145583,1.2463113990021313,0.00444405760676175
64,193,1024,386,4,15,0.01062987088574535,5.519057160113819,1.8879607889231296,1.487339670910707,0.001759068651867563
64,193,1024,386,0,16,0.23454427678468648,2.3803625614277735,1.2859917831295973,0.885370665117172,0.0990408745599481
64,193,1024,386,2,16,0.06604835125725093,3.793733681185706,1.5208449334593155,1.1202238154468915,0.037944014542976
64,193,1024,386,3,16,0.027571173330672345,15.998604895372292,1.7454411859501495,1.3448200679377251,0.005795849250204808
64,193,1024,386,4,16,0.008301147730068601,14.39746218191556,1.9360597865458296,1.5354386685334092,0.001277092783820633
64,193,1024,386,0,17,0.20951902846077466,2.4498875319234106,1.2918298211318466,0.8912087031194247,0.09765364113711598
64,193,1024,386,2,17,0.07712760180409577,5.368887418549649,1.498241631618495,1.0976205136060742,0.03625875187818912
64,193,1024,386,3,17,0.015183085093821635,9.839142446932573,1.9181137559760937,1.5174926379636702,0.007876130729774897
64,193,1024,386,4,17,0.010238850451268666,23.119722066405423,1.7386400396552224,1.3380189216427993,0.0015299476007791602
64,193,1024,386,0,18,0.19687709916338275,2.338146879910652,1.306266529149569,0.9056454111371437,0.08878065409919177
64,193,1024,386,2,18,0.07706945884942078,3.733117620575266,1.4861751602527518,1.0855540422403251,0.03713412903038414
64,193,1024,386,3,18,0.021301385892451553,4.9695522440249285,1.8181022675655023,1.4174811495530761,0.004348061279186423
64,193,1024,386,4,18,0.00930490816686705,4.788524591166232,1.8809254541988993,1.480304336186478,0.0004102341254901699
64,193,1024,386,0,19,0.21244771746458863,2.445279159162289,1.2886304756999647,0.8880093576875439,0.10071049526120243
64,193,1024,386,2,19,0.08308031005528449,4.884877869168056,1.4153100416699647,1.0146889236575376,0.03214406960069465
64,193,1024,386,3,19,0.0393134771206178,23.00596898849222,1.6820603070639266,1.281439189051504,0.0048838409191851485
64,193,1024,386,4,19,0.008479470745653063,17.548678369945108,1.6557741229496403,1.2551530049372133,0.0007484200953761121
64,193,1024,386,0,20,0.19932299500332606,2.4798031900455544,1.292211165840595,0.8915900478281742,0.09343640249510564
64,193,1024,386,2,20,0.07994191454599332,5.128285636494004,1.480266273508517,1.0796451554960953,0.03604545105126114
64,193,1024,386,3,20,0.022221040351379718,8.81062533469788,1.7402361174828842,1.339614999470463,0.004195779861559831
64,193,1024,386,4,20,0.004071492201177514,3.8509380145038596,2.235979645071788,1.8353585270593626,0.0017212097551884428
64,193,1024,386,0,21,0.2085306079306723,2.3102926458140915,1.3036184843601129,0.9029973663476909,0.0943011549674476
64,193,1024,386,2,21,0.06167016724534244,5.259925396549196,1.6394528989319817,1.2388317809195541,0.016106356040678532
64,193,1024,386,3,21,0.01874544875860925,9.359158451850552,1.864514501208078,1.4638933831956535,0.0057410929407063155
64,193,1024,386,4,21,0.006252811935181445,4.180524009339894,1.8813674977130819,1.4807463797006548,0.001559262329454265
64,193,1024,386,0,22,0.19522664455370858,2.3986140507099964,1.2767090053911492,0.8760878873787235,0.08825448553158546
64,193,1024,386,2,22,0.06437476432837577,2.8116153195431894,1.5999148589387353,1.1992937409263078,0.03749020709311029
64,193,1024,386,3,22,0.02802816145761434,10.506646816326487,1.7137123216989076,1.3130912036864828,0.00297476150235479
64,193,1024,386,4,22,0.01224733939066347,16.547298815477276,1.7651793330572563,1.3645582150448305,0.0012977801602485444
64,193,1024,386,0,23,0.19393564996227194,2.2627134554057884,1.2952121420919323,0.8945910240795101,0.08754136867145368
64,193,1024,386,2,23,0.06398400880071096,5.3836797772058205,1.5443811608889115,1.1437600428764867,0.03469702259987339
64,193,1024,386,3,23,0.02520102465491952,14.95115359631848,1.6381399259644787,1.237518807952057,0.0028413632966076308
64,193,1024,386,4,23,0.005022927814085517,3.619914236162094,1.9677220484980467,1.5671009304856227,0.001111512993833548
64,193,1024,386,0,24,0.202966670431174,2.4116955379344667,1.2992957853471105,0.8986746673346886,0.10114896135172838
64,193,1024,386,2,24,0.06251716464835583,4.894804278291019,1.5451950625091375,1.1445739444967131,0.038504609216481
64,193,1024,386,3,24,0.026507457345374193,8.882486883965438,1.595024371722325,1.1944032537099005,0.004034473334806123
64,193,1024,386,4,24,0.005056720641129774,13.838566832146306,1.9119221912578697,1.5113010732454484,0.0002529132119792546
64,193,1024,386,0,25,0.20294551084049783,2.425186751432071,1.2936617902074443,0.8930406721950206,0.09820377561492279
64,193,1024,386,2,25,0.06440165893072716,5.545187496561123,1.5101272684669078,1.1095061504544859,0.03577672625031926
64,193,1024,386,3,25,0.02981691191949539,6.344734212891913,1.6296157996857912,1.2289946816733703,0.011318585498990305
64,193,1024,386,4,25,0.010327754761803561,19.374943830814345,1.8278999209459768,1.4272788029335501,0.0002182286048440621
64,193,1024,386,0,26,0.19828031822175485,2.3481568416802263,1.2872086400703062,0.88658752205788,0.09267535553862409
64,193,1024,386,2,26,0.07126132687501356,5.413276854050171,1.4028494177457853,1.0022282997333605,0.03347743869722485
64,193,1024,386,3,26,0.017539217527106347,4.30159043202527,1.7785384028241888,1.3779172848117653,0.003642163819645046
64,193,1024,386,4,26,0.0033966300040021873,8.529055189226806,2.32597560793492,1.9253544899224977,0.00043641143107314603
64,193,1024,386,0,27,0.22229027625200976,2.5737631659686464,1.2843311318153037,0.883710013802883,0.10162163520252647
64,193,1024,386,2,27,0.08664544398323777,4.3711110120572325,1.4359285761084322,1.0353074580960069,0.042788089373567935
64,193,1024,386,3,27,0.017639774598830864,4.73013625472929,1.962710730669753,1.5620896126573314,0.005133430818375912
64,193,1024,386,4,27,0.009996678622710746,13.111912692619445,2.0113899819963788,1.6107688639839566,0.00044151567791833666
64,193,1024,386,0,28,0.1559639932133267,2.46870604899219,1.301213772303666,0.9005926542912448,0.08618387206092534
64,193,1024,386,2,28,0.09440320177154722,4.9098820944061,1.3918695098375966,0.9912483918251738,0.03422969107518661
64,193,1024,386,3,28,0.027101499591791395,6.171769420959603,1.6717222677837484,1.2711011497713258,0.0021330351951869973
64,193,1024,386,4,28,0.01021369227621628,15.962603112957524,1.9788069503347727,1.5781858323223474,0.0004975214724335324
64,193,1024,386,0,29,0.1993148317021477,2.397118972175804,1.2961299282432872,0.895508810230865,0.08955768977707171
64,193,1024,386,2,29,0.07601862910066404,4.195937152754866,1.4440345886867798,1.0434134706743592,0.042402300972664654
64,193,1024,386,3,29,0.028551564667273537,10.785443984879127,1.771813261783399,1.3711921437709762,0.004299085126156594
64,193,1024,386,4,29,0.004761764868574677,11.04993856727905,2.1745591351404467,1.7739380171280246,0.0014555160775776457
64,193,1024,386,0,30,0.24620286066777117,2.3052859732808386,1.2755358754279607,0.8749147574155387,0.08947664212634722
64,193,1024,386,2,30,0.07704609674047394,5.281442354397106,1.492495140612466,1.0918740226000452,0.03152647977097513
64,193,1024,386,3,30,0.02057460991186799,9.530302772591675,1.8093392182857144,1.4087181002732905,0.0021275646109171465
64,193,1024,386,4,30,0.007790976914916628,7.4676475992839375,1.8053399371947245,1.4047188191822997,0.0006265351452994797
64,193,1024,386,0,31,0.18369143388302606,2.3505054484003094,1.2968766128539047,0.8962554948414834,0.10604291217867481
64,193,1024,386,2,31,0.07030812181137794,4.191287323409031,1.443540429417935,1.0429193114055124,0.04388720879330486
64,193,1024,386,3,31,0.030158680969709806,5.079517436349189,1.586567127679086,1.1859460096666652,0.016577260108838764
64,193,1024,386,4,31,0.007065755972345007,29.420647400342418,1.883244281145378,1.4826231631329563,0.0003551951038363374
64,193,1024,386,0,32,0.1843420716027845,2.3375078115279004,1.2909506955978471,0.8903295775854261,0.08716205419954708
64,193,1024,386,2,32,0.0724815229113694,3.5557426008750594,1.4751982275451807,1.074577109532754,0.031243506479667373
64,193,1024,386,3,32,0.01740115227807339,4.179719397908417,1.9242513217743782,1.5236302037619538,0.005698698940832542
64,193,1024,386,4,32,0.008060341433335474,9.03484740248313,1.7872287195437482,1.386607601531324,0.0006458640974497164
64,193,1024,386,0,33,0.2144295568141096,2.263723984896518,1.2930974667317177,0.8924763487192919,0.09856475245429112
64,193,1024,386,2,33,0.05476471984781639,4.426137068667066,1.530840824540769,1.1302197065283437,0.02976154038850278
64,193,1024,386,3,33,0.037420019558096276,6.261494183074763,1.5892721838625588,1.188651065850138,0.006356201993248792
64,193,1024,386,4,33,0.012253047469043512,9.247572431064409,1.7127963129655135,1.3121751949530918,0.0012808039948575983
64,193,1024,386,0,34,0.1881642940359433,2.394670231505266,1.2913377335863736,0.8907166155739503,0.09095443257887123
64,193,1024,386,2,34,0.08262866485212036,3.6937951249082372,1.4245776748909122,1.0239565568784883,0.03707581769672125
64,193,1024,386,3,34,0.02104665561195322,13.871542689299297,1.870867567835557,1.4702464498231365,0.007653767405932962
64,193,1024,386,4,34,0.011072192079635557,14.936108929968752,1.7935221871429992,1.3929010691305734,0.0020768310633626727
64,193,1024,386,0,35,0.1824602612315522,2.2476161968087385,1.3109209831743285,0.9102998651619032,0.09590070921435402
64,193,1024,386,2,35,0.06959854788475944,4.993275631735122,1.4416898004411312,1.0410686824287083,0.043379156492799095
64,193,1024,386,3,35,0.022675805990911367,8.791162952311176,1.7724676581544463,1.3718465401420232,0.005574705493072867
64,193,1024,386,4,35,0.008597463436197642,14.410410841792764,2.041264897308897,1.6406437792964752,0.0015933956960806008
64,193,1024,386,0,36,0.1929589093338796,2.354370324049398,1.3001456315076436,0.8995245134952228,0.09028112128290508
64,193,1024,386,2,36,0.0817690912717426,4.409993558687453,1.4538792444483244,1.0532581264358996,0.02654497320243312
64,193,1024,386,3,36,0.025351545635762758,16.486921644158656,1.7198131383097706,1.3191920202973435,0.004246624238035624
64,193,1024,386,4,36,0.0034429693425795517,25.816563491353918,2.452859450366266,2.052238332353845,0.0009333306822680024
64,193,1024,386,0,37,0.19404319075293172,2.235847614136533,1.299002491589465,0.8983813735770383,0.0961253270256154
64,193,1024,386,2,37,0.07378479937485141,3.2103425853203915,1.545005317710152,1.1443841996977255,0.03108402454536537
64,193,1024,386,3,37,0.0278517796698186,17.992624183297004,1.7069117811456627,1.3062906631332396,0.010192565602480096
64,193,1024,386,4,37,0.005469982871311763,14.1574395546515,2.0160454141148754,1.6154242961024536,0.0007594303414564324
64,193,1024,386,0,38,0.19285359226115623,2.194139772881067,1.2939515503575687,0.8933304323451452,0.1140208308886709
64,193,1024,386,2,38,0.06651802134500638,5.612328875445325,1.5345338475904988,1.1339127295780713,0.03438129554717079
64,193,1024,386,3,38,0.030829162200353484,12.840474163999474,1.6164617930054432,1.215840674993018,0.0033190787822100407
64,193,1024,386,4,38,0.006824919264530961,41.79150184580017,2.0149252978162577,1.6143041798038311,0.0005052765375784574
64,193,1024,386,0,39,0.1985255958925624,2.4252010443618905,1.297305998603524,0.8966848805911027,0.10040681371629588
64,193,1024,386,2,39,0.08138118851408006,4.96214251846428,1.439337935919553,1.0387168179071296,0.02316762617396176
64,193,1024,386,3,39,0.017730233744803477,8.818557604907824,1.780818791309692,1.3801976732972676,0.0043412994565043776
64,193,1024,386,4,39,0.008007905997248045,8.68953050690478,2.101496717012389,1.7008755989999642,0.00040223996844620646
64,193,1024,386,0,40,0.198162213834115,2.1825102698127354,1.2920664266512312,0.8914453086388079,0.08951746654658732
64,193,1024,386,2,40,0.08363752858299162,4.021831539865811,1.4737165054952004,1.0730953874827733,0.025883771332531835
64,193,1024,386,3,40,0.020732664765492435,5.472380911130889,1.8610474991601937,1.4604263811477693,0.009653653547910397
64,193,1024,386,4,40,0.007761622891586936,13.398432977371268,2.1849036409730527,1.7842825229606305,0.0011600132635275777
64,193,1024,386,0,41,0.19559872501742112,2.4599355048006446,1.303315691479037,0.9026945734666114,0.10157598045394163
64,193,1024,386,2,41,0.06247955120485738,4.666003576422423,1.5675038104205257,1.1668826924081017,0.0360713877939177
64,193,1024,386,3,41,0.018174748144733577,6.318305769036103,1.7856606634227328,1.385039545410308,0.0063660399334846485
64,193,1024,386,4,41,0.007195182470800211,7.371114613309434,1.9286609743479024,1.5280398563354751,0.0007341596932426853
64,193,1024,386,0,42,0.19922556504930367,2.326170266991877,1.3025790029500177,0.9019578849375947,0.0973197571781503
64,193,1024,386,2,42,0.08122155524662031,4.0735347792782175,1.445126936441254,1.0445058184288314,0.03388111665280124
64,193,1024,386,3,42,0.02004368335139461,8.386140289296819,1.8443921721331575,1.443771054120731,0.010871076720770785
64,193,1024,386,4,42,0.00934854804279279,12.864179398815477,1.7475976347468178,1.3469765167343937,0.0007679786177149494
64,193,1024,386,0,43,0.18476191831275812,2.4118495680286247,1.3026218421738234,0.9020007241613968,0.10068648547757907
64,193,1024,386,2,43,0.07221293081622297,4.641152957539656,1.4896750926360043,1.0890539746235817,0.03084969907441662
64,193,1024,386,3,43,0.021412221781251923,4.664068909738548,1.8583995446412294,1.4577784266288063,0.010970436610436238
64,193,1024,386,4,43,0.00467357346097438,28.335782418776233,1.974900556927325,1.5742794389148997,0.0003608677600276973
64,193,1024,386,0,44,0.21347701299280028,2.36746888044933,1.2837070775394033,0.88308595952698,0.1004431331032035
64,193,1024,386,2,44,0.07673511131027606,5.512775760627138,1.4889353942653616,1.0883142762529374,0.033261529825295795
64,193,1024,386,3,44,0.032857247014255124,7.11359595664574,1.7617759694745478,1.3611548514621248,0.004702938915238009
64,193,1024,386,4,44,0.009729680498761299,16.110847877880886,1.8279742312170315,1.4273531132046102,0.0007562099551415197
64,193,1024,386,0,45,0.18542309679110927,2.479281471840639,1.3051230140756278,0.9045018960632021,0.09988975720362366
64,193,1024,386,2,45,0.07995883411104343,7.647489861137064,1.4375057282259933,1.0368846102135691,0.03282419537043847
64,193,1024,386,3,45,0.019739108282764088,10.452213081101966,1.7066184356776057,1.305997317665181,0.005538632075927981
64,193,1024,386,4,45,0.013759664821489397,26.447261689239213,1.8421798193237797,1.441558701311358,0.0011331534315989036
64,193,1024,386,0,46,0.1962336069955933,2.4363862823662368,1.2922620924495547,0.8916409744371308,0.08820831945494266
64,193,1024,386,2,46,0.06874160656034943,3.7920398118861547,1.5139736065059193,1.113352488493497,0.041264227180712446
64,193,1024,386,3,46,0.03180549440543907,6.6204433316332745,1.7529182137150963,1.3522970957026743,0.0015281625717066636
64,193,1024,386,4,46,0.01066769311856621,10.666681205636674,1.8313504775831468,1.4307293595707193,0.0013103331437589942
64,193,1024,386,0,47,0.1973467697869683,2.5826266506481574,1.2889661563056376,0.8883450382932168,0.09958340212262937
64,193,1024,386,2,47,0.0723188545499573,3.2968772867576153,1.5049600087734647,1.104338890761042,0.03444826929377324
64,193,1024,386,3,47,0.02719964605087784,5.807122846709548,1.666137197594755,1.2655160795823335,0.00716444445885906
64,193,1024,386,4,47,0.007365831009864199,19.913221379758,2.018790849602679,1.6181697315902568,0.0004065521259906188
64,193,1024,386,0,48,0.21232748095492326,2.421930979089222,1.287602267920382,0.8869811499079603,0.10097611985040922
64,193,1024,386,2,48,0.0864113005264295,5.605806916324839,1.4378718121694867,1.0372506941570663,0.02354368497512891
64,193,1024,386,3,48,0.019420067040555485,9.474588013152989,1.8205854815514386,1.419964363539016,0.003575861222464102
64,193,1024,386,4,48,0.00449720906339624,9.90250771142738,2.6149431280780737,2.2143220100656507,0.00328273420153513
64,193,1024,386,0,49,0.17123625774925516,2.3996747714235354,1.3014263530034613,0.90080523499104,0.0954775273462243
64,193,1024,386,2,49,0.05073295942723227,4.450768809924103,1.6004899865049165,1.1998688684924943,0.033416747870211296
64,193,1024,386,3,49,0.01947488618893679,6.089164344559786,1.7505636206398876,1.3499425026274636,0.007843748187210403
64,193,1024,386,4,49,0.0064621345237859855,8.830233619656564,1.8596867857318555,1.459065667719429,0.001300347348693241
64,193,1024,386,0,50,0.18620893153922377,2.3787136647740006,1.299107233214371,0.8984861152019477,0.0969627821626245
64,193,1024,386,2,50,0.058644398205248555,4.0684232146018475,1.5692018773011251,1.1685807592887016,0.03258197552222
64,193,1024,386,3,50,0.018400740253911373,5.158879193536227,1.9278051227042274,1.5271840046918044,0.0050152285369869
64,193,1024,386,4,50,0.0113091870623208,12.868981582157339,1.9933419928494829,1.592720874837056,0.0013694892830189442
64,193,1024,386,0,51,0.20443694454170516,2.224462203232717,1.3022675082313495,0.9016463902189287,0.10334952287269945
64,193,1024,386,2,51,0.06814218723609343,4.475542883748703,1.5145393048585585,1.113918186846135,0.030454162021877014
64,193,1024,386,3,51,0.0181251784914812,5.741414354083744,1.8872775504625434,1.4866564324501184,0.0053277823271643005
64,193,1024,386,4,51,0.013931553905431318,9.099866038290369,1.6197829614754604,1.2191618434630342,0.0002875020773611754
64,193,1024,386,0,52,0.23058259173874845,2.299176823100545,1.2874767199770423,0.8868556019646192,0.0928968553324157
64,193,1024,386,2,52,0.06907496361700272,4.049295044439111,1.5097599054695694,1.1091387874571481,0.043538561441402744
64,193,1024,386,3,52,0.02667952564489398,8.531422077789987,1.58983757495432,1.1892164569418995,0.006771595518579246
64,193,1024,386,4,52,0.009642727405946586,10.429045430558933,1.746585932632402,1.3459648146199754,0.0003236862586455451
64,193,1024,386,0,53,0.2041977518555392,2.3586652299594086,1.296055490607873,0.8954343725954459,0.0957188035081902
64,193,1024,386,2,53,0.07970497313215517,4.069695485369257,1.4489806017166367,1.0483594837042105,0.031364225919698153
64,193,1024,386,3,53,0.035621523222409676,46.05297098620463,1.6393949594510484,1.238773841438622,0.0017135792583230912
64,193,1024,386,4,53,0.004684743623166694,14.07342525492536,2.079720174545608,1.6790990565331825,0.0016992780863034134
64,193,1024,386,0,54,0.2062689974256019,2.5040219118612854,1.2843591156496352,0.883737997637212,0.09742486453071768
64,193,1024,386,2,54,0.09456337183963581,6.772366140179271,1.44080064037052,1.0401795223580947,0.019202633324433265
64,193,1024,386,3,54,0.02454084643283506,8.359506583069404,1.7704454131141834,1.3698242951017576,0.005544272224506782
64,193,1024,386,4,54,0.011238822609147995,13.168077562593941,1.6364253783302902,1.2358042603178632,0.0003911557624095294
64,193,1024,386,0,55,0.21785450560984498,2.4300929035314924,1.2976086334827075,0.8969875154702862,0.09213547585957851
64,193,1024,386,2,55,0.061993501511230356,3.467565491888341,1.5697809623728112,1.1691598443603866,0.0350129619465506
64,193,1024,386,3,55,0.025862432255460845,13.912893984055096,1.7802364020033998,1.3796152839909723,0.008531982537275393
64,193,1024,386,4,55,0.009070114567204064,13.537519593054391,1.8955850621248138,1.494963944112392,0.0005373509504657143
64,193,1024,386,0,56,0.19833919147777765,2.3411607164774177,1.2870487551607084,0.8864276371482873,0.09583440102229261
64,193,1024,386,2,56,0.06942074884015198,3.660450798443989,1.5172424598651268,1.1166213418527065,0.026860297416980754
64,193,1024,386,3,56,0.02345001239041146,11.0153046590343,1.8354370455595843,1.434815927547163,0.0052993806416185485
64,193,1024,386,4,56,0.00991255417963973,9.745540226473121,1.8058864459775816,1.4052653279651608,0.0002491645151547221
64,193,1024,386,0,57,0.19935050376570024,2.4266503419928727,1.2977698320266857,0.8971487140142642,0.09164006142283217
64,193,1024,386,2,57,0.07874157916517742,3.8452749669081077,1.4951150366848789,1.0944939186724554,0.03222271064476404
64,193,1024,386,3,57,0.016302393158900166,4.568002044633584,1.9037437656358098,1.5031226476233854,0.0043120888591771335
64,193,1024,386,4,57,0.011136418884145892,16.36550018731294,1.7973898796014547,1.3967687615890299,0.001048721935659734
64,193,1024,386,0,58,0.2027776280502581,2.269125979027923,1.3000783960747233,0.8994572780623002,0.0989991500442564
64,193,1024,386,2,58,0.07393625017903781,4.812010923159396,1.4484371968075704,1.0478160787951438,0.02857054517601126
64,193,1024,386,3,58,0.027415990519417486,4.303734171812216,1.783226132145086,1.3826050141326647,0.008409306559217606
64,193,1024,386,4,58,0.006896035533924054,19.697429220183068,1.919271723513969,1.5186506055015414,0.00016021530536714342
64,193,1024,386,0,59,0.21911128962506718,2.280016476680775,1.2957186127128213,0.8950974947003942,0.09452361767377973
64,193,1024,386,2,59,0.08373953263584617,4.675209973342314,1.4809588134279288,1.0803376954155084,0.03614571036347758
64,193,1024,386,3,59,0.02974097603409469,10.490753490949636,1.7594875261301235,1.3588664081176987,0.008521015755246122
64,193,1024,386,4,59,0.012906362759605966,9.855967870539533,1.7727317278442671,1.372110609831843,0.00017863574918053175
64,193,1024,386,0,60,0.20390341009642426,2.369980942287146,1.2952696691851664,0.8946485511727431,0.09698932912398124
64,193,1024,386,2,60,0.06809614747087768,3.4065801021286317,1.5773766410438692,1.1767555230314457,0.02392551884403807
64,193,1024,386,3,60,0.015327502996951629,5.339343815635605,1.8893952430251413,1.4887741250127178,0.005276533735322953
64,193,1024,386,4,60,0.00798306206058994,5.031625877466638,1.7441706658660414,1.3435495478536197,0.0002322632026110099
64,193,1024,386,0,61,0.22149910402115497,2.3291689675418445,1.2835851827519091,0.8829640647394825,0.0943911745938536
64,193,1024,386,2,61,0.05973913081810087,4.8887679466271265,1.54931160774174,1.1486904897293186,0.031132438222456715
64,193,1024,386,3,61,0.019887187513590854,8.557953440943074,1.9434138376851624,1.5427927196727396,0.0059936866804455825
64,193,1024,386,4,61,0.006694811891119023,7.156859069202422,1.9092557892166049,1.5086346712041774,0.0004347105844114247
64,193,1024,386,0,62,0.1727879450652491,2.6543013842384093,1.3158694665662543,0.9152483485538312,0.09170407463196636
64,193,1024,386,2,62,0.06281839719042892,3.9056537507698885,1.5748965327292188,1.1742754147167958,0.026423540899550513
64,193,1024,386,3,62,0.0286835406744566,4.979333846341395,1.692842855051975,1.2922217370395543,0.004750201575073735
64,193,1024,386,4,62,0.008862166382060116,7.577356915639513,1.9529753819237547,1.552354263911333,0.0004504927059097571
64,193,1024,386,0,63,0.18567164862356555,2.4607503956546433,1.2954159394102165,0.8947948213977952,0.08906736525162158
64,193,1024,386,2,63,0.07186455400164993,4.892631567144196,1.4564731801370487,1.0558520621246217,0.028862753328603826
64,193,1024,386,3,63,0.023303631612675135,11.626459220952707,1.8243121830137925,1.4236910650013712,0.003977036318888086
64,193,1024,386,4,63,0.008775806221261362,12.594111995973119,1.8544273820441894,1.453806264031762,1.12466691738471e-05
64,193,1024,386,0,64,0.2088976926825279,2.4551019024453518,1.2933935752083952,0.8927724571959743,0.10593874019873609
64,193,1024,386,2,64,0.05872068958458637,4.8331754595998255,1.5614070077087214,1.1607858896962995,0.04379110838309715
64,193,1024,386,3,64,0.02742675964256964,14.706748518970752,1.675354654694686,1.2747335366822625,0.0023206866687729847
64,193,1024,386,4,64,0.01033917492901643,15.27661126866841,1.7448232483590014,1.3442021303465808,0.0002691244138215266
64,193,1024,386,0,65,0.2185521258664495,2.344829893514574,1.2829260383950918,0.8823049203826656,0.09433160792586269
64,193,1024,386,2,65,0.06869353164866607,4.012716758593356,1.5048336401578841,1.1042125221454597,0.029674897854608903
64,193,1024,386,3,65,0.023001408301648974,11.48618562974276,1.9346492920825198,1.5340281740700945,0.006583671921446438
64,193,1024,386,4,65,0.006057458171429866,6.758476760032739,2.176582036007044,1.7759609179946168,0.0006906815245650001
64,193,1024,386,0,66,0.19087167140515707,2.5848520708016545,1.2849691407761714,0.8843480227637457,0.09095686629467473
64,193,1024,386,2,66,0.06585963381488392,4.837982103501002,1.483863809804364,1.0832426917919378,0.04836527479846314
64,193,1024,386,3,66,0.027668898982904797,10.209084098649985,1.7080809684440212,1.3074598504315986,0.0054759779863613085
64,193,1024,386,4,66,0.016059784469996,59.58380748672542,1.4968239880115402,1.096202869999118,0.0009172173644480954
64,193,1024,386,0,67,0.19374350500757326,2.2374302973768057,1.301034483860408,0.9004133658479816,0.09609247128860371
64,193,1024,386,2,67,0.09760426096133354,4.047717919223054,1.4460241738991815,1.0454030558867586,0.03323778747991063
64,193,1024,386,3,67,0.015404819486094855,8.787171648413251,2.0444226284317493,1.6438015104193227,0.006064823569229815
64,193,1024,386,4,67,0.009559807980595643,14.713427016297656,1.993074692491481,1.5924535744790589,0.0012544125490464022
64,193,1024,386,0,68,0.20252632473854276,2.367006242531446,1.292664445325837,0.8920433273134165,0.08840795241030988
64,193,1024,386,2,68,0.07325305750920458,5.317537168762943,1.4920509995451958,1.0914298815327754,0.026090124874913582
64,193,1024,386,3,68,0.017277150240850143,20.71195788376231,1.9916945016756002,1.5910733836631792,0.006796938723771379
64,193,1024,386,4,68,0.009479137555613219,7.469787684513806,1.801858523344649,1.4012374053322247,0.0025882096936251163
64,193,1024,386,0,69,0.17038914142292289,2.405330959346287,1.3019292015164905,0.9013080835040697,0.09073695295405777
64,193,1024,386,2,69,0.07774715142604002,4.65139149736906,1.4479409357130113,1.0473198177005898,0.023782663292977353
64,193,1024,386,3,69,0.02376440721258531,6.294003621740032,1.832184118036722,1.4315630000242976,0.006890184972172626
64,193,1024,386,4,69,0.007376429278904276,8.149685165165952,1.949242280505059,1.548621162492637,4.791855856351487e-05
64,193,1024,386,0,70,0.19890802144254371,2.298256531964981,1.2930409130433826,0.8924197950309605,0.09838124097854146
64,193,1024,386,2,70,0.0741949975339618,4.5844692969505445,1.4701620110552256,1.0695408930427988,0.028777316661346572
64,193,1024,386,3,70,0.01547519012883062,7.575217559181102,1.9524878822681124,1.551866764255685,0.014486422329097933
64,193,1024,386,4,70,0.014506553466559328,28.77084629695969,1.7698417434165234,1.3692206254040968,0.00144916667026685
64,193,1024,386,0,71,0.19758386119725788,2.4086757306618596,1.2999306640281691,0.8993095460157434,0.0934899058680046
64,193,1024,386,2,71,0.06471332385889335,3.4049506685081905,1.5403066158212118,1.1396854978087845,0.03793242181282987
64,193,1024,386,3,71,0.02242400905233319,6.948914096202488,1.7724509203692524,1.371829802356828,0.004804934409109434
64,193,1024,386,4,71,0.008354767628946614,20.967828413752493,1.9482673888540942,1.5476462708416676,0.0005014971975734267
64,193,1024,386,0,72,0.1948719548288514,2.3333209804430988,1.2885631571278748,0.8879420391154511,0.09457770720008196
64,193,1024,386,2,72,0.05455304196718505,4.136756603677082,1.611266945216084,1.2106458272036633,0.03954096754347012
64,193,1024,386,3,72,0.024137345361693995,7.300646620645804,1.8267013027894539,1.4260801847770281,0.005852822900360995
64,193,1024,386,4,72,0.007460294570320291,21.250197453383613,1.977875699050292,1.5772545810378702,0.000512685821064423
64,193,1024,386,0,73,0.1890661755925303,2.3973573100220626,1.294516244909892,0.8938951268974691,0.10223591973621877
64,193,1024,386,2,73,0.07829729085233168,5.022283834710487,1.4335126661040172,1.032891548091591,0.024725533690122
64,193,1024,386,3,73,0.022818081782091507,10.75911731209261,1.6926136016386484,1.291992483626224,0.006215433572128031
64,193,1024,386,4,73,0.004995394294273115,8.408321923218828,2.2085333383280874,1.8079122203156643,0.002037917555255671
64,193,1024,386,0,74,0.17186779156574056,2.396825361335812,1.2988890331769243,0.898267915164503,0.10384217951926686
64,193,1024,386,2,74,0.06809451887726402,4.010878948417539,1.4858913444177895,1.0852702264053633,0.03339568516346576
64,193,1024,386,3,74,0.02006945242954664,7.822480165416742,1.7296568043993785,1.329035686386952,0.0026465161221453162
64,193,1024,386,4,74,0.00956417945758742,8.838471652252043,1.720850588714797,1.3202294707023725,0.001541772949327339
64,193,1024,386,0,75,0.18688242656050602,2.3554452045750613,1.298324579984702,0.8977034619722772,0.09448996499796478
64,193,1024,386,2,75,0.05408328126466196,3.955380309347068,1.4865847145626363,1.085963596550215,0.04604266593225039
64,193,1024,386,3,75,0.02516641374888788,6.520714064610669,1.7759819037499271,1.3753607857375059,0.008161230492528494
64,193,1024,386,4,75,0.005969235923295458,18.44396845368159,1.9826556622877924,1.5820345442753663,0.0010425409558502815
64,193,1024,386,0,76,0.20054728445913422,2.304434363360754,1.2805616204734112,0.8799405024609896,0.09536264468436746
64,193,1024,386,2,76,0.08035850983482021,4.474285102644251,1.4674103325110073,1.0667892144985842,0.038122882490105876
64,193,1024,386,3,76,0.03237691110937635,8.718136944151723,1.6642879875349368,1.2636668695225097,0.004449067311684938
64,193,1024,386,4,76,0.013409507293709119,18.701690360463594,1.691385934153318,1.290764816140893,0.0011676825228190905
64,193,1024,386,0,77,0.18763480796437648,2.514363684625731,1.286850820764699,0.8862297027522743,0.09660642774869721
64,193,1024,386,2,77,0.0940482303025647,6.592295243864378,1.409688724643671,1.0090676066312483,0.028790502611219605
64,193,1024,386,3,77,0.029543785913710364,8.377113667458179,1.6086286243833468,1.208007506370926,0.004361156786945952
64,193,1024,386,4,77,0.011868101213192084,8.318131274350272,1.776808751039404,1.37618763302698,0.00235349651320192
64,193,1024,386,0,78,0.19529506260090446,2.4237455152888066,1.2952336438867686,0.8946125258743436,0.09048577982625002
64,193,1024,386,2,78,0.12470875022030524,4.020386040349974,1.3610056207682617,0.9603845027558364,0.02650522547613436
64,193,1024,386,3,78,0.025931897085839452,5.360348385238135,1.653309062294976,1.252687944282549,0.010023496420746549
64,193,1024,386,4,78,0.011370307514045686,6.504017119462903,1.928638812452554,1.5280176944401305,0.0032623658167532667
64,193,1024,386,0,79,0.17703680815411726,2.4219041872428333,1.292556423680156,0.8919353056677295,0.08843348685412711
64,193,1024,386,2,79,0.07695654798421542,3.9900578294473297,1.4870248435292426,1.086403725516817,0.040053019136274355
64,193,1024,386,3,79,0.03759674156645853,11.166414248859855,1.5962077585725964,1.1955866405601725,0.005452990352442051
64,193,1024,386,4,79,0.004730438359711746,10.728208189608157,2.1869039466501623,1.786282828637738,0.0014436903211691064
64,193,1024,386,0,80,0.21913167928101712,2.3906044486579985,1.2883945313464085,0.8877734133339814,0.09199839696808604
64,193,1024,386,2,80,0.08694845343706083,4.520330341308995,1.4285443045444166,1.0279231865319929,0.026242712630270015
64,193,1024,386,3,80,0.025099455898387798,21.322554224269773,1.6950359177271779,1.294414799714751,0.006837479944859659
64,193,1024,386,4,80,0.008314497801117059,16.941211961670096,1.9308338542564796,1.530212736244053,0.0012593404992127682
64,193,1024,386,0,81,0.1958561655931055,2.360552720515016,1.3052477895122343,0.9046266714998126,0.09228440236456195
64,193,1024,386,2,81,0.059348947847451684,4.4352053838125185,1.51011557362013,1.1094944556077095,0.026556560715456205
64,193,1024,386,3,81,0.021399975204129527,13.875663815942527,1.86778194497587,1.4671608269634433,0.005864121175499417
64,193,1024,386,4,81,0.005644502150043048,14.574261808997734,2.1209909909839277,1.720369872971503,0.0004419822903123766
64,193,1024,386,0,82,0.21287121079956678,2.3898437901812972,1.280599700871199,0.8799785828587758,0.09205228644526164
64,193,1024,386,2,82,0.05188830091002554,3.5735048518529915,1.6241621488246978,1.223541030812271,0.042678903873621936
64,193,1024,386,3,82,0.026549349743947466,9.49894918946945,1.771507863563116,1.370886745550692,0.013408342543408986
64,193,1024,386,4,82,0.008247852857577419,14.802145950300098,1.8430811565714809,1.4424600385590551,0.00015876036403576185
64,193,1024,386,0,83,0.19554628794474585,2.3733102323133197,1.3131393794906123,0.9125182614781906,0.1055303576423219
64,193,1024,386,2,83,0.06943876346172465,4.8474731189189475,1.4889327816347202,1.0883116636222994,0.03090418695375235
64,193,1024,386,3,83,0.02218589732684278,5.630707735525457,1.6670498260199338,1.2664287080075098,0.0070345363786930605
64,193,1024,386,4,83,0.007825775751143606,4.767936370228657,1.9040784726315132,1.503457354619087,0.0011720044210165826
64,193,1024,386,0,84,0.20592847530026126,2.311815343327727,1.29734974773949,0.8967286297270647,0.09247760389866216
64,193,1024,386,2,84,0.0607899647549216,5.0272040249303895,1.5349863628540252,1.1343652448416037,0.030276687939347475
64,193,1024,386,3,84,0.03391406332516175,5.920538882505661,1.5704257793601346,1.1698046613477118,0.007525304942467341
64,193,1024,386,4,84,0.004313210155249153,12.143656243402255,2.2615858805302467,1.860964762517824,0.0006794022620284562
64,193,1024,386,0,85,0.18417713057812957,2.52290967959454,1.2934050872594702,0.8927839692470485,0.09218670084033946
64,193,1024,386,2,85,0.0808927510102994,5.962571661289411,1.3874667741648934,0.9868456561524681,0.034071513533248
64,193,1024,386,3,85,0.022385649085291247,5.735999369531585,2.027301845650298,1.6266807276378756,0.005994889989090173
64,193,1024,386,4,85,0.004086452082660718,14.93952156773612,2.1311241797198255,1.7305030617074024,0.0005153183662631729
64,193,1024,386,0,86,0.21779185389322142,2.4525151367741254,1.289905957910203,0.8892848398977762,0.10401949310256581
64,193,1024,386,2,86,0.08595596158323535,3.9520692266375503,1.4684678037991485,1.0678466857867264,0.039880065806175584
64,193,1024,386,3,86,0.019293776074111736,7.434389846318396,1.9502396224957272,1.5496185044833055,0.011018537474393046
64,193,1024,386,4,86,0.006341582600967499,11.795940366687816,2.104156501796562,1.7035353837841356,0.0008820729471338661
64,193,1024,386,0,87,0.19478750255725955,2.4220915549206925,1.2981320199350925,0.897510901922665,0.09458370772839267
64,193,1024,386,2,87,0.07608771777332013,4.894196229849989,1.4754179029075956,1.0747967848951703,0.04100313316703759
64,193,1024,386,3,87,0.017332502821252187,9.112503232226167,1.8313824518476696,1.4307613338352425,0.004490973883553711
64,193,1024,386,4,87,0.007171027270455973,10.95471962849004,1.877378426950988,1.4767573089385664,0.0002896921630571133
64,193,1024,386,0,88,0.19199298456670688,2.54346419759342,1.285233688797613,0.8846125707851868,0.08458562921109285
64,193,1024,386,2,88,0.07459945074149907,5.893331883545574,1.4946692032849707,1.0940480852725472,0.03160871035476092
64,193,1024,386,3,88,0.028993587075399747,12.438591225532008,1.7144618543577952,1.3138407363453695,0.0041600539160224275
64,193,1024,386,4,88,0.006620139416922948,18.949210886548983,1.9374832347397153,1.536862116727292,0.00024264558972274955
64,193,1024,386,0,89,0.1888644096957787,2.3676239106449875,1.2912305856387603,0.8906094676263336,0.09951355313288882
64,193,1024,386,2,89,0.06371230094436106,4.9576455913574495,1.5966411218039456,1.1960200037915243,0.029069159411902575
64,193,1024,386,3,89,0.017216758147988134,12.356072602855217,1.7202558220682038,1.3196347040557797,0.01033903406528503
64,193,1024,386,4,89,0.006006567953744067,10.450786659440553,2.0328384402520276,1.6322173222396046,0.0014917682976181169
64,193,1024,386,0,90,0.20082028172355998,2.314022427944912,1.2961285230480322,0.8955074050356089,0.10119737806825242
64,193,1024,386,2,90,0.05263162251709298,3.9240187101190536,1.5920358072323348,1.1914146892199113,0.040028258467312096
64,193,1024,386,3,90,0.026237859829052232,12.626912813390287,1.8055317742710966,1.4049106562586715,0.0074009682468641775
64,193,1024,386,4,90,0.006430515709734345,36.01510355829727,2.0066680523187927,1.6060469343063701,0.0018259323092338112
64,193,1024,386,0,91,0.2179989781733125,2.4182068744440066,1.2862074958888607,0.8855863778764359,0.10569912107724377
64,193,1024,386,2,91,0.07100417967174968,3.478107909445871,1.5259114974288834,1.1252903794164624,0.03727259985812643
64,193,1024,386,3,91,0.018940827000662304,12.74946491818115,1.878313000045834,1.4776918820334117,0.01250409074422066
64,193,1024,386,4,91,0.010576176995853252,55.54897063374136,1.808032109840164,1.4074109918277387,0.0009067102019896179
64,193,1024,386,0,92,0.19473307135155096,2.3544273674942615,1.3045225464246462,0.9039014284122189,0.08537983137249494
64,193,1024,386,2,92,0.062195315485444366,3.9210386330016913,1.4881252298559373,1.087504111843515,0.028868744010613224
64,193,1024,386,3,92,0.023896852704995922,5.792401149407052,1.7030029708226175,1.3023818528101927,0.006941785893503736
64,193,1024,386,4,92,0.004990847256789116,8.612080011172575,2.336184732417388,1.9355636144049626,0.0013112797921846157
64,193,1024,386,0,93,0.20672198564377503,2.3096093010833907,1.2917377112765256,0.8911165932641012,0.08922584316299129
64,193,1024,386,2,93,0.04651479811218172,3.4835880109791586,1.53802976254708,1.1374086445346592,0.0363781405268784
64,193,1024,386,3,93,0.03132928973489048,7.318306750773155,1.6704675971272276,1.269846479114804,0.007041808442674783
64,193,1024,386,4,93,0.005766614551196164,7.5525685683444745,1.8055713889070923,1.4049502708946662,0.0012788003013387828
64,193,1024,386,0,94,0.17915106736477496,2.441930192601993,1.3029824514938815,0.9023613334814584,0.10474109696701975
64,193,1024,386,2,94,0.06036878154872602,4.611780053208662,1.5496170563494107,1.1489959383369879,0.03136691707533615
64,193,1024,386,3,94,0.03347101859455415,8.073581304377733,1.5242358834888698,1.1236147654764466,0.006235935254287081
64,193,1024,386,4,94,0.004908012913827053,9.852296005020207,2.267019692856606,1.8663985748441831,0.0020884490081024476
64,193,1024,386,0,95,0.18565635406534178,2.408148663298345,1.2884103990959723,0.887789281083549,0.09719294016929576
64,193,1024,386,2,95,0.08313172975477431,4.758160859819616,1.450460821897795,1.0498397038853682,0.035453778827270514
64,193,1024,386,3,95,0.02412619834537986,7.536694145903148,1.6643764454309549,1.2637553274185294,0.005772386072224105
64,193,1024,386,4,95,0.006706911859668254,25.96055596185554,2.159729109269885,1.7591079912574585,0.0011482109187392917
64,193,1024,386,0,96,0.2100161279192644,2.3606337037213767,1.295402868533766,0.8947817505213393,0.10507554072754352
64,193,1024,386,2,96,0.068704910602751,4.438000597981225,1.5307398463462276,1.1301187283338052,0.03146785948966691
64,193,1024,386,3,96,0.02101216231268086,6.080850056088343,1.7936310748802733,1.39300995686785,0.004962215018941139
64,193,1024,386,4,96,0.010125056677207181,48.08725079472589,1.5865018421386288,1.185880724126207,0.00033767795189665643
64,193,1024,386,0,97,0.1856033923168952,2.3446136620245848,1.2862488675214883,0.8856277495090623,0.10364518101062416
64,193,1024,386,2,97,0.05269936043200509,4.19091831186081,1.5659755526307952,1.1653544346183722,0.031847925130010994
64,193,1024,386,3,97,0.026483758750490038,6.710037367132516,1.6998139096494267,1.2991927916370045,0.005964776634319195
64,193,1024,386,4,97,0.011334879374439695,6.500349291824641,1.8960977083409256,1.4954765903285008,0.0004477947587049558
64,193,1024,386,0,98,0.2170574572008551,2.433108329877108,1.2914230207412,0.890801902728775,0.09860008226805898
64,193,1024,386,2,98,0.07851539245753379,3.9186515553893955,1.4314742842300279,1.0308531662176037,0.02807909567409085
64,193,1024,386,3,98,0.030476730478880824,15.687882358424808,1.5903437685594461,1.1897226505470258,0.005634918521681137
64,193,1024,386,4,98,0.004109309736068436,20.809182703380472,1.8484353573342092,1.4478142393217865,0.0008915638755793217
64,193,1024,386,0,99,0.18762101339981205,2.343226895335827,1.3015921861979987,0.9009710681855765,0.09706018305702228
64,193,1024,386,2,99,0.07140646251669663,4.733227348146693,1.461457667537935,1.0608365495255114,0.038443407962104104
64,193,1024,386,3,99,0.01628563866177479,13.258509045512596,1.8627724322011563,1.4621513141887306,0.003761197615863724
64,193,1024,386,4,99,0.009846251898434532,13.641028174556752,1.6726528479194736,1.2720317299070487,0.0005520081900287775
64,193,1024,386,0,100,0.18529435805742137,2.3261682151224368,1.313801024515247,0.9131799065028261,0.09194103422173742
64,193,1024,386,2,100,0.07229495437342519,5.283104822304017,1.4664540782678877,1.065832960255463,0.03201295400258287
64,193,1024,386,3,100,0.01957406119954022,12.805662958462285,1.901720486641194,1.501099368628772,0.005445829365792359
64,193,1024,386,4,100,0.008618339704204185,16.471989045756224,1.7358998055107346,1.3352786874983096,0.0005969172694025753
64,193,1024,386,0,101,0.20012239415736613,2.354961644023334,1.2963889554976462,0.8957678374852236,0.10319803077280246
64,193,1024,386,2,101,0.06185782888844854,6.038359082550372,1.531442193485777,1.1308210754733565,0.035147969426360046
64,193,1024,386,3,101,0.0264171862073728,15.54297976676009,1.824267001354491,1.4236458833420684,0.005368512843455776
64,193,1024,386,4,101,0.0038465572107420744,24.1285387983283,2.5267188033328862,2.1260976853204596,0.00027866783823832795
64,193,1024,386,0,102,0.17736758501223787,2.2966168954213804,1.2989956430498404,0.8983745250374184,0.10071020048529393
64,193,1024,386,2,102,0.06511935243175702,5.003584769720861,1.5937982124432213,1.1931770944307942,0.025295616379517234
64,193,1024,386,3,102,0.032131474012726105,16.219440939243164,1.6089102826080044,1.208289164595584,0.003230992326185809
64,193,1024,386,4,102,0.007027964107580632,20.62515663562681,1.8530119788128347,1.4523908608004135,0.0004752826617424254
64,193,1024,386,0,103,0.1834382402847761,2.3222225855352443,1.3035469882970394,0.9029258702846121,0.09243294081571062
64,193,1024,386,2,103,0.07072652034187708,5.318509951276621,1.4191028975822508,1.018481779569825,0.027540303055247146
64,193,1024,386,3,103,0.021899943951184497,4.845902507409341,1.835792192315969,1.4351710743035468,0.004242848606842513
64,193,1024,386,4,103,0.016092301602882532,10.904869032832075,1.7359545897552944,1.3353334717428709,0.0017565062557563598
64,193,1024,386,0,104,0.19491524539383068,2.269576433748312,1.2922683761496063,0.8916472581371835,0.09482040553155545
64,193,1024,386,2,104,0.06412210411741742,3.7653495868331444,1.5658942783876777,1.165273160375257,0.03165584500150614
64,193,1024,386,3,104,0.022025349155914403,6.335540601749237,1.7076963737910504,1.3070752557786278,0.009597939800766047
64,193,1024,386,4,104,0.00779405888270852,19.610038438626496,1.9811754209066381,1.580554302894214,0.0015133876694607639
64,193,1024,386,0,105,0.2115176069321344,2.383688355338344,1.29440718223113,0.893786064218709,0.09124919384050864
64,193,1024,386,2,105,0.07738260485400039,4.834770103436874,1.530585239103839,1.1299641210914118,0.048693765706921965
64,193,1024,386,3,105,0.02237766264279244,14.304477072587396,1.7344798928710834,1.3338587748586619,0.007868652221675751
64,193,1024,386,4,105,0.0050809506956988855,4.700800701133399,2.1622673443034515,1.7616462262910275,0.0001912197298966414
64,193,1024,386,0,106,0.20397578758751497,2.2758134482602954,1.3002165903942182,0.8995954723817974,0.09446395732470982
64,193,1024,386,2,106,0.060886517592993225,4.197389717527464,1.4853909030431736,1.0847697850307512,0.02681174749438824
64,193,1024,386,3,106,0.036433998963899324,6.008757667285712,1.6906852992847852,1.2900641812723634,0.013844614144406945
64,193,1024,386,4,106,0.011070442268287076,39.683158321679656,1.7605215490322226,1.3599004310197955,0.00039903732435499467
64,193,1024,386,0,107,0.17920560014367753,2.244029670374877,1.2960846020136114,0.8954634840011906,0.10816703123372687
64,193,1024,386,2,107,0.0638627927195495,3.8765843945916254,1.5035833921084139,1.1029622740959866,0.028259422043980856
64,193,1024,386,3,107,0.01531938785559537,4.089094688616523,1.9570650756956673,1.5564439576832427,0.0069760196310518045
64,193,1024,386,4,107,0.006737599315231697,7.590798482542507,2.0361011592288834,1.6354800412164607,0.0015027939260979497
64,193,1024,386,0,108,0.1906805735829446,2.340821749861465,1.2977648754141158,0.8971437574016932,0.10012329626483689
64,193,1024,386,2,108,0.08636766001702695,4.629103203962762,1.4460762316215972,1.0454551136091723,0.037803807904985234
64,193,1024,386,3,108,0.027453542540822048,10.546231802740952,1.6792216863285256,1.2786005683161008,0.004177537631785542
64,193,1024,386,4,108,0.006146671492808083,11.959769012431824,2.2582270291962416,1.8576059111838177,0.0011644924730360008
64,193,1024,386,0,109,0.20034486267498988,2.493505539258301,1.2842292271920746,0.8836081091796473,0.09287769967307898
64,193,1024,386,2,109,0.07242405982233732,4.7476890044290325,1.5119105919940579,1.1112894739816355,0.03377638574417064
64,193,1024,386,3,109,0.02358074027175627,7.005260333183635,1.6811753696273508,1.2805542516149302,0.007630031309522191
64,193,1024,386,4,109,0.005571925609593071,11.58199969866688,2.0464446290144287,1.645823511002007,0.00014847367545274876
64,193,1024,386,0,110,0.20851099439153847,2.274763572442478,1.2923098957507513,0.8916887777383238,0.0975784181380162
64,193,1024,386,2,110,0.08000043878739985,4.825634254091981,1.458603276588334,1.0579821585759106,0.027813493345628545
64,193,1024,386,3,110,0.026587195088937244,5.364509944935387,1.6667599152242705,1.2661387972118447,0.006776527712914261
64,193,1024,386,4,110,0.008223054121793517,3.840524820207338,1.9972531730834737,1.5966320550710478,0.0007706623698516032
64,193,1024,386,0,111,0.19619649464675143,2.2503973968229465,1.2952343628623484,0.8946132448499213,0.09822078090776697
64,193,1024,386,2,111,0.06408048620015949,4.430573327501927,1.4989472723830934,1.0983261543706675,0.022361697013342265
64,193,1024,386,3,111,0.024997456591878457,7.367457838612406,1.6702634178420972,1.2696422998296768,0.009148976828814643
64,193,1024,386,4,111,0.008805211719780048,77.50298517458492,1.81568018786969,1.4150590698572643,0.0022910779441448815
64,193,1024,386,0,112,0.20526715967533027,2.432291009551029,1.2941333686171768,0.8935122506047506,0.09443713413801048
64,193,1024,386,2,112,0.0873839164390955,4.8648451913239,1.4479385269261655,1.0473174089137416,0.02598216337190544
64,193,1024,386,3,112,0.01738842348104266,18.22601836140995,2.0357242776910645,1.6351031596786427,0.008750939110686527
64,193,1024,386,4,112,0.006638793161764734,4.250733764349283,2.041313223141758,1.6406921051293324,0.0007117110782002291
64,193,1024,386,0,113,0.17991522721246986,2.4343375309786137,1.3085493029026949,0.9079281848902738,0.0960917337669653
64,193,1024,386,2,113,0.08492134881984746,4.623484368316889,1.4484526148748889,1.0478314968624645,0.0395488882745558
64,193,1024,386,3,113,0.03555568234512106,6.214432429031744,1.678123726066021,1.2775026080535952,0.008359757582929731
64,193,1024,386,4,113,0.005891284907762308,14.96087975866125,1.9621057059739457,1.5614845879615231,0.0020462683143258856
64,193,1024,386,0,114,0.21854440483959123,2.3896313612113183,1.2909193090244073,0.8902981910119863,0.10350990261233234
64,193,1024,386,2,114,0.07833569189304754,4.073945262505871,1.4536009849685387,1.0529798669561146,0.027381988244132946
64,193,1024,386,3,114,0.024144361518246372,5.462346431237387,1.7991903757019743,1.3985692576895516,0.00890660025177874
64,193,1024,386,4,114,0.007625723696541997,22.11647098874975,2.1493614364010325,1.7487403183886059,0.000423092156261692
64,193,1024,386,0,115,0.209066857603526,2.323621457170924,1.2922153408142796,0.8915942228018565,0.09370743874338272
64,193,1024,386,2,115,0.08225566723120689,5.184854714141693,1.4623382602137158,1.0617171422012888,0.02841158636912683
64,193,1024,386,3,115,0.0354002850457237,12.315655431381657,1.554729992887343,1.1541088748749218,0.004593434058094204
64,193,1024,386,4,115,0.005062486331987813,8.88789239249466,2.1388915293724535,1.738270411360027,0.0023992819558234625
64,193,1024,386,0,116,0.19408626755318834,2.383077862061998,1.2946826377422935,0.8940615197298669,0.10005443668990283
64,193,1024,386,2,116,0.05011815704491806,4.75969646936357,1.6017934733412118,1.2011723553287865,0.048696242392761054
64,193,1024,386,3,116,0.023466342895766996,10.64247357201565,1.7921705612637675,1.3915494432513427,0.0058187415085599
64,193,1024,386,4,116,0.006272108244122096,12.831949322155712,1.7481642138144928,1.3475430958020667,0.0006200436630529408
64,193,1024,386,0,117,0.22824828940729924,2.3397070588562796,1.298053243485903,0.897432125473479,0.09688626309659974
64,193,1024,386,2,117,0.07088507682059081,4.121908155516193,1.565337603774426,1.1647164857619998,0.04410402964014885
64,193,1024,386,3,117,0.021586709281332373,8.335436733422387,1.8213689076581163,1.420747789645695,0.004868862317313566
64,193,1024,386,4,117,0.007706655937495199,10.910436594079219,1.929617298362381,1.5289961803499565,0.0007781022054066147
64,193,1024,386,0,118,0.1921209023275039,2.361575810225021,1.295893375870713,0.8952722578582879,0.10507981930065463
64,193,1024,386,2,118,0.06656844149951896,6.402435461659362,1.4559631712398606,1.0553420532274345,0.02833751421390975
64,193,1024,386,3,118,0.016711062627865675,8.136025411953792,2.0172765508132624,1.6166554328008402,0.005866219550026083
64,193,1024,386,4,118,0.006774954848686577,15.196255251519649,2.132475406925687,1.7318542889132615,0.00033879219796278546
64,193,1024,386,0,119,0.18747869504801548,2.32375444528823,1.292131329511435,0.8915102114990106,0.09622323364848799
64,193,1024,386,2,119,0.07060500760919976,4.258995150213057,1.5379827213845954,1.1373616033721703,0.027163935366905895
64,193,1024,386,3,119,0.027806704106444455,11.257166266516784,1.5992678820489814,1.1986467640365603,0.0045267728308122715
64,193,1024,386,4,119,0.010773880369164802,12.128639541740824,1.9069418233490405,1.5063207053366199,0.00030919314409670357
64,193,1024,386,0,120,0.20436982445225205,2.468717130041086,1.2848709588884144,0.884249840875988,0.08469960939500931
64,193,1024,386,2,120,0.07627801758989976,3.8135464981756124,1.4976433827310927,1.0970222647186674,0.037843509762889714
64,193,1024,386,3,120,0.020144718620134682,7.311560210542722,1.9746569210710203,1.5740358030585995,0.006195458755713303
64,193,1024,386,4,120,0.008781130220946712,8.514922892369631,1.7373909812817432,1.3367698632693177,0.0009465567878563782
64,193,1024,386,0,121,0.1984775636655075,2.4058508131550385,1.296143503261057,0.8955223852486327,0.09984635007845866
64,193,1024,386,2,121,0.05715276849206574,5.808395670162012,1.5661505607834303,1.1655294427710032,0.02531021066114685
64,193,1024,386,3,121,0.01883910304081851,11.288970670425591,1.7557374608461327,1.3551163428337105,0.005602702905549685
64,193,1024,386,4,121,0.007862060497750574,5.383074438154144,1.8414932199669212,1.440872101954497,0.0020933399799663707
64,193,1024,386,0,122,0.19564522611341817,2.384262519724813,1.307627771956391,0.9070066539439665,0.0993898986336504
64,193,1024,386,2,122,0.06635345393341753,4.4591081455792,1.513797904531172,1.1131767865187499,0.026019500052648793
64,193,1024,386,3,122,0.024161533264998446,15.170257329929765,1.6974690832157222,1.2968479652032983,0.005240144595205667
64,193,1024,386,4,122,0.008437743633758757,20.400253955232124,1.7182556810546328,1.317634563042212,0.0005949446569913425
64,193,1024,386,0,123,0.19658554879874449,2.30423164095711,1.296963683352001,0.8963425653395802,0.09752210852668766
64,193,1024,386,2,123,0.08452524712819823,3.911486558188117,1.5122612283539816,1.1116401103415612,0.05471904090231997
64,193,1024,386,3,123,0.022601771342909024,3.8733727055637006,1.820945664813563,1.4203245468011403,0.008875053010123805
64,193,1024,386,4,123,0.011517011083781609,19.04171067021128,1.6703625464369787,1.2697414284245525,0.0024766844464651186
64,193,1024,386,0,124,0.20669152562576,2.31749486743835,1.2999331265041272,0.8993120084917052,0.09817405629507354
64,193,1024,386,2,124,0.07465890969232462,3.8616631494904103,1.4865064211944892,1.0858853031820672,0.03575388322775864
64,193,1024,386,3,124,0.022678015080245948,7.705241325331194,1.7914888895938312,1.390867771581405,0.010469390063273139
64,193,1024,386,4,124,0.011006354995320914,78.14030293329662,1.8355892755377121,1.4349681575252902,0.0001957686127206426
64,193,1024,386,0,125,0.2075865876752506,2.4411385933295184,1.2983027314210258,0.8976816134086008,0.09470553039944606
64,193,1024,386,2,125,0.06491377693081608,4.295458642772306,1.5468781242224359,1.1462570062100141,0.03369402605010636
64,193,1024,386,3,125,0.016330880831990743,14.351164317446162,2.0853436451176885,1.684722527105265,0.004703412410468348
64,193,1024,386,4,125,0.01312755374340276,24.388714940685077,1.8121275249948268,1.4115064069824044,0.00022480812364751031
64,193,1024,386,0,126,0.21547901270835224,2.4865885743160767,1.2931484707260332,0.8925273527136071,0.09219204206189736
64,193,1024,386,2,126,0.10514329325668262,5.407948864701252,1.3924699485926169,0.9918488305801958,0.018544597130433067
64,193,1024,386,3,126,0.029152205263658745,10.009595048164947,1.7469828001605803,1.3463616821481565,0.003984571857624591
64,193,1024,386,4,126,0.011761339454667256,7.803236596110973,1.745239397547941,1.344618279535517,0.0003303690461827702
64,193,1024,386,0,127,0.1920090060485631,2.2929258164420196,1.28530789238406,0.8846867743716373,0.0954338384389267
64,193,1024,386,2,127,0.05591701359235012,4.751136797017383,1.6660514999562936,1.2654303819438724,0.037267471901294445
64,193,1024,386,3,127,0.02311447543855273,5.978274855770197,1.7768162518454145,1.3761951338329936,0.0023985452582560123
64,193,1024,386,4,127,0.009377274120476141,13.62693916391978,1.6988584446377193,1.2982373266252978,0.0010066076687309147
128,385,2048,770,0,0,0.19050188592197187,2.5338519570702793,1.298054470330905,0.8977429438511564,0.07833935552929207
128,385,2048,770,2,0,0.07847964315682002,4.8186714964922235,1.421818335691423,1.0215068092116724,0.022415358199025393
128,385,2048,770,3,0,0.01897912138713823,5.9686105204934545,1.8481463608268514,1.4478348343470913,0.0033721998219814493
128,385,2048,770,4,0,0.007751973604218975,13.871805461249629,1.8417665663062872,1.4414550398265362,0.00037618809658963723
128,385,2048,770,0,1,0.19270675934326092,2.408513422769496,1.298800743339502,0.898489216859744,0.072238178119299
128,385,2048,770,2,1,0.05718776575344944,4.676540725817656,1.5538123912380417,1.1535008647582856,0.021008855301721363
128,385,2048,770,3,1,0.0233018819486732,10.01033384982523,1.8011266891056088,1.400815162625861,0.002904142517287523
128,385,2048,770,4,1,0.0058702674088709815,15.683538096140127,2.1766615974314463,1.7763500709516933,0.00013530658947036376
128,385,2048,770,0,2,0.19661365146075832,2.42365884409999,1.298393266717907,0.8980817402381547,0.0691485627460101
128,385,2048,770,2,2,0.05945236001411533,5.072682688835934,1.6034662024154553,1.203154675935707,0.017539834491069977
128,385,2048,770,3,2,0.01913779067142815,9.41210477971682,1.820187786431754,1.4198762599520052,0.003183212176200034
128,385,2048,770,4,2,0.008025664530483477,19.17623917541478,1.9736489751548956,1.5733374486751472,0.0005875151559953577
128,385,2048,770,0,3,0.1807115617534034,2.393012788524974,1.2951107337601873,0.8947992072804283,0.07011868896064553
128,385,2048,770,2,3,0.06905694074724292,4.237672790745691,1.499627792166277,1.0993162656865252,0.01802986784998356
128,385,2048,770,3,3,0.02624816455090334,12.516350482334332,1.699841296006019,1.2995297695262593,0.0032587773713916818
128,385,2048,770,4,3,0.004980980279153167,13.768769485648033,2.2232425856625886,1.8229310591828352,0.0004775752525695717
128,385,2048,770,0,4,0.19760267221693356,2.359309602784427,1.3012893553086378,0.9009778288288857,0.07161662889965546
128,385,2048,770,2,4,0.06967561714489237,5.340609407713174,1.493586672632031,1.0932751461522798,0.017185904237762967
128,385,2048,770,3,4,0.01837371278937342,10.496368044343956,1.8876081621480023,1.487296635668244,0.0018093094318186187
128,385,2048,770,4,4,0.005687319304921069,11.704413551515305,2.0050202292000128,1.6047087027202593,0.00019018656214783234
128,385,2048,770,0,5,0.19795637363424823,2.4158918745803897,1.2960579450652252,0.8957464185854747,0.07543846593779753
128,385,2048,770,2,5,0.060415860202347335,4.381972070892957,1.5291608426278076,1.1288493161480488,0.019531966948308416
128,385,2048,770,3,5,0.029533439351389232,17.14198712506753,1.6757881546755802,1.2754766281958325,0.003693171136642617
128,385,2048,770,4,5,0.005182220780339702,13.915538136445221,2.0703103139838164,1.6699987875040563,0.0003883890285049108
128,385,2048,770,0,6,0.18396667722910845,2.3687536889483027,1.2993928749830315,0.8990813485032731,0.07276415425458747
128,385,2048,770,2,6,0.06106615294954157,4.067412233781717,1.4678300129416297,1.0675184864618785,0.026568085387218523
128,385,2048,770,3,6,0.021378206716243284,8.519395966213846,1.8165711792986081,1.4162596528188516,0.0019947554806082563
128,385,2048,770,4,6,0.004750335877799321,30.37401600802537,2.140517669702089,1.7402061432223377,0.0004162152364787988
128,385,2048,770,0,7,0.1792203162863968,2.4819589944539926,1.2972268456499532,0.8969153191702048,0.06707920993173659
128,385,2048,770,2,7,0.07396579832394884,5.016711205801894,1.460194438584872,1.0598829121051239,0.018219593777717702
128,385,2048,770,3,7,0.017116691935593405,13.71390448627532,1.8858687762734216,1.485557249793672,0.006010665271433433
128,385,2048,770,4,7,0.006896123648527671,13.034570239782166,1.7647759803450631,1.3644644538653097,0.0006410786252336096
128,385,2048,770,0,8,0.1975041083962528,2.4327702819344212,1.298557266110349,0.8982457396305961,0.06948068240830256
128,385,2048,770,2,8,0.07052128316082662,4.8251815712895265,1.4918095502445636,1.0914980237648138,0.01907661474980252
128,385,2048,770,3,8,0.033423393824393195,12.856644478773513,1.5844170332083252,1.1841055067285708,0.002971545194615858
128,385,2048,770,4,8,0.00943050705872906,22.10027912882824,1.7564771554508058,1.3561656289710555,0.0005200598724005812
128,385,2048,770,0,9,0.1880499608851378,2.433850599996861,1.2960859030097804,0.8957743765300279,0.0720997189759433
128,385,2048,770,2,9,0.07912042911289938,5.098551004441184,1.4626615701135819,1.0623500436338276,0.01313238116072181
128,385,2048,770,3,9,0.01938020634163082,7.747919300584773,1.9814037830656603,1.5810922565859045,0.002604946865956837
128,385,2048,770,4,9,0.009700045298894514,16.635555176698666,1.8167488440453017,1.4164373175655527,0.00043967041280442055
128,385,2048,770,0,10,0.19249856051051004,2.4005790386739982,1.2910228556227754,0.8907113291430164,0.07267433371840377
128,385,2048,770,2,10,0.06800254008886823,6.078506157548771,1.4989856262552805,1.098674099775522,0.020280690475736076
128,385,2048,770,3,10,0.020727212996568965,13.333680256990698,1.7834935722103769,1.3831820457306208,0.0014654925967889064
128,385,2048,770,4,10,0.005805629786740475,17.62224108847777,1.9774855126736557,1.5771739861938983,0.00023064579222367395
128,385,2048,770,0,11,0.1528983147149431,2.448781446506139,1.3000820686534764,0.8997705421737265,0.07162906587246957
128,385,2048,770,2,11,0.07058469183350505,4.5554619909717236,1.4704892545195731,1.0701777280398233,0.02217424300028796
128,385,2048,770,3,11,0.017923528148777346,8.326867688957904,1.7996262759172674,1.399314749437508,0.0031896237621422434
128,385,2048,770,4,11,0.0060036482486697925,10.052136077055039,2.1830690554720107,1.7827575289922635,0.000392547709060481
128,385,2048,770,0,12,0.19510405848928192,2.3873977639149153,1.3018694877499806,0.9015579612702282,0.07285327732929724
128,385,2048,770,2,12,0.06692212959149482,4.496118711623868,1.5243366787328356,1.1240251522530826,0.019983330251390412
128,385,2048,770,3,12,0.02483805070052057,11.174763513567406,1.674970186384011,1.2746586599042615,0.004458867834656617
128,385,2048,770,4,12,0.005395639711835778,20.46859442791564,2.072595184839365,1.6722836583596035,0.00045041090997988847
128,385,2048,770,0,13,0.177395277394344,2.452873855913575,1.2983507161774461,0.8980391896976982,0.07580325673989534
128,385,2048,770,2,13,0.0774427728366648,5.6832530616664325,1.48699774088659,1.0866862144068392,0.02743893788174026
128,385,2048,770,3,13,0.017939915285819206,6.1553733938766495,1.9200010659014664,1.5196895394217051,0.003826963376487769
128,385,2048,770,4,13,0.007357836281547921,11.476740108619978,1.9484997564970499,1.5481882300173027,0.0007075453628773471
128,385,2048,770,0,14,0.1961718861592781,2.345805965310194,1.2955266413640145,0.895215114884266,0.0693860794874863
128,385,2048,770,2,14,0.06019642190091709,5.939938248016643,1.5461247478263203,1.1458132213465717,0.019625935391518037
128,385,2048,770,3,14,0.03223087340902521,9.741961578485526,1.5935014664679117,1.1931899399881587,0.0043136768431915285
128,385,2048,770,4,14,0.010918531760854076,21.799676440529765,1.814651936610749,1.4143404101309898,0.00016626908041154616
128,385,2048,770,0,15,0.1864480149382775,2.402316637800224,1.3000348767411574,0.8997233502613966,0.07545716518636097
128,385,2048,770,2,15,0.05936419830800619,5.127868745355814,1.568968208131953,1.1686566816521946,0.02262591048869742
128,385,2048,770,3,15,0.019082487917942273,9.95575488320397,1.7927159009393723,1.3924043744596162,0.0016967432925374566
128,385,2048,770,4,15,0.009601940007458044,9.621804466935963,1.870604430326353,1.4702929038465982,0.0003788198402043487
128,385,2048,770,0,16,0.19124761287034117,2.4599414393075283,1.2960290199148559,0.8957174934351002,0.07179725370376949
128,385,2048,770,2,16,0.07123203235700162,5.263434314732887,1.4757923645905762,1.0754808381108205,0.01599494796369195
128,385,2048,770,3,16,0.02181785873292343,9.363938435926848,1.7879526184468482,1.3876410919670974,0.004643227857448668
128,385,2048,770,4,16,0.007441836847996464,33.722773093881514,1.9830883887255841,1.5827768622458365,0.0001686166967660261
128,385,2048,770,0,17,0.18886586753910015,2.4458378359139754,1.2960608396338822,0.895749313154127,0.07031374754071543
128,385,2048,770,2,17,0.0554414498417003,5.16733693257914,1.6096286685296053,1.209317142049855,0.021241127466226008
128,385,2048,770,3,17,0.023064748407673124,19.052823971918755,1.7487374043273805,1.3484258778476317,0.001968941796360894
128,385,2048,770,4,17,0.006915136692724956,41.26017627459588,1.9148368224109613,1.5145252959312074,4.8606825736402474e-05
128,385,2048,770,0,18,0.18667231832724468,2.441382737853653,1.3006917291640594,0.9003802026843033,0.07624800444176286
128,385,2048,770,2,18,0.07036402044528182,4.3398094524923305,1.512258871054576,1.1119473445748156,0.019858646772710677
128,385,2048,770,3,18,0.017511331612789255,12.505856409239454,1.9907591645392524,1.5904476380595014,0.003036061438306709
128,385,2048,770,4,18,0.006322180157869085,24.321247830463875,1.9650114748195433,1.5646999483397934,0.00015889757165935917
128,385,2048,770,0,19,0.1855310957163074,2.404181125459065,1.2972876521704837,0.8969761256907276,0.07702332608200121
128,385,2048,770,2,19,0.06109503403079164,4.764109893238304,1.5723944035257127,1.172082877045952,0.012766726287810412
128,385,2048,770,3,19,0.022208278797525828,8.494284506081502,1.7846888180704827,1.3843772915907238,0.0016679424535703154
128,385,2048,770,4,19,0.007290397010644094,5.538878347303049,1.8814658506915296,1.4811543242117722,0.00020374268003989668
128,385,2048,770,0,20,0.18374035418401855,2.367829026713622,1.306951144628659,0.9066396181489011,0.07081103174440538
128,385,2048,770,2,20,0.05889517421258258,5.623632696080243,1.5278701197861437,1.1275585933063894,0.018115907822355816
128,385,2048,770,3,20,0.017233138323626166,10.405469348070522,1.8833496922022765,1.483038165722519,0.0015387915645505078
128,385,2048,770,4,20,0.005094805623811172,35.03958332765823,2.1615473753694854,1.7612358488897257,0.00025178459691681124
128,385,2048,770,0,21,0.17727636318669845,2.393994905545723,1.2979761605469358,0.8976646340671834,0.07414482681601768
128,385,2048,770,2,21,0.06626491187023265,4.945168096351045,1.5718560659690635,1.1715445394893038,0.024252523979333758
128,385,2048,770,3,21,0.019122030288246952,10.933115563863343,1.9226540150866633,1.5223424886069097,0.003961356238925123
128,385,2048,770,4,21,0.005568016600579247,12.151507564277207,2.2046169061425944,1.8043053796628357,0.000703043181852669
128,385,2048,770,0,22,0.18229042959873565,2.3671812549132607,1.2984823487569257,0.8981708222771658,0.0734106836158545
128,385,2048,770,2,22,0.059967285566273267,5.101797347237492,1.5099322938950628,1.1096207674153078,0.029983846249929294
128,385,2048,770,3,22,0.018212085380893875,9.357062316768925,1.8340235388647366,1.4337120123849871,0.00562655456710922
128,385,2048,770,4,22,0.008249814055059751,52.06500346731832,2.0389657322307597,1.6386542057510098,0.00029116852477180133
128,385,2048,770,0,23,0.1784987726905815,2.463372443133933,1.297687287417258,0.897375760937507,0.07173192271775301
128,385,2048,770,2,23,0.07244233246157528,4.67521721268194,1.5140715862990217,1.1137600598192705,0.018073495240842962
128,385,2048,770,3,23,0.02644150520506894,14.243886155613662,1.7734910950240526,1.3731795685443018,0.002479310987995931
128,385,2048,770,4,23,0.005595667021390335,26.432207782034936,2.1244045903596747,1.72409306387992,0.00023384872077543198
128,385,2048,770,0,24,0.19928414096446015,2.491640373752918,1.3066602757934187,0.9063487493136648,0.07035134889169893
128,385,2048,770,2,24,0.05930246642766843,6.016704959332584,1.5046479165932158,1.1043363901134597,0.015299026271331333
128,385,2048,770,3,24,0.031270846699932714,13.408678440936146,1.5978634770787439,1.1975519505989922,0.001053509903915699
128,385,2048,770,4,24,0.007711618782226628,28.854493912149778,2.0244728255641267,1.6241612990843777,0.0002706683650576658
128,385,2048,770,0,25,0.18835824910353421,2.5489740362480022,1.2973599609338136,0.8970484344540637,0.07089607966654873
128,385,2048,770,2,25,0.0699959276424342,5.235439200039888,1.4783939321308088,1.0780824056510596,0.015045067817322033
128,385,2048,770,3,25,0.025359578789014948,7.399381471071447,1.8088399805562543,1.408528454076503,0.005283591951678351
128,385,2048,770,4,25,0.008168670302359644,47.94471121009144,1.912432041738604,1.512120515258843,0.00023855073373117805
128,385,2048,770,0,26,0.19822685615514554,2.4158537263050963,1.2995413716895494,0.8992298452097884,0.07186409921551745
128,385,2048,770,2,26,0.057465684922214,4.997571200240621,1.557676439861564,1.1573649133818122,0.022882727340109533
128,385,2048,770,3,26,0.025133818770068865,6.0820000591934535,1.6981137826495725,1.2978022561698168,0.0022298423449584057
128,385,2048,770,4,26,0.0063979409205242865,12.366714957865277,1.9482954065207099,1.5479838800409595,0.00012499289558957788
128,385,2048,770,0,27,0.1860975947393147,2.38710309479434,1.3062812845854856,0.9059697581057264,0.06964998349784755
128,385,2048,770,2,27,0.07294681274902157,4.297589176383754,1.4580535433279103,1.0577420168481524,0.025698102612585635
128,385,2048,770,3,27,0.021500089538113346,16.713134170594493,1.6780472647285198,1.277735738248765,0.0007485485412934528
128,385,2048,770,4,27,0.007210943548631366,17.102612448630826,1.821925299685955,1.4216137732062037,0.0007468993728303329
128,385,2048,770,0,28,0.18500843740575407,2.38729535005529,1.3055398397211602,0.905228313241409,0.08023320380793937
128,385,2048,770,2,28,0.05881987858891967,5.5686046954561945,1.5693062831697238,1.168994756689969,0.021846867251231698
128,385,2048,770,3,28,0.020790510231119805,11.018132296564065,1.7343561480635037,1.3340446215837432,0.004113925843959458
128,385,2048,770,4,28,0.006617142540624084,71.9367347543613,1.9845952337754271,1.5842837072956684,0.00046085387820547487
128,385,2048,770,0,29,0.18572396903228944,2.3938741446225924,1.2966222744480504,0.8963107479683003,0.07317328874335827
128,385,2048,770,2,29,0.06599446031663861,5.639903790167562,1.5090735640155415,1.108762037535783,0.023696312540738854
128,385,2048,770,3,29,0.018905168787277653,12.93384291271181,1.9027001951197484,1.5023886686399948,0.0014221554792560086
128,385,2048,770,4,29,0.006599343802033931,36.51155626396519,2.1357174122976463,1.7354058858178973,0.00041906477905932256
128,385,2048,770,0,30,0.1931150965941515,2.399186107155884,1.2974836929073512,0.8971721664275947,0.06981720838290385
128,385,2048,770,2,30,0.06738625813947627,5.796846854369418,1.4905183117613963,1.0902067852816373,0.021377831788942148
128,385,2048,770,3,30,0.024288464456408795,8.86996848425014,1.8172001228714565,1.4168885963917006,0.001565328739390671
128,385,2048,770,4,30,0.006972911168109932,31.26482571732337,2.1249843308706318,1.7246728043908774,0.0012385089943232272
128,385,2048,770,0,31,0.1727233095629443,2.4400707837659317,1.2990227196642505,0.8987111931844964,0.07181562603935415
128,385,2048,770,2,31,0.06724950528776799,4.465393983809845,1.5454468634309269,1.1451353369511708,0.02192299095162809
128,385,2048,770,3,31,0.020610684777938135,7.077078289906996,1.7900456215237877,1.3897340950440338,0.0019019744433831053
128,385,2048,770,4,31,0.006335805005637754,19.703992869147655,2.213098580544764,1.8127870540650122,0.0007145561678510518
128,385,2048,770,0,32,0.18709049601628824,2.4280527877612994,1.2964872839802353,0.8961757575004867,0.06855936813098071
128,385,2048,770,2,32,0.05985400418211721,5.086534205673228,1.5300620677934968,1.12975054131374,0.025416827228316487
128,385,2048,770,3,32,0.026723640511978435,11.287734001821352,1.7420939395394712,1.3417824130597182,0.0062179189026056545
128,385,2048,770,4,32,0.009609042341995529,22.451334590512516,1.7668222792708645,1.3665107527911147,5.58150244472591e-05
128,385,2048,770,0,33,0.19431372112084422,2.433738056496053,1.2966812245782946,0.896369698098539,0.07505201145627555
128,385,2048,770,2,33,0.08984366718337804,5.4700937160978285,1.3982695471048208,0.9979580206250631,0.016941911275926376
128,385,2048,770,3,33,0.018501326563572958,27.86014985520619,1.943744551407772,1.5434330249280208,0.0015343464955388925
128,385,2048,770,4,33,0.0048661625999526885,15.959974779327705,2.4921389944513725,2.091827467971612,0.0004507454862900319
128,385,2048,770,0,34,0.18088526145009015,2.353740586648185,1.297540652641622,0.8972291261618608,0.0722961776916003
128,385,2048,770,2,34,0.07413066438869259,4.526226242117541,1.4644900083871022,1.0641784819073479,0.017435511953459697
128,385,2048,770,3,34,0.0269310269482791,10.826882741593248,1.6918255759615572,1.2915140494818047,0.002883214021616884
128,385,2048,770,4,34,0.00502781092556608,11.164316076832229,2.178956392591509,1.7786448661117475,0.0004125367575426841
128,385,2048,770,0,35,0.18912577822304621,2.4619928043439705,1.2974644213894961,0.8971528949097376,0.07377247244868265
128,385,2048,770,2,35,0.07275657554349195,4.896503823527757,1.4890923392088316,1.088780812729084,0.014763384862698131
128,385,2048,770,3,35,0.02008101724539435,8.943607729675456,1.9285857859806654,1.528274259500904,0.00252786670013214
128,385,2048,770,4,35,0.00563017392598795,23.41175372220726,2.0902174686988046,1.689905942219056,0.00022900467212567694
128,385,2048,770,0,36,0.16577586115692622,2.3369419709939647,1.3004552980267108,0.9001437715469507,0.07542250411058281
128,385,2048,770,2,36,0.06868727870446456,6.306683716064548,1.5182183621245322,1.1179068356447743,0.013228800475954339
128,385,2048,770,3,36,0.01744576638884531,15.121703687502436,1.8565410632650998,1.4562295367853437,0.0021262337807013945
128,385,2048,770,4,36,0.0069564319687682235,30.96371029205129,2.041310646110994,1.6409991196312461,0.000235900785856032
128,385,2048,770,0,37,0.17033111752341057,2.3964715477148335,1.2975479297055315,0.8972364032257758,0.07462593607909847
128,385,2048,770,2,37,0.06776097154004526,4.885028434089097,1.482696852951179,1.0823853264714245,0.01611835467765237
128,385,2048,770,3,37,0.020725682001811727,10.604819899524053,1.815342514930896,1.4150309884511358,0.002245981040466753
128,385,2048,770,4,37,0.010546309255895798,10.106288398882342,1.7710858944212058,1.3707743679414506,0.00032114942549135787
128,385,2048,770,0,38,0.1914213906415303,2.402661648680263,1.2965111368269342,0.8961996103471819,0.07117848927956269
128,385,2048,770,2,38,0.07156952697554138,4.233263183271463,1.4845946356405557,1.0842831091608076,0.020059721037729444
128,385,2048,770,3,38,0.026738782157276465,8.924798524189871,1.698829422216785,1.2985178957370351,0.0027730978601566703
128,385,2048,770,4,38,0.004495560733911125,8.884450979073424,2.355110345170558,1.9547988186908043,0.0011532546310839694
128,385,2048,770,0,39,0.17779765835387817,2.4554569006197315,1.2989467364569767,0.898635209977229,0.06867773364939399
128,385,2048,770,2,39,0.06943094229043387,4.487612583271499,1.493683510530884,1.0933719840511316,0.022843282506574532
128,385,2048,770,3,39,0.021553917691811288,9.355518703754267,1.8924482859254348,1.4921367594456854,0.002869388389796265
128,385,2048,770,4,39,0.007317358717982261,32.3119338360607,2.0985364149190824,1.6982248884393272,0.0007186967395241984
128,385,2048,770,0,40,0.17448200660707852,2.4648434633141987,1.2961061857604643,0.8957946592807104,0.07309533681873089
128,385,2048,770,2,40,0.07928633643624755,5.16601526224514,1.4674732238606911,1.0671616973809392,0.023355962379039166
128,385,2048,770,3,40,0.019456557625775448,8.35074209029209,1.8705562821747943,1.4702447556950347,0.002726653448485183
128,385,2048,770,4,40,0.007678751893689124,10.887958824443466,1.8515598077815203,1.4512482813017726,0.0001738236436511525
128,385,2048,770,0,41,0.1854685834272326,2.3853104016288884,1.2984640117796717,0.8981524852999172,0.0725193263878534
128,385,2048,770,2,41,0.056564826636616224,6.984743841095934,1.6399350361345126,1.2396235096547628,0.015082979960912915
128,385,2048,770,3,41,0.02545149290519083,10.68838628255445,1.6880422656968346,1.287730739217082,0.0036438106650465763
128,385,2048,770,4,41,0.008720014080308992,26.86371587692053,1.9239060730166533,1.5235945465368985,0.0004263253792034127
128,385,2048,770,0,42,0.17326934019267912,2.432493515825583,1.3036601874521145,0.9033486609723553,0.0667994310520573
128,385,2048,770,2,42,0.06869590422174107,7.344653552717526,1.4631285674523433,1.0628170409725897,0.019012166640366705
128,385,2048,770,3,42,0.02121256877811225,8.459458912157892,1.9044960686721604,1.5041845421924052,0.003237638447902274
128,385,2048,770,4,42,0.007900869273243336,41.55383164622218,1.8120795209933283,1.4117679945135677,0.00019568542287339144
128,385,2048,770,0,43,0.19009035871378013,2.4393185397519286,1.2971207970696201,0.8968092705898698,0.07017308663426632
128,385,2048,770,2,43,0.07746059648534677,4.896695369623139,1.4895008487434767,1.0891893222637208,0.019271483855040277
128,385,2048,770,3,43,0.022611742698866535,15.70315933823045,1.673299766135429,1.2729882396556746,0.004237727194523071
128,385,2048,770,4,43,0.006291919612587663,12.971091010464285,1.9659484177329225,1.5656368912531633,0.0003263780561915675
128,385,2048,770,0,44,0.1876540510333974,2.3919453830508606,1.298481819638352,0.8981702931586,0.06697496099064752
128,385,2048,770,2,44,0.07292318394490079,5.283990858342351,1.509059954576408,1.1087484280966606,0.02026237367653222
128,385,2048,770,3,44,0.019290568509712006,6.842934442790241,1.899809853525764,1.4994983270460125,0.004922915710965684
128,385,2048,770,4,44,0.011355191571744841,10.951845971542053,1.8359318140303462,1.4356202875505915,0.00016857217112224417
128,385,2048,770,0,45,0.19207297398110698,2.5033436849140953,1.3029599856493186,0.9026484591695692,0.0747640145991398
128,385,2048,770,2,45,0.05923699763503058,5.320973761022824,1.5579752560312077,1.1576637295514587,0.020598902169547184
128,385,2048,770,3,45,0.023189965215731703,11.437337227763209,1.773239240129462,1.3729277136497018,0.0025126678779790073
128,385,2048,770,4,45,0.008769442468091705,11.023350938931369,1.9019454952976642,1.501633968817913,0.000565717232101737
128,385,2048,770,0,46,0.18754365687194788,2.4263823471401356,1.291743059669089,0.8914315331893334,0.07135945432949523
128,385,2048,770,2,46,0.07443240635913613,4.564920488817467,1.4981408473119573,1.0978293208322043,0.02318980148465439
128,385,2048,770,3,46,0.021631260465919885,16.438974275466713,1.7685854985906169,1.368273972110856,0.003023976377675331
128,385,2048,770,4,46,0.007796833904953863,16.545602714803117,1.826168825953379,1.4258572994736198,0.0002876831134130689
128,385,2048,770,0,47,0.19184670739032242,2.468415970967942,1.29590430948463,0.8955927830048722,0.07183262254839216
128,385,2048,770,2,47,0.07398746244804642,4.360931837609602,1.5228715771034553,1.1225600506237043,0.01888319304688361
128,385,2048,770,3,47,0.024154718449213325,9.814055898750105,1.6852319186052775,1.284920392125528,0.002805058937251833
128,385,2048,770,4,47,0.006947048560260196,7.964887309742069,1.944756130359914,1.5444446038801658,0.0002590162485872897
128,385,2048,770,0,48,0.18200331115954782,2.445298049242842,1.2999970972641612,0.8996855707844134,0.07130932715792564
128,385,2048,770,2,48,0.06893669388519438,5.912617027583212,1.5099295253148706,1.1096179988351196,0.01929488405190444
128,385,2048,770,3,48,0.028543511346839873,9.624960638842715,1.651103328144155,1.2507918016644055,0.00522881978798399
128,385,2048,770,4,48,0.006154890770715582,40.43195172068262,1.9989004398006887,1.5985889133209383,0.00016397916112879777
128,385,2048,770,0,49,0.17289211487115996,2.396563579613377,1.2996999963455393,0.8993884698657837,0.07501421275180117
128,385,2048,770,2,49,0.059772204194099184,4.2012879112229555,1.572403775575201,1.1720922490954422,0.0242505572648851
128,385,2048,770,3,49,0.022664812881434265,10.66926131328291,1.7506594752616076,1.3503479487818595,0.0021227675829314017
128,385,2048,770,4,49,0.010011427716769208,14.053145803482614,1.8844786464106786,1.4841671199309303,0.0010338695035747344
128,385,2048,770,0,50,0.18093811212382307,2.487353999722046,1.297329630996459,0.8970181045167038,0.06898019942812313
128,385,2048,770,2,50,0.0835056576188747,5.611484705930248,1.4654825374149918,1.0651710109352308,0.02061435420584562
128,385,2048,770,3,50,0.021602328791306195,9.596604481232955,1.8038190878869196,1.4035075614071673,0.002931772348273893
128,385,2048,770,4,50,0.006666783650181446,40.94266255561996,1.9738968576570342,1.5735853311772843,0.0005990447390226715
128,385,2048,770,0,51,0.18968807875338622,2.395811727103508,1.2961161114362472,0.895804584956494,0.07147498567230066
128,385,2048,770,2,51,0.06619275862005694,4.4973587887178725,1.5097523603953313,1.1094408339155706,0.02325045407889517
128,385,2048,770,3,51,0.019194312418247667,9.896185371913681,1.8210960515112948,1.4207845250315358,0.0039915886327979285
128,385,2048,770,4,51,0.010451624641085911,19.934084320790376,1.7894895399095108,1.3891780134297562,0.0010666973973491476
128,385,2048,770,0,52,0.20406165830054787,2.380530324695492,1.2974377646384827,0.8971262381587337,0.06894598738832752
128,385,2048,770,2,52,0.06098675893994142,5.079158917373357,1.6318355950921068,1.2315240686123587,0.01715571338344844
128,385,2048,770,3,52,0.024656659423336585,6.050473242469353,1.6804531117462251,1.2801415852664775,0.003365253530300873
128,385,2048,770,4,52,0.009619091303425645,13.491906308842482,1.694160906484374,1.293849380004616,0.00017781391614197034
128,385,2048,770,0,53,0.1845566524719626,2.421637135826325,1.299705318786401,0.8993937923066397,0.06784743465672065
128,385,2048,770,2,53,0.07231720484675527,4.8064457566911125,1.4770033859621698,1.076691859482409,0.015831376689000344
128,385,2048,770,3,53,0.03298292777640818,16.46892035253849,1.5802907795863146,1.1799792531065663,0.004033650346232151
128,385,2048,770,4,53,0.006948188852931359,20.72341220820433,2.1260478068525113,1.7257362803727574,0.0001020248974992626
128,385,2048,770,0,54,0.20411474312784061,2.531054503548627,1.2963231806030815,0.8960116541233276,0.07008195304007825
128,385,2048,770,2,54,0.06884635566220958,5.888450231911113,1.5035164247436243,1.1032048982638685,0.020293016583130277
128,385,2048,770,3,54,0.021550228953171248,17.8163170443774,1.8710270787660592,1.4707155522863076,0.001480346004106724
128,385,2048,770,4,54,0.010324144782807625,20.489544024790682,1.8731786307544533,1.4728671042746981,0.0005419597522323342
128,385,2048,770,0,55,0.1702174973346898,2.4060532223189233,1.3095215433667904,0.9092100168870303,0.07567763934079955
128,385,2048,770,2,55,0.05422558442378832,4.162641989542886,1.5821652724867703,1.1818537460070218,0.015881593892805218
128,385,2048,770,3,55,0.019381901378149453,14.655802086364883,1.895556946847255,1.495245420367496,0.0063661012410973945
128,385,2048,770,4,55,0.005582727680036529,11.130040066374967,2.089269829079333,1.6889583025995734,0.00012604084714819066
128,385,2048,770,0,56,0.17006356468116082,2.4024533347772383,1.2983834438176591,0.8980719173379015,0.07040838671787962
128,385,2048,770,2,56,0.06379131357786427,4.063740997049171,1.5630086211241476,1.1626970946443862,0.01936877256294785
128,385,2048,770,3,56,0.020531540032597457,5.051826643634531,1.777408205130518,1.3770966786507586,0.0016160779174773034
128,385,2048,770,4,56,0.0065480722388146385,6.892349320263939,2.0585750366248092,1.658263510145062,0.000997445117869502
128,385,2048,770,0,57,0.18402822141770267,2.408394387066844,1.2991983246055432,0.8988867981257869,0.07328123131678423
128,385,2048,770,2,57,0.06368811095319508,5.834589237258925,1.5108395997959865,1.1105280733162317,0.021972426117445047
128,385,2048,770,3,57,0.019166823330298705,24.81154733102128,1.8832484081559582,1.4829368816762099,0.0016986644511601116
128,385,2048,770,4,57,0.008891403621925784,39.81345558703188,1.9407752591641254,1.5404637326843726,0.00035007565157004617
128,385,2048,770,0,58,0.19880935700420901,2.2877860716905674,1.2994264113316696,0.8991148848519117,0.07392365636968098
128,385,2048,770,2,58,0.062248251954683344,5.508193785317147,1.509767405707998,1.1094558792282498,0.01412347678558545
128,385,2048,770,3,58,0.019900563603062985,7.872238604700311,1.7662496661024059,1.3659381396226564,0.0029798726112414795
128,385,2048,770,4,58,0.006596046552440146,34.86147218296095,1.8319869244523883,1.43167539797264,0.0003367948015664191
128,385,2048,770,0,59,0.1938029802736721,2.457079101367772,1.294117576173829,0.8938060496940778,0.06837274076994396
128,385,2048,770,2,59,0.06625535454833326,5.688174217253369,1.533828115982069,1.133516589502321,0.017753373239983165
128,385,2048,770,3,59,0.020368128176534165,15.767259345798726,1.7991127504490172,1.398801223969258,0.000728126045065579
128,385,2048,770,4,59,0.011316280721314098,40.51334673649122,1.7307348090452388,1.3304232825654907,0.0003400916330946689
128,385,2048,770,0,60,0.16577010161792072,2.365375427612346,1.300354949730468,0.9000434232507075,0.07680382742848513
128,385,2048,770,2,60,0.06560376986679607,4.423745595050954,1.468570838516892,1.0682593120371422,0.018687275822357838
128,385,2048,770,3,60,0.022764952701504713,7.668944453853616,1.7376140174167232,1.3373024909369633,0.002099846726374439
128,385,2048,770,4,60,0.00471727520433512,25.596316250810148,1.8366950470497576,1.4363835205700042,0.0003293753144474042
128,385,2048,770,0,61,0.17763660479679622,2.376878313680525,1.3009914220627645,0.9006798955830106,0.06931381470865479
128,385,2048,770,2,61,0.07409943507461092,4.605567953183206,1.498765849030692,1.0984543225509356,0.018771396525062645
128,385,2048,770,3,61,0.022629733703578358,16.69202928551652,1.724215813184966,1.3239042867052149,0.002786301829720971
128,385,2048,770,4,61,0.010119366026442308,28.51693487759701,1.6508916703812702,1.2505801439015158,0.00019576141454133873
128,385,2048,770,0,62,0.18232354726570826,2.4866866374334586,1.2957858605423747,0.8954743340626266,0.06720426645328731
128,385,2048,770,2,62,0.05986923315839309,4.179202352623623,1.5247855624954323,1.124474036015684,0.0153694546373093
128,385,2048,770,3,62,0.022495058774592642,11.017782946138198,1.7772676134741328,1.376956086994383,0.003523010784821067
128,385,2048,770,4,62,0.006291658001842431,22.73955822066462,2.045835266212541,1.6455237397327807,0.00010587059202141631
128,385,2048,770,0,63,0.17980992247443714,2.390040826544265,1.298584643121695,0.8982731166419455,0.06738346851155241
128,385,2048,770,2,63,0.07463554717807129,6.108202023262063,1.475438581081201,1.0751270546014524,0.023787193538072886
128,385,2048,770,3,63,0.01949694187731965,10.149126494459015,1.8592840439329104,1.4589725174531623,0.0018071332403113037
128,385,2048,770,4,63,0.008573942065975806,12.279678853232948,1.8778729333220414,1.477561406842284,0.00029544330544222235
128,385,2048,770,0,64,0.19722669381166005,2.3885845643228185,1.3007463783016235,0.9004348518218706,0.07300462452551165
128,385,2048,770,2,64,0.07148933762123523,5.635723662056359,1.4664464652598679,1.0661349387801096,0.025422430755546267
128,385,2048,770,3,64,0.0175428929967182,13.830370521138342,1.8901384120445286,1.4898268855647814,0.004774516220499167
128,385,2048,770,4,64,0.007492170227184765,20.47659535352318,1.811307280398464,1.4109957539187121,0.0011758406520689056
128,385,2048,770,0,65,0.20136552670491412,2.429312844439117,1.2961119726498165,0.8958004461700568,0.06972683284413562
128,385,2048,770,2,65,0.0714796094406947,5.5833389742069865,1.4803839760008901,1.0800724495211398,0.022339883100734214
128,385,2048,770,3,65,0.028259981439377992,11.313418519693787,1.6254031976186487,1.2250916711388982,0.0015237908316563093
128,385,2048,770,4,65,0.006710348364299557,20.40178653886754,1.9592752388888757,1.558963712409124,0.00025942219433180215
128,385,2048,770,0,66,0.194340429750092,2.4082297105658097,1.2986314045048066,0.898319878025049,0.0687088117318683
128,385,2048,770,2,66,0.07737456578335049,5.394965741319654,1.4621596945087596,1.0618481680290017,0.018842157599137124
128,385,2048,770,3,66,0.02314859057838437,7.638666398497779,1.7496729631042638,1.3493614366245055,0.002010657336268055
128,385,2048,770,4,66,0.0035631569003631135,29.355627788940495,2.3450427634720654,1.944731236992311,0.0005306755341203276
128,385,2048,770,0,67,0.1877882177471212,2.4186951272472452,1.3020005954516818,0.9016890689719332,0.07069143608191072
128,385,2048,770,2,67,0.07117459909405052,5.109181472077486,1.46506960497477,1.064758078495018,0.017374960490316695
128,385,2048,770,3,67,0.02555011542517407,13.23916136415923,1.6597878822105128,1.2594763557307544,0.0005320550191698155
128,385,2048,770,4,67,0.007837877896345484,15.72385124456209,2.0340919287712804,1.6337804022915208,0.00017308622109332375
128,385,2048,770,0,68,0.18490516580012153,2.456079019323644,1.2951717764544783,0.8948602499747267,0.07056344512125091
128,385,2048,770,2,68,0.08467601571518811,3.9519536960576733,1.4563721396044886,1.0560606131247283,0.019286119204387237
128,385,2048,770,3,68,0.02696246211540429,10.58120615433377,1.7168500679144323,1.3165385414346815,0.00433695146782034
128,385,2048,770,4,68,0.0068359000475513455,18.548242108960775,1.9872360113458027,1.5869244848660458,0.0002075466566685129
128,385,2048,770,0,69,0.17679926688190883,2.530121347676763,1.3036817391640816,0.9033702126843224,0.07002503376193205
128,385,2048,770,2,69,0.06240097745144837,6.414064018228028,1.5060243763272743,1.1057128498475208,0.01604885984147214
128,385,2048,770,3,69,0.020839872028721743,11.837634695391715,1.7376885719459607,1.3373770454662122,0.0025413789773127094
128,385,2048,770,4,69,0.007096704475635987,33.87039502669357,1.9081315562314713,1.5078200297517128,0.00019285852982118016
128,385,2048,770,0,70,0.19127201187653706,2.4867368513420107,1.2945558551834657,0.8942443287037065,0.07117982724106706
128,385,2048,770,2,70,0.06180464084231754,6.059266761720028,1.5664259961457938,1.1661144696660415,0.020281864102098097
128,385,2048,770,3,70,0.024341923566721605,9.124209728656801,1.8305343932304758,1.430222866750725,0.0021275606423014587
128,385,2048,770,4,70,0.007970648704761885,23.274047313233158,1.862673946500235,1.462362420020483,0.0005105170158311596
128,385,2048,770,0,71,0.1978846137087272,2.408426993724677,1.293465583486127,0.8931540570063703,0.06431582289561698
128,385,2048,770,2,71,0.06030774501238899,3.837488823420443,1.5752803135390523,1.1749687870592993,0.020017470076109392
128,385,2048,770,3,71,0.026510368189118377,7.977392548510221,1.6626752342626254,1.2623637077828676,0.003221548067927605
128,385,2048,770,4,71,0.0077334901880387165,15.0615705352666,1.9606976757694294,1.5603861492896698,0.0006082893944995392
128,385,2048,770,0,72,0.19573799746651238,2.3507256527040634,1.300080812001248,0.8997692855215007,0.0701493423415737
128,385,2048,770,2,72,0.06706518102504119,6.231375005589019,1.5090824039556017,1.1087708774758482,0.01470409627257934
128,385,2048,770,3,72,0.028129823800584857,9.965648390186999,1.6138175808121167,1.2135060543323561,0.005776774143042578
128,385,2048,770,4,72,0.005112553337066963,40.06601469692342,2.2275762812827384,1.8272647548029823,0.0001384250161578068
128,385,2048,770,0,73,0.19671650361148588,2.42638302507134,1.2923628166102659,0.8920512901305102,0.07093495716659079
128,385,2048,770,2,73,0.05829120164295447,5.087304057925925,1.5438044011126544,1.1434928746328978,0.01473935110581912
128,385,2048,770,3,73,0.025888011583155308,16.244648574276162,1.673994859386406,1.273683332906657,0.0016721124174005708
128,385,2048,770,4,73,0.007621262009160849,42.98968231932996,1.8837371368216007,1.4834256103418397,0.0003598611476939615
128,385,2048,770,0,74,0.20418747597231798,2.478580919800396,1.2928612547607843,0.8925497282810255,0.07240394180847791
128,385,2048,770,2,74,0.06684706735520676,5.840830871514713,1.5529476479591882,1.152636121479432,0.02670584113481692
128,385,2048,770,3,74,0.01601245651322815,7.851137486152373,1.8950769279822697,1.4947654015025194,0.003221540998283388
128,385,2048,770,4,74,0.010395339690484383,15.014559691217002,1.78663855603263,1.3863270295528736,0.0006107867960313746
128,385,2048,770,0,75,0.18857803076652688,2.41622457891183,1.3021136833597162,0.9018021568799668,0.06915684395142836
128,385,2048,770,2,75,0.07405790367491284,4.997636351410291,1.5147607368565603,1.1144492103768044,0.021987509407636257
128,385,2048,770,3,75,0.0252549995382252,13.460693061390362,1.7388117002699968,1.3385001737902371,0.003727470686660606
128,385,2048,770,4,75,0.008281731475645603,11.577620498978408,1.7764992210522061,1.376187694572451,0.0005655260017276869
128,385,2048,770,0,76,0.18021241654662135,2.5614336326253646,1.2989873744348766,0.8986758479551185,0.073658074888147
128,385,2048,770,2,76,0.04502470318281637,4.947157668216429,1.5988383550922145,1.198526828612458,0.01782792965705116
128,385,2048,770,3,76,0.024665246733902864,8.66429402393059,1.8391644307092645,1.4388529042295062,0.002722683872094644
128,385,2048,770,4,76,0.006923444206959083,131.08356997813024,1.9285837882486274,1.5282722617688762,0.0003676794674314641
128,385,2048,770,0,77,0.17888079291588435,2.4621271284870847,1.3051762616898273,0.9048647352100687,0.07457206177352198
128,385,2048,770,2,77,0.06461826060376133,4.980174220054009,1.495457180500979,1.0951456540212234,0.020569819778235715
128,385,2048,770,3,77,0.01590783217230619,9.950170581467411,2.02004648176578,1.6197349552860203,0.002251050236857545
128,385,2048,770,4,77,0.007322577253673195,48.430468454594575,1.9403917720127635,1.5400802455330052,0.00014503556079705878
128,385,2048,770,0,78,0.2065430421921768,2.4728897570995985,1.3022612981162354,0.901949771636481,0.07558949385647543
128,385,2048,770,2,78,0.06317435247430256,5.2281749025366135,1.4989838222150265,1.0986722957352697,0.021188913817880045
128,385,2048,770,3,78,0.019720469748632816,12.69182199793173,1.8808320292283338,1.4805205027485755,0.005041262567639116
128,385,2048,770,4,78,0.005810874392741021,28.82535172294145,2.294852770175103,1.8945412436953433,0.00015591311667609675
128,385,2048,770,0,79,0.2132859790519366,2.337797455232758,1.2940197288891921,0.8937082024094423,0.07309324427227896
128,385,2048,770,2,79,0.06728538667670629,4.628445353658005,1.4999288062797858,1.0996172798000288,0.015889605756402712
128,385,2048,770,3,79,0.03632021889848565,10.694379679280829,1.60051131612815,1.2001997896483942,0.002037160068528992
128,385,2048,770,4,79,0.0077122412882107885,13.682326149866086,1.9330204648428193,1.532708938363072,9.002458983702265e-05
128,385,2048,770,0,80,0.19308788405622287,2.441837703990723,1.2992418270633312,0.8989303005835723,0.07176526666011586
128,385,2048,770,2,80,0.054480935939998275,4.979094134210381,1.5839644092868295,1.1836528828070811,0.012439354307129917
128,385,2048,770,3,80,0.02883277678577612,13.4209866915103,1.6697929261578335,1.2694813996780852,0.002422070632798398
128,385,2048,770,4,80,0.007681551820152007,20.548386148684177,1.8394761614509911,1.4391646349712346,0.00016783001882462946
128,385,2048,770,0,81,0.19076456570805111,2.363150966645211,1.2942683655552112,0.8939568390754573,0.07132830060415832
128,385,2048,770,2,81,0.06681168712404967,4.518262915940965,1.5021233400218867,1.1018118135421275,0.02318203037617462
128,385,2048,770,3,81,0.02426834319004471,11.7599119827149,1.7239027450517068,1.3235912185719485,0.0040909281011079065
128,385,2048,770,4,81,0.007113773093621127,48.88388512811349,1.9722963465264312,1.57198482004668,0.0005683665991941492
128,385,2048,770,0,82,0.17040488186232272,2.4423144349475963,1.2984418703455205,0.8981303438657733,0.06817502357267853
128,385,2048,770,2,82,0.06811480793945676,5.8742706832829175,1.5029874741359666,1.1026759476562091,0.016672284663599685
128,385,2048,770,3,82,0.02309159491821924,10.104880388864306,1.721183862434525,1.3208723359547747,0.00255190611483081
128,385,2048,770,4,82,0.008819148033782335,25.904264691453953,1.9048801476035249,1.5045686211237665,0.00021535766646665978
128,385,2048,770,0,83,0.18936454554459878,2.467650038941424,1.2991530246377314,0.898841498157978,0.0704745566278987
128,385,2048,770,2,83,0.07608451405018393,5.072272925118824,1.441468046361485,1.0411565198817243,0.024818231083970094
128,385,2048,770,3,83,0.025511707111498663,13.325967243785538,1.7972748514043433,1.3969633249245845,0.001933533585000577
128,385,2048,770,4,83,0.005794005221946202,34.0757701066718,1.9419293374407298,1.5416178109609717,0.00022004527856674913
128,385,2048,770,0,84,0.17557604116413214,2.5217449676801524,1.3001533752755554,0.899841848795802,0.07149123935555658
128,385,2048,770,2,84,0.07128161688101682,4.024379875829446,1.4583711563452235,1.0580596298654683,0.02034375763563404
128,385,2048,770,3,84,0.03316113535269315,10.09654198400532,1.6317565720933416,1.231445045613583,0.0031780607895921247
128,385,2048,770,4,84,0.004443498439799172,21.13613696758256,2.046343789606458,1.646032263126699,0.0008066237332031204
128,385,2048,770,0,85,0.18350469500710964,2.4239664509879577,1.2904634382741882,0.8901519117944332,0.07250490724405767
128,385,2048,770,2,85,0.08581924504668867,5.17314778472036,1.4172474557235404,1.016935929243786,0.012875504038728938
128,385,2048,770,3,85,0.01932660178203736,8.531637761812615,1.914158660264305,1.5138471337845516,0.004918341990136398
128,385,2048,770,4,85,0.008054223612397387,38.39092151514785,1.8598939925690088,1.459582466089259,0.0006270144101054138
128,385,2048,770,0,86,0.1804311937672652,2.3650265406977464,1.298567500280221,0.8982559738004596,0.06978064570065588
128,385,2048,770,2,86,0.0566581656370181,4.213813010816466,1.5959460469076643,1.195634520427916,0.019368315528221554
128,385,2048,770,3,86,0.018194314707451874,7.775800012476359,2.0298773594910022,1.6295658330112417,0.004603301912958071
128,385,2048,770,4,86,0.007002394305684458,22.492700695717957,2.1462763239557945,1.7459647974760344,0.0006301418706359663
128,385,2048,770,0,87,0.19845718018031472,2.4819014153965666,1.302924387320787,0.9026128608410318,0.07150735055155719
128,385,2048,770,2,87,0.0596457481829645,4.702982980604778,1.549912023337928,1.1496004968581701,0.023414289315076175
128,385,2048,770,3,87,0.027761287937967182,6.160991283826643,1.7562427007700494,1.3559311742902906,0.005096364734684686
128,385,2048,770,4,87,0.0061056631449136435,25.332698891229263,2.475030064803801,2.074718538324049,0.0005927036598172106
128,385,2048,770,0,88,0.1813717841017765,2.4381701051859843,1.3024848523764172,0.9021733258966691,0.07474448775768032
128,385,2048,770,2,88,0.064817803975289,4.510352913504228,1.5388519474255977,1.1385404209458443,0.024936119860263454
128,385,2048,770,3,88,0.01996861890954846,9.670482539538487,1.8424471346151874,1.4421356081354304,0.002200070221944226
128,385,2048,770,4,88,0.006244618241567189,18.113226936580944,2.126283710960462,1.7259721844807103,0.000477445941931435
128,385,2048,770,0,89,0.18834487926487817,2.4669110135390597,1.2967059609952165,0.8963944345154573,0.07139998909937856
128,385,2048,770,2,89,0.0798809250410383,4.914401306965901,1.4834156134964158,1.0831040870166646,0.023551524009416687
128,385,2048,770,3,89,0.02523769379756602,9.631162217605539,1.6904784548502771,1.2901669283705246,0.0043721893537862445
128,385,2048,770,4,89,0.008277362162398764,69.58450623296159,1.9706971469153096,1.5703856204355588,0.0002023465885655476
128,385,2048,770,0,90,0.19037956306392678,2.608501108298786,1.2946644272494563,0.8943529007697038,0.07386842541024224
128,385,2048,770,2,90,0.07218142395892528,4.8584829796811295,1.5036900218405362,1.1033784953607864,0.022958667714921936
128,385,2048,770,3,90,0.019409224927481532,12.993070633860238,1.8835225107760576,1.4832109842963064,0.004358230871839187
128,385,2048,770,4,90,0.0067880440026821635,8.104476639238372,2.2708214663324515,1.8705099398526954,0.0007519803232443667
128,385,2048,770,0,91,0.18702369176668684,2.470275002870802,1.298559879719645,0.898248353239893,0.07280898445037225
128,385,2048,770,2,91,0.06771444264283694,4.065657488285257,1.5658473966720439,1.1655358701922864,0.0184777111069727
128,385,2048,770,3,91,0.01857266943824099,8.100817939445726,2.0089611648489587,1.6086496383692008,0.0034655549702933774
128,385,2048,770,4,91,0.007265470450399512,21.393110155812632,1.9539851839321862,1.5536736574524355,0.0005579005985023273
128,385,2048,770,0,92,0.19659707812141522,2.368070551996211,1.296281829569384,0.8959703030896264,0.07111631935200327
128,385,2048,770,2,92,0.075160977845317,4.903887540357705,1.4442991397700753,1.0439876132903265,0.017983404626487398
128,385,2048,770,3,92,0.019313158882233228,17.54693732312372,1.8289797322623949,1.4286682057826425,0.0018405305593570001
128,385,2048,770,4,92,0.007508689240709623,29.694608018277275,1.885312049832855,1.4850005233530936,0.0005346136529036333
128,385,2048,770,0,93,0.20494230679473446,2.485296723354544,1.298261734624428,0.8979502081446782,0.07338409146162843
128,385,2048,770,2,93,0.06890716034169476,4.983143937291418,1.4772644648722597,1.076952938392509,0.020030425059020203
128,385,2048,770,3,93,0.022993676427973307,12.262227608453605,1.7289247516204789,1.328613225140728,0.0026051100786938695
128,385,2048,770,4,93,0.0074382689084441485,31.89348695793881,1.9355476041625468,1.5352360776827965,7.051956298139266e-05
128,385,2048,770,0,94,0.19026113570711406,2.4157238046465115,1.2941409752070216,0.8938294487272742,0.06698743898630015
128,385,2048,770,2,94,0.07622903869508803,4.506156202864672,1.474471809458942,1.074160282979193,0.01907997027470227
128,385,2048,770,3,94,0.020021915931476487,11.228258972320585,1.8689206618387166,1.4686091353589603,0.0026617003903362307
128,385,2048,770,4,94,0.008840049806410837,10.934203117470966,1.8523788475216516,1.4520673210418948,0.00022977085924831604
128,385,2048,770,0,95,0.18449056001336064,2.438810305009814,1.3020911637255894,0.9017796372458378,0.07166761839679057
128,385,2048,770,2,95,0.06660749797518507,5.154255007368347,1.5356407349665389,1.1353292084867803,0.016822684200967827
128,385,2048,770,3,95,0.020839581795081382,13.278381632057972,1.7390853410716693,1.3387738145919172,0.004917087366428388
128,385,2048,770,4,95,0.006625514614157436,11.656561458870337,2.0182147498943737,1.617903223414615,0.0007336771748132553
256,769,4096,1538,0,0,0.17982136716189964,2.4037473824273263,1.2973322048459992,0.8971761986057345,0.052229974362830243
256,769,4096,1538,2,0,0.06551353951661344,5.2944483820815,1.4811116322117455,1.0809556259714839,0.009027055273037324
256,769,4096,1538,3,0,0.020418782005927456,10.16827579679904,1.8433312195839835,1.4431752133437215,0.0006356858819453896
256,769,4096,1538,4,0,0.007981403426327152,25.81895959432463,1.9070221842305943,1.5068661779903323,0.00013882988387877118
256,769,4096,1538,0,1,0.18170913941633648,2.4942530071470346,1.2989360429992378,0.8987800367589784,0.052703839433344085
256,769,4096,1538,2,1,0.06350539106367699,5.3004685629578,1.5107452658854204,1.1105892596451667,0.014162478818560956
256,769,4096,1538,3,1,0.023455884165404225,12.882293953691537,1.7832999007683465,1.3831438945281036,0.002191661716057807
256,769,4096,1538,4,1,0.007955373233813975,20.408981999672164,1.7766274210368467,1.3764714147965833,0.0001964096765043899
256,769,4096,1538,0,2,0.18013444102378118,2.4296168650570955,1.2989129705865374,0.8987569643462905,0.05188039937115827
256,769,4096,1538,2,2,0.06822342767352581,4.757517357796543,1.490051989173005,1.0898959829327453,0.011390282327650143
256,769,4096,1538,3,2,0.02245232222393446,14.508280588450114,1.7587711735346172,1.3586151672943743,0.0012086224569699375
256,769,4096,1538,4,2,0.007506568801292923,29.270215879515412,2.0469301405459452,1.6467741343057014,7.335299292083461e-05
256,769,4096,1538,0,3,0.1907351996783618,2.463329575771759,1.2970729223313313,0.8969169160910724,0.0515293518813924
256,769,4096,1538,2,3,0.06471469117187191,4.490376394290148,1.5201899187953738,1.1200339125551295,0.011194024304650437
256,769,4096,1538,3,3,0.02273055033899086,10.150282544039065,1.7866941623023078,1.386538156062045,0.002498977019730012
256,769,4096,1538,4,3,0.0069348282835070075,17.315582247942647,2.0751007551249794,1.6749447488847409,0.00010021414771685546
256,769,4096,1538,0,4,0.18669692225480583,2.486270762709938,1.3018147343958006,0.901658728155553,0.0524774120751871
256,769,4096,1538,2,4,0.053901905861626374,4.5913087481461154,1.6017114689601342,1.201555462719881,0.014652908778902959
256,769,4096,1538,3,4,0.023751273384622452,31.756481203346222,1.7202295752739274,1.3200735690336671,0.0009004842031185231
256,769,4096,1538,4,4,0.008135555075205485,31.11700089111243,1.9322293648096465,1.5320733585693915,0.00021797842349261442
256,769,4096,1538,0,5,0.18433142860142998,2.457458468908335,1.3001703010773256,0.9000142948370637,0.04990727480030988
256,769,4096,1538,2,5,0.07739799959561758,5.231225825852114,1.4359425633361214,1.0357865570958609,0.014699545700012192
256,769,4096,1538,3,5,0.0198796982315095,8.874563462599475,1.8834748795127634,1.483318873272509,0.0009102082243676908
256,769,4096,1538,4,5,0.007591989303917992,45.828609056000076,1.8670455753139936,1.466889569073743,0.0001381504815871607
256,769,4096,1538,0,6,0.1749409979904687,2.4574462507922865,1.3015149852600791,0.9013589790198182,0.053760965043915254
256,769,4096,1538,2,6,0.06204500114151383,4.359077371832123,1.5428172328817225,1.1426612266414793,0.01317678997232157
256,769,4096,1538,3,6,0.01976158228436956,21.334284608649533,1.8130045646374366,1.4128485583971724,0.0012526329255007182
256,769,4096,1538,4,6,0.00970764344362055,47.23318141644447,1.8177327569848591,1.4175767507446153,0.00012704430989596906
256,769,4096,1538,0,7,0.19356256804817762,2.441879078718995,1.2955517343830085,0.8953957281427449,0.05353675618271258
256,769,4096,1538,2,7,0.06586108369134284,5.191704029797405,1.5209705952720456,1.120814589031795,0.012375904507510322
256,769,4096,1538,3,7,0.019914705205303956,13.085251169204092,1.8632791227327163,1.4631231164924543,0.0010665797258963092
256,769,4096,1538,4,7,0.005718193831821469,15.103146624696734,2.1488285632697037,1.7486725570294652,0.00012086099842149395
256,769,4096,1538,0,8,0.18710479069684646,2.401814657124932,1.300306528740039,0.9001505224997857,0.05442230152662097
256,769,4096,1538,2,8,0.06411539093390342,5.364412613171828,1.5269206314815822,1.1267646252413215,0.013553356306231385
256,769,4096,1538,3,8,0.021167481502047003,9.416663821816556,1.7832670074363615,1.383111001196113,0.0018287789515858807
256,769,4096,1538,4,8,0.007640330674620489,32.78246564704956,1.8386541318832554,1.438498125643008,0.0003687712887961817
256,769,4096,1538,0,9,0.17798584149440558,2.464738608473531,1.2976937348021926,0.8975377285619288,0.05172216244079414
256,769,4096,1538,2,9,0.06401132980418872,5.626381063156735,1.4869418588677588,1.0867858526275143,0.011620968893668263
256,769,4096,1538,3,9,0.024124707027519347,14.172398173825131,1.7247943427359997,1.3246383364957524,0.0009419936372668138
256,769,4096,1538,4,9,0.00636876148054437,10.520483079840208,2.0950646745217494,1.6949086682814993,0.00041069480550267473
256,769,4096,1538,0,10,0.17279698262397608,2.4236676177271748,1.29882223188151,0.8986662256412501,0.0499475854238108
256,769,4096,1538,2,10,0.0639416678434396,5.4601482003751975,1.5008663954676786,1.1007103892274301,0.012748910549779197
256,769,4096,1538,3,10,0.019908002241963218,12.119134848414827,1.8396101309760633,1.4394541247358177,0.0011956570330602188
256,769,4096,1538,4,10,0.005415072046817807,19.45888124470025,2.12720192911589,1.7270459228756465,1.7371180542755974e-05
256,769,4096,1538,0,11,0.18181199385117294,2.452205058356867,1.3011889484590864,0.9010329422188477,0.053087799917628235
256,769,4096,1538,2,11,0.06016335564962199,5.0121910537310495,1.56394552871852,1.1637895224782824,0.01179681688450819
256,769,4096,1538,3,11,0.01930345346413692,7.358129333925006,1.843590611264295,1.4434346050240379,0.0009642582249474903
256,769,4096,1538,4,11,0.006926745967806906,16.22144975046066,1.9362955668521038,1.5361395606118435,0.00016145241910257152
256,769,4096,1538,0,12,0.18636536446038865,2.456172867539654,1.2982132085130813,0.8980572022728381,0.05482483882539141
256,769,4096,1538,2,12,0.07214041961288836,5.355824465952132,1.475721402119858,1.0755653958796074,0.013626731292031928
256,769,4096,1538,3,12,0.01894968848721234,24.917292109371168,1.804731721986781,1.4045757157465175,0.0013780525785635198
256,769,4096,1538,4,12,0.006306627864809679,10.359953307506114,2.0398024776299106,1.6396464713896535,0.00021183845133840017
256,769,4096,1538,0,13,0.18938395917836534,2.524972903235663,1.296042513778454,0.8958865075381937,0.05232138412355795
256,769,4096,1538,2,13,0.060701570996639934,5.731352946732233,1.558782667113253,1.1586266608730114,0.009719897589089308
256,769,4096,1538,3,13,0.01937426311455208,16.14818612849119,1.8179216154805844,1.4177656092403197,0.0010204761379362767
256,769,4096,1538,4,13,0.00769793887327029,87.09848909149258,1.8690918337248323,1.4689358274845858,8.215747553322587e-05
256,769,4096,1538,0,14,0.18603369833207412,2.4447458252360765,1.2969240862922335,0.8967680800519702,0.04954255635825235
256,769,4096,1538,2,14,0.07079884244917628,4.627066200434729,1.4977552024417202,1.0975991962014575,0.01096634609908879
256,769,4096,1538,3,14,0.020732400472492012,20.315630529083563,1.8140971955181224,1.413941189277864,0.0012887383839445634
256,769,4096,1538,4,14,0.007296406483427729,25.540367609439706,1.8338802551312372,1.4337242488909965,7.222823659006967e-05
256,769,4096,1538,0,15,0.17948247288348423,2.4544975398541236,1.2994227671357588,0.8992667608955003,0.050712015806929474
256,769,4096,1538,2,15,0.06850753691891152,5.475850029814502,1.4925077535562505,1.0923517473160018,0.013162788882065641
256,769,4096,1538,3,15,0.026245865923738683,20.514587871883563,1.707288617979594,1.3071326117393482,0.0009638706190922066
256,769,4096,1538,4,15,0.0051449885602307885,17.10984170174566,2.1150920555128065,1.714936049272552,0.0003472469294601272
256,769,4096,1538,0,16,0.18236674951590004,2.4696701043641998,1.298024642304026,0.8978686360637766,0.052956497817124255
256,769,4096,1538,2,16,0.07246141456895362,5.2117485283203,1.4782847961184515,1.0781287898782068,0.016381071358540313
256,769,4096,1538,3,16,0.02392245169383812,21.683254354862978,1.7160945051828331,1.315938498942586,0.0010671857742271015
256,769,4096,1538,4,16,0.007501221917368933,15.755792466666016,1.8603598161350419,1.4602038098947787,0.0005951898284824358
256,769,4096,1538,0,17,0.1887562095252856,2.499466257842093,1.2996459792428612,0.899489973002602,0.05451409427492345
256,769,4096,1538,2,17,0.06815724600204655,4.838943695695313,1.5028529254743135,1.102696919234063,0.010811905554533326
256,769,4096,1538,3,17,0.02316754939167373,15.105632576117177,1.7401273117456224,1.3399713055053724,0.002322988109403421
256,769,4096,1538,4,17,0.007947455820787586,22.653026510751477,1.9118123558053117,1.5116563495650723,0.00014371756583748482
256,769,4096,1538,0,18,0.18986016783828083,2.4374955598112846,1.3012077692961035,0.9010517630558468,0.05256626825767357
256,769,4096,1538,2,18,0.060146726321929314,4.975869934785241,1.5035765365894174,1.1034205303491547,0.010330245460441692
256,769,4096,1538,3,18,0.018521168350392206,21.70803047110637,1.8876698656510902,1.487513859410825,0.0017738459147104376
256,769,4096,1538,4,18,0.006893181788720897,21.77576995574823,2.081101132718933,1.68094512647869,7.99972682191777e-05
256,769,4096,1538,0,19,0.18437479639458418,2.453450045697341,1.2990231426246903,0.8988671363844389,0.0523695576231178
256,769,4096,1538,2,19,0.05664339263453759,5.654230522992547,1.5406607100380378,1.1405047037977738,0.012944635462693383
256,769,4096,1538,3,19,0.025945885194321477,12.210966529977888,1.6948726804775456,1.2947166742372929,0.0017176407534695351
256,769,4096,1538,4,19,0.010457627360472491,52.28979982406615,1.7637652022092136,1.3636091959689622,0.00014245796291113396
256,769,4096,1538,0,20,0.18780897756423864,2.459293978107942,1.3006712065686235,0.9005152003283854,0.05142259130072448
256,769,4096,1538,2,20,0.05843579603902266,5.690846390951597,1.552229887928954,1.1520738816886933,0.012056611084080475
256,769,4096,1538,3,20,0.016781878678309214,10.878147218396446,1.806274297715457,1.4061182914751953,0.0012691434329774557
256,769,4096,1538,4,20,0.006447368366478084,31.257090321571596,2.058066956172876,1.6579109499326137,0.00024699469850327226
256,769,4096,1538,0,21,0.1908059052250121,2.4427925553117866,1.2939315307348447,0.8937755244946004,0.05131796490468451
256,769,4096,1538,2,21,0.07043765805434153,4.955032374104114,1.4832301162229793,1.0830741099827321,0.012975129528644904
256,769,4096,1538,3,21,0.023357241715704607,36.24056492855071,1.7098909161595486,1.3097349099192854,0.0012707755132451413
256,769,4096,1538,4,21,0.0067193718478873385,58.751519450173845,2.0333740659159663,1.6332180596757269,8.356926336866273e-05
256,769,4096,1538,0,22,0.18123051042826674,2.366282430836111,1.3006560300486245,0.9005000238083767,0.053783738405166405
256,769,4096,1538,2,22,0.06427409856337193,5.54017176188189,1.5088561880546112,1.1087001818143563,0.011828171737159433
256,769,4096,1538,3,22,0.018587245482042134,16.38694242337484,1.886981714504735,1.4868257082644902,0.0009149750292074645
256,769,4096,1538,4,22,0.007786884288518562,33.45547178998855,1.7805740354001947,1.380418029159955,5.3228780531839864e-05
256,769,4096,1538,0,23,0.18248436211464442,2.3957205160377186,1.3010563120523444,0.9009003058120868,0.05173405820364975
256,769,4096,1538,2,23,0.0705928296906083,6.278853535389834,1.476040616068714,1.0758846098284494,0.012531075523534158
256,769,4096,1538,3,23,0.02093669004381861,12.94388177103914,1.7392065511010646,1.339050544860811,0.0008384482193144375
256,769,4096,1538,4,23,0.005760137891659731,54.7159177854728,2.015571991353024,1.6154159851127758,3.0412998987738323e-05
256,769,4096,1538,0,24,0.18890638935761647,2.4722284755813417,1.2995184126179313,0.8993624063776906,0.05064676331356981
256,769,4096,1538,2,24,0.05599834596424928,4.90122731884523,1.5509575491681153,1.1508015429278657,0.011359108529106366
256,769,4096,1538,3,24,0.025037762247339876,14.176954380934864,1.7091030225622323,1.30894701632198,0.0007362937006866784
256,769,4096,1538,4,24,0.005846839702593569,26.60276171679677,2.016944054300171,1.6167880480599308,0.0001843886234164549
256,769,4096,1538,0,25,0.1780252077274887,2.4206396169551927,1.3020724890675213,0.9019164828272608,0.05229528155478558
256,769,4096,1538,2,25,0.06940750960405402,5.357914392076513,1.4545106473310099,1.0543546410907538,0.012499360880602283
256,769,4096,1538,3,25,0.017566867312647224,19.928012376118502,1.8996855434042352,1.499529537163994,0.0008563528733121569
256,769,4096,1538,4,25,0.007179034560859516,53.67074216977498,1.8418990501402468,1.4417430439000043,0.00032731364307528554
256,769,4096,1538,0,26,0.1826085220745142,2.4206369712626756,1.2989703066812859,0.898814300441046,0.051424522516444186
256,769,4096,1538,2,26,0.06491792006830994,5.276507890114123,1.5066054510339701,1.106449444793725,0.011938442783401976
256,769,4096,1538,3,26,0.019567365789943003,11.61083233608196,1.8964195225156486,1.4962635162754054,0.00220260877471478
256,769,4096,1538,4,26,0.006946301143921369,22.460857878695784,1.9138339379987208,1.5136779317584796,0.00018522594782222076
256,769,4096,1538,0,27,0.17759564115502274,2.4548002977441143,1.2985222940163355,0.8983662877760707,0.05296598188509514
256,769,4096,1538,2,27,0.05781362101114836,6.28735824004702,1.553307542983479,1.1531515367432235,0.0102251368591002
256,769,4096,1538,3,27,0.02216673432197365,11.822133417805166,1.7721527238976027,1.371996717657339,0.0016855125625816008
256,769,4096,1538,4,27,0.007346722633299179,35.10336182713314,1.9810703166716248,1.5809143104313819,0.00025483373436362703
256,769,4096,1538,0,28,0.17392138713647307,2.4510833504911576,1.302303067285586,0.9021470610453264,0.053816262424080226
256,769,4096,1538,2,28,0.07343090684395856,6.501846254553838,1.455364266146967,1.0552082599067205,0.009895562222003978
256,769,4096,1538,3,28,0.02305459701505285,23.63336454860108,1.769924573739013,1.3697685674987667,0.0008992465043044631
256,769,4096,1538,4,28,0.00576566453530115,33.12041748898571,1.8893055186489724,1.4891495124087157,8.178530311237483e-06
256,769,4096,1538,0,29,0.18276201245953175,2.4582709530571307,1.2963412136598151,0.8961852074195633,0.05205153033746471
256,769,4096,1538,2,29,0.07473196431264437,5.504471090737066,1.4675059935873755,1.0673499873471144,0.012485626947014631
256,769,4096,1538,3,29,0.023593572794718777,19.642380280451917,1.7937319148766524,1.393575908636393,0.0016770355349796826
256,769,4096,1538,4,29,0.008797675189268262,13.707638578811304,1.8022599940075348,1.4021039877672763,0.00013085237020079655
256,769,4096,1538,0,30,0.18332451160049185,2.448168475491128,1.3001974075161482,0.9000414012758995,0.05212653699849531
256,769,4096,1538,2,30,0.06284278312718083,4.179556135932026,1.5053657830517837,1.1052097768115345,0.012445340713483516
256,769,4096,1538,3,30,0.020126359679520946,14.553005946274018,1.7992334299677524,1.3990774237275048,0.0018863109719338567
256,769,4096,1538,4,30,0.005679909502145334,19.264065013647137,2.14970149437123,1.749545488130991,1.2141600219770143e-05
256,769,4096,1538,0,31,0.18563124568402775,2.486751634267173,1.296553832481343,0.896397826241099,0.05370048291828284
256,769,4096,1538,2,31,0.06865390924584348,5.1914686481783185,1.4976144047169704,1.097458398476732,0.015032074645354644
256,769,4096,1538,3,31,0.02475449727368429,18.31676510467411,1.6590753831065,1.2589193768662597,0.0009077825989721507
256,769,4096,1538,4,31,0.007919710794363098,16.03771231804197,1.9389400603290268,1.5387840540887794,0.00018815655022571732
256,769,4096,1538,0,32,0.18214137772461128,2.4430736443780674,1.3004845725353378,0.9003285662950873,0.05487305812923718
256,769,4096,1538,2,32,0.06258382770601938,4.788421405613358,1.546331313692357,1.146175307452097,0.013467239614207562
256,769,4096,1538,3,32,0.021377721358769034,10.295429968729497,1.786415680179772,1.38625967393952,0.0022577069520480653
256,769,4096,1538,4,32,0.009060499193334282,31.79104535924394,1.9242217030475102,1.5240656968072699,0.0006508467219475191
256,769,4096,1538,0,33,0.18977550934859297,2.4402656995557845,1.298588930567427,0.8984329243271816,0.053954657208148134
256,769,4096,1538,2,33,0.06633335163741826,5.1743639528849386,1.538183594291282,1.138027588051017,0.013330809682579034
256,769,4096,1538,3,33,0.0182787554703675,23.32750599689645,1.9932815089249671,1.5931255026847282,0.001168035427166267
256,769,4096,1538,4,33,0.0072417009203815195,29.93113041787059,1.9446458983186612,1.544489892078417,0.00017957129982843091
256,769,4096,1538,0,34,0.1802333541761231,2.492759945357377,1.298761479331433,0.8986054730911803,0.052499534650097664
256,769,4096,1538,2,34,0.07291289362684654,4.865512623799344,1.50806156977734,1.1079055635370878,0.013359960332540208
256,769,4096,1538,3,34,0.022774933629548785,12.17105220690101,1.7324901962981043,1.3323341900578498,0.002614003146205027
256,769,4096,1538,4,34,0.0074489608891370315,33.55347227113104,1.8761424807906992,1.4759864745504387,0.00016053707904459814
256,769,4096,1538,0,35,0.18797984652223676,2.4335545086926205,1.2995760272334116,0.8994200209931478,0.05312730550509211
256,769,4096,1538,2,35,0.06566575296220746,5.592594729774946,1.5112192904282522,1.111063284187992,0.012809072122065512
256,769,4096,1538,3,35,0.021254558678847065,13.926235022316373,1.8500987907669697,1.449942784526712,0.0012422910862133984
256,769,4096,1538,4,35,0.007237328987893628,33.22422680281119,1.9440265408073047,1.5438705345670485,9.674190062027751e-05
256,769,4096,1538,0,36,0.1809473779005493,2.4350784868530093,1.298354931181471,0.8981989249412266,0.05173013002378572
256,769,4096,1538,2,36,0.07262599267443763,5.749466178285264,1.5162011206992645,1.1160451144590127,0.01255074471371691
256,769,4096,1538,3,36,0.017627003702791275,9.44175725115953,1.9012246162721822,1.501068610031922,0.0014700090252471056
256,769,4096,1538,4,36,0.00626544601218571,21.683602045037404,1.934262543181338,1.5341065369410956,0.00022370529024073028
256,769,4096,1538,0,37,0.1941478582892074,2.47912401884091,1.2984153931778177,0.8982593869375535,0.053566823200753295
256,769,4096,1538,2,37,0.07365035353925824,5.399653653683079,1.485282354577111,1.0851263483368712,0.01139078880720431
256,769,4096,1538,3,37,0.021833241973374554,10.61106400066563,1.8210746173088377,1.420918611068572,0.0015581953936247965
256,769,4096,1538,4,37,0.008389417734016046,21.754841047239445,1.8340972058270393,1.4339411995867977,9.435969137055492e-05
256,769,4096,1538,0,38,0.19112886756557115,2.443263454379723,1.296352401407705,0.8961963951674647,0.05132336816285491
256,769,4096,1538,2,38,0.07066069749272481,5.047698551947734,1.5066339591754363,1.1064779529351938,0.010921886783444756
256,769,4096,1538,3,38,0.021893566022939934,8.97461506273046,1.7743848132250974,1.3742288069848598,0.002732372186224725
256,769,4096,1538,4,38,0.006955354733652131,15.290780365553697,2.018242441092442,1.618086434852188,0.0001613656925141171
256,769,4096,1538,0,39,0.1917327973069587,2.427513319233586,1.2994425288205274,0.8992865225802689,0.053666042852504495
256,769,4096,1538,2,39,0.06719570701564082,5.156123503914106,1.5017464036930124,1.1015903974527532,0.012486854731858257
256,769,4096,1538,3,39,0.02089964866289721,9.989220985704751,1.7780028160678398,1.377846809827588,0.002441258741231774
256,769,4096,1538,4,39,0.0070728819620985185,39.74973842141726,1.9791355912563653,1.5789795850161,0.00010401052281297259
256,769,4096,1538,0,40,0.16961995355194315,2.470236308827868,1.2996305619854178,0.8994745557451722,0.05539269498910944
256,769,4096,1538,2,40,0.06546726208711796,5.3803747819591266,1.4976972157293664,1.0975412094891226,0.013693992763628376
256,769,4096,1538,3,40,0.023745144753143516,9.769106356029148,1.7985316974626713,1.3983756912224123,0.0020056351084889405
256,769,4096,1538,4,40,0.007313653919961415,23.26214698962071,1.989478218596837,1.589322212356592,0.0003434493851080988
256,769,4096,1538,0,41,0.1959810686928537,2.4284110599879196,1.299264440738589,0.8991084344983449,0.05148172815101364
256,769,4096,1538,2,41,0.07591380651038099,4.734403282855425,1.4852445297698385,1.0850885235295777,0.013350284873954005
256,769,4096,1538,3,41,0.02714349458424601,15.483876907311643,1.726500630740019,1.326344624499768,0.0011862196189486658
256,769,4096,1538,4,41,0.0058977078966729705,22.101921509191794,1.9800828436444338,1.579926837404173,4.8478574227754714e-05
256,769,4096,1538,0,42,0.18685174672900257,2.4111269984688035,1.3004002725818542,0.9002442663416161,0.054864790461220676
256,769,4096,1538,2,42,0.0679179955173204,5.273875784766362,1.4855315921396874,1.0853755858994418,0.007551270634506601
256,769,4096,1538,3,42,0.019896506531072188,9.050417924380092,1.8019312765817799,1.401775270341517,0.001550887002102542
256,769,4096,1538,4,42,0.006925733263166163,32.47102434925546,2.089697985412559,1.6895419791723043,0.0003335876838714253
256,769,4096,1538,0,43,0.18176338729035818,2.421575628122494,1.3000414560807736,0.8998854498405251,0.05213712036702817
256,769,4096,1538,2,43,0.063611461337853,5.347901575780605,1.528238058221668,1.1280820519814085,0.014984400766283757
256,769,4096,1538,3,43,0.01807013043818671,9.565925454460295,1.9374215657577118,1.537265559517465,0.0014370930673591156
256,769,4096,1538,4,43,0.008865537599616363,36.418050824806,1.893562156566568,1.493406150326308,0.0001932293569798993
256,769,4096,1538,0,44,0.18033890230682872,2.46391527602003,1.299500687561843,0.899344681321594,0.05276030052926162
256,769,4096,1538,2,44,0.056337627235031044,4.8315937313734185,1.5543618694365784,1.1542058631963243,0.009388388732295319
256,769,4096,1538,3,44,0.018932958366099706,10.261117942092216,1.8869064909135296,1.48675048467328,0.001474413610148194
256,769,4096,1538,4,44,0.005896332931482157,49.90071655610321,1.9998651093801127,1.5997091031398725,0.000141573232028342
256,769,4096,1538,0,45,0.18989566499807845,2.452662366823041,1.296766019761671,0.8966100135214106,0.051797376038754686
256,769,4096,1538,2,45,0.06936498624375036,5.318321441960184,1.4891335163959831,1.088977510155729,0.012565076576106223
256,769,4096,1538,3,45,0.01939469156903928,10.550848226669267,1.8066145707098853,1.4064585644696308,0.0010738930883310064
256,769,4096,1538,4,45,0.008655039752831445,11.115192192888191,1.8380580908398771,1.4379020845996138,0.0002037181855501708
256,769,4096,1538,0,46,0.18884783931638102,2.4132443602038807,1.3004515811473252,0.9002955749070622,0.051094863431261205
256,769,4096,1538,2,46,0.06759342535668734,4.711519560041738,1.4973816950106233,1.0972256887703793,0.012333584710456282
256,769,4096,1538,3,46,0.02041715740937661,15.533600548417532,1.8096314655610295,1.409475459320788,0.0026398303230178613
256,769,4096,1538,4,46,0.006561407956819998,33.90645168414929,1.9327832341982756,1.5326272279580166,0.0001040584056829572
256,769,4096,1538,0,47,0.1893601496798597,2.444735164446069,1.2994960691961088,0.8993400629558437,0.05110479199673205
256,769,4096,1538,2,47,0.059310228703192594,5.92698158497012,1.5570269164301438,1.1568709101898946,0.010157592961794082
256,769,4096,1538,3,47,0.025611789317588743,10.865615184194397,1.6925767851475608,1.2924207789073137,0.0014645062185708034
256,769,4096,1538,4,47,0.006820359894667282,29.082704050944074,1.9265206451612986,1.5263646389210521,0.00011941926214850416
256,769,4096,1538,0,48,0.1792859347812159,2.5333492035601823,1.298767668125423,0.8986116618851838,0.05383668064335586
256,769,4096,1538,2,48,0.06265765487912148,5.85820954365156,1.533598809219633,1.1334428029793742,0.009593687393238497
256,769,4096,1538,3,48,0.019424766439938856,15.894721649860744,1.892555182470481,1.4923991762302364,0.0016985995328114697
256,769,4096,1538,4,48,0.006927536363617903,17.948014472084765,1.8139448738000454,1.4137888675597878,0.00013609635011629318
256,769,4096,1538,0,49,0.18355818934212548,2.4840134564224776,1.29958802271652,0.8994320164762541,0.05151115829975241
256,769,4096,1538,2,49,0.06750793727515322,5.646255306946275,1.4941418100410986,1.093985803800848,0.009844675857930682
256,769,4096,1538,3,49,0.017610029292325406,9.501675957735934,1.9269948650077928,1.5268388587675474,0.0008843310613408684
256,769,4096,1538,4,49,0.008498582858941051,18.188487398384176,1.9614490686025934,1.5612930623623527,0.00010247041102150676
256,769,4096,1538,0,50,0.18563694842974687,2.412102630112649,1.2972761031323836,0.897120096892138,0.05521491849623237
256,769,4096,1538,2,50,0.06636366531134195,7.195847031794925,1.5224599989130394,1.1223039926727836,0.012236989844570402
256,769,4096,1538,3,50,0.02007519223101475,18.779446723542797,1.80357177741592,1.4034157711756734,0.0010839543553135022
256,769,4096,1538,4,50,0.006670940938283625,43.64476685885026,1.9942096965577403,1.5940536903174802,0.00011153374170850237
256,769,4096,1538,0,51,0.1821578792193945,2.4301806932392953,1.2991543504619438,0.8989983442216953,0.0518934404759494
256,769,4096,1538,2,51,0.05076443743576681,7.437118090551584,1.6528334120023704,1.252677405762114,0.007765315979333028
256,769,4096,1538,3,51,0.014996437936636384,12.819131936701856,2.0356190160006467,1.6354630097604002,0.0027076695446957852
256,769,4096,1538,4,51,0.008811260904982205,33.57747835477234,1.8855907291992031,1.4854347229589564,1.836142997824526e-05
256,769,4096,1538,0,52,0.1979719756177296,2.406169682487066,1.298533209960922,0.8983772037206563,0.05135142861427702
256,769,4096,1538,2,52,0.06907356699116872,5.888564759927881,1.4657209071429342,1.0655649009026718,0.009681111949130277
256,769,4096,1538,3,52,0.02218599383507016,35.88394173152075,1.9352468265531169,1.5350908203128597,0.0017490157138025087
256,769,4096,1538,4,52,0.00666229853274355,33.888483203704695,1.8355107620147977,1.43535475577454,5.637944193888044e-05
256,769,4096,1538,0,53,0.18512569800125717,2.5300607619896884,1.3001466566881281,0.8999906504478759,0.05138291612512493
256,769,4096,1538,2,53,0.0706618239155947,5.770806670457941,1.503865666544921,1.1037096603046734,0.012103855148205712
256,769,4096,1538,3,53,0.019266417583314988,15.210683294020148,1.8352585209783971,1.4351025147381336,0.0011018016748988858
256,769,4096,1538,4,53,0.0067025543268072725,40.797824593379595,2.055872738613479,1.6557167323732358,0.00020391608761890291
256,769,4096,1538,0,54,0.17931546933147036,2.4051513881090596,1.3004866025229558,0.9003305962827142,0.05251969986395732
256,769,4096,1538,2,54,0.06842514176216301,6.159763843519277,1.4974230652066796,1.0972670589664233,0.010253905565384972
256,769,4096,1538,3,54,0.022196206987206982,12.688316840020285,1.7829636454803868,1.3828076392401272,0.0013655087182052755
256,769,4096,1538,4,54,0.006585889277385474,57.29340424353008,1.9565544004111994,1.556398394170941,4.7483521814166196e-05
256,769,4096,1538,0,55,0.1872738110556641,2.476498066357869,1.299591498324511,0.8994354920842511,0.05171267289652815
256,769,4096,1538,2,55,0.06392240896480438,4.73158016949805,1.4941383873145555,1.0939823810743121,0.011110811995787399
256,769,4096,1538,3,55,0.022657042406768125,13.4134585018896,1.7855874400409601,1.3854314338007043,0.0006034440733928012
256,769,4096,1538,4,55,0.005684992743729112,44.851858792789514,2.0910069838686836,1.690850977628429,7.435846565993784e-05
256,769,4096,1538,0,56,0.19369680010642892,2.4952563344171037,1.3007258955857361,0.9005698893454905,0.054039794328746615
256,769,4096,1538,2,56,0.05993217580677899,5.035450619584037,1.5338132188976124,1.1336572126573685,0.01159466958596769
256,769,4096,1538,3,56,0.02070493516580144,11.166529417038983,1.7941657876732142,1.3940097814329704,0.0024450929240326536
256,769,4096,1538,4,56,0.010962361710654461,30.400334894393502,1.7770227580018578,1.3768667517616109,0.00011886902241394474
256,769,4096,1538,0,57,0.1796582468426192,2.430871738091059,1.3018121890673822,0.9016561828271392,0.054354538148712835
256,769,4096,1538,2,57,0.07357665111626437,6.45890165391643,1.454115996132181,1.053959989891922,0.014603820933940739
256,769,4096,1538,3,57,0.02211126126469489,19.06456548800798,1.7735238819870816,1.3733678757468226,0.002119944823277529
256,769,4096,1538,4,57,0.007072000224883726,14.03420399279219,1.9721361145244196,1.5719801082841798,0.00035236845177501284
256,769,4096,1538,0,58,0.18261114957877636,2.424299348576818,1.2996101547927459,0.8994541485525076,0.05328600836513917
256,769,4096,1538,2,58,0.06616580404541898,5.573210131496395,1.4632886479139524,1.0631326416736897,0.010321717800759614
256,769,4096,1538,3,58,0.01875297803664855,18.12745023469853,1.9055236206000212,1.5053676143597556,0.001494939411939476
256,769,4096,1538,4,58,0.006165175082977376,42.68748258131036,1.9604848058512538,1.5603287996109998,2.9730139880297085e-05
256,769,4096,1538,0,59,0.18108554878040026,2.431051049367599,1.3012935097201013,0.9011375034798448,0.05397309628735215
256,769,4096,1538,2,59,0.05798043865851363,5.018196393319444,1.5337055456383344,1.133549539398075,0.012514746650032127
256,769,4096,1538,3,59,0.025026358905491524,9.03813012949162,1.687836709279034,1.2876807030387738,0.0014339644100748003
256,769,4096,1538,4,59,0.00811777580315383,35.25832623850769,1.8719725897653974,1.4718165835251398,5.177752782532505e-05
256,769,4096,1538,0,60,0.18287509927976656,2.4287691212291844,1.295768581858497,0.8956125756182587,0.05291949838497847
256,769,4096,1538,2,60,0.07761380136904125,5.6261946849477305,1.448186992732012,1.0480309864917672,0.009645582214018152
256,769,4096,1538,3,60,0.023393687761918185,13.192316769646261,1.724159611358771,1.32400360511852,0.0016089663841842975
256,769,4096,1538,4,60,0.006781749639191485,51.15524410938038,2.0521914871280975,1.6520354808878324,9.999489673913414e-05
256,769,4096,1538,0,61,0.18297003644380905,2.4694442034147635,1.2989987680448762,0.898842761804616,0.05437575413939789
256,769,4096,1538,2,61,0.06699826229215956,5.878354652509712,1.5161254973232816,1.1159694910830353,0.014992993773409173
256,769,4096,1538,3,61,0.020882621910844685,11.6633708928015,1.8702922494157168,1.4701362431754603,0.0012452053015591395
256,769,4096,1538,4,61,0.008545990403963895,17.21317181380477,1.7781203830096008,1.3779643767693415,0.00025043243157618633
256,769,4096,1538,0,62,0.1763859828380917,2.481307789142882,1.3005854183138938,0.9004294120736347,0.051256748708296
256,769,4096,1538,2,62,0.06395179158934873,5.19673879929816,1.5382342180082738,1.1380782117680326,0.011447403563259066
256,769,4096,1538,3,62,0.026729488824644827,13.182524857874293,1.6482482440713024,1.2480922378310595,0.0003376951503113219
256,769,4096,1538,4,62,0.007571527516563026,14.128686985028965,2.0279282150163107,1.627772208776065,0.00012796798780694848
256,769,4096,1538,0,63,0.1837478531046079,2.503542471397588,1.2988769179733564,0.8987209117331076,0.05340894882183657
256,769,4096,1538,2,63,0.06358832599451064,6.228652800295189,1.5594085813528107,1.1592525751125606,0.010152588217124052
256,769,4096,1538,3,63,0.022725224759497023,6.90565874536553,1.7956607729397298,1.3955047666994744,0.0015617550702511523
256,769,4096,1538,4,63,0.0066271815163842455,23.633147429991475,2.0165693738277657,1.616413367587512,0.0002093385372539897
512,1537,8192,3074,0,0,0.17580367628269875,2.4286514321686115,1.2996395111291497,0.8995614471166594,0.03801147864580232
512,1537,8192,3074,2,0,0.06716817061217942,6.889002887385695,1.4908662431108932,1.090788179098403,
512,1537,8192,3074,3,0,0.02292416543006129,18.697201810513683,1.7632216497932143,1.363143585780724,
512,1537,8192,3074,4,0,0.006396521531668924,20.69322644536127,2.0095104628307867,1.6094323988182966,0.005648288658665301
512,1537,8192,3074,0,1,0.18561657000310428,2.4798464834292075,1.2998662625376178,0.8997881985251276,
512,1537,8192,3074,2,1,0.06663882110697496,6.651792585255929,1.511993610990236,1.111915546977746,
512,1537,8192,3074,3,1,0.02449889927789773,22.060355579698346,1.7203321011229158,1.3202540371104257,
512,1537,8192,3074,4,1,0.006138223144965281,32.09926598578099,2.0561016254950504,1.6560235614825602,
512,1537,8192,3074,0,2,0.18260809966933528,2.4816214147982265,1.2981443044083014,0.8980662403958112,
512,1537,8192,3074,2,2,0.060147466039119635,6.369872657109577,1.5411476626034628,1.1410695985909727,
512,1537,8192,3074,3,2,0.021835309817540314,12.508866544670315,1.779766277905523,1.3796882138930329,
512,1537,8192,3074,4,2,0.007233898395313579,27.25162317194313,1.8553823049759912,1.455304240963501,
512,1537,8192,3074,0,3,0.18127008196284022,2.4685001740683683,1.2980635395171929,0.8979854755047026,
512,1537,8192,3074,2,3,0.06318418173944723,5.437924258100077,1.4915159649634149,1.0914379009509245,
512,1537,8192,3074,3,3,0.020969879374288316,13.749917118132442,1.8255734509586832,1.425495386946193,
512,1537,8192,3074,4,3,0.007425709642121781,82.66417158043907,1.9384740289808857,1.5383959649683954,
512,1537,8192,3074,0,4,0.18463869482136694,2.4458657491166353,1.298839872393813,0.8987618083813228,
512,1537,8192,3074,2,4,0.06781161043223022,5.500238015507314,1.5090157501625798,1.1089376861500897,
512,1537,8192,3074,3,4,0.02027229234083437,10.424267703180961,1.875058956426044,1.4749808924135537,
512,1537,8192,3074,4,4,0.00780890566705381,22.983515779307577,1.8687891860277142,1.468711122015224,
512,1537,8192,3074,0,5,0.16993583034006232,2.4667286544605567,1.3000586677330008,0.8999806037205106,
512,1537,8192,3074,2,5,0.06971991866772467,5.518554290706523,1.4895759510004778,1.0894978869879877,
512,1537,8192,3074,3,5,0.022570766002420934,14.335857538778056,1.7898619203311645,1.3897838563186742,
512,1537,8192,3074,4,5,0.007313499411971059,17.634127839035976,1.9466432840172914,1.5465652200048012,
512,1537,8192,3074,0,6,0.18289717945502898,2.4611000190157437,1.2991558094167526,0.8990777454042623,
512,1537,8192,3074,2,6,0.06217134691171128,6.321360528998419,1.5213058389570056,1.1212277749445154,
512,1537,8192,3074,3,6,0.018160644541201542,13.088939243251687,1.9716201669469275,1.5715421029344374,
512,1537,8192,3074,4,6,0.007878156370600586,34.61283015229323,1.9155436535747128,1.5154655895622224,
512,1537,8192,3074,0,7,0.1834292442511463,2.4767167576603866,1.2985715732635503,0.8984935092510601,
512,1537,8192,3074,2,7,0.06467864690377643,4.998779597918695,1.5296245556039254,1.129546491591435,
512,1537,8192,3074,3,7,0.021208224348403727,15.417716204546547,1.8416978425186272,1.441619778506137,
512,1537,8192,3074,4,7,0.00593200744692685,34.875310415307055,2.0651145986362645,1.6650365346237743,
512,1537,8192,3074,0,8,0.17877399792524493,2.48202421420394,1.299249982844466,0.8991719188319757,
512,1537,8192,3074,2,8,0.06209891108588356,5.258267744574962,1.5347845157203541,1.134706451707864,
512,1537,8192,3074,3,8,0.020593348660287475,12.042745508240271,1.8109237734463897,1.4108457094338993,
512,1537,8192,3074,4,8,0.007864457082186362,16.710733144089247,1.8849476781960541,1.4848696141835638,
512,1537,8192,3074,0,9,0.17533556901535244,2.485950754275881,1.2997945178974015,0.8997164538849113,
512,1537,8192,3074,2,9,0.06772586324692992,5.158004652450925,1.4786586685421312,1.078580604529641,
512,1537,8192,3074,3,9,0.02017012893547229,12.639157307519922,1.85143634249419,1.4513582784816998,
512,1537,8192,3074,4,9,0.006584367795468157,25.60639704359184,1.8907031846565463,1.4906251206440562,
512,1537,8192,3074,0,10,0.18399586655073888,2.4729670358690394,1.2998170339325363,0.8997389699200461,
512,1537,8192,3074,2,10,0.0679367774563764,7.877229292021742,1.4971419507052404,1.0970638866927502,
512,1537,8192,3074,3,10,0.021425743898877917,16.032412878835704,1.8236318744633704,1.4235538104508803,
512,1537,8192,3074,4,10,0.005647564595821925,15.457887699606953,1.9582908642156298,1.5582128002031395,
512,1537,8192,3074,0,11,0.1844872806036181,2.488137892257929,1.2993419069453576,0.8992638429328673,
512,1537,8192,3074,2,11,0.058563490453982646,5.141225232731913,1.5397445873403641,1.139666523327874,
512,1537,8192,3074,3,11,0.022257194144575613,13.123404871429177,1.8158899285459065,1.4158118645334161,
512,1537,8192,3074,4,11,0.0059228738588524435,23.413944570920275,1.9708622902552757,1.5707842262427856,
512,1537,8192,3074,0,12,0.19207202322757788,2.4529713442083407,1.298204306982956,0.8981262429704658,
512,1537,8192,3074,2,12,0.06873611318189819,5.3586240433697885,1.506267458133991,1.1061893941215009,
512,1537,8192,3074,3,12,0.020058451242875624,14.759441299438558,1.8943103531466903,1.4942322891342,
512,1537,8192,3074,4,12,0.007954400155542697,26.35492783887716,1.8867489390167158,1.4866708750042257,
512,1537,8192,3074,0,13,0.17674438300005882,2.450429971795217,1.2996311873313702,0.8995531233188799,
512,1537,8192,3074,2,13,0.06063431188832887,5.615801975116697,1.5411061710663412,1.141028107053851,
512,1537,8192,3074,3,13,0.019633245206330276,19.32319900688246,1.8051743823719102,1.40509631835942,
512,1537,8192,3074,4,13,0.007524738214205901,47.578869817602026,1.8776998431747791,1.477621779162289,
512,1537,8192,3074,0,14,0.1816553160894452,2.4294758503020564,1.2991584955466025,0.8990804315341122,
512,1537,8192,3074,2,14,0.06077202350175207,4.760542019538406,1.547237833906673,1.147159769894183,
512,1537,8192,3074,3,14,0.021712773063873245,29.58070161059148,1.7827218241215141,1.382643760109024,
512,1537,8192,3074,4,14,0.006980221237433531,38.82988444105409,2.039162410956846,1.639084346944356,
512,1537,8192,3074,0,15,0.1828546821364283,2.4844465680679395,1.2999880404885218,0.8999099764760315,
512,1537,8192,3074,2,15,0.06660589068832906,6.466546867835399,1.508582458343136,1.1085043943306458,
512,1537,8192,3074,3,15,0.02086386910138439,19.013064215672216,1.80411806017558,1.4040399961630898,
512,1537,8192,3074,4,15,0.007639820737776333,58.32814309667549,1.9857254284674097,1.5856473644549194,
512,1537,8192,3074,0,16,0.18512892031630326,2.4453579631820865,1.2997431206432832,0.899665056630793,
512,1537,8192,3074,2,16,0.06419999176346343,5.300422362854085,1.5051768926323947,1.1050988286199046,
512,1537,8192,3074,3,16,0.01979606921199052,16.189970830430397,1.8005255918426122,1.400447527830122,
512,1537,8192,3074,4,16,0.007043437131494911,28.60458955558942,1.991716812232692,1.591638748220202,
512,1537,8192,3074,0,17,0.17321810890573877,2.500597821570332,1.299214328530104,0.8991362645176139,
512,1537,8192,3074,2,17,0.060387609291557426,5.874430822638977,1.5127186472912366,1.1126405832787465,
512,1537,8192,3074,3,17,0.02257760117375285,24.987353300158503,1.7481612695641933,1.3480832055517031,
512,1537,8192,3074,4,17,0.00635601776095734,67.95780813179985,2.029749862005535,1.629671797993045,
512,1537,8192,3074,0,18,0.18607854581922656,2.4798882217036247,1.2996014533159397,0.8995233893034494,
512,1537,8192,3074,2,18,0.06988131708548298,5.742911227491738,1.4788590778298136,1.0787810138173235,
512,1537,8192,3074,3,18,0.021171952071190558,30.032873858439544,1.7676852743268032,1.367607210314313,
512,1537,8192,3074,4,18,0.007784236492166708,44.493516455547216,1.8201168848591944,1.4200388208467043,
512,1537,8192,3074,0,19,0.1890258766612335,2.4616984834421016,1.299422864436748,0.8993448004242578,
512,1537,8192,3074,2,19,0.057896886410433945,5.738885935106996,1.5538189379912724,1.1537408739787822,
512,1537,8192,3074,3,19,0.0181364043935666,10.020252050740865,1.8809603621588329,1.4808822981463425,
512,1537,8192,3074,4,19,0.006213434149255136,35.71791062873703,1.9887260531553212,1.5886479891428311,
512,1537,8192,3074,0,20,0.18335302928127398,2.486656903316427,1.3011547386746594,0.9010766746621691,
512,1537,8192,3074,2,20,0.05928710276127124,6.933399492995043,1.540845711786182,1.1407676477736919,
512,1537,8192,3074,3,20,0.022334742047900612,13.48106359061002,1.7634221641091563,1.3633441000966662,
512,1537,8192,3074,4,20,0.0063401262296227095,22.284802225357033,2.028283655508657,1.628205591496167,
512,1537,8192,3074,0,21,0.18043796666747738,2.50818723533086,1.2993835997560979,0.8993055357436076,
512,1537,8192,3074,2,21,0.06757602965603836,5.590170508934413,1.4980103498540747,1.0979322858415843,
512,1537,8192,3074,3,21,0.023544388477176766,31.48937857644932,1.7625254670973454,1.3624474030848552,
512,1537,8192,3074,4,21,0.006125449640853957,29.570034907866734,2.050079945931994,1.6500018819195037,
512,1537,8192,3074,0,22,0.18424715464246993,2.4861356238065877,1.2981494405259517,0.8980713765134615,
512,1537,8192,3074,2,22,0.06209721693430733,5.864390284450194,1.5059422866957024,1.1058642226832123,
512,1537,8192,3074,3,22,0.02082958766810488,12.059714176398916,1.8127378500917126,1.4126597860792223,
512,1537,8192,3074,4,22,0.006764310744510391,93.95864620171812,2.0221322885293347,1.6220542245168446,
512,1537,8192,3074,0,23,0.1852558250366702,2.4599106321387296,1.2998478560570632,0.899769792044573,
512,1537,8192,3074,2,23,0.06024649127353639,5.884537609048538,1.551698210831532,1.1516201468190417,
512,1537,8192,3074,3,23,0.027608160456270285,35.026944337043645,1.676207447951867,1.2761293839393768,
512,1537,8192,3074,4,23,0.007798592381588429,31.23684218424637,1.9388930944148552,1.5388150304023651,
512,1537,8192,3074,0,24,0.18662107204641343,2.456640121412786,1.3002427171714825,0.9001646531589923,
512,1537,8192,3074,2,24,0.06797508259827065,5.608221689057463,1.4870371438410595,1.0869590798285693,
512,1537,8192,3074,3,24,0.02208263820949285,17.538861616479856,1.777966539870542,1.3778884758580516,
512,1537,8192,3074,4,24,0.006853658483692689,57.01718067766294,2.001073118454868,1.6009950544423779,
512,1537,8192,3074,0,25,0.18295877382021722,2.4381431764703168,1.2986547071167074,0.8985766431042171,
512,1537,8192,3074,2,25,0.05995654170057695,5.915329851018581,1.5714980153380198,1.1714199513255297,
512,1537,8192,3074,3,25,0.02060882575455128,9.990542555204605,1.7916403625063841,1.391562298493894,
512,1537,8192,3074,4,25,0.007755078693653007,34.09492877804004,1.9782069951228707,1.5781289311103803,
512,1537,8192,3074,0,26,0.18226008533153915,2.483557985292137,1.3009546292623424,0.9008765652498522,
512,1537,8192,3074,2,26,0.059839162994038186,4.867348576674119,1.535607331072224,1.135529267059734,
512,1537,8192,3074,3,26,0.02112169415675533,13.092145109031403,1.7666124184012797,1.3665343543887896,
512,1537,8192,3074,4,26,0.007295453832025532,40.577321778066946,1.9331267398426415,1.5330486758301514,
512,1537,8192,3074,0,27,0.18360877845568177,2.453392190160625,1.2978826818050295,0.8978046177925393,
512,1537,8192,3074,2,27,0.06837927394601516,5.377866397986545,1.5111056145788477,1.1110275505663574,
512,1537,8192,3074,3,27,0.021580744439976696,12.92457982250679,1.8550235427559008,1.4549454787434106,
512,1537,8192,3074,4,27,0.005782435720335496,132.49820102640462,2.0895963307454646,1.6895182667329744,
512,1537,8192,3074,0,28,0.18320506964838312,2.4797216808861053,1.2994234717513955,0.8993454077389053,
512,1537,8192,3074,2,28,0.06778289835185711,4.626311009406771,1.5162663568827615,1.1161882928702713,
512,1537,8192,3074,3,28,0.023195485130046316,27.531214799538805,1.7409245291740036,1.3408464651615133,
512,1537,8192,3074,4,28,0.007526082078982998,37.71493208941904,1.93415897508968,1.5340809110771896,
512,1537,8192,3074,0,29,0.18666286849520447,2.4711362968057227,1.2999912323602474,0.8999131683477571,
512,1537,8192,3074,2,29,0.06755485483974508,5.820913238536349,1.4864443827499172,1.086366318737427,
512,1537,8192,3074,3,29,0.022411682083839295,19.672890794990657,1.737248654065698,1.3371705900532076,
512,1537,8192,3074,4,29,0.006043069474164883,18.413947759474766,2.082093913424416,1.682015849411926,
512,1537,8192,3074,0,30,0.18506485694385102,2.477395040836053,1.299377028959629,0.8992989649471387,
512,1537,8192,3074,2,30,0.06464208062718634,5.928218246775335,1.495911736783354,1.0958336727708637,
512,1537,8192,3074,3,30,0.020849731740603145,16.631435589171005,1.7881168289272347,1.3880387649147443,
512,1537,8192,3074,4,30,0.006906995694969766,15.003030247273635,1.9766656487409133,1.576587584728423,
512,1537,8192,3074,0,31,0.18813921769429148,2.423864502191201,1.2995706322735678,0.8994925682610776,
512,1537,8192,3074,2,31,0.06773757398493349,6.045221213684025,1.4843377510312596,1.0842596870187693,
512,1537,8192,3074,3,31,0.02214965732259948,18.121107429429273,1.759663671010002,1.3595856069975119,
512,1537,8192,3074,4,31,0.006362678765700009,32.11210983737112,1.997776261617038,1.5976981976045477,
1024,3073,16384,6146,0,0,0.18315661035740247,2.48150613050243,1.2993498526938287,0.8993108054466596,0.026963715050308045
1024,3073,16384,6146,2,0,0.0627709793625456,5.420182324849575,1.5285736368311675,1.1285345895839984,
1024,3073,16384,6146,3,0,0.022353650076541654,13.650168021750606,1.7931657702268544,1.3931267229796853,
1024,3073,16384,6146,4,0,0.006893664198709176,77.35353130836617,2.0011229730509754,1.6010839258038063,0.004023566125549126
1024,3073,16384,6146,0,1,0.17985900397926685,2.469341137136794,1.2993664847207207,0.8993274374735516,
1024,3073,16384,6146,2,1,0.06082332143291383,6.526161562499308,1.5402247772873223,1.1401857300401532,
1024,3073,16384,6146,3,1,0.02024720826733111,22.76160926117894,1.7799888144254234,1.3799497671782543,
1024,3073,16384,6146,4,1,0.006758928426420511,30.02690610358666,1.9481757411780363,1.5481366939308672,
1024,3073,16384,6146,0,2,0.17791037937611903,2.4761859864019353,1.2996066644210431,0.899567617173874,
1024,3073,16384,6146,2,2,0.06463392561820042,5.984046957066563,1.504457712568735,1.104418665321566,
1024,3073,16384,6146,3,2,0.020096221133530864,15.594108215865129,1.797464517660595,1.397425470413426,
1024,3073,16384,6146,4,2,0.006974716051612817,23.613573441279694,1.9455452591074156,1.5455062118602465,
1024,3073,16384,6146,0,3,0.1832854153410053,2.465038617629611,1.3004483067267614,0.9004092594795923,
1024,3073,16384,6146,2,3,0.06377953514857006,5.7872333576183275,1.5335435718538197,1.1335045246066506,
1024,3073,16384,6146,3,3,0.02092175011868996,14.712496895942019,1.7623346834608327,1.3622956362136636,
1024,3073,16384,6146,4,3,0.00758857366983081,51.58139533563673,1.9044396118069216,1.5044005645597525,
1024,3073,16384,6146,0,4,0.17856178889841662,2.4724454438396846,1.2996821054123222,0.8996430581651531,
1024,3073,16384,6146,2,4,0.059280139905081894,5.944591075036622,1.5451764088304425,1.1451373615832734,
1024,3073,16384,6146,3,4,0.02023302855499705,17.46373672790893,1.7938489687714192,1.39380992152425,
1024,3073,16384,6146,4,4,0.006276581589003835,59.30745021090061,2.015674581789304,1.615635534542135,
1024,3073,16384,6146,0,5,0.1826546024830354,2.4707866559500227,1.299915280695152,0.8998762334479828,
1024,3073,16384,6146,2,5,0.06172340329159802,5.561107310468745,1.5285829262807042,1.1285438790335351,
1024,3073,16384,6146,3,5,0.019388855734952967,23.955532643317888,1.8691366979674298,1.4690976507202607,
1024,3073,16384,6146,4,5,0.0071453223516770295,51.637278490582176,1.9530739159296084,1.5530348686824393,
1024,3073,16384,6146,0,6,0.18074482819192259,2.4587665398832863,1.2999726365776765,0.8999335893305074,
1024,3073,16384,6146,2,6,0.06283048355265032,5.335831138522631,1.5296091079575276,1.1295700607103585,
1024,3073,16384,6146,3,6,0.020701758306176727,17.068730734430066,1.7907015393356942,1.390662492088525,
1024,3073,16384,6146,4,6,0.0076480394055124,46.87375586445151,1.8666007279155525,1.4665616806683834,
1024,3073,16384,6146,0,7,0.17899241176699413,2.4692552401345336,1.2996295045452502,0.8995904572980811,
1024,3073,16384,6146,2,7,0.06305202757279768,6.042610591233498,1.5218277070403383,1.1217886597931692,
1024,3073,16384,6146,3,7,0.02060963450895269,15.34540100597041,1.8329860923650414,1.4329470451178723,
1024,3073,16384,6146,4,7,0.006884126277398082,38.478111921232,1.9650375330930898,1.5649984858459207,
1024,3073,16384,6146,0,8,0.18066655702830386,2.490947720311667,1.2991624085171656,0.8991233612699965,
1024,3073,16384,6146,2,8,0.061524908105908695,5.437899187597162,1.5337913747474752,1.133752327500306,
1024,3073,16384,6146,3,8,0.021856460696661233,12.531019132791103,1.7537608793193082,1.3537218320721391,
1024,3073,16384,6146,4,8,0.007423918188075545,167.50791901827512,1.947178822476349,1.54713977522918,
1024,3073,16384,6146,0,9,0.18311971108768388,2.4584465993982576,1.299759772009243,0.899720724762074,
1024,3073,16384,6146,2,9,0.06163881458181137,6.203782102737349,1.5194944611831702,1.1194554139360011,
1024,3073,16384,6146,3,9,0.021471038441042846,27.28871199179445,1.803776917709902,1.4037378704627328,
1024,3073,16384,6146,4,9,0.007178438455027726,68.60234230501655,1.994480205948442,1.594441158701273,
1024,3073,16384,6146,0,10,0.1803510476074454,2.470275933204089,1.29953726886467,0.8994982216175009,
1024,3073,16384,6146,2,10,0.061003022558059034,6.015504007083642,1.5311834362461951,1.131144388999026,
1024,3073,16384,6146,3,10,0.02076345402964494,15.84330681959036,1.8042752015424086,1.4042361542952395,
1024,3073,16384,6146,4,10,0.007333902172085901,193.21640878662936,1.9025938087961074,1.5025547615489383,
1024,3073,16384,6146,0,11,0.17847159423810802,2.4907948520201515,1.29969932224172,0.8996602749945508,
1024,3073,16384,6146,2,11,0.06452698729419468,5.656265410431256,1.5080768550933068,1.1080378078461377,
1024,3073,16384,6146,3,11,0.01990971263291679,23.819021197767714,1.8299957024390263,1.4299566551918572,
1024,3073,16384,6146,4,11,0.005852123916142776,30.221637634580425,2.161063164793352,1.7610241175461827,
1024,3073,16384,6146,0,12,0.1825263296138889,2.466103468918031,1.2994910453606265,0.8994519981134574,
1024,3073,16384,6146,2,12,0.06587087535340949,6.227696001569534,1.4901793135532408,1.0901402663060717,
1024,3073,16384,6146,3,12,0.019702188401861095,20.01965064159628,1.8136469291086093,1.4136078818614402,
1024,3073,16384,6146,4,12,0.007255237990633245,100.73316745642103,1.978672920667004,1.5786338734198349,
1024,3073,16384,6146,0,13,0.17860550515346316,2.4691086937039284,1.299723411846995,0.8996843645998258,
1024,3073,16384,6146,2,13,0.06277171686829416,6.314432591117399,1.5262524032859868,1.1262133560388177,
1024,3073,16384,6146,3,13,0.020622584487567455,19.171177071445772,1.8433793422994342,1.4433402950522651,
1024,3073,16384,6146,4,13,0.007209724368328889,43.63034130706774,1.8848973997689966,1.4848583525218275,
1024,3073,16384,6146,0,14,0.18585889749653542,2.4714385518168194,1.3001178932124715,0.9000788459653024,
1024,3073,16384,6146,2,14,0.06404066546364913,5.81448323555233,1.5212190460318769,1.1211799987847078,
1024,3073,16384,6146,3,14,0.019733270748232022,16.677700899718573,1.8299308348302048,1.4298917875830357,
1024,3073,16384,6146,4,14,0.007450075042575824,63.69912892563143,1.9305283626991567,1.5304893154519876,
1024,3073,16384,6146,0,15,0.17925484880386863,2.471997213224353,1.2993715921802762,0.8993325449331071,
1024,3073,16384,6146,2,15,0.06340626666214204,5.4743828629592945,1.5190610935497166,1.1190220463025475,
1024,3073,16384,6146,3,15,0.021826415558339158,32.630202316017474,1.8570394178492822,1.457000370602113,
1024,3073,16384,6146,4,15,0.006695712049101855,43.05640509244148,1.9912898124674274,1.5912507652202583,
1024,3073,16384,6146,0,16,0.18053872160120954,2.481915273180249,1.299709601241151,0.899670553993982,
1024,3073,16384,6146,2,16,0.06324387714691763,5.552029067220679,1.5212319660838027,1.1211929188366336,
1024,3073,16384,6146,3,16,0.021360369334454267,16.039526874817188,1.762874932916004,1.362835885668835,
1024,3073,16384,6146,4,16,0.007165805543749963,48.05043308765154,1.9284616534730772,1.528422606225908,
1024,3073,16384,6146,0,17,0.18226075674071485,2.4875252493652535,1.2993751022051878,0.8993360549580187,
1024,3073,16384,6146,2,17,0.0650161632616435,5.6032403399646125,1.507987886157089,1.10794883890992,
1024,3073,16384,6146,3,17,0.022679932611976462,22.71845661248522,1.7817694143271467,1.3817303670799777,
1024,3073,16384,6146,4,17,0.006667604603408567,43.321667235008796,1.9024944411925886,1.5024553939454195,
1024,3073,16384,6146,0,18,0.17982523059667654,2.4773785371806616,1.29981350335493,0.899774456107761,
1024,3073,16384,6146,2,18,0.06179190904619171,7.4219755356373245,1.5281227421654335,1.1280836949182644,
1024,3073,16384,6146,3,18,0.01971589208926881,23.060521731226252,1.8637748209051483,1.4637357736579792,
1024,3073,16384,6146,4,18,0.007193274233369519,29.97745455709559,1.9551869837501616,1.5551479365029925,
1024,3073,16384,6146,0,19,0.17712101801142363,2.474565651328075,1.3002269501783472,0.9001879029311781,
1024,3073,16384,6146,2,19,0.06668897876498743,5.745368968735163,1.4891529821167049,1.0891139348695358,
1024,3073,16384,6146,3,19,0.02034293724196952,14.157156067418656,1.803911594473601,1.403872547226432,
1024,3073,16384,6146,4,19,0.007073065179970226,46.78705729371884,1.9348418047865557,1.5348027575393866,
1024,3073,16384,6146,0,20,0.17690851871701851,2.486131294858782,1.2993381791135816,0.8992991318664125,
1024,3073,16384,6146,2,20,0.06248931810832889,6.488267963604809,1.5210969017234524,1.1210578544762833,
1024,3073,16384,6146,3,20,0.020213197352140482,27.474615157308683,1.802728310119611,1.4026892628724419,
1024,3073,16384,6146,4,20,0.005870284155473028,30.064364209951645,2.0372060563965375,1.6371670091493684,
1024,3073,16384,6146,0,21,0.18113194452703743,2.4844523045532654,1.3004326389378642,0.9003935916906951,
1024,3073,16384,6146,2,21,0.06320449040799844,5.457061538954479,1.510645997374215,1.110606950127046,
1024,3073,16384,6146,3,21,0.02067018649195116,16.53634786588129,1.8067144667244368,1.4066754194772677,
1024,3073,16384,6146,4,21,0.006527822450038689,34.97249474039431,1.928631659579807,1.5285926123326379,
1024,3073,16384,6146,0,22,0.1794925581256457,2.45238708670166,1.3008579628591104,0.9008189156119413,
1024,3073,16384,6146,2,22,0.06320404560502849,5.38188353399041,1.519391344574784,1.1193522973276149,
1024,3073,16384,6146,3,22,0.019481530274636262,17.08239054653214,1.866639699004888,1.4666006517577188,
1024,3073,16384,6146,4,22,0.006057892439624562,65.2859571566342,1.987409360830269,1.5873703135830999,
1024,3073,16384,6146,0,23,0.18021121124929437,2.4649948556945915,1.2992566164034918,0.8992175691563227,
1024,3073,16384,6146,2,23,0.06030871821823349,6.805745821171081,1.5478967352950899,1.1478576880479208,
1024,3073,16384,6146,3,23,0.020797229644560225,11.562886800942394,1.8192177078236331,1.419178660576464,
1024,3073,16384,6146,4,23,0.006931846437702272,66.86194056034691,1.9345245208279231,1.534485473580754,
1024,3073,16384,6146,0,24,0.17744344229225117,2.490180021165268,1.3001069471684112,0.9000678999212421,
1024,3073,16384,6146,2,24,0.059587109638092946,7.279523668828992,1.5254110237596814,1.1253719765125123,
1024,3073,16384,6146,3,24,0.020272200138547317,13.346410866597092,1.8251778571560946,1.4251388099089255,
1024,3073,16384,6146,4,24,0.0075969301641687,60.835997921210435,1.9141484996162395,1.5141094523690704,
1024,3073,16384,6146,0,25,0.18295470310149323,2.4900718915748556,1.3000973074553797,0.9000582602082106,
1024,3073,16384,6146,2,25,0.0674978889486244,6.043909253695444,1.4874097971196911,1.087370749872522,
1024,3073,16384,6146,3,25,0.020669128728329947,22.62267571286766,1.8221566341467783,1.4221175868996092,
1024,3073,16384,6146,4,25,0.008102422460279804,25.7310775263749,1.853019417659672,1.4529803704125028,
1024,3073,16384,6146,0,26,0.1837589626255846,2.472426924724588,1.3002305706806405,0.9001915234334714,
1024,3073,16384,6146,2,26,0.06061579619923653,5.643768653231599,1.5278887734568962,1.1278497262097271,
1024,3073,16384,6146,3,26,0.020072521365973962,30.742418979861533,1.8641257709019108,1.4640867236547417,
1024,3073,16384,6146,4,26,0.006375209128466687,53.76063446104273,1.9828845310672727,1.5828454838201036,
1024,3073,16384,6146,0,27,0.18008994823220686,2.460846208300587,1.2995542754531961,0.899515228206027,
1024,3073,16384,6146,2,27,0.05940707679805213,5.978690241875599,1.524949798196189,1.12491075094902,
1024,3073,16384,6146,3,27,0.022453154709477587,12.563323285804255,1.7912408774542599,1.3912018302070908,
1024,3073,16384,6146,4,27,0.006873338847501395,59.397914996903296,1.9589688076044909,1.5589297603573218,
1024,3073,16384,6146,0,28,0.1799672680438504,2.475309791376084,1.300344975172309,0.90030592792514,
1024,3073,16384,6146,2,28,0.06359797689100848,5.759781792618527,1.5206242966226697,1.1205852493755006,
1024,3073,16384,6146,3,28,0.019990410867715264,24.32089743203346,1.8433345680002535,1.4432955207530844,
1024,3073,16384,6146,4,28,0.007767976051481031,188.40172407924246,1.8926746311584108,1.4926355839112417,
1024,3073,16384,6146,0,29,0.18143065545894843,2.4532184211089287,1.2994502272086654,0.8994111799614963,
1024,3073,16384,6146,2,29,0.056662407751090896,6.037921573384869,1.5555667168814575,1.1555276696342884,
1024,3073,16384,6146,3,29,0.020334379593860512,30.017236826569892,1.7822529960100861,1.382213948762917,
1024,3073,16384,6146,4,29,0.006102378437023054,97.20526577050859,1.945186922576673,1.5451478753295038,
1024,3073,16384,6146,0,30,0.1817329784526744,2.4457181088452056,1.2998761435177457,0.8998370962705766,
1024,3073,16384,6146,2,30,0.06502686395408352,5.69070860310423,1.503735589823169,1.103696542576,
1024,3073,16384,6146,3,30,0.021003395165172627,21.288579902442052,1.7975910417980767,1.3975519945509076,
1024,3073,16384,6146,4,30,0.007199178260225051,23.0060423139134,1.9971493795514441,1.597110332304275,
1024,3073,16384,6146,0,31,0.18043610700470353,2.4861276386545277,1.3002202803674163,0.9001812331202472,
1024,3073,16384,6146,2,31,0.06346763990658255,9.138301719909016,1.521969671768668,1.1219306245214988,
1024,3073,16384,6146,3,31,0.019750937736194796,25.999835976142187,1.8423430831427625,1.4423040358955934,
1024,3073,16384,6146,4,31,0.006517704608283815,27.65349724014185,1.9487528450410887,1.5487137977939196,
