d,r,m,m_over_r,ambient_dimension,support_dimension,trial,rankr_ratio,projector_ratio,qr_rank_margin
0,32,48,1.5,16384,480,0,2.7867349033787665,2.751020617664481,0.19585202149615324
0,32,64,2.0,16384,480,0,1.889154571527614,1.8177260000990425,0.1769674475336983
0,32,96,3.0,16384,480,0,1.416359351422045,1.2735022085649021,0.14700355313413999
0,32,128,4.0,16384,480,0,1.2470282141883646,1.0327424999026504,0.1344505310846286
0,32,192,6.0,16384,480,0,1.1232279613396836,0.7660851041968264,0.11357374883824692
0,32,256,8.0,16384,480,0,1.0710500412211374,0.5710500412211374,0.09912775854433048
0,32,384,12.0,16384,480,0,1.0200245602985898,0.2343102745843041,0.0638197191334212
2,32,48,1.5,16384,480,0,7.4246561540733005,7.388941868359015,
2,32,64,2.0,16384,480,0,3.9227381576294915,3.85130958620092,
2,32,96,3.0,16384,480,0,1.9860749858450055,1.8432178429878627,
2,32,128,4.0,16384,480,0,1.5288855973547317,1.3145998830690175,
2,32,192,6.0,16384,480,0,1.1853295102157468,0.8281866530728896,
2,32,256,8.0,16384,480,0,1.0943011187937552,0.5943011187937552,
2,32,384,12.0,16384,480,0,1.0249702283245647,0.23925594261027905,
3,32,48,1.5,16384,480,0,8.044492194512856,8.008777908798569,
3,32,64,2.0,16384,480,0,6.021760406124179,5.950331834695608,
3,32,96,3.0,16384,480,0,2.8313442194492313,2.6884870765920885,
3,32,128,4.0,16384,480,0,1.949844215568998,1.7355585012832837,
3,32,192,6.0,16384,480,0,1.2694688284210995,0.9123259712782423,
3,32,256,8.0,16384,480,0,1.138627649914,0.638627649914,
3,32,384,12.0,16384,480,0,1.0270997372486184,0.24138545153433266,
4,32,48,1.5,16384,480,0,13.818070184026382,13.782355898312096,0.07914275810569021
4,32,64,2.0,16384,480,0,10.467321883803443,10.395893312374872,0.07777892525043263
4,32,96,3.0,16384,480,0,4.557998439521035,4.415141296663892,0.07569648772393368
4,32,128,4.0,16384,480,0,2.748865616641278,2.5345799023555635,0.07169750404300232
4,32,192,6.0,16384,480,0,1.566095168201312,1.2089523110584548,0.06449255066842602
4,32,256,8.0,16384,480,0,1.2792953156755853,0.7792953156755853,0.055704361346435964
4,32,384,12.0,16384,480,0,1.056942344322945,0.2712280586086594,0.0361690464175537
0,32,48,1.5,16384,480,1,2.7031436973113667,2.667429411597081,
0,32,64,2.0,16384,480,1,1.8635700891493832,1.7921415177208118,
0,32,96,3.0,16384,480,1,1.4062296309623907,1.263372488105248,
0,32,128,4.0,16384,480,1,1.2490899363467105,1.0348042220609963,
0,32,192,6.0,16384,480,1,1.1247967557147946,0.7676538985719374,
0,32,256,8.0,16384,480,1,1.0703004333934447,0.5703004333934447,
0,32,384,12.0,16384,480,1,1.019240346714426,0.23352606100014028,
2,32,48,1.5,16384,480,1,4.358845117285977,4.323130831571691,
2,32,64,2.0,16384,480,1,2.7743608038396674,2.702932232411096,
2,32,96,3.0,16384,480,1,1.8260570189393013,1.6831998760821585,
2,32,128,4.0,16384,480,1,1.4073368469654686,1.1930511326797544,
2,32,192,6.0,16384,480,1,1.1731239694684426,0.8159811123255853,
2,32,256,8.0,16384,480,1,1.0878851634377917,0.5878851634377917,
2,32,384,12.0,16384,480,1,1.0207192472648972,0.23500496155061146,
3,32,48,1.5,16384,480,1,9.735533335516816,9.69981904980253,
3,32,64,2.0,16384,480,1,5.957566927800504,5.886138356371933,
3,32,96,3.0,16384,480,1,3.0237594033100375,2.8809022604528947,
3,32,128,4.0,16384,480,1,1.7278135876767555,1.5135278733910413,
3,32,192,6.0,16384,480,1,1.3253905652790123,0.9682477081361551,
3,32,256,8.0,16384,480,1,1.149471241546364,0.6494712415463639,
3,32,384,12.0,16384,480,1,1.0344639251678616,0.24874963945357587,
4,32,48,1.5,16384,480,1,14.001571253862888,13.965856968148602,
4,32,64,2.0,16384,480,1,11.523405219066007,11.451976647637435,
4,32,96,3.0,16384,480,1,4.9143916060755535,4.77153446321841,
4,32,128,4.0,16384,480,1,3.1004441569644863,2.886158442678772,
4,32,192,6.0,16384,480,1,1.5787859128012642,1.221643055658407,
4,32,256,8.0,16384,480,1,1.2444702122709907,0.7444702122709907,
4,32,384,12.0,16384,480,1,1.0467844989320458,0.26107021321776014,
0,32,48,1.5,16384,480,2,2.977371390230524,2.9416571045162385,
0,32,64,2.0,16384,480,2,2.010393514466637,1.9389649430380655,
0,32,96,3.0,16384,480,2,1.460415529383623,1.3175583865264802,
0,32,128,4.0,16384,480,2,1.2740509951831556,1.0597652808974414,
0,32,192,6.0,16384,480,2,1.1339488097515817,0.7768059526087245,
0,32,256,8.0,16384,480,2,1.0724579642662122,0.5724579642662122,
0,32,384,12.0,16384,480,2,1.0185805562563335,0.23286627054204778,
2,32,48,1.5,16384,480,2,4.670237803786712,4.6345235180724265,
2,32,64,2.0,16384,480,2,2.816807859208228,2.7453792877796563,
2,32,96,3.0,16384,480,2,1.6603563224771283,1.5174991796199855,
2,32,128,4.0,16384,480,2,1.390248640302193,1.1759629260164788,
2,32,192,6.0,16384,480,2,1.1632443230519334,0.8061014659090762,
2,32,256,8.0,16384,480,2,1.085305234066264,0.5853052340662639,
2,32,384,12.0,16384,480,2,1.0218028062472546,0.23608852053296892,
3,32,48,1.5,16384,480,2,9.280951845779798,9.245237560065512,
3,32,64,2.0,16384,480,2,5.247430165436154,5.176001594007583,
3,32,96,3.0,16384,480,2,2.4524360789683515,2.3095789361112087,
3,32,128,4.0,16384,480,2,1.7478353504805142,1.5335496361948,
3,32,192,6.0,16384,480,2,1.2903112262848844,0.9331683691420272,
3,32,256,8.0,16384,480,2,1.1324914049579295,0.6324914049579295,
3,32,384,12.0,16384,480,2,1.0281800470793456,0.24246576136505993,
4,32,48,1.5,16384,480,2,11.945876688513986,11.910162402799699,
4,32,64,2.0,16384,480,2,6.818165475202364,6.746736903773793,
4,32,96,3.0,16384,480,2,2.4963931359203295,2.3535359930631867,
4,32,128,4.0,16384,480,2,1.7960239807541556,1.5817382664684414,
4,32,192,6.0,16384,480,2,1.2590278351828266,0.9018849780399694,
4,32,256,8.0,16384,480,2,1.1309124211894093,0.6309124211894093,
4,32,384,12.0,16384,480,2,1.0290372254629447,0.24332293974865904,
0,32,48,1.5,16384,480,3,2.520630954641562,2.4849166689272764,
0,32,64,2.0,16384,480,3,1.781190378772486,1.7097618073439147,
0,32,96,3.0,16384,480,3,1.3974287165513954,1.2545715736942527,
0,32,128,4.0,16384,480,3,1.2465200717818754,1.0322343574961612,
0,32,192,6.0,16384,480,3,1.1256675655694415,0.7685247084265843,
0,32,256,8.0,16384,480,3,1.0712753337038763,0.5712753337038763,
0,32,384,12.0,16384,480,3,1.019235987874039,0.2335217021597532,
2,32,48,1.5,16384,480,3,4.752059787314394,4.716345501600109,
2,32,64,2.0,16384,480,3,2.8729286225107074,2.8015000510821357,
2,32,96,3.0,16384,480,3,1.952150624988867,1.8092934821317241,
2,32,128,4.0,16384,480,3,1.4519593895129321,1.237673675227218,
2,32,192,6.0,16384,480,3,1.1907817726732821,0.8336389155304249,
2,32,256,8.0,16384,480,3,1.0911325722447756,0.5911325722447756,
2,32,384,12.0,16384,480,3,1.0231844061803836,0.23747012046609794,
3,32,48,1.5,16384,480,3,9.053653481292589,9.017939195578302,
3,32,64,2.0,16384,480,3,5.354626035463783,5.2831974640352115,
3,32,96,3.0,16384,480,3,3.246437461452433,3.10358031859529,
3,32,128,4.0,16384,480,3,1.937725833635659,1.723440119349945,
3,32,192,6.0,16384,480,3,1.3522062119318043,0.9950633547889471,
3,32,256,8.0,16384,480,3,1.1374758453601799,0.6374758453601799,
3,32,384,12.0,16384,480,3,1.0340346169000156,0.24832033118572994,
4,32,48,1.5,16384,480,3,14.204843500639054,14.169129214924768,
4,32,64,2.0,16384,480,3,9.141804751964424,9.070376180535852,
4,32,96,3.0,16384,480,3,4.411195031288143,4.268337888431,
4,32,128,4.0,16384,480,3,2.237415188860118,2.0231294745744037,
4,32,192,6.0,16384,480,3,1.4188715703514445,1.0617287132085873,
4,32,256,8.0,16384,480,3,1.1910725329828922,0.6910725329828922,
4,32,384,12.0,16384,480,3,1.0403295471311262,0.25461526141684054,
0,32,48,1.5,16384,480,4,2.6011137259357047,2.565399440221419,
0,32,64,2.0,16384,480,4,1.8235439486187461,1.7521153771901747,
0,32,96,3.0,16384,480,4,1.3892618990826542,1.2464047562255114,
0,32,128,4.0,16384,480,4,1.2525620876078578,1.0382763733221436,
0,32,192,6.0,16384,480,4,1.1275161021053315,0.7703732449624743,
0,32,256,8.0,16384,480,4,1.0722446790667468,0.5722446790667468,
0,32,384,12.0,16384,480,4,1.0186520756558612,0.23293778994157555,
2,32,48,1.5,16384,480,4,4.102345000636635,4.06663071492235,
2,32,64,2.0,16384,480,4,2.268225932160542,2.19679736073197,
2,32,96,3.0,16384,480,4,1.5169593533655041,1.3741022105083613,
2,32,128,4.0,16384,480,4,1.332334335483759,1.1180486211980447,
2,32,192,6.0,16384,480,4,1.1548699452699238,0.7977270881270666,
2,32,256,8.0,16384,480,4,1.07503333819918,0.5750333381991799,
2,32,384,12.0,16384,480,4,1.0206947729706544,0.23498048725636866,
3,32,48,1.5,16384,480,4,5.91867208787546,5.882957802161174,
3,32,64,2.0,16384,480,4,4.087747479978982,4.016318908550411,
3,32,96,3.0,16384,480,4,2.0715246473126503,1.9286675044555075,
3,32,128,4.0,16384,480,4,1.5729970033354963,1.3587112890497821,
3,32,192,6.0,16384,480,4,1.231030214424762,0.8738873572819048,
3,32,256,8.0,16384,480,4,1.1251769590174487,0.6251769590174487,
3,32,384,12.0,16384,480,4,1.0301448224397867,0.24443053672550097,
4,32,48,1.5,16384,480,4,10.081679806950296,10.04596552123601,
4,32,64,2.0,16384,480,4,6.582803520890157,6.511374949461586,
4,32,96,3.0,16384,480,4,3.053109952260829,2.910252809403686,
4,32,128,4.0,16384,480,4,2.1525343468212697,1.9382486325355555,
4,32,192,6.0,16384,480,4,1.3976284570195845,1.0404855998767273,
4,32,256,8.0,16384,480,4,1.1489292521694794,0.6489292521694794,
4,32,384,12.0,16384,480,4,1.0370002030575929,0.2512859173433072,
0,32,48,1.5,16384,480,5,2.7487035914945235,2.712989305780238,
0,32,64,2.0,16384,480,5,1.9106426340426879,1.8392140626141165,
0,32,96,3.0,16384,480,5,1.416791473020068,1.2739343301629251,
0,32,128,4.0,16384,480,5,1.2564884931623046,1.0422027788765904,
0,32,192,6.0,16384,480,5,1.1232264697224288,0.7660836125795716,
0,32,256,8.0,16384,480,5,1.0701098862039229,0.5701098862039229,
0,32,384,12.0,16384,480,5,1.018361990996041,0.23264770528175538,
2,32,48,1.5,16384,480,5,5.76446089300003,5.7287466072857445,
2,32,64,2.0,16384,480,5,3.325837886154438,3.2544093147258666,
2,32,96,3.0,16384,480,5,1.7858824825297883,1.6430253396726455,
2,32,128,4.0,16384,480,5,1.383205255718261,1.1689195414325468,
2,32,192,6.0,16384,480,5,1.1724962794931417,0.8153534223502845,
2,32,256,8.0,16384,480,5,1.0970190648710856,0.5970190648710856,
2,32,384,12.0,16384,480,5,1.0208152066187908,0.23510092090450507,
3,32,48,1.5,16384,480,5,8.548261823219201,8.512547537504915,
3,32,64,2.0,16384,480,5,4.914174698067528,4.842746126638957,
3,32,96,3.0,16384,480,5,2.5969317850587994,2.4540746422016566,
3,32,128,4.0,16384,480,5,1.7330163345825726,1.5187306202968585,
3,32,192,6.0,16384,480,5,1.2627147218178794,0.9055718646750222,
3,32,256,8.0,16384,480,5,1.1286009210529877,0.6286009210529877,
3,32,384,12.0,16384,480,5,1.0303901028969167,0.24467581718263098,
4,32,48,1.5,16384,480,5,11.962850390215316,11.92713610450103,
4,32,64,2.0,16384,480,5,7.584767237505328,7.5133386660767565,
4,32,96,3.0,16384,480,5,3.7266525502484313,3.5837954073912885,
4,32,128,4.0,16384,480,5,2.2120155984345695,1.9977298841488553,
4,32,192,6.0,16384,480,5,1.364060336768925,1.0069174796260678,
4,32,256,8.0,16384,480,5,1.1431703820611772,0.6431703820611772,
4,32,384,12.0,16384,480,5,1.032946534959953,0.24723224924566722,
0,32,48,1.5,16384,480,6,2.6516380213576864,2.615923735643401,
0,32,64,2.0,16384,480,6,1.8929667324294754,1.821538161000904,
0,32,96,3.0,16384,480,6,1.4062073340820587,1.2633501912249159,
0,32,128,4.0,16384,480,6,1.2539214948425568,1.0396357805568426,
0,32,192,6.0,16384,480,6,1.126088660192456,0.7689458030495988,
0,32,256,8.0,16384,480,6,1.0715701800517097,0.5715701800517097,
0,32,384,12.0,16384,480,6,1.020316683164768,0.2346023974504824,
2,32,48,1.5,16384,480,6,6.617365132293407,6.581650846579121,
2,32,64,2.0,16384,480,6,3.533600409457284,3.4621718380287123,
2,32,96,3.0,16384,480,6,1.9391699763301506,1.7963128334730079,
2,32,128,4.0,16384,480,6,1.504394318655211,1.2901086043694967,
2,32,192,6.0,16384,480,6,1.2192051007249547,0.8620622435820975,
2,32,256,8.0,16384,480,6,1.1017784346479955,0.6017784346479955,
2,32,384,12.0,16384,480,6,1.0274734441595448,0.24175915844525908,
3,32,48,1.5,16384,480,6,8.227566013958436,8.19185172824415,
3,32,64,2.0,16384,480,6,5.310411958157614,5.238983386729043,
3,32,96,3.0,16384,480,6,2.4280731229224837,2.285215980065341,
3,32,128,4.0,16384,480,6,1.7676731938870143,1.5533874796013,
3,32,192,6.0,16384,480,6,1.2478848776007572,0.8907420204579,
3,32,256,8.0,16384,480,6,1.1315541639168294,0.6315541639168294,
3,32,384,12.0,16384,480,6,1.0266850825190683,0.24097079680478262,
4,32,48,1.5,16384,480,6,8.974359150882126,8.93864486516784,
4,32,64,2.0,16384,480,6,6.394652484437151,6.3232239130085794,
4,32,96,3.0,16384,480,6,3.2550797544623213,3.1122226116051785,
4,32,128,4.0,16384,480,6,2.2883133074394326,2.074027593153718,
4,32,192,6.0,16384,480,6,1.418536041534678,1.0613931843918207,
4,32,256,8.0,16384,480,6,1.1796227060832858,0.6796227060832858,
4,32,384,12.0,16384,480,6,1.0443740138137805,0.2586597280994948,
0,32,48,1.5,16384,480,7,2.794325541567112,2.7586112558528266,
0,32,64,2.0,16384,480,7,1.9578744494975278,1.8864458780689564,
0,32,96,3.0,16384,480,7,1.444851207943163,1.3019940650860202,
0,32,128,4.0,16384,480,7,1.2738243925656283,1.059538678279914,
0,32,192,6.0,16384,480,7,1.131182950747682,0.7740400936048248,
0,32,256,8.0,16384,480,7,1.0716812532204414,0.5716812532204414,
0,32,384,12.0,16384,480,7,1.0204733123723833,0.23475902665809756,
2,32,48,1.5,16384,480,7,5.8363881237270565,5.800673838012771,
2,32,64,2.0,16384,480,7,3.3332939575560463,3.2618653861274747,
2,32,96,3.0,16384,480,7,1.8174981901115488,1.674641047254406,
2,32,128,4.0,16384,480,7,1.435729908655692,1.2214441943699779,
2,32,192,6.0,16384,480,7,1.1872750808186618,0.8301322236758046,
2,32,256,8.0,16384,480,7,1.0992577987093783,0.5992577987093783,
2,32,384,12.0,16384,480,7,1.0234269115570047,0.23771262584271902,
3,32,48,1.5,16384,480,7,7.604454178330903,7.568739892616618,
3,32,64,2.0,16384,480,7,4.564251705585051,4.49282313415648,
3,32,96,3.0,16384,480,7,2.063804273530272,1.9209471306731292,
3,32,128,4.0,16384,480,7,1.5640899740882106,1.3498042598024964,
3,32,192,6.0,16384,480,7,1.2502982408404244,0.8931553836975672,
3,32,256,8.0,16384,480,7,1.1382112657684111,0.6382112657684111,
3,32,384,12.0,16384,480,7,1.0282368724883957,0.24252258677410998,
4,32,48,1.5,16384,480,7,13.942538372676191,13.906824086961905,
4,32,64,2.0,16384,480,7,10.364175109905394,10.292746538476823,
4,32,96,3.0,16384,480,7,4.932774940207351,4.789917797350208,
4,32,128,4.0,16384,480,7,2.520300370817131,2.3060146565314166,
4,32,192,6.0,16384,480,7,1.4646416908015647,1.1074988336587075,
4,32,256,8.0,16384,480,7,1.1854815124660925,0.6854815124660925,
4,32,384,12.0,16384,480,7,1.042271755449364,0.2565574697350782,
0,32,48,1.5,16384,480,8,2.626297814597771,2.5905835288834855,
0,32,64,2.0,16384,480,8,1.9146916465285213,1.84326307509995,
0,32,96,3.0,16384,480,8,1.434091359649631,1.2912342167924882,
0,32,128,4.0,16384,480,8,1.2644291517001276,1.0501434374144134,
0,32,192,6.0,16384,480,8,1.129784059315738,0.7726412021728808,
0,32,256,8.0,16384,480,8,1.0701293376388599,0.5701293376388599,
0,32,384,12.0,16384,480,8,1.019379379611438,0.2336650938971524,
2,32,48,1.5,16384,480,8,4.704684859590811,4.668970573876526,
2,32,64,2.0,16384,480,8,2.8953617060272627,2.823933134598691,
2,32,96,3.0,16384,480,8,1.6870388238514946,1.5441816809943518,
2,32,128,4.0,16384,480,8,1.4066115600636535,1.1923258457779393,
2,32,192,6.0,16384,480,8,1.1753799279401012,0.818237070797244,
2,32,256,8.0,16384,480,8,1.0851466877274107,0.5851466877274107,
2,32,384,12.0,16384,480,8,1.023103546628921,0.2373892609146352,
3,32,48,1.5,16384,480,8,9.332532127414295,9.296817841700008,
3,32,64,2.0,16384,480,8,5.738227441001435,5.6667988695728635,
3,32,96,3.0,16384,480,8,2.307341392556478,2.1644842496993353,
3,32,128,4.0,16384,480,8,1.6501606242925968,1.4358749100068826,
3,32,192,6.0,16384,480,8,1.2681299554196475,0.9109870982767903,
3,32,256,8.0,16384,480,8,1.1106364309082277,0.6106364309082277,
3,32,384,12.0,16384,480,8,1.0283121994308049,0.24259791371651918,
4,32,48,1.5,16384,480,8,10.671284648217592,10.635570362503305,
4,32,64,2.0,16384,480,8,7.117896241994871,7.0464676705663,
4,32,96,3.0,16384,480,8,2.961596965490532,2.8187398226333893,
4,32,128,4.0,16384,480,8,1.994911870502035,1.7806261562163208,
4,32,192,6.0,16384,480,8,1.3511779906897639,0.9940351335469066,
4,32,256,8.0,16384,480,8,1.161004988519188,0.661004988519188,
4,32,384,12.0,16384,480,8,1.036623721945541,0.2509094362312553,
0,32,48,1.5,16384,480,9,2.591208077757356,2.5554937920430705,
0,32,64,2.0,16384,480,9,1.8544443348343558,1.7830157634057844,
0,32,96,3.0,16384,480,9,1.420915475053354,1.2780583321962111,
0,32,128,4.0,16384,480,9,1.258323609344706,1.044037895058992,
0,32,192,6.0,16384,480,9,1.1267805434668257,0.7696376863239685,
0,32,256,8.0,16384,480,9,1.068908487093131,0.5689084870931309,
0,32,384,12.0,16384,480,9,1.0190363947984875,0.2333221090842018,
2,32,48,1.5,16384,480,9,5.153268284645128,5.117553998930842,
2,32,64,2.0,16384,480,9,2.9006777926452596,2.829249221216688,
2,32,96,3.0,16384,480,9,1.6678808260461184,1.5250236831889756,
2,32,128,4.0,16384,480,9,1.3909706872060414,1.1766849729203273,
2,32,192,6.0,16384,480,9,1.1696466543569362,0.812503797214079,
2,32,256,8.0,16384,480,9,1.0792451574000614,0.5792451574000614,
2,32,384,12.0,16384,480,9,1.020479906886324,0.23476562117203825,
3,32,48,1.5,16384,480,9,9.294349995586494,9.258635709872207,
3,32,64,2.0,16384,480,9,5.874822805731077,5.803394234302506,
3,32,96,3.0,16384,480,9,3.0494507033096796,2.906593560452537,
3,32,128,4.0,16384,480,9,1.8474087739961256,1.6331230597104114,
3,32,192,6.0,16384,480,9,1.2738135091337754,0.9166706519909182,
3,32,256,8.0,16384,480,9,1.1214674457411677,0.6214674457411677,
3,32,384,12.0,16384,480,9,1.0278857145777898,0.24217142886350407,
4,32,48,1.5,16384,480,9,12.964709977125976,12.92899569141169,
4,32,64,2.0,16384,480,9,9.794361217941878,9.722932646513307,
4,32,96,3.0,16384,480,9,4.6947047043415004,4.551847561484357,
4,32,128,4.0,16384,480,9,2.670253899038683,2.4559681847529684,
4,32,192,6.0,16384,480,9,1.6082444461404992,1.251101588997642,
4,32,256,8.0,16384,480,9,1.2169616159348846,0.7169616159348846,
4,32,384,12.0,16384,480,9,1.0473009009676966,0.26158661525341087,
0,32,48,1.5,16384,480,10,2.656939553959382,2.6212252682450963,
0,32,64,2.0,16384,480,10,1.9068891085771655,1.8354605371485941,
0,32,96,3.0,16384,480,10,1.4306389950565195,1.2877818521993767,
0,32,128,4.0,16384,480,10,1.2691643472192444,1.0548786329335302,
0,32,192,6.0,16384,480,10,1.1310750546333286,0.7739321974904714,
0,32,256,8.0,16384,480,10,1.0712423513159268,0.5712423513159268,
0,32,384,12.0,16384,480,10,1.0185312964277649,0.23281701071347916,
2,32,48,1.5,16384,480,10,5.339080619863683,5.3033663341493975,
2,32,64,2.0,16384,480,10,2.965431195137369,2.8940026237087975,
2,32,96,3.0,16384,480,10,1.7262996785096685,1.5834425356525257,
2,32,128,4.0,16384,480,10,1.4037680708011815,1.1894823565154673,
2,32,192,6.0,16384,480,10,1.1725347565425628,0.8153918993997056,
2,32,256,8.0,16384,480,10,1.0917580638231401,0.5917580638231401,
2,32,384,12.0,16384,480,10,1.0219854281606606,0.23627114244637493,
3,32,48,1.5,16384,480,10,9.924611909066495,9.888897623352209,
3,32,64,2.0,16384,480,10,7.518788899510674,7.447360328082103,
3,32,96,3.0,16384,480,10,3.245842361710447,3.1029852188533043,
3,32,128,4.0,16384,480,10,1.750406250987738,1.5361205367020239,
3,32,192,6.0,16384,480,10,1.2992444982216467,0.9421016410787895,
3,32,256,8.0,16384,480,10,1.133753297342007,0.633753297342007,
3,32,384,12.0,16384,480,10,1.0328040117705348,0.24708972605624913,
4,32,48,1.5,16384,480,10,13.598840644100324,13.563126358386038,
4,32,64,2.0,16384,480,10,8.739519188125566,8.668090616696995,
4,32,96,3.0,16384,480,10,3.925028822158295,3.782171679301152,
4,32,128,4.0,16384,480,10,2.087301435059519,1.873015720773805,
4,32,192,6.0,16384,480,10,1.3634604972291258,1.0063176400862686,
4,32,256,8.0,16384,480,10,1.1558302618064165,0.6558302618064165,
4,32,384,12.0,16384,480,10,1.0338825076078226,0.24816822189353693,
0,32,48,1.5,16384,480,11,2.8409216321495103,2.8052073464352247,
0,32,64,2.0,16384,480,11,1.9546496826257256,1.8832211111971542,
0,32,96,3.0,16384,480,11,1.425726994739806,1.2828698518826631,
0,32,128,4.0,16384,480,11,1.2664443439524498,1.0521586296667356,
0,32,192,6.0,16384,480,11,1.13283099534505,0.7756881382021927,
0,32,256,8.0,16384,480,11,1.0736029683230897,0.5736029683230897,
0,32,384,12.0,16384,480,11,1.0197735700324353,0.2340592843181496,
2,32,48,1.5,16384,480,11,6.048872544264557,6.013158258550272,
2,32,64,2.0,16384,480,11,3.489856215335281,3.418427643906709,
2,32,96,3.0,16384,480,11,1.8652199596120211,1.7223628167548783,
2,32,128,4.0,16384,480,11,1.4133760908286908,1.1990903765429766,
2,32,192,6.0,16384,480,11,1.1745921300535276,0.8174492729106704,
2,32,256,8.0,16384,480,11,1.0909372035723308,0.5909372035723308,
2,32,384,12.0,16384,480,11,1.022781766818661,0.23706748110437526,
3,32,48,1.5,16384,480,11,6.336293091024351,6.3005788053100655,
3,32,64,2.0,16384,480,11,3.9812690714422936,3.909840500013722,
3,32,96,3.0,16384,480,11,2.299935746968754,2.1570786041116112,
3,32,128,4.0,16384,480,11,1.5512129423997316,1.3369272281140174,
3,32,192,6.0,16384,480,11,1.2145215378983156,0.8573786807554584,
3,32,256,8.0,16384,480,11,1.1157158768078257,0.6157158768078257,
3,32,384,12.0,16384,480,11,1.0256418860164016,0.2399276003021159,
4,32,48,1.5,16384,480,11,14.277473562937168,14.241759277222881,
4,32,64,2.0,16384,480,11,9.688314452004315,9.616885880575744,
4,32,96,3.0,16384,480,11,3.9947596061228445,3.8519024632657017,
4,32,128,4.0,16384,480,11,2.43815881864705,2.223873104361336,
4,32,192,6.0,16384,480,11,1.5797749467881466,1.2226320896452894,
4,32,256,8.0,16384,480,11,1.230401451515951,0.7304014515159509,
4,32,384,12.0,16384,480,11,1.0457332063812452,0.26001892066695953,
0,32,48,1.5,16384,480,12,2.693790438663017,2.6580761529487313,
0,32,64,2.0,16384,480,12,1.9422921306973344,1.870863559268763,
0,32,96,3.0,16384,480,12,1.4385353551907247,1.295678212333582,
0,32,128,4.0,16384,480,12,1.2664708652695538,1.0521851509838396,
0,32,192,6.0,16384,480,12,1.1276380385165499,0.7704951813736927,
0,32,256,8.0,16384,480,12,1.0704470568515951,0.5704470568515951,
0,32,384,12.0,16384,480,12,1.019819804647789,0.2341055189335034,
2,32,48,1.5,16384,480,12,4.840384676057491,4.8046703903432055,
2,32,64,2.0,16384,480,12,3.0082417291289865,2.936813157700415,
2,32,96,3.0,16384,480,12,1.6982567233253363,1.5553995804681935,
2,32,128,4.0,16384,480,12,1.3695778440319188,1.1552921297462047,
2,32,192,6.0,16384,480,12,1.151142159695877,0.7939993025530199,
2,32,256,8.0,16384,480,12,1.0812555704131328,0.5812555704131328,
2,32,384,12.0,16384,480,12,1.0232736461927014,0.23755936047841575,
3,32,48,1.5,16384,480,12,9.269520874906572,9.233806589192286,
3,32,64,2.0,16384,480,12,5.65117853331816,5.579749961889589,
3,32,96,3.0,16384,480,12,3.1695445889354086,3.026687446078266,
3,32,128,4.0,16384,480,12,2.0628608013002223,1.8485750870145081,
3,32,192,6.0,16384,480,12,1.3110750854338449,0.9539322282909877,
3,32,256,8.0,16384,480,12,1.1524317674741185,0.6524317674741185,
3,32,384,12.0,16384,480,12,1.0293998210243258,0.2436855353100401,
4,32,48,1.5,16384,480,12,10.336501353583026,10.30078706786874,
4,32,64,2.0,16384,480,12,7.884921176527978,7.813492605099407,
4,32,96,3.0,16384,480,12,3.5681004552714435,3.4252433124143007,
4,32,128,4.0,16384,480,12,2.0776768404520323,1.863391126166318,
4,32,192,6.0,16384,480,12,1.49433343178571,1.1371905746428528,
4,32,256,8.0,16384,480,12,1.1999363713781386,0.6999363713781386,
4,32,384,12.0,16384,480,12,1.0407241285555364,0.2550098428412507,
0,32,48,1.5,16384,480,13,2.7475691832543347,2.711854897540049,
0,32,64,2.0,16384,480,13,1.8875079855188925,1.8160794140903211,
0,32,96,3.0,16384,480,13,1.4331431160157677,1.290285973158625,
0,32,128,4.0,16384,480,13,1.2569338028776764,1.0426480885919622,
0,32,192,6.0,16384,480,13,1.1302321005009586,0.7730892433581014,
0,32,256,8.0,16384,480,13,1.0716349078226175,0.5716349078226175,
0,32,384,12.0,16384,480,13,1.0199213023977887,0.23420701668350297,
2,32,48,1.5,16384,480,13,6.355860257612961,6.320145971898675,
2,32,64,2.0,16384,480,13,3.625516792035064,3.5540882206064923,
2,32,96,3.0,16384,480,13,1.8789785154250185,1.7361213725678757,
2,32,128,4.0,16384,480,13,1.3953281053134305,1.1810423910277164,
2,32,192,6.0,16384,480,13,1.1915892347345551,0.8344463775916979,
2,32,256,8.0,16384,480,13,1.0958417577460506,0.5958417577460506,
2,32,384,12.0,16384,480,13,1.0243792596444805,0.2386649739301948,
3,32,48,1.5,16384,480,13,6.647032206713541,6.611317920999255,
3,32,64,2.0,16384,480,13,3.6491918270385604,3.5777632556099888,
3,32,96,3.0,16384,480,13,1.9405113719167901,1.7976542290596473,
3,32,128,4.0,16384,480,13,1.4831472140218926,1.2688614997361785,
3,32,192,6.0,16384,480,13,1.2364184559216296,0.8792755987787724,
3,32,256,8.0,16384,480,13,1.1205414555087514,0.6205414555087514,
3,32,384,12.0,16384,480,13,1.0316593967414731,0.2459451110271874,
4,32,48,1.5,16384,480,13,15.379219948866156,15.34350566315187,
4,32,64,2.0,16384,480,13,9.866199689630148,9.794771118201577,
4,32,96,3.0,16384,480,13,3.8192026696738743,3.6763455268167315,
4,32,128,4.0,16384,480,13,2.0299730445996835,1.8156873303139693,
4,32,192,6.0,16384,480,13,1.3359916853037794,0.9788488281609222,
4,32,256,8.0,16384,480,13,1.136386568977584,0.636386568977584,
4,32,384,12.0,16384,480,13,1.0366522301796532,0.25093794446536755,
0,32,48,1.5,16384,480,14,2.820055601226848,2.7843413155125623,
0,32,64,2.0,16384,480,14,1.94433820992262,1.8729096384940487,
0,32,96,3.0,16384,480,14,1.4248343871815325,1.2819772443243898,
0,32,128,4.0,16384,480,14,1.2590075149199773,1.0447218006342631,
0,32,192,6.0,16384,480,14,1.1288497288470096,0.7717068717041524,
0,32,256,8.0,16384,480,14,1.0727309343994724,0.5727309343994724,
0,32,384,12.0,16384,480,14,1.0202568909324343,0.23454260521814863,
2,32,48,1.5,16384,480,14,5.105254292895568,5.069540007181282,
2,32,64,2.0,16384,480,14,2.85796965662154,2.7865410851929684,
2,32,96,3.0,16384,480,14,1.6348445057464316,1.4919873628892888,
2,32,128,4.0,16384,480,14,1.298589384630276,1.0843036703445619,
2,32,192,6.0,16384,480,14,1.1422179693963108,0.7850751122534536,
2,32,256,8.0,16384,480,14,1.0766569179995322,0.5766569179995322,
2,32,384,12.0,16384,480,14,1.0198762088566264,0.23416192314234074,
3,32,48,1.5,16384,480,14,7.362355714233928,7.326641428519642,
3,32,64,2.0,16384,480,14,4.570812457655284,4.499383886226713,
3,32,96,3.0,16384,480,14,2.416821095104459,2.2739639522473163,
3,32,128,4.0,16384,480,14,1.6521994754441531,1.437913761158439,
3,32,192,6.0,16384,480,14,1.2154824123754726,0.8583395552326154,
3,32,256,8.0,16384,480,14,1.1027226187005035,0.6027226187005035,
3,32,384,12.0,16384,480,14,1.0240853759447253,0.23837109023043956,
4,32,48,1.5,16384,480,14,10.128317832006921,10.092603546292635,
4,32,64,2.0,16384,480,14,6.127437350742502,6.056008779313931,
4,32,96,3.0,16384,480,14,2.8436047039247825,2.7007475610676397,
4,32,128,4.0,16384,480,14,1.8633878382785873,1.6491021239928731,
4,32,192,6.0,16384,480,14,1.3489390269926567,0.9917961698497995,
4,32,256,8.0,16384,480,14,1.1470017173271143,0.6470017173271143,
4,32,384,12.0,16384,480,14,1.0343403394252721,0.24862605371098645,
0,32,48,1.5,16384,480,15,2.6008024960344516,2.565088210320166,
0,32,64,2.0,16384,480,15,1.891529695335386,1.8201011239068146,
0,32,96,3.0,16384,480,15,1.4308158855705244,1.2879587427133816,
0,32,128,4.0,16384,480,15,1.2619897329867653,1.0477040187010511,
0,32,192,6.0,16384,480,15,1.1275885194051154,0.7704456622622582,
0,32,256,8.0,16384,480,15,1.0716865655824983,0.5716865655824983,
0,32,384,12.0,16384,480,15,1.0192462754469107,0.233531989732625,
2,32,48,1.5,16384,480,15,6.418159673819166,6.38244538810488,
2,32,64,2.0,16384,480,15,3.611730904242863,3.5403023328142913,
2,32,96,3.0,16384,480,15,1.8613500019143783,1.7184928590572355,
2,32,128,4.0,16384,480,15,1.4684291886983551,1.254143474412641,
2,32,192,6.0,16384,480,15,1.1776648559194478,0.8205219987765906,
2,32,256,8.0,16384,480,15,1.08165310098251,0.5816531009825101,
2,32,384,12.0,16384,480,15,1.0212555649759616,0.2355412792616759,
3,32,48,1.5,16384,480,15,11.716708383655293,11.680994097941007,
3,32,64,2.0,16384,480,15,7.589405013151312,7.517976441722741,
3,32,96,3.0,16384,480,15,3.174851177137169,3.031994034280026,
3,32,128,4.0,16384,480,15,1.9045657500245459,1.6902800357388317,
3,32,192,6.0,16384,480,15,1.3316348854200992,0.974492028277242,
3,32,256,8.0,16384,480,15,1.1444976469816495,0.6444976469816495,
3,32,384,12.0,16384,480,15,1.0340919764683552,0.24837769075406946,
4,32,48,1.5,16384,480,15,11.208198815274795,11.172484529560508,
4,32,64,2.0,16384,480,15,6.900102315815436,6.828673744386865,
4,32,96,3.0,16384,480,15,3.5379032471243845,3.3950461042672417,
4,32,128,4.0,16384,480,15,2.3032687864979913,2.088983072212277,
4,32,192,6.0,16384,480,15,1.5256962568986414,1.1685533997557842,
4,32,256,8.0,16384,480,15,1.198427012701723,0.6984270127017229,
4,32,384,12.0,16384,480,15,1.0355756402069978,0.24986135449271207,
0,32,48,1.5,16384,480,16,2.8386123700791845,2.802898084364899,
0,32,64,2.0,16384,480,16,1.9056392288697062,1.8342106574411348,
0,32,96,3.0,16384,480,16,1.4178640414198136,1.2750068985626708,
0,32,128,4.0,16384,480,16,1.267375114025059,1.053089399739345,
0,32,192,6.0,16384,480,16,1.1237158223903885,0.7665729652475313,
0,32,256,8.0,16384,480,16,1.0704110918003076,0.5704110918003076,
0,32,384,12.0,16384,480,16,1.0184929685186754,0.23277868280438974,
2,32,48,1.5,16384,480,16,4.172125181883806,4.1364108961695205,
2,32,64,2.0,16384,480,16,2.261499406582071,2.190070835153499,
2,32,96,3.0,16384,480,16,1.6542618522832502,1.5114047094261074,
2,32,128,4.0,16384,480,16,1.344439582723728,1.130153868438014,
2,32,192,6.0,16384,480,16,1.162724726639092,0.8055818694962349,
2,32,256,8.0,16384,480,16,1.0863913416920834,0.5863913416920834,
2,32,384,12.0,16384,480,16,1.0211347933402921,0.23542050762600641,
3,32,48,1.5,16384,480,16,13.420508564607081,13.384794278892794,
3,32,64,2.0,16384,480,16,7.106413595944356,7.034985024515785,
3,32,96,3.0,16384,480,16,3.043023206066828,2.900166063209685,
3,32,128,4.0,16384,480,16,1.9560060838589437,1.7417203695732295,
3,32,192,6.0,16384,480,16,1.3267819240346261,0.9696390668917689,
3,32,256,8.0,16384,480,16,1.148187529526413,0.648187529526413,
3,32,384,12.0,16384,480,16,1.0325931604573864,0.24687887474310066,
4,32,48,1.5,16384,480,16,9.812507889499836,9.77679360378555,
4,32,64,2.0,16384,480,16,6.659739304422221,6.58831073299365,
4,32,96,3.0,16384,480,16,3.2585304434887044,3.1156733006315616,
4,32,128,4.0,16384,480,16,1.935588309771688,1.7213025954859738,
4,32,192,6.0,16384,480,16,1.3609983683149884,1.0038555111721312,
4,32,256,8.0,16384,480,16,1.1581956367557287,0.6581956367557287,
4,32,384,12.0,16384,480,16,1.0407435257960833,0.2550292400817976,
0,32,48,1.5,16384,480,17,2.5879330353754906,2.552218749661205,
0,32,64,2.0,16384,480,17,1.8868446654370024,1.815416094008431,
0,32,96,3.0,16384,480,17,1.405789915590242,1.2629327727330992,
0,32,128,4.0,16384,480,17,1.2526562602383544,1.0383705459526402,
0,32,192,6.0,16384,480,17,1.1276609614575752,0.770518104314718,
0,32,256,8.0,16384,480,17,1.0697329977634367,0.5697329977634367,
0,32,384,12.0,16384,480,17,1.0197794516757384,0.23406516596145266,
2,32,48,1.5,16384,480,17,5.0968496004996275,5.061135314785342,
2,32,64,2.0,16384,480,17,2.843595317712909,2.7721667462843373,
2,32,96,3.0,16384,480,17,1.7227550668667195,1.5798979240095767,
2,32,128,4.0,16384,480,17,1.381357924439285,1.1670722101535709,
2,32,192,6.0,16384,480,17,1.1588706074567112,0.801727750313854,
2,32,256,8.0,16384,480,17,1.087037894880531,0.587037894880531,
2,32,384,12.0,16384,480,17,1.0237955214409418,0.23808123572665607,
3,32,48,1.5,16384,480,17,8.045840470561226,8.01012618484694,
3,32,64,2.0,16384,480,17,4.980814631718454,4.909386060289883,
3,32,96,3.0,16384,480,17,2.3803979092196257,2.237540766362483,
3,32,128,4.0,16384,480,17,1.7360841490890695,1.5217984348033553,
3,32,192,6.0,16384,480,17,1.2930198158107347,0.9358769586678775,
3,32,256,8.0,16384,480,17,1.1403794674436214,0.6403794674436214,
3,32,384,12.0,16384,480,17,1.0342405209959427,0.24852623528165696,
4,32,48,1.5,16384,480,17,9.902551007926405,9.866836722212119,
4,32,64,2.0,16384,480,17,5.910938798577816,5.839510227149245,
4,32,96,3.0,16384,480,17,3.232298405730826,3.089441262873683,
4,32,128,4.0,16384,480,17,2.1119581453569465,1.8976724310712323,
4,32,192,6.0,16384,480,17,1.3407874400155375,0.9836445828726803,
4,32,256,8.0,16384,480,17,1.1559801307769213,0.6559801307769213,
4,32,384,12.0,16384,480,17,1.0366632170015135,0.25094893128722784,
0,32,48,1.5,16384,480,18,2.673685692203469,2.6379714064891835,
0,32,64,2.0,16384,480,18,1.8916911515711523,1.820262580142581,
0,32,96,3.0,16384,480,18,1.435361362167205,1.2925042193100622,
0,32,128,4.0,16384,480,18,1.256791101984828,1.0425053876991137,
0,32,192,6.0,16384,480,18,1.1267600022063582,0.769617145063501,
0,32,256,8.0,16384,480,18,1.070252448598615,0.5702524485986149,
0,32,384,12.0,16384,480,18,1.0186053590970463,0.2328910733827606,
2,32,48,1.5,16384,480,18,4.9847616366724115,4.949047350958126,
2,32,64,2.0,16384,480,18,3.083224756470627,3.0117961850420554,
2,32,96,3.0,16384,480,18,1.7631324076258097,1.620275264768667,
2,32,128,4.0,16384,480,18,1.3717117574487898,1.1574260431630756,
2,32,192,6.0,16384,480,18,1.1774091402745084,0.8202662831316512,
2,32,256,8.0,16384,480,18,1.0859678075089574,0.5859678075089574,
2,32,384,12.0,16384,480,18,1.021983299743672,0.23626901402938627,
3,32,48,1.5,16384,480,18,8.332527936703165,8.296813650988879,
3,32,64,2.0,16384,480,18,4.486053315984388,4.414624744555817,
3,32,96,3.0,16384,480,18,2.432760922158537,2.2899037793013943,
3,32,128,4.0,16384,480,18,1.8211611795221956,1.6068754652364814,
3,32,192,6.0,16384,480,18,1.3016331429058603,0.9444902857630031,
3,32,256,8.0,16384,480,18,1.1282610972328395,0.6282610972328395,
3,32,384,12.0,16384,480,18,1.030370265512009,0.24465597979772336,
4,32,48,1.5,16384,480,18,11.169543934204672,11.133829648490385,
4,32,64,2.0,16384,480,18,6.484673911031726,6.413245339603155,
4,32,96,3.0,16384,480,18,2.853005389707028,2.710148246849885,
4,32,128,4.0,16384,480,18,2.0865597054648406,1.8722739911791264,
4,32,192,6.0,16384,480,18,1.4415687759073903,1.084425918764533,
4,32,256,8.0,16384,480,18,1.2115023690303763,0.7115023690303763,
4,32,384,12.0,16384,480,18,1.03784431121599,0.2521300255017044,
0,32,48,1.5,16384,480,19,2.992289832028803,2.9565755463145176,
0,32,64,2.0,16384,480,19,1.9813272239800286,1.9098986525514572,
0,32,96,3.0,16384,480,19,1.4548356572172052,1.3119785143600624,
0,32,128,4.0,16384,480,19,1.269064031412018,1.0547783171263039,
0,32,192,6.0,16384,480,19,1.131643236850656,0.7745003797077987,
0,32,256,8.0,16384,480,19,1.0743897871566865,0.5743897871566865,
0,32,384,12.0,16384,480,19,1.0197132051064488,0.2339989193921631,
2,32,48,1.5,16384,480,19,5.402941604653361,5.367227318939076,
2,32,64,2.0,16384,480,19,3.378534245703059,3.3071056742744873,
2,32,96,3.0,16384,480,19,1.7118028981222855,1.5689457552651427,
2,32,128,4.0,16384,480,19,1.3801170628670507,1.1658313485813365,
2,32,192,6.0,16384,480,19,1.163883240592465,0.8067403834496079,
2,32,256,8.0,16384,480,19,1.0827899914214403,0.5827899914214403,
2,32,384,12.0,16384,480,19,1.0226881172091762,0.23697383149489049,
3,32,48,1.5,16384,480,19,8.214721831617753,8.179007545903467,
3,32,64,2.0,16384,480,19,4.827196258095485,4.755767686666914,
3,32,96,3.0,16384,480,19,2.367432110773951,2.224574967916808,
3,32,128,4.0,16384,480,19,1.6410748608189683,1.426789146533254,
3,32,192,6.0,16384,480,19,1.2127908932026128,0.8556480360597556,
3,32,256,8.0,16384,480,19,1.1098246811476549,0.6098246811476549,
3,32,384,12.0,16384,480,19,1.0230975729908436,0.23738328727655789,
4,32,48,1.5,16384,480,19,10.07175529786207,10.036041012147784,
4,32,64,2.0,16384,480,19,6.01517460698623,5.943746035557659,
4,32,96,3.0,16384,480,19,4.12092704488533,3.9780699020281873,
4,32,128,4.0,16384,480,19,2.269618571667697,2.0553328573819827,
4,32,192,6.0,16384,480,19,1.4398734849394752,1.082730627796618,
4,32,256,8.0,16384,480,19,1.194902199519168,0.694902199519168,
4,32,384,12.0,16384,480,19,1.0407336676167842,0.2550193819024985,
0,32,48,1.5,16384,480,20,3.006828968532299,2.9711146828180133,
0,32,64,2.0,16384,480,20,1.9603616402053319,1.8889330687767605,
0,32,96,3.0,16384,480,20,1.4340634732375228,1.29120633038038,
0,32,128,4.0,16384,480,20,1.2677835895622507,1.0534978752765365,
0,32,192,6.0,16384,480,20,1.130062004979892,0.7729191478370347,
0,32,256,8.0,16384,480,20,1.0739604761908956,0.5739604761908956,
0,32,384,12.0,16384,480,20,1.0192786718211164,0.23356438610683072,
2,32,48,1.5,16384,480,20,5.12150919440075,5.085794908686465,
2,32,64,2.0,16384,480,20,3.1373455485339425,3.065916977105371,
2,32,96,3.0,16384,480,20,1.6101532117177417,1.467296068860599,
2,32,128,4.0,16384,480,20,1.3299329922886818,1.1156472780029676,
2,32,192,6.0,16384,480,20,1.1327044918723292,0.775561634729472,
2,32,256,8.0,16384,480,20,1.0729820872763836,0.5729820872763836,
2,32,384,12.0,16384,480,20,1.021803024475948,0.23608873876166225,
3,32,48,1.5,16384,480,20,9.766070644288067,9.730356358573781,
3,32,64,2.0,16384,480,20,5.521723065692579,5.450294494264008,
3,32,96,3.0,16384,480,20,2.3664361249532924,2.2235789820961496,
3,32,128,4.0,16384,480,20,1.6815364103156754,1.4672506960299612,
3,32,192,6.0,16384,480,20,1.307788986826219,0.9506461296833617,
3,32,256,8.0,16384,480,20,1.1265095955174194,0.6265095955174194,
3,32,384,12.0,16384,480,20,1.0268549221855643,0.2411406364712786,
4,32,48,1.5,16384,480,20,9.042717665029178,9.007003379314892,
4,32,64,2.0,16384,480,20,5.974780949881831,5.90335237845326,
4,32,96,3.0,16384,480,20,3.125780429283434,2.982923286426291,
4,32,128,4.0,16384,480,20,1.8367877343203953,1.6225020200346811,
4,32,192,6.0,16384,480,20,1.3203790930745027,0.9632362359316455,
4,32,256,8.0,16384,480,20,1.1513684778449063,0.6513684778449063,
4,32,384,12.0,16384,480,20,1.03406746449977,0.24835317878548435,
0,32,48,1.5,16384,480,21,2.7235181006658635,2.687803814951578,
0,32,64,2.0,16384,480,21,1.8915150398868033,1.8200864684582319,
0,32,96,3.0,16384,480,21,1.4042829523492322,1.2614258094920894,
0,32,128,4.0,16384,480,21,1.2498004214591014,1.0355147071733872,
0,32,192,6.0,16384,480,21,1.1221146349900657,0.7649717778472085,
0,32,256,8.0,16384,480,21,1.067366224658689,0.567366224658689,
0,32,384,12.0,16384,480,21,1.018120718597841,0.23240643288355523,
2,32,48,1.5,16384,480,21,5.162694780685457,5.126980494971171,
2,32,64,2.0,16384,480,21,2.985761528646088,2.9143329572175163,
2,32,96,3.0,16384,480,21,1.951999774950596,1.8091426320934532,
2,32,128,4.0,16384,480,21,1.4931351227929475,1.2788494085072333,
2,32,192,6.0,16384,480,21,1.2048855369206537,0.8477426797777965,
2,32,256,8.0,16384,480,21,1.096132600998058,0.5961326009980581,
2,32,384,12.0,16384,480,21,1.0248818525801302,0.2391675668658445,
3,32,48,1.5,16384,480,21,8.94503604307075,8.909321757356464,
3,32,64,2.0,16384,480,21,5.180963026516865,5.109534455088294,
3,32,96,3.0,16384,480,21,2.3671812474113825,2.2243241045542397,
3,32,128,4.0,16384,480,21,1.6201209111489,1.4058351968631857,
3,32,192,6.0,16384,480,21,1.3064002539140573,0.9492573967712001,
3,32,256,8.0,16384,480,21,1.1647119406749344,0.6647119406749344,
3,32,384,12.0,16384,480,21,1.0350144084294968,0.24930012271521107,
4,32,48,1.5,16384,480,21,11.681929493387088,11.646215207672801,
4,32,64,2.0,16384,480,21,8.327273171079598,8.255844599651027,
4,32,96,3.0,16384,480,21,3.9371892766568437,3.794332133799701,
4,32,128,4.0,16384,480,21,2.2106218316012,1.9963361173154859,
4,32,192,6.0,16384,480,21,1.58205704532819,1.2249141881853327,
4,32,256,8.0,16384,480,21,1.2732633582988446,0.7732633582988446,
4,32,384,12.0,16384,480,21,1.0447704320314255,0.2590561463171398,
0,32,48,1.5,16384,480,22,2.898719483602959,2.8630051978886732,
0,32,64,2.0,16384,480,22,1.9074313700768273,1.8360027986482559,
0,32,96,3.0,16384,480,22,1.4277160858264575,1.2848589429693147,
0,32,128,4.0,16384,480,22,1.255368841630736,1.0410831273450218,
0,32,192,6.0,16384,480,22,1.1301008214228019,0.7729579642799447,
0,32,256,8.0,16384,480,22,1.0743717345883805,0.5743717345883805,
0,32,384,12.0,16384,480,22,1.0195947233107245,0.23388043759643884,
2,32,48,1.5,16384,480,22,5.8462375088512655,5.81052322313698,
2,32,64,2.0,16384,480,22,3.0149568346786,2.9435282632500286,
2,32,96,3.0,16384,480,22,1.703643971849711,1.5607868289925682,
2,32,128,4.0,16384,480,22,1.3862563354708972,1.171970621185183,
2,32,192,6.0,16384,480,22,1.148961492634714,0.7918186354918568,
2,32,256,8.0,16384,480,22,1.0851942469300515,0.5851942469300515,
2,32,384,12.0,16384,480,22,1.0219486773405893,0.23623439162630355,
3,32,48,1.5,16384,480,22,10.138340208668522,10.102625922954235,
3,32,64,2.0,16384,480,22,5.083213251362375,5.011784679933804,
3,32,96,3.0,16384,480,22,2.4638533144022703,2.3209961715451275,
3,32,128,4.0,16384,480,22,1.7284514097382018,1.5141656954524876,
3,32,192,6.0,16384,480,22,1.2395045257142174,0.8823616685713602,
3,32,256,8.0,16384,480,22,1.1122832395081803,0.6122832395081803,
3,32,384,12.0,16384,480,22,1.025080698423358,0.23936641270907233,
4,32,48,1.5,16384,480,22,11.454842919537315,11.419128633823028,
4,32,64,2.0,16384,480,22,6.475881822209749,6.404453250781178,
4,32,96,3.0,16384,480,22,3.7471947361181757,3.604337593261033,
4,32,128,4.0,16384,480,22,1.9994584581909736,1.7851727439052594,
4,32,192,6.0,16384,480,22,1.3253008548725889,0.9681579977297317,
4,32,256,8.0,16384,480,22,1.1464228622200865,0.6464228622200865,
4,32,384,12.0,16384,480,22,1.0336455090180439,0.24793122330375816,
0,32,48,1.5,16384,480,23,2.6463930159707356,2.61067873025645,
0,32,64,2.0,16384,480,23,1.9348489283303945,1.863420356901823,
0,32,96,3.0,16384,480,23,1.426044887012866,1.2831877441557231,
0,32,128,4.0,16384,480,23,1.2634897294454834,1.0492040151597692,
0,32,192,6.0,16384,480,23,1.1262521471818305,0.7691092900389733,
0,32,256,8.0,16384,480,23,1.0701207536465425,0.5701207536465425,
0,32,384,12.0,16384,480,23,1.0187930613622833,0.23307877564799762,
2,32,48,1.5,16384,480,23,5.084110412270863,5.048396126556577,
2,32,64,2.0,16384,480,23,3.3539207009907233,3.2824921295621516,
2,32,96,3.0,16384,480,23,1.7932469210160134,1.6503897781588706,
2,32,128,4.0,16384,480,23,1.4460091874260514,1.2317234731403373,
2,32,192,6.0,16384,480,23,1.1916767805925321,0.8345339234496749,
2,32,256,8.0,16384,480,23,1.090394842547807,0.5903948425478069,
2,32,384,12.0,16384,480,23,1.0243014563922108,0.23858717067792512,
3,32,48,1.5,16384,480,23,9.953153452889623,9.917439167175337,
3,32,64,2.0,16384,480,23,6.205936664358676,6.134508092930105,
3,32,96,3.0,16384,480,23,2.5312844176860985,2.3884272748289557,
3,32,128,4.0,16384,480,23,1.6384553122441816,1.4241695979584674,
3,32,192,6.0,16384,480,23,1.2503611171911921,0.8932182600483349,
3,32,256,8.0,16384,480,23,1.1385885291600757,0.6385885291600757,
3,32,384,12.0,16384,480,23,1.0325769636574154,0.24686267794312966,
4,32,48,1.5,16384,480,23,14.910987345963411,14.875273060249125,
4,32,64,2.0,16384,480,23,10.774880147901897,10.703451576473325,
4,32,96,3.0,16384,480,23,5.263825426342169,5.120968283485026,
4,32,128,4.0,16384,480,23,2.3573517946981184,2.143066080412404,
4,32,192,6.0,16384,480,23,1.4475788465095643,1.090435989366707,
4,32,256,8.0,16384,480,23,1.1959000001564846,0.6959000001564846,
4,32,384,12.0,16384,480,23,1.0458877186864064,0.2601734329721207,
0,32,48,1.5,16384,480,24,2.875292579533517,2.8395782938192315,
0,32,64,2.0,16384,480,24,2.002746141829678,1.9313175704011065,
0,32,96,3.0,16384,480,24,1.438696788182532,1.2958396453253893,
0,32,128,4.0,16384,480,24,1.2749314024109837,1.0606456881252695,
0,32,192,6.0,16384,480,24,1.1380742356657054,0.7809313785228482,
0,32,256,8.0,16384,480,24,1.0751116491553463,0.5751116491553463,
0,32,384,12.0,16384,480,24,1.0210826323275783,0.23536834661329264,
2,32,48,1.5,16384,480,24,5.40026067628142,5.364546390567134,
2,32,64,2.0,16384,480,24,3.218267815590225,3.1468392441616535,
2,32,96,3.0,16384,480,24,1.713843870173386,1.5709867273162432,
2,32,128,4.0,16384,480,24,1.3863689158861146,1.1720832016004004,
2,32,192,6.0,16384,480,24,1.1570738347251337,0.7999309775822765,
2,32,256,8.0,16384,480,24,1.084144279959823,0.5841442799598231,
2,32,384,12.0,16384,480,24,1.022463228905515,0.2367489431912294,
3,32,48,1.5,16384,480,24,8.988313191908235,8.952598906193948,
3,32,64,2.0,16384,480,24,5.502916666244463,5.431488094815892,
3,32,96,3.0,16384,480,24,2.685240719114261,2.542383576257118,
3,32,128,4.0,16384,480,24,1.7568113333598423,1.542525619074128,
3,32,192,6.0,16384,480,24,1.2401899253731221,0.8830470682302649,
3,32,256,8.0,16384,480,24,1.1200923170357031,0.6200923170357031,
3,32,384,12.0,16384,480,24,1.0269676425463212,0.24125335683203553,
4,32,48,1.5,16384,480,24,14.21332386716456,14.177609581450273,
4,32,64,2.0,16384,480,24,9.740437413777554,9.669008842348983,
4,32,96,3.0,16384,480,24,3.715071293319646,3.572214150462503,
4,32,128,4.0,16384,480,24,2.137870791193906,1.9235850769081917,
4,32,192,6.0,16384,480,24,1.4309966949667619,1.0738538378239046,
4,32,256,8.0,16384,480,24,1.1987711987688112,0.6987711987688112,
4,32,384,12.0,16384,480,24,1.0373994477704764,0.25168516205619074,
0,32,48,1.5,16384,480,25,2.5647888979690574,2.529074612254772,
0,32,64,2.0,16384,480,25,1.9454709744806795,1.8740424030521081,
0,32,96,3.0,16384,480,25,1.422367388211478,1.2795102453543352,
0,32,128,4.0,16384,480,25,1.2589130789817908,1.0446273646960766,
0,32,192,6.0,16384,480,25,1.1276933112772431,0.7705504541343859,
0,32,256,8.0,16384,480,25,1.0725989624351921,0.5725989624351921,
0,32,384,12.0,16384,480,25,1.0196253708232386,0.23391108510895287,
2,32,48,1.5,16384,480,25,4.446985634807286,4.411271349093,
2,32,64,2.0,16384,480,25,2.6043864795143725,2.532957908085801,
2,32,96,3.0,16384,480,25,1.587305445755434,1.4444483028982913,
2,32,128,4.0,16384,480,25,1.3529760921261031,1.138690377840389,
2,32,192,6.0,16384,480,25,1.1289746165566783,0.7718317594138211,
2,32,256,8.0,16384,480,25,1.077388045564234,0.577388045564234,
2,32,384,12.0,16384,480,25,1.019050348005666,0.23333606229138038,
3,32,48,1.5,16384,480,25,6.334875003645787,6.2991607179315015,
3,32,64,2.0,16384,480,25,3.76956848872674,3.6981399172981684,
3,32,96,3.0,16384,480,25,2.1708094452362126,2.0279523023790698,
3,32,128,4.0,16384,480,25,1.621746040035083,1.4074603257493687,
3,32,192,6.0,16384,480,25,1.25392542714813,0.8967825700052727,
3,32,256,8.0,16384,480,25,1.1192393985883486,0.6192393985883486,
3,32,384,12.0,16384,480,25,1.0294785976327119,0.24376431191842618,
4,32,48,1.5,16384,480,25,13.220236034327964,13.184521748613678,
4,32,64,2.0,16384,480,25,8.419174459572671,8.3477458881441,
4,32,96,3.0,16384,480,25,4.1263121330083035,3.9834549901511607,
4,32,128,4.0,16384,480,25,2.2668471413059588,2.0525614270202444,
4,32,192,6.0,16384,480,25,1.4666964799012356,1.1095536227583784,
4,32,256,8.0,16384,480,25,1.2425813869058793,0.7425813869058793,
4,32,384,12.0,16384,480,25,1.045606264920078,0.2598919792057922,
0,32,48,1.5,16384,480,26,2.759224802484245,2.7235105167699594,
0,32,64,2.0,16384,480,26,1.9101707500646923,1.8387421786361209,
0,32,96,3.0,16384,480,26,1.4221821939775017,1.2793250511203589,
0,32,128,4.0,16384,480,26,1.263836527407559,1.0495508131218447,
0,32,192,6.0,16384,480,26,1.1298309398512372,0.77268808270838,
0,32,256,8.0,16384,480,26,1.07449559375513,0.5744955937551299,
0,32,384,12.0,16384,480,26,1.0196636267798171,0.23394934106553145,
2,32,48,1.5,16384,480,26,5.5097532423852345,5.474038956670949,
2,32,64,2.0,16384,480,26,3.0167275926129817,2.94529902118441,
2,32,96,3.0,16384,480,26,1.7785308724517872,1.6356737295946444,
2,32,128,4.0,16384,480,26,1.4497213937184512,1.235435679432737,
2,32,192,6.0,16384,480,26,1.1800159439824685,0.8228730868396112,
2,32,256,8.0,16384,480,26,1.1033220485662256,0.6033220485662256,
2,32,384,12.0,16384,480,26,1.0271766691399447,0.24146238342565896,
3,32,48,1.5,16384,480,26,11.460579390888858,11.424865105174572,
3,32,64,2.0,16384,480,26,6.949996914532278,6.878568343103707,
3,32,96,3.0,16384,480,26,3.7998367514262386,3.6569796085690958,
3,32,128,4.0,16384,480,26,1.9633154121731544,1.7490296978874402,
3,32,192,6.0,16384,480,26,1.266711021602401,0.9095681644595437,
3,32,256,8.0,16384,480,26,1.1191021021250767,0.6191021021250767,
3,32,384,12.0,16384,480,26,1.025509380885233,0.23979509517094721,
4,32,48,1.5,16384,480,26,8.40811267491414,8.372398389199853,
4,32,64,2.0,16384,480,26,5.2376251932761795,5.166196621847608,
4,32,96,3.0,16384,480,26,2.805436052063741,2.6625789092065983,
4,32,128,4.0,16384,480,26,1.8754816698312553,1.6611959555455411,
4,32,192,6.0,16384,480,26,1.3169902471348047,0.9598473899919475,
4,32,256,8.0,16384,480,26,1.1730700847603102,0.6730700847603102,
4,32,384,12.0,16384,480,26,1.0382044280663434,0.2524901423520577,
0,32,48,1.5,16384,480,27,2.7732077339311676,2.737493448216882,
0,32,64,2.0,16384,480,27,1.8979478994795975,1.8265193280510261,
0,32,96,3.0,16384,480,27,1.4229967277239317,1.280139584866789,
0,32,128,4.0,16384,480,27,1.2596856885846057,1.0453999742988915,
0,32,192,6.0,16384,480,27,1.1272686111301433,0.7701257539872861,
0,32,256,8.0,16384,480,27,1.0698404987515806,0.5698404987515806,
0,32,384,12.0,16384,480,27,1.0193263575297513,0.23361207181546562,
2,32,48,1.5,16384,480,27,5.41372939078705,5.378015105072764,
2,32,64,2.0,16384,480,27,2.8038362978602387,2.732407726431667,
2,32,96,3.0,16384,480,27,1.867528114761356,1.7246709719042133,
2,32,128,4.0,16384,480,27,1.42679951039125,1.212513796105536,
2,32,192,6.0,16384,480,27,1.1789473025565835,0.8218044454137263,
2,32,256,8.0,16384,480,27,1.083952743199066,0.5839527431990661,
2,32,384,12.0,16384,480,27,1.0212583705789027,0.23554408486461698,
3,32,48,1.5,16384,480,27,7.398207876991057,7.362493591276771,
3,32,64,2.0,16384,480,27,5.413254167393031,5.34182559596446,
3,32,96,3.0,16384,480,27,2.5921697244294792,2.4493125815723364,
3,32,128,4.0,16384,480,27,1.7368410810227264,1.5225553667370122,
3,32,192,6.0,16384,480,27,1.2445962340262966,0.8874533768834394,
3,32,256,8.0,16384,480,27,1.124018605184918,0.6240186051849179,
3,32,384,12.0,16384,480,27,1.0277386448501096,0.24202435913582387,
4,32,48,1.5,16384,480,27,10.221270170439977,10.18555588472569,
4,32,64,2.0,16384,480,27,6.20198186465654,6.130553293227969,
4,32,96,3.0,16384,480,27,2.6513707176789483,2.5085135748218055,
4,32,128,4.0,16384,480,27,1.7539706482490418,1.5396849339633276,
4,32,192,6.0,16384,480,27,1.33355863371343,0.9764157765705728,
4,32,256,8.0,16384,480,27,1.1675547733314224,0.6675547733314224,
4,32,384,12.0,16384,480,27,1.0381988488855851,0.2524845631712994,
0,32,48,1.5,16384,480,28,2.8550344234631497,2.819320137748864,
0,32,64,2.0,16384,480,28,1.8992539007155895,1.8278253292870181,
0,32,96,3.0,16384,480,28,1.4164276534676956,1.2735705106105528,
0,32,128,4.0,16384,480,28,1.2629996595282238,1.0487139452425096,
0,32,192,6.0,16384,480,28,1.1284444106979168,0.7713015535550596,
0,32,256,8.0,16384,480,28,1.071442068387833,0.571442068387833,
0,32,384,12.0,16384,480,28,1.0194116039960806,0.23369731828179485,
2,32,48,1.5,16384,480,28,6.783083547433759,6.747369261719474,
2,32,64,2.0,16384,480,28,3.541679938184366,3.4702513667557944,
2,32,96,3.0,16384,480,28,1.736353920689258,1.5934967778321152,
2,32,128,4.0,16384,480,28,1.3993589296212092,1.185073215335495,
2,32,192,6.0,16384,480,28,1.1975243627491663,0.8403815056063091,
2,32,256,8.0,16384,480,28,1.0948854655268132,0.5948854655268132,
2,32,384,12.0,16384,480,28,1.0218240819576565,0.2361097962433708,
3,32,48,1.5,16384,480,28,8.77681982374867,8.741105538034384,
3,32,64,2.0,16384,480,28,5.490151408081339,5.418722836652768,
3,32,96,3.0,16384,480,28,2.2091612402395766,2.066304097382434,
3,32,128,4.0,16384,480,28,1.5467063767762066,1.3324206624904924,
3,32,192,6.0,16384,480,28,1.2295521125147495,0.8724092553718923,
3,32,256,8.0,16384,480,28,1.1120840031029033,0.6120840031029033,
3,32,384,12.0,16384,480,28,1.0264728192433212,0.24075853352903553,
4,32,48,1.5,16384,480,28,11.377300877794061,11.341586592079775,
4,32,64,2.0,16384,480,28,8.420386845100897,8.348958273672325,
4,32,96,3.0,16384,480,28,3.7247202877438617,3.581863144886719,
4,32,128,4.0,16384,480,28,2.3678130299165465,2.153527315630832,
4,32,192,6.0,16384,480,28,1.3410244922766426,0.9838816351337853,
4,32,256,8.0,16384,480,28,1.161298002288,0.661298002288,
4,32,384,12.0,16384,480,28,1.0380009641650323,0.2522866784507466,
0,32,48,1.5,16384,480,29,2.7912905204300595,2.755576234715774,
0,32,64,2.0,16384,480,29,1.8605573298823304,1.789128758453759,
0,32,96,3.0,16384,480,29,1.4138853730457719,1.271028230188629,
0,32,128,4.0,16384,480,29,1.2588614588518232,1.044575744566109,
0,32,192,6.0,16384,480,29,1.1323068018425995,0.7751639446997423,
0,32,256,8.0,16384,480,29,1.0743446239534928,0.5743446239534928,
0,32,384,12.0,16384,480,29,1.0191467201563003,0.23343243444201456,
2,32,48,1.5,16384,480,29,5.786107545079695,5.750393259365409,
2,32,64,2.0,16384,480,29,3.4340186851704297,3.362590113741858,
2,32,96,3.0,16384,480,29,1.76968788337332,1.6268307405161773,
2,32,128,4.0,16384,480,29,1.4573121329500478,1.2430264186643336,
2,32,192,6.0,16384,480,29,1.183847445165961,0.8267045880231039,
2,32,256,8.0,16384,480,29,1.1000519357973568,0.6000519357973568,
2,32,384,12.0,16384,480,29,1.0247066287604718,0.2389923430461861,
3,32,48,1.5,16384,480,29,10.034966190255581,9.999251904541294,
3,32,64,2.0,16384,480,29,6.01267666200758,5.941248090579009,
3,32,96,3.0,16384,480,29,2.2723294715943463,2.1294723287372035,
3,32,128,4.0,16384,480,29,1.7215243177053061,1.507238603419592,
3,32,192,6.0,16384,480,29,1.196131411550836,0.8389885544079787,
3,32,256,8.0,16384,480,29,1.1106402412300658,0.6106402412300658,
3,32,384,12.0,16384,480,29,1.0289944004109381,0.24328011469665245,
4,32,48,1.5,16384,480,29,8.865440263101856,8.82972597738757,
4,32,64,2.0,16384,480,29,6.152666965323992,6.081238393895421,
4,32,96,3.0,16384,480,29,3.29167135082685,3.148814207969707,
4,32,128,4.0,16384,480,29,2.0268466741907982,1.812560959905084,
4,32,192,6.0,16384,480,29,1.4294147979493834,1.0722719408065262,
4,32,256,8.0,16384,480,29,1.1893511811791309,0.6893511811791309,
4,32,384,12.0,16384,480,29,1.0373256706567218,0.25161138494243607,
0,32,48,1.5,16384,480,30,2.6969040167800835,2.661189731065798,
0,32,64,2.0,16384,480,30,1.9089892961703803,1.8375607247418089,
0,32,96,3.0,16384,480,30,1.4268388411882091,1.2839816983310663,
0,32,128,4.0,16384,480,30,1.2621167051333817,1.0478309908476675,
0,32,192,6.0,16384,480,30,1.1281241683292431,0.7709813111863859,
0,32,256,8.0,16384,480,30,1.072695706056899,0.5726957060568989,
0,32,384,12.0,16384,480,30,1.0202617664765274,0.23454748076224174,
2,32,48,1.5,16384,480,30,4.90138509989835,4.865670814184065,
2,32,64,2.0,16384,480,30,3.115945782448986,3.0445172110204144,
2,32,96,3.0,16384,480,30,1.78526829285373,1.6424111499965872,
2,32,128,4.0,16384,480,30,1.4794345471678891,1.265148832882175,
2,32,192,6.0,16384,480,30,1.18349314410418,0.8263502869613228,
2,32,256,8.0,16384,480,30,1.094107571682924,0.594107571682924,
2,32,384,12.0,16384,480,30,1.0239524568008604,0.23823817108657475,
3,32,48,1.5,16384,480,30,8.089270748508223,8.053556462793937,
3,32,64,2.0,16384,480,30,4.958873916435068,4.887445345006497,
3,32,96,3.0,16384,480,30,2.4156550212239676,2.272797878366825,
3,32,128,4.0,16384,480,30,1.7841332297653678,1.5698475154796536,
3,32,192,6.0,16384,480,30,1.3337539878618914,0.9766111307190342,
3,32,256,8.0,16384,480,30,1.152414246345557,0.6524142463455569,
3,32,384,12.0,16384,480,30,1.0342771712125096,0.24856288549822392,
4,32,48,1.5,16384,480,30,11.356811447977828,11.321097162263541,
4,32,64,2.0,16384,480,30,6.13913187497734,6.067703303548769,
4,32,96,3.0,16384,480,30,3.147789367624897,3.0049322247677543,
4,32,128,4.0,16384,480,30,2.536413295269021,2.3221275809833064,
4,32,192,6.0,16384,480,30,1.3793289619615294,1.0221861048186722,
4,32,256,8.0,16384,480,30,1.196957090803139,0.6969570908031391,
4,32,384,12.0,16384,480,30,1.0436707564553702,0.2579564707410845,
0,32,48,1.5,16384,480,31,2.8946032465930847,2.858888960878799,
0,32,64,2.0,16384,480,31,2.0044371902211404,1.933008618792569,
0,32,96,3.0,16384,480,31,1.4403969481491457,1.2975398052920029,
0,32,128,4.0,16384,480,31,1.2606011321327486,1.0463154178470344,
0,32,192,6.0,16384,480,31,1.1258701273179759,0.7687272701751187,
0,32,256,8.0,16384,480,31,1.069349730035134,0.569349730035134,
0,32,384,12.0,16384,480,31,1.018713199333628,0.23299891361934233,
2,32,48,1.5,16384,480,31,5.100477716075458,5.064763430361173,
2,32,64,2.0,16384,480,31,3.197529236892917,3.1261006654643455,
2,32,96,3.0,16384,480,31,1.7945330769286805,1.6516759340715377,
2,32,128,4.0,16384,480,31,1.37065847162174,1.1563727573360258,
2,32,192,6.0,16384,480,31,1.1640014832869203,0.8068586261440631,
2,32,256,8.0,16384,480,31,1.0920649731186636,0.5920649731186636,
2,32,384,12.0,16384,480,31,1.0237424665487174,0.23802818083443167,
3,32,48,1.5,16384,480,31,6.556294689808463,6.5205804040941775,
3,32,64,2.0,16384,480,31,3.8815525222558,3.8101239508272284,
3,32,96,3.0,16384,480,31,2.090363646478977,1.9475065036218342,
3,32,128,4.0,16384,480,31,1.619162794319592,1.404877080033878,
3,32,192,6.0,16384,480,31,1.228430655086809,0.8712877979439517,
3,32,256,8.0,16384,480,31,1.103281185775549,0.6032811857755489,
3,32,384,12.0,16384,480,31,1.023058554618827,0.2373442689045414,
4,32,48,1.5,16384,480,31,13.656737440760791,13.621023155046505,
4,32,64,2.0,16384,480,31,8.563301384699232,8.49187281327066,
4,32,96,3.0,16384,480,31,4.362467811258869,4.219610668401725,
4,32,128,4.0,16384,480,31,2.6140776778259127,2.3997919635401983,
4,32,192,6.0,16384,480,31,1.4532070291143209,1.0960641719714637,
4,32,256,8.0,16384,480,31,1.2027519215190985,0.7027519215190985,
4,32,384,12.0,16384,480,31,1.0384747312284877,0.25276044551420196,
0,32,48,1.5,16384,480,32,2.744852532122881,2.7091382464085956,
0,32,64,2.0,16384,480,32,1.9117352378067167,1.8403066663781453,
0,32,96,3.0,16384,480,32,1.4100398099727,1.2671826671155573,
0,32,128,4.0,16384,480,32,1.2649275463708958,1.0506418320851816,
0,32,192,6.0,16384,480,32,1.1279763598055148,0.7708335026626576,
0,32,256,8.0,16384,480,32,1.0714373166718039,0.5714373166718039,
0,32,384,12.0,16384,480,32,1.0191795517367295,0.23346526602244377,
2,32,48,1.5,16384,480,32,7.427097229605537,7.3913829438912515,
2,32,64,2.0,16384,480,32,3.7315251232783737,3.660096551849802,
2,32,96,3.0,16384,480,32,1.8820824301075005,1.7392252872503577,
2,32,128,4.0,16384,480,32,1.4461835315065075,1.2318978172207933,
2,32,192,6.0,16384,480,32,1.1662256417552204,0.8090827846123632,
2,32,256,8.0,16384,480,32,1.0821756543987326,0.5821756543987326,
2,32,384,12.0,16384,480,32,1.0210878357397464,0.23537355002546068,
3,32,48,1.5,16384,480,32,9.176895571749109,9.141181286034822,
3,32,64,2.0,16384,480,32,5.240647476972366,5.1692189055437945,
3,32,96,3.0,16384,480,32,2.8937297956303434,2.7508726527732006,
3,32,128,4.0,16384,480,32,1.9381158914328949,1.7238301771471807,
3,32,192,6.0,16384,480,32,1.2991096599537224,0.9419668028108652,
3,32,256,8.0,16384,480,32,1.1376539116814322,0.6376539116814322,
3,32,384,12.0,16384,480,32,1.032341385257543,0.24662709954325723,
4,32,48,1.5,16384,480,32,11.99865135588232,11.962937070168033,
4,32,64,2.0,16384,480,32,8.398509245264153,8.327080673835582,
4,32,96,3.0,16384,480,32,4.16592573271374,4.023068589856597,
4,32,128,4.0,16384,480,32,2.3699501558691747,2.1556644415834603,
4,32,192,6.0,16384,480,32,1.4944141308191996,1.1372712736763424,
4,32,256,8.0,16384,480,32,1.2022983997481642,0.7022983997481642,
4,32,384,12.0,16384,480,32,1.0387668172791498,0.25305253156486407,
0,32,48,1.5,16384,480,33,2.75069513636224,2.7149808506479545,
0,32,64,2.0,16384,480,33,1.8944400342820287,1.8230114628534573,
0,32,96,3.0,16384,480,33,1.4344578332744113,1.2916006904172685,
0,32,128,4.0,16384,480,33,1.2607813093541764,1.0464955950684622,
0,32,192,6.0,16384,480,33,1.126562049625734,0.7694191924828768,
0,32,256,8.0,16384,480,33,1.068670173300021,0.568670173300021,
0,32,384,12.0,16384,480,33,1.01887627990857,0.2331619941942843,
2,32,48,1.5,16384,480,33,5.209984561607048,5.174270275892763,
2,32,64,2.0,16384,480,33,2.9711806186364376,2.899752047207866,
2,32,96,3.0,16384,480,33,1.716458279500897,1.5736011366437541,
2,32,128,4.0,16384,480,33,1.3425033936089519,1.1282176793232377,
2,32,192,6.0,16384,480,33,1.1490945717450276,0.7919517146021704,
2,32,256,8.0,16384,480,33,1.071275131662104,0.5712751316621041,
2,32,384,12.0,16384,480,33,1.020083678191426,0.23436939247714028,
3,32,48,1.5,16384,480,33,8.57847538450384,8.542761098789553,
3,32,64,2.0,16384,480,33,5.924306615148756,5.852878043720184,
3,32,96,3.0,16384,480,33,2.702862637541133,2.56000549468399,
3,32,128,4.0,16384,480,33,1.8736452143422533,1.659359500056539,
3,32,192,6.0,16384,480,33,1.304736182165362,0.9475933250225048,
3,32,256,8.0,16384,480,33,1.1390135309291942,0.6390135309291942,
3,32,384,12.0,16384,480,33,1.0327777522146016,0.24706346650031585,
4,32,48,1.5,16384,480,33,10.816462159265571,10.780747873551284,
4,32,64,2.0,16384,480,33,5.719794035734782,5.6483654643062104,
4,32,96,3.0,16384,480,33,2.865391387163568,2.7225342443064253,
4,32,128,4.0,16384,480,33,1.868789096603118,1.6545033823174038,
4,32,192,6.0,16384,480,33,1.3144367058310515,0.9572938486881943,
4,32,256,8.0,16384,480,33,1.1777310794583535,0.6777310794583535,
4,32,384,12.0,16384,480,33,1.0446401671201981,0.25892588140591244,
0,32,48,1.5,16384,480,34,2.570893122198234,2.5351788364839485,
0,32,64,2.0,16384,480,34,1.8823944420748382,1.8109658706462668,
0,32,96,3.0,16384,480,34,1.4226234932671127,1.2797663504099699,
0,32,128,4.0,16384,480,34,1.2638824524157832,1.049596738130069,
0,32,192,6.0,16384,480,34,1.1296277887825878,0.7724849316397306,
0,32,256,8.0,16384,480,34,1.0714397745750697,0.5714397745750697,
0,32,384,12.0,16384,480,34,1.0194442440204836,0.23372995830619792,
2,32,48,1.5,16384,480,34,5.335428199865733,5.2997139141514475,
2,32,64,2.0,16384,480,34,3.1731603171843363,3.1017317457557647,
2,32,96,3.0,16384,480,34,1.7703549192478971,1.6274977763907543,
2,32,128,4.0,16384,480,34,1.3914374362153767,1.1771517219296626,
2,32,192,6.0,16384,480,34,1.1798780906255524,0.8227352334826952,
2,32,256,8.0,16384,480,34,1.0865875881455975,0.5865875881455975,
2,32,384,12.0,16384,480,34,1.0230698157345526,0.23735553002026688,
3,32,48,1.5,16384,480,34,7.74598745038271,7.710273164668425,
3,32,64,2.0,16384,480,34,4.735353419997079,4.663924848568508,
3,32,96,3.0,16384,480,34,2.515159604124199,2.372302461267056,
3,32,128,4.0,16384,480,34,1.7687546706977892,1.554468956412075,
3,32,192,6.0,16384,480,34,1.2714377616364905,0.9142949044936333,
3,32,256,8.0,16384,480,34,1.1400044435682524,0.6400044435682524,
3,32,384,12.0,16384,480,34,1.0342036271972792,0.2484893414829935,
4,32,48,1.5,16384,480,34,12.828161321762344,12.792447036048058,
4,32,64,2.0,16384,480,34,8.796590383430019,8.725161812001447,
4,32,96,3.0,16384,480,34,3.863408014393182,3.720550871536039,
4,32,128,4.0,16384,480,34,2.0856856264511716,1.8713999121654574,
4,32,192,6.0,16384,480,34,1.3655861905824014,1.0084433334395442,
4,32,256,8.0,16384,480,34,1.1386341759240877,0.6386341759240877,
4,32,384,12.0,16384,480,34,1.0319703752349605,0.2462560895206748,
0,32,48,1.5,16384,480,35,2.5269391872149702,2.4912249015006847,
0,32,64,2.0,16384,480,35,1.8569139510295622,1.7854853796009909,
0,32,96,3.0,16384,480,35,1.439595749330217,1.2967386064730742,
0,32,128,4.0,16384,480,35,1.2720140052062394,1.0577282909205252,
0,32,192,6.0,16384,480,35,1.1318632859283935,0.7747204287855363,
0,32,256,8.0,16384,480,35,1.0739934371504343,0.5739934371504343,
0,32,384,12.0,16384,480,35,1.0203481619136838,0.23463387619939813,
2,32,48,1.5,16384,480,35,6.283163470416037,6.247449184701751,
2,32,64,2.0,16384,480,35,3.5240068875008936,3.452578316072322,
2,32,96,3.0,16384,480,35,1.916122812326336,1.7732656694691933,
2,32,128,4.0,16384,480,35,1.4985289994810338,1.2842432851953196,
2,32,192,6.0,16384,480,35,1.1747093276894969,0.8175664705466397,
2,32,256,8.0,16384,480,35,1.0986566462612617,0.5986566462612617,
2,32,384,12.0,16384,480,35,1.0238285527223894,0.23811426700810367,
3,32,48,1.5,16384,480,35,10.773158848058879,10.737444562344592,
3,32,64,2.0,16384,480,35,7.314134721877629,7.242706150449058,
3,32,96,3.0,16384,480,35,3.6241039330139366,3.481246790156794,
3,32,128,4.0,16384,480,35,2.0303342587285957,1.8160485444428816,
3,32,192,6.0,16384,480,35,1.3659166190233665,1.0087737618805093,
3,32,256,8.0,16384,480,35,1.1582412743664243,0.6582412743664243,
3,32,384,12.0,16384,480,35,1.035938483327232,0.25022419761294634,
4,32,48,1.5,16384,480,35,15.156675716747753,15.120961431033466,
4,32,64,2.0,16384,480,35,10.489583101395654,10.418154529967083,
4,32,96,3.0,16384,480,35,4.872430507690098,4.729573364832954,
4,32,128,4.0,16384,480,35,2.8252682967868883,2.610982582501174,
4,32,192,6.0,16384,480,35,1.5664146664292464,1.2092718092863892,
4,32,256,8.0,16384,480,35,1.1949120398240414,0.6949120398240414,
4,32,384,12.0,16384,480,35,1.042151604168617,0.25643731845433126,
0,32,48,1.5,16384,480,36,2.5414987500997275,2.505784464385442,
0,32,64,2.0,16384,480,36,1.8148380816906329,1.7434095102620615,
0,32,96,3.0,16384,480,36,1.4167870385391623,1.2739298956820195,
0,32,128,4.0,16384,480,36,1.2554657562466716,1.0411800419609574,
0,32,192,6.0,16384,480,36,1.1210027835612684,0.7638599264184112,
0,32,256,8.0,16384,480,36,1.0685694308102835,0.5685694308102835,
0,32,384,12.0,16384,480,36,1.018314014468664,0.2325997287543783,
2,32,48,1.5,16384,480,36,5.568886059027266,5.53317177331298,
2,32,64,2.0,16384,480,36,3.3309047727376417,3.25947620130907,
2,32,96,3.0,16384,480,36,1.778138765757118,1.6352816228999751,
2,32,128,4.0,16384,480,36,1.3950205826443678,1.1807348683586536,
2,32,192,6.0,16384,480,36,1.1558779412750964,0.7987350841322391,
2,32,256,8.0,16384,480,36,1.0835582404668442,0.5835582404668442,
2,32,384,12.0,16384,480,36,1.0221936600000006,0.23647937428571486,
3,32,48,1.5,16384,480,36,10.989434929278975,10.953720643564688,
3,32,64,2.0,16384,480,36,6.853401761428619,6.7819731900000475,
3,32,96,3.0,16384,480,36,2.8962098078123324,2.7533526649551896,
3,32,128,4.0,16384,480,36,1.672844315884896,1.4585586015991818,
3,32,192,6.0,16384,480,36,1.2700821999057539,0.9129393427628967,
3,32,256,8.0,16384,480,36,1.1237749720386654,0.6237749720386654,
3,32,384,12.0,16384,480,36,1.0261420389158322,0.24042775320154652,
4,32,48,1.5,16384,480,36,10.136121813785474,10.100407528071187,
4,32,64,2.0,16384,480,36,6.599695118266721,6.52826654683815,
4,32,96,3.0,16384,480,36,3.1499626873313744,3.0071055444742316,
4,32,128,4.0,16384,480,36,1.8369001681920085,1.6226144539062943,
4,32,192,6.0,16384,480,36,1.3043963839073127,0.9472535267644555,
4,32,256,8.0,16384,480,36,1.1366649411346732,0.6366649411346732,
4,32,384,12.0,16384,480,36,1.030809871547903,0.24509558583361735,
0,32,48,1.5,16384,480,37,2.5724918203459497,2.536777534631664,
0,32,64,2.0,16384,480,37,1.8588687764695329,1.7874402050409615,
0,32,96,3.0,16384,480,37,1.439832980971808,1.2969758381146652,
0,32,128,4.0,16384,480,37,1.273125273250309,1.058839558964595,
0,32,192,6.0,16384,480,37,1.1340178020126335,0.7768749448697763,
0,32,256,8.0,16384,480,37,1.0722813823269985,0.5722813823269985,
0,32,384,12.0,16384,480,37,1.0192663408697067,0.233552055155421,
2,32,48,1.5,16384,480,37,4.699868294470589,4.664154008756303,
2,32,64,2.0,16384,480,37,2.447960264420991,2.3765316929924194,
2,32,96,3.0,16384,480,37,1.6902276236903573,1.5473704808332145,
2,32,128,4.0,16384,480,37,1.3854755482693284,1.1711898339836142,
2,32,192,6.0,16384,480,37,1.1780150245323302,0.820872167389473,
2,32,256,8.0,16384,480,37,1.0929964524306657,0.5929964524306657,
2,32,384,12.0,16384,480,37,1.020977775509404,0.23526348979511835,
3,32,48,1.5,16384,480,37,8.807339708875151,8.771625423160865,
3,32,64,2.0,16384,480,37,4.634276080257969,4.562847508829398,
3,32,96,3.0,16384,480,37,2.548088694131924,2.405231551274781,
3,32,128,4.0,16384,480,37,1.733127413747077,1.5188416994613627,
3,32,192,6.0,16384,480,37,1.2680869433760533,0.9109440862331961,
3,32,256,8.0,16384,480,37,1.130883039887261,0.6308830398872609,
3,32,384,12.0,16384,480,37,1.0298376420695146,0.24412335635522886,
4,32,48,1.5,16384,480,37,12.938844332210808,12.903130046496521,
4,32,64,2.0,16384,480,37,8.093302918556205,8.021874347127634,
4,32,96,3.0,16384,480,37,4.413534328249449,4.270677185392306,
4,32,128,4.0,16384,480,37,2.568782417114945,2.3544967028292305,
4,32,192,6.0,16384,480,37,1.480306315942559,1.1231634587997017,
4,32,256,8.0,16384,480,37,1.2017714972217095,0.7017714972217095,
4,32,384,12.0,16384,480,37,1.0470250596813193,0.2613107739670336,
0,32,48,1.5,16384,480,38,2.976871738938308,2.9411574532240223,
0,32,64,2.0,16384,480,38,2.023295877647933,1.9518673062193617,
0,32,96,3.0,16384,480,38,1.4624768423005894,1.3196196994434466,
0,32,128,4.0,16384,480,38,1.2717817389892274,1.0574960247035132,
0,32,192,6.0,16384,480,38,1.1302122530472303,0.7730693959043731,
0,32,256,8.0,16384,480,38,1.0711907673730912,0.5711907673730912,
0,32,384,12.0,16384,480,38,1.0197344787030427,0.23402019298875698,
2,32,48,1.5,16384,480,38,6.846030265251999,6.810315979537713,
2,32,64,2.0,16384,480,38,3.874759959760287,3.8033313883317152,
2,32,96,3.0,16384,480,38,2.1407224402996228,1.99786529744248,
2,32,128,4.0,16384,480,38,1.5015508686390966,1.2872651543533824,
2,32,192,6.0,16384,480,38,1.2090493602752463,0.8519065031323891,
2,32,256,8.0,16384,480,38,1.108105141784814,0.608105141784814,
2,32,384,12.0,16384,480,38,1.0270792322151068,0.24136494650082108,
3,32,48,1.5,16384,480,38,7.982699972558794,7.946985686844508,
3,32,64,2.0,16384,480,38,4.832535007268121,4.76110643583955,
3,32,96,3.0,16384,480,38,2.265186421287066,2.1223292784299232,
3,32,128,4.0,16384,480,38,1.6006487787274017,1.3863630644416876,
3,32,192,6.0,16384,480,38,1.2289383842580952,0.871795527115238,
3,32,256,8.0,16384,480,38,1.1101865536962205,0.6101865536962205,
3,32,384,12.0,16384,480,38,1.0228661431854902,0.23715185747120449,
4,32,48,1.5,16384,480,38,10.873117190646711,10.837402904932425,
4,32,64,2.0,16384,480,38,6.832614503621315,6.761185932192744,
4,32,96,3.0,16384,480,38,3.1614359449408025,3.0185788020836597,
4,32,128,4.0,16384,480,38,1.973811524574634,1.7595258102889197,
4,32,192,6.0,16384,480,38,1.2970091315955936,0.9398662744527364,
4,32,256,8.0,16384,480,38,1.1336925750437128,0.6336925750437128,
4,32,384,12.0,16384,480,38,1.0235561609039563,0.2378418751896706,
0,32,48,1.5,16384,480,39,2.7760156039007278,2.740301318186442,
0,32,64,2.0,16384,480,39,1.899952304129657,1.8285237327010857,
0,32,96,3.0,16384,480,39,1.416588089651989,1.273730946794846,
0,32,128,4.0,16384,480,39,1.2598513790330657,1.0455656647473515,
0,32,192,6.0,16384,480,39,1.1247372096945862,0.767594352551729,
0,32,256,8.0,16384,480,39,1.0685390245190423,0.5685390245190423,
0,32,384,12.0,16384,480,39,1.0184775058022053,0.2327632200879196,
2,32,48,1.5,16384,480,39,6.436081988669949,6.400367702955664,
2,32,64,2.0,16384,480,39,3.1361537874373786,3.064725216008807,
2,32,96,3.0,16384,480,39,1.619590485668866,1.4767333428117233,
2,32,128,4.0,16384,480,39,1.314625989895633,1.1003402756099188,
2,32,192,6.0,16384,480,39,1.1463028221278115,0.7891599649849543,
2,32,256,8.0,16384,480,39,1.0744223302599254,0.5744223302599254,
2,32,384,12.0,16384,480,39,1.0205222936728653,0.2348080079585796,
3,32,48,1.5,16384,480,39,10.13163330242562,10.095919016711333,
3,32,64,2.0,16384,480,39,6.423195856605455,6.351767285176884,
3,32,96,3.0,16384,480,39,2.976913898345194,2.834056755488051,
3,32,128,4.0,16384,480,39,1.9175444291965855,1.7032587149108713,
3,32,192,6.0,16384,480,39,1.3050816334521353,0.9479387763092781,
3,32,256,8.0,16384,480,39,1.1227865764924398,0.6227865764924398,
3,32,384,12.0,16384,480,39,1.0316321371522876,0.24591785143800193,
4,32,48,1.5,16384,480,39,10.16590259990882,10.130188314194534,
4,32,64,2.0,16384,480,39,6.9943107551094705,6.922882183680899,
4,32,96,3.0,16384,480,39,3.981270875487525,3.838413732630382,
4,32,128,4.0,16384,480,39,2.196749127430172,1.9824634131444576,
4,32,192,6.0,16384,480,39,1.462279292520664,1.1051364353778068,
4,32,256,8.0,16384,480,39,1.1950029648793654,0.6950029648793654,
4,32,384,12.0,16384,480,39,1.048017583994023,0.2623032982797372,
0,32,48,1.5,16384,480,40,2.623483186616243,2.5877689009019575,
0,32,64,2.0,16384,480,40,1.8337379512224408,1.7623093797938694,
0,32,96,3.0,16384,480,40,1.3984593949503665,1.2556022520932237,
0,32,128,4.0,16384,480,40,1.255497302877628,1.0412115885919138,
0,32,192,6.0,16384,480,40,1.1314654955278525,0.7743226383849953,
0,32,256,8.0,16384,480,40,1.073750889440994,0.573750889440994,
0,32,384,12.0,16384,480,40,1.018801672487825,0.23308738677353935,
2,32,48,1.5,16384,480,40,5.292445661568501,5.256731375854216,
2,32,64,2.0,16384,480,40,3.020953315461866,2.9495247440332943,
2,32,96,3.0,16384,480,40,1.714489080828843,1.5716319379717003,
2,32,128,4.0,16384,480,40,1.4120706286203122,1.197784914334598,
2,32,192,6.0,16384,480,40,1.164734975810942,0.8075921186680848,
2,32,256,8.0,16384,480,40,1.076796243065612,0.576796243065612,
2,32,384,12.0,16384,480,40,1.0206328500219066,0.23491856430762093,
3,32,48,1.5,16384,480,40,7.2129426434657065,7.177228357751421,
3,32,64,2.0,16384,480,40,4.989852636511991,4.9184240650834194,
3,32,96,3.0,16384,480,40,2.6915151659660395,2.5486580231088967,
3,32,128,4.0,16384,480,40,1.6365365377899286,1.4222508235042144,
3,32,192,6.0,16384,480,40,1.2357885514031275,0.8786456942602703,
3,32,256,8.0,16384,480,40,1.114979180158231,0.6149791801582309,
3,32,384,12.0,16384,480,40,1.027630971187369,0.24191668547308331,
4,32,48,1.5,16384,480,40,12.421556011004077,12.38584172528979,
4,32,64,2.0,16384,480,40,7.570646969180682,7.499218397752111,
4,32,96,3.0,16384,480,40,2.7481352121647618,2.605278069307619,
4,32,128,4.0,16384,480,40,1.8172047148900603,1.6029190006043461,
4,32,192,6.0,16384,480,40,1.2881509545581409,0.9310080974152837,
4,32,256,8.0,16384,480,40,1.169027267597569,0.669027267597569,
4,32,384,12.0,16384,480,40,1.037811188941859,0.2520969032275734,
0,32,48,1.5,16384,480,41,2.554175441654973,2.5184611559406873,
0,32,64,2.0,16384,480,41,1.8518574973254127,1.7804289258968413,
0,32,96,3.0,16384,480,41,1.407471218728105,1.2646140758709623,
0,32,128,4.0,16384,480,41,1.2503704117328462,1.036084697447132,
0,32,192,6.0,16384,480,41,1.124117381045235,0.7669745239023777,
0,32,256,8.0,16384,480,41,1.0696027085863937,0.5696027085863937,
0,32,384,12.0,16384,480,41,1.019829351060985,0.23411506534669935,
2,32,48,1.5,16384,480,41,3.9973337344404736,3.961619448726188,
2,32,64,2.0,16384,480,41,2.5371203503254733,2.4656917788969017,
2,32,96,3.0,16384,480,41,1.553326477073435,1.4104693342162922,
2,32,128,4.0,16384,480,41,1.2999721849340222,1.085686470648308,
2,32,192,6.0,16384,480,41,1.1485936447225606,0.7914507875797034,
2,32,256,8.0,16384,480,41,1.0810260727518994,0.5810260727518994,
2,32,384,12.0,16384,480,41,1.0235837455189052,0.2378694598046195,
3,32,48,1.5,16384,480,41,6.697552122783046,6.66183783706876,
3,32,64,2.0,16384,480,41,3.806647369525967,3.7352187980973954,
3,32,96,3.0,16384,480,41,1.9955174693392181,1.8526603264820753,
3,32,128,4.0,16384,480,41,1.5529584011459785,1.3386726868602643,
3,32,192,6.0,16384,480,41,1.229741838876673,0.8725989817338158,
3,32,256,8.0,16384,480,41,1.1170637074240255,0.6170637074240255,
3,32,384,12.0,16384,480,41,1.029766121141008,0.24405183542672237,
4,32,48,1.5,16384,480,41,12.414724289997004,12.379010004282717,
4,32,64,2.0,16384,480,41,8.45627865685909,8.38485008543052,
4,32,96,3.0,16384,480,41,3.0931130491024437,2.950255906245301,
4,32,128,4.0,16384,480,41,2.0868475221770426,1.8725618078913284,
4,32,192,6.0,16384,480,41,1.4010157371123166,1.0438728799694594,
4,32,256,8.0,16384,480,41,1.1767309563513522,0.6767309563513522,
4,32,384,12.0,16384,480,41,1.0326068611900612,0.24689257547577548,
0,32,48,1.5,16384,480,42,2.8482651360043127,2.812550850290027,
0,32,64,2.0,16384,480,42,1.855972465240807,1.7845438938122355,
0,32,96,3.0,16384,480,42,1.4093920082253262,1.2665348653681834,
0,32,128,4.0,16384,480,42,1.2563859006149565,1.0421001863292423,
0,32,192,6.0,16384,480,42,1.1279889780668748,0.7708461209240176,
0,32,256,8.0,16384,480,42,1.0704039809275827,0.5704039809275827,
0,32,384,12.0,16384,480,42,1.0192275560929054,0.2335132703786197,
2,32,48,1.5,16384,480,42,4.045664193463868,4.009949907749583,
2,32,64,2.0,16384,480,42,2.2915194879861813,2.2200909165576097,
2,32,96,3.0,16384,480,42,1.556989552122357,1.414132409265214,
2,32,128,4.0,16384,480,42,1.3465750152615763,1.1322893009758621,
2,32,192,6.0,16384,480,42,1.1582404107386686,0.8010975535958114,
2,32,256,8.0,16384,480,42,1.0856305699516062,0.5856305699516062,
2,32,384,12.0,16384,480,42,1.021583256825366,0.2358689711110803,
3,32,48,1.5,16384,480,42,7.589663044126479,7.553948758412194,
3,32,64,2.0,16384,480,42,3.2190819787406473,3.1476534073120757,
3,32,96,3.0,16384,480,42,2.0361093742754033,1.8932522314182605,
3,32,128,4.0,16384,480,42,1.5335375850501927,1.3192518707644785,
3,32,192,6.0,16384,480,42,1.2144497237078538,0.8573068665649966,
3,32,256,8.0,16384,480,42,1.1088581974377067,0.6088581974377067,
3,32,384,12.0,16384,480,42,1.0268842258993542,0.24116994018506854,
4,32,48,1.5,16384,480,42,11.102273658564386,11.066559372850099,
4,32,64,2.0,16384,480,42,6.644139274594462,6.572710703165891,
4,32,96,3.0,16384,480,42,3.653436965912397,3.510579823055254,
4,32,128,4.0,16384,480,42,2.106284462610134,1.8919987483244196,
4,32,192,6.0,16384,480,42,1.5190623375489574,1.1619194804061002,
4,32,256,8.0,16384,480,42,1.166080349223495,0.666080349223495,
4,32,384,12.0,16384,480,42,1.0409323138929234,0.2552180281786377,
0,32,48,1.5,16384,480,43,2.7011667611153323,2.6654524754010467,
0,32,64,2.0,16384,480,43,1.9139144912310766,1.8424859198025052,
0,32,96,3.0,16384,480,43,1.4139174218276305,1.2710602789704877,
0,32,128,4.0,16384,480,43,1.2638594309069728,1.0495737166212586,
0,32,192,6.0,16384,480,43,1.1302105303378858,0.7730676731950286,
0,32,256,8.0,16384,480,43,1.0731287445501112,0.5731287445501112,
0,32,384,12.0,16384,480,43,1.0193989922685585,0.23368470655427276,
2,32,48,1.5,16384,480,43,4.630036246528382,4.594321960814097,
2,32,64,2.0,16384,480,43,2.934011194454423,2.8625826230258515,
2,32,96,3.0,16384,480,43,1.6469428892144482,1.5040857463573054,
2,32,128,4.0,16384,480,43,1.3722386461111769,1.1579529318254627,
2,32,192,6.0,16384,480,43,1.1498116761903212,0.792668819047464,
2,32,256,8.0,16384,480,43,1.0713884206979265,0.5713884206979265,
2,32,384,12.0,16384,480,43,1.0201282387397468,0.23441395302546109,
3,32,48,1.5,16384,480,43,10.005571119150446,9.96985683343616,
3,32,64,2.0,16384,480,43,5.783040433936383,5.711611862507811,
3,32,96,3.0,16384,480,43,2.1369006334279472,1.9940434905708044,
3,32,128,4.0,16384,480,43,1.5927122167694423,1.3784265024837281,
3,32,192,6.0,16384,480,43,1.219838303076023,0.8626954459331657,
3,32,256,8.0,16384,480,43,1.117021999234338,0.617021999234338,
3,32,384,12.0,16384,480,43,1.023356171199485,0.23764188548519927,
4,32,48,1.5,16384,480,43,9.930349515353823,9.894635229639537,
4,32,64,2.0,16384,480,43,5.9886744236339355,5.917245852205364,
4,32,96,3.0,16384,480,43,3.35223354682541,3.209376403968267,
4,32,128,4.0,16384,480,43,2.1572587633815896,1.9429730490958754,
4,32,192,6.0,16384,480,43,1.438353880282273,1.0812110231394159,
4,32,256,8.0,16384,480,43,1.1792281196755119,0.6792281196755119,
4,32,384,12.0,16384,480,43,1.0343448745972041,0.24863058888291845,
0,32,48,1.5,16384,480,44,2.705496071261811,2.669781785547525,
0,32,64,2.0,16384,480,44,1.8740654052705774,1.802636833842006,
0,32,96,3.0,16384,480,44,1.4022535134033984,1.2593963705462556,
0,32,128,4.0,16384,480,44,1.2540767899452392,1.039791075659525,
0,32,192,6.0,16384,480,44,1.1248954699645437,0.7677526128216865,
0,32,256,8.0,16384,480,44,1.0698174670906562,0.5698174670906562,
0,32,384,12.0,16384,480,44,1.019317227921364,0.23360294220707833,
2,32,48,1.5,16384,480,44,4.965866996581638,4.930152710867352,
2,32,64,2.0,16384,480,44,2.871993274124818,2.8005647026962466,
2,32,96,3.0,16384,480,44,1.6606938236846087,1.517836680827466,
2,32,128,4.0,16384,480,44,1.3804883647819444,1.1662026504962302,
2,32,192,6.0,16384,480,44,1.1522419301232436,0.7950990729803864,
2,32,256,8.0,16384,480,44,1.0790726578035748,0.5790726578035748,
2,32,384,12.0,16384,480,44,1.0198397308968086,0.23412544518252287,
3,32,48,1.5,16384,480,44,7.263700795628458,7.227986509914173,
3,32,64,2.0,16384,480,44,4.669554739447284,4.598126168018712,
3,32,96,3.0,16384,480,44,2.2458923524896224,2.1030352096324796,
3,32,128,4.0,16384,480,44,1.5050598763463503,1.290774162060636,
3,32,192,6.0,16384,480,44,1.2389807054801782,0.881837848337321,
3,32,256,8.0,16384,480,44,1.1277884278455135,0.6277884278455135,
3,32,384,12.0,16384,480,44,1.0279434069233124,0.24222912120902673,
4,32,48,1.5,16384,480,44,12.077964048109974,12.042249762395688,
4,32,64,2.0,16384,480,44,7.626486408576076,7.555057837147505,
4,32,96,3.0,16384,480,44,3.4978813364086956,3.355024193551553,
4,32,128,4.0,16384,480,44,2.0276608050486953,1.813375090762981,
4,32,192,6.0,16384,480,44,1.3643518479918,1.0072089908489428,
4,32,256,8.0,16384,480,44,1.1643042483680701,0.6643042483680701,
4,32,384,12.0,16384,480,44,1.0367536324706792,0.2510393467563935,
0,32,48,1.5,16384,480,45,2.6884818050340797,2.652767519319794,
0,32,64,2.0,16384,480,45,1.9269593514786196,1.8555307800500482,
0,32,96,3.0,16384,480,45,1.4462688510193717,1.303411708162229,
0,32,128,4.0,16384,480,45,1.2591084027983483,1.0448226885126342,
0,32,192,6.0,16384,480,45,1.1301631393363107,0.7730202821934535,
0,32,256,8.0,16384,480,45,1.0711060912667747,0.5711060912667747,
0,32,384,12.0,16384,480,45,1.0190086162362224,0.2332943305219367,
2,32,48,1.5,16384,480,45,5.48786308479792,5.452148799083634,
2,32,64,2.0,16384,480,45,3.201511356389281,3.1300827849607096,
2,32,96,3.0,16384,480,45,1.8046183208772495,1.6617611780201067,
2,32,128,4.0,16384,480,45,1.444377449902119,1.2300917356164047,
2,32,192,6.0,16384,480,45,1.1719400596888174,0.8147972025459602,
2,32,256,8.0,16384,480,45,1.0895044011875699,0.5895044011875699,
2,32,384,12.0,16384,480,45,1.0246946593430084,0.2389803736287227,
3,32,48,1.5,16384,480,45,6.876238498178669,6.840524212464383,
3,32,64,2.0,16384,480,45,4.0536193107828895,3.982190739354318,
3,32,96,3.0,16384,480,45,2.3659896282280197,2.223132485370877,
3,32,128,4.0,16384,480,45,1.5407517391109855,1.3264660248252713,
3,32,192,6.0,16384,480,45,1.2235222232594016,0.8663793661165444,
3,32,256,8.0,16384,480,45,1.1231004045573916,0.6231004045573916,
3,32,384,12.0,16384,480,45,1.0283218379586667,0.24260755224438102,
4,32,48,1.5,16384,480,45,11.491777061533336,11.45606277581905,
4,32,64,2.0,16384,480,45,6.404205445596807,6.3327768741682355,
4,32,96,3.0,16384,480,45,3.3161654778141822,3.1733083349570395,
4,32,128,4.0,16384,480,45,2.253786109110739,2.0395003948250245,
4,32,192,6.0,16384,480,45,1.3484003574438983,0.9912575003010411,
4,32,256,8.0,16384,480,45,1.1564326790031025,0.6564326790031025,
4,32,384,12.0,16384,480,45,1.0436842155560688,0.25796992984178313,
0,32,48,1.5,16384,480,46,2.8120380877831765,2.776323802068891,
0,32,64,2.0,16384,480,46,1.8892007872439929,1.8177722158154215,
0,32,96,3.0,16384,480,46,1.4132624909683995,1.2704053481112567,
0,32,128,4.0,16384,480,46,1.253836832414206,1.0395511181284918,
0,32,192,6.0,16384,480,46,1.1284381061006048,0.7712952489577476,
0,32,256,8.0,16384,480,46,1.069164067401745,0.5691640674017451,
0,32,384,12.0,16384,480,46,1.01884380571413,0.23312951999984433,
2,32,48,1.5,16384,480,46,5.217509105694095,5.181794819979809,
2,32,64,2.0,16384,480,46,2.9666901966947563,2.8952616252661847,
2,32,96,3.0,16384,480,46,1.649217864502381,1.5063607216452382,
2,32,128,4.0,16384,480,46,1.341116969641623,1.1268312553559088,
2,32,192,6.0,16384,480,46,1.146597488373302,0.7894546312304449,
2,32,256,8.0,16384,480,46,1.083260227824644,0.5832602278246439,
2,32,384,12.0,16384,480,46,1.0220588714849743,0.23634458577068862,
3,32,48,1.5,16384,480,46,13.31812474301194,13.282410457297653,
3,32,64,2.0,16384,480,46,8.378693792578124,8.307265221149553,
3,32,96,3.0,16384,480,46,3.370046917997204,3.227189775140061,
3,32,128,4.0,16384,480,46,2.0156075918270213,1.8013218775413071,
3,32,192,6.0,16384,480,46,1.3304380512272154,0.9732951940843582,
3,32,256,8.0,16384,480,46,1.129297235256238,0.629297235256238,
3,32,384,12.0,16384,480,46,1.0305732602795514,0.24485897456526573,
4,32,48,1.5,16384,480,46,15.503141082084301,15.467426796370015,
4,32,64,2.0,16384,480,46,9.075405673980672,9.003977102552101,
4,32,96,3.0,16384,480,46,4.0413852201118345,3.8985280772546917,
4,32,128,4.0,16384,480,46,2.383074247402331,2.168788533116617,
4,32,192,6.0,16384,480,46,1.4752879268645007,1.1181450697216435,
4,32,256,8.0,16384,480,46,1.1799395604880247,0.6799395604880247,
4,32,384,12.0,16384,480,46,1.0360859172332382,0.2503716315189525,
0,32,48,1.5,16384,480,47,2.6111784418748774,2.5754641561605918,
0,32,64,2.0,16384,480,47,1.852483471383874,1.7810548999553026,
0,32,96,3.0,16384,480,47,1.4238602330693029,1.28100309021216,
0,32,128,4.0,16384,480,47,1.2600028787034607,1.0457171644177465,
0,32,192,6.0,16384,480,47,1.1263535262282434,0.7692106690853862,
0,32,256,8.0,16384,480,47,1.070108853512558,0.570108853512558,
0,32,384,12.0,16384,480,47,1.0189157114329124,0.23320142571862668,
2,32,48,1.5,16384,480,47,5.890000323485762,5.854286037771477,
2,32,64,2.0,16384,480,47,3.020870223220406,2.9494416517918345,
2,32,96,3.0,16384,480,47,1.7109902165783462,1.5681330737212034,
2,32,128,4.0,16384,480,47,1.3570735480976057,1.1427878338118915,
2,32,192,6.0,16384,480,47,1.1674198526102626,0.8102769954674054,
2,32,256,8.0,16384,480,47,1.0894888768095794,0.5894888768095794,
2,32,384,12.0,16384,480,47,1.0227434700793447,0.23702918436505904,
3,32,48,1.5,16384,480,47,7.036482560767242,7.000768275052956,
3,32,64,2.0,16384,480,47,4.7989579006406275,4.727529329212056,
3,32,96,3.0,16384,480,47,2.4365317514088574,2.2936746085517146,
3,32,128,4.0,16384,480,47,1.5560676969564051,1.341781982670691,
3,32,192,6.0,16384,480,47,1.2822241726359702,0.925081315493113,
3,32,256,8.0,16384,480,47,1.1245104100794598,0.6245104100794598,
3,32,384,12.0,16384,480,47,1.0296483188301524,0.2439340331158667,
4,32,48,1.5,16384,480,47,15.273934787084645,15.238220501370359,
4,32,64,2.0,16384,480,47,10.93906049041624,10.86763191898767,
4,32,96,3.0,16384,480,47,6.075202853811254,5.9323457109541105,
4,32,128,4.0,16384,480,47,3.486916942346888,3.2726312280611736,
4,32,192,6.0,16384,480,47,1.7950193126212128,1.4378764554783556,
4,32,256,8.0,16384,480,47,1.2741470246329192,0.7741470246329192,
4,32,384,12.0,16384,480,47,1.0414268466130427,0.25571256089875705,
0,32,48,1.5,16384,480,48,2.620154246904381,2.5844399611900952,
0,32,64,2.0,16384,480,48,1.8946640213931478,1.8232354499645764,
0,32,96,3.0,16384,480,48,1.4105791261293057,1.267721983272163,
0,32,128,4.0,16384,480,48,1.251570769656662,1.0372850553709478,
0,32,192,6.0,16384,480,48,1.1254765678805778,0.7683337107377206,
0,32,256,8.0,16384,480,48,1.0703406071458574,0.5703406071458574,
0,32,384,12.0,16384,480,48,1.0193289633651206,0.23361467765083488,
2,32,48,1.5,16384,480,48,7.279005166475426,7.2432908807611405,
2,32,64,2.0,16384,480,48,3.333549212014312,3.2621206405857404,
2,32,96,3.0,16384,480,48,1.842805414019943,1.6999482711628002,
2,32,128,4.0,16384,480,48,1.4971566532282514,1.2828709389425372,
2,32,192,6.0,16384,480,48,1.2119935768682393,0.8548507197253821,
2,32,256,8.0,16384,480,48,1.1074206754217666,0.6074206754217666,
2,32,384,12.0,16384,480,48,1.0256167368082176,0.23990245109393193,
3,32,48,1.5,16384,480,48,8.199108481605757,8.16339419589147,
3,32,64,2.0,16384,480,48,5.301039434541556,5.229610863112985,
3,32,96,3.0,16384,480,48,2.2486117785905306,2.105754635733388,
3,32,128,4.0,16384,480,48,1.5413446701269247,1.3270589558412105,
3,32,192,6.0,16384,480,48,1.1948558640316245,0.8377130068887673,
3,32,256,8.0,16384,480,48,1.0980841867801558,0.5980841867801558,
3,32,384,12.0,16384,480,48,1.0281642252148746,0.2424499395005889,
4,32,48,1.5,16384,480,48,12.776304496093381,12.740590210379095,
4,32,64,2.0,16384,480,48,8.701452352960196,8.630023781531625,
4,32,96,3.0,16384,480,48,3.572324483293114,3.4294673404359712,
4,32,128,4.0,16384,480,48,2.012354703642691,1.7980689893569768,
4,32,192,6.0,16384,480,48,1.436251775173498,1.0791089180306408,
4,32,256,8.0,16384,480,48,1.18972018241218,0.6897201824121799,
4,32,384,12.0,16384,480,48,1.0414469545657086,0.2557326688514229,
0,32,48,1.5,16384,480,49,2.746537755330487,2.7108234696162015,
0,32,64,2.0,16384,480,49,1.8939804573203256,1.8225518858917542,
0,32,96,3.0,16384,480,49,1.4424718707275015,1.2996147278703587,
0,32,128,4.0,16384,480,49,1.2689632682207086,1.0546775539349944,
0,32,192,6.0,16384,480,49,1.1260448450118667,0.7689019878690095,
0,32,256,8.0,16384,480,49,1.0711818842260645,0.5711818842260645,
0,32,384,12.0,16384,480,49,1.0193225059155961,0.23360822020131045,
2,32,48,1.5,16384,480,49,4.163550110332091,4.127835824617805,
2,32,64,2.0,16384,480,49,2.2831583701873686,2.211729798758797,
2,32,96,3.0,16384,480,49,1.4718450553051254,1.3289879124479826,
2,32,128,4.0,16384,480,49,1.293560998188816,1.079275283903102,
2,32,192,6.0,16384,480,49,1.129304311303174,0.7721614541603168,
2,32,256,8.0,16384,480,49,1.069114396518171,0.5691143965181711,
2,32,384,12.0,16384,480,49,1.0201969838633653,0.23448269814907963,
3,32,48,1.5,16384,480,49,8.94664274523985,8.910928459525563,
3,32,64,2.0,16384,480,49,5.922567568951141,5.85113899752257,
3,32,96,3.0,16384,480,49,3.1234123081143554,2.9805551652572126,
3,32,128,4.0,16384,480,49,1.8699176243179947,1.6556319100322805,
3,32,192,6.0,16384,480,49,1.3021723638491034,0.9450295067062462,
3,32,256,8.0,16384,480,49,1.145681763673445,0.6456817636734451,
3,32,384,12.0,16384,480,49,1.03055036122824,0.24483607551395437,
4,32,48,1.5,16384,480,49,8.865090344249364,8.829376058535077,
4,32,64,2.0,16384,480,49,6.581940457357632,6.510511885929061,
4,32,96,3.0,16384,480,49,3.3557876203477046,3.212930477490562,
4,32,128,4.0,16384,480,49,1.9816190864773455,1.7673333721916313,
4,32,192,6.0,16384,480,49,1.3756557152771804,1.0185128581343232,
4,32,256,8.0,16384,480,49,1.1634104792252007,0.6634104792252007,
4,32,384,12.0,16384,480,49,1.0406898690790083,0.2549755833647226,
0,32,48,1.5,16384,480,50,2.756210664805204,2.7204963790909185,
0,32,64,2.0,16384,480,50,1.8319422339211064,1.760513662492535,
0,32,96,3.0,16384,480,50,1.3796818701863034,1.2368247273291606,
0,32,128,4.0,16384,480,50,1.2419038623958893,1.0276181481101752,
0,32,192,6.0,16384,480,50,1.120360106582667,0.7632172494398097,
0,32,256,8.0,16384,480,50,1.0669892457016938,0.5669892457016938,
0,32,384,12.0,16384,480,50,1.0189139315803606,0.2331996458660749,
2,32,48,1.5,16384,480,50,4.733252587123777,4.697538301409492,
2,32,64,2.0,16384,480,50,2.6511399882625732,2.5797114168340016,
2,32,96,3.0,16384,480,50,1.5705103525946709,1.427653209737528,
2,32,128,4.0,16384,480,50,1.311526012345885,1.0972402980601708,
2,32,192,6.0,16384,480,50,1.1528804184101318,0.7957375612672746,
2,32,256,8.0,16384,480,50,1.0828595905271896,0.5828595905271896,
2,32,384,12.0,16384,480,50,1.0213289623283666,0.23561467661408086,
3,32,48,1.5,16384,480,50,7.617193275086383,7.581478989372098,
3,32,64,2.0,16384,480,50,3.9916515607386795,3.920222989310108,
3,32,96,3.0,16384,480,50,2.1894089956003864,2.0465518527432436,
3,32,128,4.0,16384,480,50,1.637529974910624,1.4232442606249098,
3,32,192,6.0,16384,480,50,1.2499863172686818,0.8928434601258246,
3,32,256,8.0,16384,480,50,1.1117235072855,0.6117235072855001,
3,32,384,12.0,16384,480,50,1.0289380584356569,0.2432237727213712,
4,32,48,1.5,16384,480,50,10.594562397534707,10.55884811182042,
4,32,64,2.0,16384,480,50,7.061597575088676,6.990169003660105,
4,32,96,3.0,16384,480,50,3.5189709077944022,3.3761137649372595,
4,32,128,4.0,16384,480,50,2.3224425577598335,2.108156843474119,
4,32,192,6.0,16384,480,50,1.4363033296765182,1.079160472533661,
4,32,256,8.0,16384,480,50,1.2242196978709998,0.7242196978709998,
4,32,384,12.0,16384,480,50,1.0423414256937036,0.2566271399794179,
0,32,48,1.5,16384,480,51,2.612142402517755,2.5764281168034695,
0,32,64,2.0,16384,480,51,1.9542602585147337,1.8828316870861623,
0,32,96,3.0,16384,480,51,1.4468710751888514,1.3040139323317086,
0,32,128,4.0,16384,480,51,1.270566373696159,1.0562806594104448,
0,32,192,6.0,16384,480,51,1.1355973172736622,0.778454460130805,
0,32,256,8.0,16384,480,51,1.0756362795237082,0.5756362795237082,
0,32,384,12.0,16384,480,51,1.0207375660196314,0.2350232803053457,
2,32,48,1.5,16384,480,51,5.100949353023399,5.065235067309113,
2,32,64,2.0,16384,480,51,3.2469854170757646,3.175556845647193,
2,32,96,3.0,16384,480,51,1.8496659082675821,1.7068087654104394,
2,32,128,4.0,16384,480,51,1.4548455189780023,1.240559804692288,
2,32,192,6.0,16384,480,51,1.2122020492010606,0.8550591920582034,
2,32,256,8.0,16384,480,51,1.1087557607782235,0.6087557607782235,
2,32,384,12.0,16384,480,51,1.0264133726700038,0.24069908695571807,
3,32,48,1.5,16384,480,51,10.537136786172983,10.501422500458697,
3,32,64,2.0,16384,480,51,6.643705764778483,6.572277193349912,
3,32,96,3.0,16384,480,51,2.740000211140763,2.59714306828362,
3,32,128,4.0,16384,480,51,1.9346899131344526,1.7204041988487384,
3,32,192,6.0,16384,480,51,1.2452054253116183,0.8880625681687611,
3,32,256,8.0,16384,480,51,1.1117750224642866,0.6117750224642866,
3,32,384,12.0,16384,480,51,1.0301872112694204,0.24447292555513467,
4,32,48,1.5,16384,480,51,11.318581460755286,11.282867175041,
4,32,64,2.0,16384,480,51,7.302893438056796,7.231464866628225,
4,32,96,3.0,16384,480,51,3.5301699303967524,3.3873127875396096,
4,32,128,4.0,16384,480,51,2.042750421321472,1.828464707035758,
4,32,192,6.0,16384,480,51,1.3718288593983339,1.0146860022554767,
4,32,256,8.0,16384,480,51,1.1439936844568477,0.6439936844568477,
4,32,384,12.0,16384,480,51,1.0291548080803017,0.243440522366016,
0,32,48,1.5,16384,480,52,2.8393248848578923,2.8036105991436067,
0,32,64,2.0,16384,480,52,1.9647095274405841,1.8932809560120127,
0,32,96,3.0,16384,480,52,1.4391837420542966,1.2963265991971538,
0,32,128,4.0,16384,480,52,1.2674113744455862,1.053125660159872,
0,32,192,6.0,16384,480,52,1.1264043589046775,0.7692615017618203,
0,32,256,8.0,16384,480,52,1.069021559486212,0.569021559486212,
0,32,384,12.0,16384,480,52,1.0192879614787684,0.23357367576448274,
2,32,48,1.5,16384,480,52,5.777961592082056,5.74224730636777,
2,32,64,2.0,16384,480,52,3.3638792016738113,3.2924506302452397,
2,32,96,3.0,16384,480,52,1.8895705354515206,1.7467133925943779,
2,32,128,4.0,16384,480,52,1.4117646897947433,1.1974789755090292,
2,32,192,6.0,16384,480,52,1.1755340438634068,0.8183911867205496,
2,32,256,8.0,16384,480,52,1.0892540625990579,0.5892540625990579,
2,32,384,12.0,16384,480,52,1.0244407166305713,0.23872643091628565,
3,32,48,1.5,16384,480,52,7.087968319248058,7.052254033533773,
3,32,64,2.0,16384,480,52,3.6921444259826828,3.620715854554111,
3,32,96,3.0,16384,480,52,2.11444827344606,1.971591130588917,
3,32,128,4.0,16384,480,52,1.686964235153601,1.4726785208678868,
3,32,192,6.0,16384,480,52,1.2411555847371045,0.8840127275942473,
3,32,256,8.0,16384,480,52,1.110827792474625,0.610827792474625,
3,32,384,12.0,16384,480,52,1.0302971205248352,0.24458283481054954,
4,32,48,1.5,16384,480,52,8.905348796139975,8.869634510425689,
4,32,64,2.0,16384,480,52,7.13477476894168,7.063346197513109,
4,32,96,3.0,16384,480,52,3.218587724580246,3.075730581723103,
4,32,128,4.0,16384,480,52,1.9579146695356417,1.7436289552499276,
4,32,192,6.0,16384,480,52,1.3088622255848907,0.9517193684420335,
4,32,256,8.0,16384,480,52,1.1387352857287028,0.6387352857287028,
4,32,384,12.0,16384,480,52,1.0333157587357589,0.24760147302147317,
0,32,48,1.5,16384,480,53,2.6447213998860946,2.609007114171809,
0,32,64,2.0,16384,480,53,1.7830237746488296,1.7115952032202582,
0,32,96,3.0,16384,480,53,1.3892322117546834,1.2463750688975406,
0,32,128,4.0,16384,480,53,1.2485209244604623,1.034235210174748,
0,32,192,6.0,16384,480,53,1.1271694440659772,0.77002658692312,
0,32,256,8.0,16384,480,53,1.0720899451877335,0.5720899451877335,
0,32,384,12.0,16384,480,53,1.0196407874540891,0.23392650173980345,
2,32,48,1.5,16384,480,53,5.600214788454569,5.564500502740284,
2,32,64,2.0,16384,480,53,3.2544976373681345,3.183069065939563,
2,32,96,3.0,16384,480,53,1.715567186319002,1.5727100434618593,
2,32,128,4.0,16384,480,53,1.3647052139474005,1.1504194996616863,
2,32,192,6.0,16384,480,53,1.1707784528411502,0.813635595698293,
2,32,256,8.0,16384,480,53,1.0854552209815296,0.5854552209815296,
2,32,384,12.0,16384,480,53,1.0224214184166145,0.2367071327023288,
3,32,48,1.5,16384,480,53,8.866317165574639,8.830602879860352,
3,32,64,2.0,16384,480,53,5.265373330757728,5.193944759329157,
3,32,96,3.0,16384,480,53,2.8459099322960046,2.703052789438862,
3,32,128,4.0,16384,480,53,1.9365378562752888,1.7222521419895747,
3,32,192,6.0,16384,480,53,1.3516726562452601,0.9945297991024029,
3,32,256,8.0,16384,480,53,1.148623378345671,0.648623378345671,
3,32,384,12.0,16384,480,53,1.027133489357629,0.24141920364334324,
4,32,48,1.5,16384,480,53,13.824804951286081,13.789090665571795,
4,32,64,2.0,16384,480,53,9.774737082014244,9.703308510585673,
4,32,96,3.0,16384,480,53,5.224113999805903,5.08125685694876,
4,32,128,4.0,16384,480,53,3.325182882817626,3.1108971685319116,
4,32,192,6.0,16384,480,53,1.7059662387031067,1.3488233815602495,
4,32,256,8.0,16384,480,53,1.257987962693159,0.7579879626931589,
4,32,384,12.0,16384,480,53,1.0490967697056501,0.26338248399136444,
0,32,48,1.5,16384,480,54,2.6859133133544963,2.6501990276402108,
0,32,64,2.0,16384,480,54,1.8142425569663634,1.742813985537792,
0,32,96,3.0,16384,480,54,1.403457370484744,1.2606002276276012,
0,32,128,4.0,16384,480,54,1.2568302501209438,1.0425445358352297,
0,32,192,6.0,16384,480,54,1.1247469636777117,0.7676041065348544,
0,32,256,8.0,16384,480,54,1.0703914784929593,0.5703914784929593,
0,32,384,12.0,16384,480,54,1.019515665181797,0.23380137946751123,
2,32,48,1.5,16384,480,54,5.740348559218559,5.704634273504273,
2,32,64,2.0,16384,480,54,2.6387613597267436,2.567332788298172,
2,32,96,3.0,16384,480,54,1.687412844268629,1.5445557014114861,
2,32,128,4.0,16384,480,54,1.3518707911121024,1.1375850768263882,
2,32,192,6.0,16384,480,54,1.1738706837350574,0.8167278265922002,
2,32,256,8.0,16384,480,54,1.0847167908910564,0.5847167908910564,
2,32,384,12.0,16384,480,54,1.022375153050676,0.23666086733639025,
3,32,48,1.5,16384,480,54,8.89394811201879,8.858233826304504,
3,32,64,2.0,16384,480,54,5.627684555432531,5.55625598400396,
3,32,96,3.0,16384,480,54,2.5139874739589643,2.3711303311018215,
3,32,128,4.0,16384,480,54,1.7652088209439016,1.5509231066581874,
3,32,192,6.0,16384,480,54,1.2842771262209347,0.9271342690780775,
3,32,256,8.0,16384,480,54,1.1305638114699676,0.6305638114699676,
3,32,384,12.0,16384,480,54,1.029443514845028,0.24372922913074235,
4,32,48,1.5,16384,480,54,12.562929058791841,12.527214773077555,
4,32,64,2.0,16384,480,54,8.082658640745706,8.011230069317135,
4,32,96,3.0,16384,480,54,3.624966738287078,3.482109595429935,
4,32,128,4.0,16384,480,54,2.1661014255105777,1.9518157112248635,
4,32,192,6.0,16384,480,54,1.4658443615210257,1.1087015043781685,
4,32,256,8.0,16384,480,54,1.2142840249575206,0.7142840249575206,
4,32,384,12.0,16384,480,54,1.0386317117998105,0.2529174260855248,
0,32,48,1.5,16384,480,55,2.874048180463606,2.8383338947493204,
0,32,64,2.0,16384,480,55,1.9168956106848463,1.8454670392562749,
0,32,96,3.0,16384,480,55,1.4312755633581564,1.2884184205010136,
0,32,128,4.0,16384,480,55,1.2652586542385622,1.050972939952848,
0,32,192,6.0,16384,480,55,1.1308854288762409,0.7737425717333837,
0,32,256,8.0,16384,480,55,1.0723872423159235,0.5723872423159235,
0,32,384,12.0,16384,480,55,1.0197661109103626,0.23405182519607692,
2,32,48,1.5,16384,480,55,5.828474346805737,5.792760061091451,
2,32,64,2.0,16384,480,55,3.243615433672593,3.1721868622440215,
2,32,96,3.0,16384,480,55,1.8838048836018382,1.7409477407446954,
2,32,128,4.0,16384,480,55,1.456859863918862,1.2425741496331477,
2,32,192,6.0,16384,480,55,1.1797755056313064,0.8226326484884492,
2,32,256,8.0,16384,480,55,1.0931725135312529,0.5931725135312529,
2,32,384,12.0,16384,480,55,1.022895252022935,0.23718096630864938,
3,32,48,1.5,16384,480,55,5.492213330060735,5.456499044346449,
3,32,64,2.0,16384,480,55,3.6003165109456177,3.528887939517046,
3,32,96,3.0,16384,480,55,2.01949687960925,1.8766397367521073,
3,32,128,4.0,16384,480,55,1.6173997601441958,1.4031140458584817,
3,32,192,6.0,16384,480,55,1.2693452349392742,0.912202377796417,
3,32,256,8.0,16384,480,55,1.1455729148207698,0.6455729148207698,
3,32,384,12.0,16384,480,55,1.0297473921387927,0.24403310642450704,
4,32,48,1.5,16384,480,55,11.870849101651608,11.835134815937321,
4,32,64,2.0,16384,480,55,6.968519052657174,6.897090481228603,
4,32,96,3.0,16384,480,55,3.6085568492476656,3.465699706390523,
4,32,128,4.0,16384,480,55,2.2552242596410843,2.04093854535537,
4,32,192,6.0,16384,480,55,1.306396529604802,0.9492536724619447,
4,32,256,8.0,16384,480,55,1.1429435588879509,0.6429435588879509,
4,32,384,12.0,16384,480,55,1.0298825911261311,0.24416830541184542,
0,32,48,1.5,16384,480,56,2.9456858789416165,2.909971593227331,
0,32,64,2.0,16384,480,56,1.9413352894378564,1.869906718009285,
0,32,96,3.0,16384,480,56,1.4150213116218429,1.2721641687647,
0,32,128,4.0,16384,480,56,1.2633885472058415,1.0491028329201273,
0,32,192,6.0,16384,480,56,1.1305597039088475,0.7734168467659903,
0,32,256,8.0,16384,480,56,1.0731171650937947,0.5731171650937947,
0,32,384,12.0,16384,480,56,1.0197598233007696,0.23404553758648394,
2,32,48,1.5,16384,480,56,5.462681908607666,5.426967622893381,
2,32,64,2.0,16384,480,56,3.237610859896249,3.1661822884676774,
2,32,96,3.0,16384,480,56,1.614025815747743,1.4711686728906002,
2,32,128,4.0,16384,480,56,1.3800872821893777,1.1658015679036635,
2,32,192,6.0,16384,480,56,1.1650299256570626,0.8078870685142054,
2,32,256,8.0,16384,480,56,1.0907035601309998,0.5907035601309998,
2,32,384,12.0,16384,480,56,1.0252309300365887,0.23951664432230302,
3,32,48,1.5,16384,480,56,6.2734901117039055,6.23777582598962,
3,32,64,2.0,16384,480,56,3.680646340599102,3.6092177691705305,
3,32,96,3.0,16384,480,56,2.307145688046481,2.164288545189338,
3,32,128,4.0,16384,480,56,1.7480519733591318,1.5337662590734176,
3,32,192,6.0,16384,480,56,1.2703655074714684,0.9132226503286112,
3,32,256,8.0,16384,480,56,1.1120682534953534,0.6120682534953534,
3,32,384,12.0,16384,480,56,1.0284640289897917,0.24274974327550602,
4,32,48,1.5,16384,480,56,14.699852730443116,14.66413844472883,
4,32,64,2.0,16384,480,56,8.737453028093757,8.666024456665186,
4,32,96,3.0,16384,480,56,3.886733328036064,3.7438761851789213,
4,32,128,4.0,16384,480,56,2.473194099246835,2.2589083849611207,
4,32,192,6.0,16384,480,56,1.4685495058721147,1.1114066487292575,
4,32,256,8.0,16384,480,56,1.18990332836446,0.68990332836446,
4,32,384,12.0,16384,480,56,1.0340678375702534,0.24835355185596775,
0,32,48,1.5,16384,480,57,2.686232262735202,2.6505179770209164,
0,32,64,2.0,16384,480,57,1.9122839091567607,1.8408553377281893,
0,32,96,3.0,16384,480,57,1.4262969329021113,1.2834397900449686,
0,32,128,4.0,16384,480,57,1.2552846482775137,1.0409989339917995,
0,32,192,6.0,16384,480,57,1.1226356953749659,0.7654928382321087,
0,32,256,8.0,16384,480,57,1.0686360586899764,0.5686360586899764,
0,32,384,12.0,16384,480,57,1.0182450358273478,0.23253075011306212,
2,32,48,1.5,16384,480,57,5.123955486397792,5.088241200683506,
2,32,64,2.0,16384,480,57,2.97162275874958,2.9001941873210084,
2,32,96,3.0,16384,480,57,1.7258006510029973,1.5829435081458545,
2,32,128,4.0,16384,480,57,1.3579629670678341,1.14367725278212,
2,32,192,6.0,16384,480,57,1.1482807018613208,0.7911378447184636,
2,32,256,8.0,16384,480,57,1.079054618732892,0.579054618732892,
2,32,384,12.0,16384,480,57,1.0210242386368438,0.23530995292255807,
3,32,48,1.5,16384,480,57,9.035420228591414,8.999705942877128,
3,32,64,2.0,16384,480,57,5.0503572575648255,4.978928686136254,
3,32,96,3.0,16384,480,57,2.6051280917345343,2.4622709488773915,
3,32,128,4.0,16384,480,57,1.7629720673589193,1.5486863530732051,
3,32,192,6.0,16384,480,57,1.2449603755091547,0.8878175183662975,
3,32,256,8.0,16384,480,57,1.1162418271065238,0.6162418271065238,
3,32,384,12.0,16384,480,57,1.02807086576724,0.24235658005295424,
4,32,48,1.5,16384,480,57,12.704210956143537,12.668496670429251,
4,32,64,2.0,16384,480,57,7.5034085383315565,7.431979966902985,
4,32,96,3.0,16384,480,57,4.371898424468439,4.229041281611296,
4,32,128,4.0,16384,480,57,2.227348438801366,2.0130627245156516,
4,32,192,6.0,16384,480,57,1.3801772561841494,1.0230343990412922,
4,32,256,8.0,16384,480,57,1.1617761471946393,0.6617761471946393,
4,32,384,12.0,16384,480,57,1.03706871669843,0.25135443098414434,
0,32,48,1.5,16384,480,58,2.4870115157319796,2.451297230017694,
0,32,64,2.0,16384,480,58,1.8048264557451716,1.7333978843166002,
0,32,96,3.0,16384,480,58,1.409793711649158,1.266936568792015,
0,32,128,4.0,16384,480,58,1.2612070718257378,1.0469213575400236,
0,32,192,6.0,16384,480,58,1.1273716114811596,0.7702287543383024,
0,32,256,8.0,16384,480,58,1.069654118916317,0.5696541189163169,
0,32,384,12.0,16384,480,58,1.0193199968587174,0.23360571114443174,
2,32,48,1.5,16384,480,58,5.5424828821538075,5.506768596439522,
2,32,64,2.0,16384,480,58,2.96537843466509,2.8939498632365184,
2,32,96,3.0,16384,480,58,1.8282418142585377,1.685384671401395,
2,32,128,4.0,16384,480,58,1.443384634106396,1.2290989198206819,
2,32,192,6.0,16384,480,58,1.180239350864011,0.8230964937211538,
2,32,256,8.0,16384,480,58,1.0918034022101302,0.5918034022101302,
2,32,384,12.0,16384,480,58,1.0221964612371317,0.236482175522846,
3,32,48,1.5,16384,480,58,11.488465594852256,11.45275130913797,
3,32,64,2.0,16384,480,58,6.952458826942473,6.881030255513902,
3,32,96,3.0,16384,480,58,2.8313463000380485,2.6884891571809058,
3,32,128,4.0,16384,480,58,1.8187520728758257,1.6044663585901116,
3,32,192,6.0,16384,480,58,1.3122518706532615,0.9551090135104043,
3,32,256,8.0,16384,480,58,1.1239547125367946,0.6239547125367946,
3,32,384,12.0,16384,480,58,1.0291397976851693,0.24342551197088358,
4,32,48,1.5,16384,480,58,11.717832293847836,11.68211800813355,
4,32,64,2.0,16384,480,58,7.158081343250377,7.0866527718218055,
4,32,96,3.0,16384,480,58,3.690425933978601,3.547568791121458,
4,32,128,4.0,16384,480,58,1.8864700094153153,1.672184295129601,
4,32,192,6.0,16384,480,58,1.2636314818880512,0.906488624745194,
4,32,256,8.0,16384,480,58,1.110112420674374,0.610112420674374,
4,32,384,12.0,16384,480,58,1.0254641045401944,0.23974981882590873,
0,32,48,1.5,16384,480,59,2.8141904802037065,2.778476194489421,
0,32,64,2.0,16384,480,59,1.8554369817623662,1.7840084103337948,
0,32,96,3.0,16384,480,59,1.4297535352146737,1.286896392357531,
0,32,128,4.0,16384,480,59,1.2544107663178128,1.0401250520320986,
0,32,192,6.0,16384,480,59,1.1236456548692344,0.7665027977263772,
0,32,256,8.0,16384,480,59,1.0701971171307814,0.5701971171307814,
0,32,384,12.0,16384,480,59,1.0196062664325942,0.23389198071830852,
2,32,48,1.5,16384,480,59,4.79805799503197,4.762343709317684,
2,32,64,2.0,16384,480,59,2.5984633120655802,2.5270347406370086,
2,32,96,3.0,16384,480,59,1.5964497439085716,1.4535926010514288,
2,32,128,4.0,16384,480,59,1.3074391786929407,1.0931534644072265,
2,32,192,6.0,16384,480,59,1.147639606997002,0.7904967498541449,
2,32,256,8.0,16384,480,59,1.0830441759869098,0.5830441759869098,
2,32,384,12.0,16384,480,59,1.0225026403774127,0.23678835466312698,
3,32,48,1.5,16384,480,59,7.043743245397513,7.0080289596832275,
3,32,64,2.0,16384,480,59,3.9767310709203745,3.905302499491803,
3,32,96,3.0,16384,480,59,1.9505210987806851,1.8076639559235423,
3,32,128,4.0,16384,480,59,1.5229018667490681,1.308616152463354,
3,32,192,6.0,16384,480,59,1.2093964918961146,0.8522536347532574,
3,32,256,8.0,16384,480,59,1.1066770115223987,0.6066770115223987,
3,32,384,12.0,16384,480,59,1.0306162367056828,0.2449019509913971,
4,32,48,1.5,16384,480,59,11.390451731390971,11.354737445676685,
4,32,64,2.0,16384,480,59,6.5148606595808785,6.443432088152307,
4,32,96,3.0,16384,480,59,2.820225923013223,2.67736878015608,
4,32,128,4.0,16384,480,59,1.8973677039289503,1.683081989643236,
4,32,192,6.0,16384,480,59,1.306884974692858,0.9497421175500007,
4,32,256,8.0,16384,480,59,1.1303898302883792,0.6303898302883792,
4,32,384,12.0,16384,480,59,1.0267853490435526,0.24107106332926687,
0,32,48,1.5,16384,480,60,2.6477664140857664,2.612052128371481,
0,32,64,2.0,16384,480,60,1.8856849682273167,1.8142563967987453,
0,32,96,3.0,16384,480,60,1.4257017305841664,1.2828445877270236,
0,32,128,4.0,16384,480,60,1.2579786603776484,1.0436929460919342,
0,32,192,6.0,16384,480,60,1.1231285745062682,0.765985717363411,
0,32,256,8.0,16384,480,60,1.0715106028659491,0.5715106028659491,
0,32,384,12.0,16384,480,60,1.0198040152421255,0.2340897295278398,
2,32,48,1.5,16384,480,60,4.125186993460668,4.089472707746382,
2,32,64,2.0,16384,480,60,2.322272342732519,2.2508437713039475,
2,32,96,3.0,16384,480,60,1.5710897733438045,1.4282326304866617,
2,32,128,4.0,16384,480,60,1.31359602699469,1.0993103127089758,
2,32,192,6.0,16384,480,60,1.1458860951168828,0.7887432379740256,
2,32,256,8.0,16384,480,60,1.0856376768448732,0.5856376768448732,
2,32,384,12.0,16384,480,60,1.0228362943928602,0.23712200867857447,
3,32,48,1.5,16384,480,60,8.278904431749222,8.243190146034935,
3,32,64,2.0,16384,480,60,4.878415904035934,4.806987332607362,
3,32,96,3.0,16384,480,60,2.552384481570403,2.4095273387132603,
3,32,128,4.0,16384,480,60,1.7166551643071122,1.502369450021398,
3,32,192,6.0,16384,480,60,1.2836138631130847,0.9264710059702275,
3,32,256,8.0,16384,480,60,1.130347737227306,0.6303477372273061,
3,32,384,12.0,16384,480,60,1.0312042370368355,0.2454899513225498,
4,32,48,1.5,16384,480,60,10.826173803140101,10.790459517425814,
4,32,64,2.0,16384,480,60,7.222332162510764,7.1509035910821925,
4,32,96,3.0,16384,480,60,2.7750425486575874,2.6321854058004446,
4,32,128,4.0,16384,480,60,1.6564355196382343,1.4421498053525201,
4,32,192,6.0,16384,480,60,1.2340648921856427,0.8769220350427855,
4,32,256,8.0,16384,480,60,1.114726230539494,0.614726230539494,
4,32,384,12.0,16384,480,60,1.0273712410117835,0.24165695529749776,
0,32,48,1.5,16384,480,61,2.5703308512890333,2.5346165655747477,
0,32,64,2.0,16384,480,61,1.8405863400575675,1.769157768628996,
0,32,96,3.0,16384,480,61,1.4355946953287486,1.2927375524716058,
0,32,128,4.0,16384,480,61,1.2617582706118917,1.0474725563261775,
0,32,192,6.0,16384,480,61,1.1320837006278162,0.774940843484959,
0,32,256,8.0,16384,480,61,1.0723143542634215,0.5723143542634215,
0,32,384,12.0,16384,480,61,1.0197145679727118,0.23400028225842606,
2,32,48,1.5,16384,480,61,5.516303673977126,5.480589388262841,
2,32,64,2.0,16384,480,61,3.3289520673894932,3.2575234959609216,
2,32,96,3.0,16384,480,61,1.9467107960785341,1.8038536532213914,
2,32,128,4.0,16384,480,61,1.4892378584817787,1.2749521441960645,
2,32,192,6.0,16384,480,61,1.2039695313726042,0.846826674229747,
2,32,256,8.0,16384,480,61,1.0998689792430014,0.5998689792430014,
2,32,384,12.0,16384,480,61,1.0238935289260451,0.23817924321175943,
3,32,48,1.5,16384,480,61,6.78130250423173,6.745588218517445,
3,32,64,2.0,16384,480,61,4.182144889201048,4.110716317772477,
3,32,96,3.0,16384,480,61,2.1868876347913115,2.0440304919341687,
3,32,128,4.0,16384,480,61,1.634580456027611,1.4202947417418967,
3,32,192,6.0,16384,480,61,1.2585561333446007,0.9014132762017435,
3,32,256,8.0,16384,480,61,1.1352207528330867,0.6352207528330867,
3,32,384,12.0,16384,480,61,1.0273236990231076,0.2416094133088219,
4,32,48,1.5,16384,480,61,11.310587799798869,11.274873514084582,
4,32,64,2.0,16384,480,61,8.0662623080975,7.994833736668928,
4,32,96,3.0,16384,480,61,4.654226261934403,4.511369119077259,
4,32,128,4.0,16384,480,61,2.6911785487463615,2.476892834460647,
4,32,192,6.0,16384,480,61,1.5050358645706834,1.1478930074278262,
4,32,256,8.0,16384,480,61,1.2119609613076774,0.7119609613076774,
4,32,384,12.0,16384,480,61,1.0409777335918053,0.25526344787751964,
0,32,48,1.5,16384,480,62,2.7524519429414918,2.716737657227206,
0,32,64,2.0,16384,480,62,1.8875777286146216,1.8161491571860502,
0,32,96,3.0,16384,480,62,1.436006073385903,1.2931489305287602,
0,32,128,4.0,16384,480,62,1.2593934715305504,1.0451077572448362,
0,32,192,6.0,16384,480,62,1.1327130076854348,0.7755701505425776,
0,32,256,8.0,16384,480,62,1.074027870482213,0.574027870482213,
0,32,384,12.0,16384,480,62,1.0195927771671867,0.23387849145290096,
2,32,48,1.5,16384,480,62,6.541834805235308,6.506120519521023,
2,32,64,2.0,16384,480,62,3.253340193676204,3.1819116222476325,
2,32,96,3.0,16384,480,62,1.7387831438738934,1.5959260010167506,
2,32,128,4.0,16384,480,62,1.4030597856613194,1.1887740713756052,
2,32,192,6.0,16384,480,62,1.186574450395666,0.8294315932528087,
2,32,256,8.0,16384,480,62,1.0953067339758846,0.5953067339758846,
2,32,384,12.0,16384,480,62,1.0217552701942068,0.23604098447992106,
3,32,48,1.5,16384,480,62,8.871839758503821,8.836125472789535,
3,32,64,2.0,16384,480,62,5.178282850187023,5.106854278758452,
3,32,96,3.0,16384,480,62,2.3858957151639295,2.2430385723067867,
3,32,128,4.0,16384,480,62,1.8114271090680485,1.5971413947823343,
3,32,192,6.0,16384,480,62,1.2477601637350564,0.8906173065921992,
3,32,256,8.0,16384,480,62,1.1454008675641012,0.6454008675641012,
3,32,384,12.0,16384,480,62,1.0350659218962746,0.24935163618198886,
4,32,48,1.5,16384,480,62,10.266244949030332,10.230530663316046,
4,32,64,2.0,16384,480,62,6.906641203294281,6.83521263186571,
4,32,96,3.0,16384,480,62,3.30031146837888,3.157454325521737,
4,32,128,4.0,16384,480,62,2.1081611804181066,1.8938754661323924,
4,32,192,6.0,16384,480,62,1.3478370479977997,0.9906941908549425,
4,32,256,8.0,16384,480,62,1.1477531381581954,0.6477531381581954,
4,32,384,12.0,16384,480,62,1.0318219844254184,0.2461076987111327,
0,32,48,1.5,16384,480,63,2.604931343354635,2.5692170576403495,
0,32,64,2.0,16384,480,63,1.8840049347291319,1.8125763633005605,
0,32,96,3.0,16384,480,63,1.4255473895808561,1.2826902467237133,
0,32,128,4.0,16384,480,63,1.2597639180968176,1.0454782038111035,
0,32,192,6.0,16384,480,63,1.1261061758272457,0.7689633186843885,
0,32,256,8.0,16384,480,63,1.0711367562364684,0.5711367562364684,
0,32,384,12.0,16384,480,63,1.0202169859543444,0.2345027002400587,
2,32,48,1.5,16384,480,63,5.019912132343112,4.984197846628827,
2,32,64,2.0,16384,480,63,2.8196320825518564,2.7482035111232848,
2,32,96,3.0,16384,480,63,1.7207834143825367,1.5779262715253939,
2,32,128,4.0,16384,480,63,1.3605130692880674,1.1462273550023532,
2,32,192,6.0,16384,480,63,1.1703499093867415,0.8132070522438843,
2,32,256,8.0,16384,480,63,1.0924235162633675,0.5924235162633675,
2,32,384,12.0,16384,480,63,1.0235325047111152,0.23781821899682953,
3,32,48,1.5,16384,480,63,6.614412380018748,6.578698094304462,
3,32,64,2.0,16384,480,63,4.167897738399079,4.096469166970508,
3,32,96,3.0,16384,480,63,2.508269809887834,2.365412667030691,
3,32,128,4.0,16384,480,63,1.7619173553689087,1.5476316410831945,
3,32,192,6.0,16384,480,63,1.22873551045233,0.8715926533094729,
3,32,256,8.0,16384,480,63,1.10055335648062,0.60055335648062,
3,32,384,12.0,16384,480,63,1.0237133974616246,0.2379991117473389,
4,32,48,1.5,16384,480,63,12.780404204136794,12.744689918422507,
4,32,64,2.0,16384,480,63,7.041296451170414,6.969867879741843,
4,32,96,3.0,16384,480,63,3.0259552299811077,2.883098087123965,
4,32,128,4.0,16384,480,63,2.3035444653614707,2.0892587510757563,
4,32,192,6.0,16384,480,63,1.4723471996372313,1.115204342494374,
4,32,256,8.0,16384,480,63,1.2173749381070027,0.7173749381070027,
4,32,384,12.0,16384,480,63,1.0422360133243527,0.256521727610067,
0,32,48,1.5,16384,480,64,2.826959831959963,2.7912455462456776,
0,32,64,2.0,16384,480,64,1.9416747722060457,1.8702462007774743,
0,32,96,3.0,16384,480,64,1.4265979048789679,1.283740762021825,
0,32,128,4.0,16384,480,64,1.2595696839321255,1.0452839696464113,
0,32,192,6.0,16384,480,64,1.1248881452412653,0.7677452880984081,
0,32,256,8.0,16384,480,64,1.0681349995179203,0.5681349995179203,
0,32,384,12.0,16384,480,64,1.0184018275961753,0.23268754188188956,
2,32,48,1.5,16384,480,64,5.0026990618859095,4.966984776171624,
2,32,64,2.0,16384,480,64,3.025076468591965,2.9536478971633935,
2,32,96,3.0,16384,480,64,1.7602846190417671,1.6174274761846243,
2,32,128,4.0,16384,480,64,1.402577432025514,1.1882917177397998,
2,32,192,6.0,16384,480,64,1.165114889451495,0.8079720323086379,
2,32,256,8.0,16384,480,64,1.090963853475986,0.590963853475986,
2,32,384,12.0,16384,480,64,1.0229991365892366,0.23728485087495088,
3,32,48,1.5,16384,480,64,8.844448749496069,8.808734463781782,
3,32,64,2.0,16384,480,64,5.915853826907381,5.84442525547881,
3,32,96,3.0,16384,480,64,2.935341022688302,2.7924838798311593,
3,32,128,4.0,16384,480,64,1.96762055235908,1.7533348380733658,
3,32,192,6.0,16384,480,64,1.3590024314903,1.0018595743474428,
3,32,256,8.0,16384,480,64,1.1682584561884437,0.6682584561884437,
3,32,384,12.0,16384,480,64,1.0329613349636106,0.24724704924932495,
4,32,48,1.5,16384,480,64,9.029330793744242,8.993616508029955,
4,32,64,2.0,16384,480,64,5.180252322174807,5.108823750746236,
4,32,96,3.0,16384,480,64,2.5135296641564806,2.370672521299338,
4,32,128,4.0,16384,480,64,1.9285354920585696,1.7142497777728554,
4,32,192,6.0,16384,480,64,1.3583753997941135,1.0012325426512563,
4,32,256,8.0,16384,480,64,1.194200684932704,0.694200684932704,
4,32,384,12.0,16384,480,64,1.0458080504100995,0.2600937646958138,
0,32,48,1.5,16384,480,65,2.986839713340224,2.9511254276259384,
0,32,64,2.0,16384,480,65,2.0073115830767536,1.9358830116481822,
0,32,96,3.0,16384,480,65,1.4300165077622906,1.2871593649051478,
0,32,128,4.0,16384,480,65,1.2600170296396433,1.0457313153539292,
0,32,192,6.0,16384,480,65,1.127384921634717,0.7702420644918597,
0,32,256,8.0,16384,480,65,1.0730443451167517,0.5730443451167517,
0,32,384,12.0,16384,480,65,1.0192802318061263,0.23356594609184056,
2,32,48,1.5,16384,480,65,5.839338069488868,5.803623783774582,
2,32,64,2.0,16384,480,65,2.956378830242933,2.8849502588143614,
2,32,96,3.0,16384,480,65,1.655135810846599,1.5122786679894562,
2,32,128,4.0,16384,480,65,1.367497469664333,1.1532117553786188,
2,32,192,6.0,16384,480,65,1.1525285655528887,0.7953857084100315,
2,32,256,8.0,16384,480,65,1.0920915919022156,0.5920915919022156,
2,32,384,12.0,16384,480,65,1.0237757307288278,0.23806144501454207,
3,32,48,1.5,16384,480,65,11.424474345364354,11.388760059650068,
3,32,64,2.0,16384,480,65,6.594583256875104,6.523154685446533,
3,32,96,3.0,16384,480,65,2.900957969772646,2.7581008269155034,
3,32,128,4.0,16384,480,65,1.8787989857627085,1.6645132714769943,
3,32,192,6.0,16384,480,65,1.2826417939831498,0.9254989368402926,
3,32,256,8.0,16384,480,65,1.1480641146199642,0.6480641146199642,
3,32,384,12.0,16384,480,65,1.0293513623528514,0.2436370766385657,
4,32,48,1.5,16384,480,65,14.16982187287591,14.134107587161624,
4,32,64,2.0,16384,480,65,8.284576269532185,8.213147698103613,
4,32,96,3.0,16384,480,65,3.699897950457328,3.557040807600185,
4,32,128,4.0,16384,480,65,2.444010582894485,2.2297248686087707,
4,32,192,6.0,16384,480,65,1.3917354049112298,1.0345925477683726,
4,32,256,8.0,16384,480,65,1.1411149272901127,0.6411149272901127,
4,32,384,12.0,16384,480,65,1.029954731934361,0.24424044622007524,
0,32,48,1.5,16384,480,66,2.7521207067004454,2.71640642098616,
0,32,64,2.0,16384,480,66,1.8811972879804264,1.809768716551855,
0,32,96,3.0,16384,480,66,1.4183186973010378,1.275461554443895,
0,32,128,4.0,16384,480,66,1.241046173735383,1.0267604594496689,
0,32,192,6.0,16384,480,66,1.1227402768861048,0.7655974197432476,
0,32,256,8.0,16384,480,66,1.0703089638376273,0.5703089638376273,
0,32,384,12.0,16384,480,66,1.0199108767117389,0.23419659099745316,
2,32,48,1.5,16384,480,66,5.642779863642017,5.607065577927731,
2,32,64,2.0,16384,480,66,3.2225743152772113,3.1511457438486397,
2,32,96,3.0,16384,480,66,1.8040143222068883,1.6611571793497455,
2,32,128,4.0,16384,480,66,1.427556262026922,1.2132705477412078,
2,32,192,6.0,16384,480,66,1.1798069182250408,0.8226640610821836,
2,32,256,8.0,16384,480,66,1.0961618681060137,0.5961618681060137,
2,32,384,12.0,16384,480,66,1.0255583299854445,0.2398440442711588,
3,32,48,1.5,16384,480,66,8.368781596517987,8.3330673108037,
3,32,64,2.0,16384,480,66,4.839289966452926,4.7678613950243545,
3,32,96,3.0,16384,480,66,2.795904423399561,2.653047280542418,
3,32,128,4.0,16384,480,66,1.6190278280011752,1.404742113715461,
3,32,192,6.0,16384,480,66,1.2281506238455164,0.8710077667026592,
3,32,256,8.0,16384,480,66,1.1102996211813865,0.6102996211813865,
3,32,384,12.0,16384,480,66,1.0212248289674744,0.23551054325318865,
4,32,48,1.5,16384,480,66,13.897450788061962,13.861736502347675,
4,32,64,2.0,16384,480,66,9.389095367799605,9.317666796371034,
4,32,96,3.0,16384,480,66,4.00568910121817,3.8628319583610273,
4,32,128,4.0,16384,480,66,2.254085848049449,2.0398001337637344,
4,32,192,6.0,16384,480,66,1.4743838854833824,1.1172410283405252,
4,32,256,8.0,16384,480,66,1.1541613842802416,0.6541613842802416,
4,32,384,12.0,16384,480,66,1.0354988710871162,0.24978458537283055,
0,32,48,1.5,16384,480,67,2.687686449558577,2.6519721638442912,
0,32,64,2.0,16384,480,67,1.887387755291509,1.8159591838629376,
0,32,96,3.0,16384,480,67,1.392827879536253,1.2499707366791102,
0,32,128,4.0,16384,480,67,1.2418528061550702,1.027567091869356,
0,32,192,6.0,16384,480,67,1.1252198199442536,0.7680769628013964,
0,32,256,8.0,16384,480,67,1.070899679049965,0.570899679049965,
0,32,384,12.0,16384,480,67,1.0204211190258308,0.23470683331154507,
2,32,48,1.5,16384,480,67,5.6506940808020305,5.614979795087745,
2,32,64,2.0,16384,480,67,3.118602911869317,3.0471743404407454,
2,32,96,3.0,16384,480,67,1.7472054415785565,1.6043482987214137,
2,32,128,4.0,16384,480,67,1.414438439472475,1.2001527251867607,
2,32,192,6.0,16384,480,67,1.1696855139860638,0.8125426568432066,
2,32,256,8.0,16384,480,67,1.08648007249941,0.5864800724994099,
2,32,384,12.0,16384,480,67,1.0224183473855546,0.2367040616712689,
3,32,48,1.5,16384,480,67,7.95495273427505,7.9192384485607645,
3,32,64,2.0,16384,480,67,4.350560134897636,4.279131563469065,
3,32,96,3.0,16384,480,67,2.195309933358234,2.0524527905010914,
3,32,128,4.0,16384,480,67,1.7425097244949885,1.5282240102092743,
3,32,192,6.0,16384,480,67,1.250509354006506,0.8933664968636488,
3,32,256,8.0,16384,480,67,1.1145745076604456,0.6145745076604456,
3,32,384,12.0,16384,480,67,1.025128703362419,0.23941441764813332,
4,32,48,1.5,16384,480,67,9.232444967402214,9.196730681687928,
4,32,64,2.0,16384,480,67,6.158259360815349,6.086830789386778,
4,32,96,3.0,16384,480,67,3.452525788355539,3.3096686454983963,
4,32,128,4.0,16384,480,67,1.9598364427186996,1.7455507284329854,
4,32,192,6.0,16384,480,67,1.3390498735872678,0.9819070164444106,
4,32,256,8.0,16384,480,67,1.1788663547369642,0.6788663547369642,
4,32,384,12.0,16384,480,67,1.0392290382102614,0.25351475249597566,
0,32,48,1.5,16384,480,68,2.9604667207708286,2.924752435056543,
0,32,64,2.0,16384,480,68,1.929699481762553,1.8582709103339816,
0,32,96,3.0,16384,480,68,1.4205639802020182,1.2777068373448754,
0,32,128,4.0,16384,480,68,1.2560248490916712,1.041739134805957,
0,32,192,6.0,16384,480,68,1.1290541477370966,0.7719112905942394,
0,32,256,8.0,16384,480,68,1.0712439545738681,0.5712439545738681,
0,32,384,12.0,16384,480,68,1.0183691842571592,0.23265489854287347,
2,32,48,1.5,16384,480,68,5.9446504709318475,5.908936185217562,
2,32,64,2.0,16384,480,68,3.187913628839822,3.1164850574112504,
2,32,96,3.0,16384,480,68,1.674782670237517,1.5319255273803742,
2,32,128,4.0,16384,480,68,1.3695992590917976,1.1553135448060834,
2,32,192,6.0,16384,480,68,1.1727298454961912,0.815586988353334,
2,32,256,8.0,16384,480,68,1.0891187651417134,0.5891187651417134,
2,32,384,12.0,16384,480,68,1.023148061720458,0.23743377600617233,
3,32,48,1.5,16384,480,68,7.057690781083809,7.021976495369524,
3,32,64,2.0,16384,480,68,5.1263149101063235,5.054886338677752,
3,32,96,3.0,16384,480,68,2.6705388071526905,2.5276816642955477,
3,32,128,4.0,16384,480,68,1.8385237750610899,1.6242380607753757,
3,32,192,6.0,16384,480,68,1.4083157509336992,1.051172893790842,
3,32,256,8.0,16384,480,68,1.1783290018988453,0.6783290018988453,
3,32,384,12.0,16384,480,68,1.0315800093015224,0.24586572358723668,
4,32,48,1.5,16384,480,68,15.513634803846342,15.477920518132056,
4,32,64,2.0,16384,480,68,8.403239902579944,8.331811331151373,
4,32,96,3.0,16384,480,68,3.614934310426274,3.472077167569131,
4,32,128,4.0,16384,480,68,2.128448487846647,1.914162773560933,
4,32,192,6.0,16384,480,68,1.4425422884004386,1.0853994312575814,
4,32,256,8.0,16384,480,68,1.189274129821122,0.689274129821122,
4,32,384,12.0,16384,480,68,1.0452292487194716,0.25951496300518595,
0,32,48,1.5,16384,480,69,2.7057240682130113,2.6700097824987257,
0,32,64,2.0,16384,480,69,1.9072803966392584,1.835851825210687,
0,32,96,3.0,16384,480,69,1.4353203797228185,1.2924632368656757,
0,32,128,4.0,16384,480,69,1.2614142102801105,1.0471284959943963,
0,32,192,6.0,16384,480,69,1.1240879632684397,0.7669451061255825,
0,32,256,8.0,16384,480,69,1.071121766301046,0.5711217663010459,
0,32,384,12.0,16384,480,69,1.0196985618170602,0.2339842761027745,
2,32,48,1.5,16384,480,69,4.599058642641674,4.563344356927389,
2,32,64,2.0,16384,480,69,2.782218058977481,2.7107894875489094,
2,32,96,3.0,16384,480,69,1.675565130767289,1.5327079879101462,
2,32,128,4.0,16384,480,69,1.351960466978667,1.1376747526929527,
2,32,192,6.0,16384,480,69,1.155269636862813,0.7981267797199558,
2,32,256,8.0,16384,480,69,1.08360161853607,0.58360161853607,
2,32,384,12.0,16384,480,69,1.023302021150792,0.23758773543650624,
3,32,48,1.5,16384,480,69,9.925593675380396,9.88987938966611,
3,32,64,2.0,16384,480,69,4.800583940741147,4.729155369312576,
3,32,96,3.0,16384,480,69,2.6685618998563654,2.5257047569992226,
3,32,128,4.0,16384,480,69,1.7792075933147218,1.5649218790290076,
3,32,192,6.0,16384,480,69,1.3021044647057445,0.9449616075628873,
3,32,256,8.0,16384,480,69,1.1405469301898776,0.6405469301898776,
3,32,384,12.0,16384,480,69,1.0297923074937203,0.2440780217794346,
4,32,48,1.5,16384,480,69,11.256305984628993,11.220591698914706,
4,32,64,2.0,16384,480,69,7.512081769999881,7.44065319857131,
4,32,96,3.0,16384,480,69,3.975277603602405,3.8324204607452623,
4,32,128,4.0,16384,480,69,2.3125533562189657,2.0982676419332513,
4,32,192,6.0,16384,480,69,1.4704741562279553,1.113331299085098,
4,32,256,8.0,16384,480,69,1.1958931766442173,0.6958931766442173,
4,32,384,12.0,16384,480,69,1.0449573908190002,0.2592431051047145,
0,32,48,1.5,16384,480,70,2.550131315125623,2.5144170294113373,
0,32,64,2.0,16384,480,70,1.8020932604612692,1.7306646890326978,
0,32,96,3.0,16384,480,70,1.3942349540475338,1.251377811190391,
0,32,128,4.0,16384,480,70,1.246989260442383,1.0327035461566687,
0,32,192,6.0,16384,480,70,1.1269553541588155,0.7698124970159583,
0,32,256,8.0,16384,480,70,1.072518456129321,0.5725184561293211,
0,32,384,12.0,16384,480,70,1.0199501778225881,0.23423589210830242,
2,32,48,1.5,16384,480,70,3.6055061792117225,3.569791893497437,
2,32,64,2.0,16384,480,70,2.362806450831187,2.2913778794026154,
2,32,96,3.0,16384,480,70,1.5313045608758717,1.388447418018729,
2,32,128,4.0,16384,480,70,1.3306015986238902,1.116315884338176,
2,32,192,6.0,16384,480,70,1.149239617391311,0.7920967602484539,
2,32,256,8.0,16384,480,70,1.0820755329564153,0.5820755329564153,
2,32,384,12.0,16384,480,70,1.0205882889500806,0.23487400323579488,
3,32,48,1.5,16384,480,70,11.243609023136846,11.20789473742256,
3,32,64,2.0,16384,480,70,7.146197134605597,7.074768563177026,
3,32,96,3.0,16384,480,70,3.6153188930310076,3.472461750173865,
3,32,128,4.0,16384,480,70,2.1226886724272713,1.9084029581415571,
3,32,192,6.0,16384,480,70,1.320737547832103,0.9635946906892459,
3,32,256,8.0,16384,480,70,1.1425335232718201,0.6425335232718201,
3,32,384,12.0,16384,480,70,1.0321851195673657,0.24647083385308,
4,32,48,1.5,16384,480,70,11.559343961412129,11.523629675697842,
4,32,64,2.0,16384,480,70,8.00910630434242,7.9376777329138495,
4,32,96,3.0,16384,480,70,4.052153756105929,3.909296613248786,
4,32,128,4.0,16384,480,70,2.3560604504418885,2.141774736156174,
4,32,192,6.0,16384,480,70,1.357875278571414,1.000732421428557,
4,32,256,8.0,16384,480,70,1.1606550474797543,0.6606550474797543,
4,32,384,12.0,16384,480,70,1.0341016259196885,0.24838734020540276,
0,32,48,1.5,16384,480,71,2.8277485137078386,2.792034227993553,
0,32,64,2.0,16384,480,71,1.90062229750969,1.8291937260811186,
0,32,96,3.0,16384,480,71,1.431579297177084,1.2887221543199412,
0,32,128,4.0,16384,480,71,1.2679689041272693,1.053683189841555,
0,32,192,6.0,16384,480,71,1.133295854462065,0.7761529973192078,
0,32,256,8.0,16384,480,71,1.075766172656833,0.575766172656833,
0,32,384,12.0,16384,480,71,1.0210135204430675,0.23529923472878178,
2,32,48,1.5,16384,480,71,6.068354076915313,6.032639791201027,
2,32,64,2.0,16384,480,71,3.587238554692255,3.5158099832636833,
2,32,96,3.0,16384,480,71,1.834198577657551,1.691341434800408,
2,32,128,4.0,16384,480,71,1.4736601614973086,1.2593744472115944,
2,32,192,6.0,16384,480,71,1.1998627646835194,0.8427199075406622,
2,32,256,8.0,16384,480,71,1.0912714348224504,0.5912714348224504,
2,32,384,12.0,16384,480,71,1.0233882892283706,0.23767400351408485,
3,32,48,1.5,16384,480,71,6.293265545290578,6.257551259576292,
3,32,64,2.0,16384,480,71,3.710397523552258,3.6389689521236863,
3,32,96,3.0,16384,480,71,2.3125910225133923,2.1697338796562495,
3,32,128,4.0,16384,480,71,1.7713378405193292,1.557052126233615,
3,32,192,6.0,16384,480,71,1.3364913399036145,0.9793484827607573,
3,32,256,8.0,16384,480,71,1.1678968327740562,0.6678968327740562,
3,32,384,12.0,16384,480,71,1.034319379449767,0.24860509373548123,
4,32,48,1.5,16384,480,71,14.161201697379537,14.125487411665251,
4,32,64,2.0,16384,480,71,9.948216330714066,9.876787759285495,
4,32,96,3.0,16384,480,71,4.113228977015531,3.9703718341583882,
4,32,128,4.0,16384,480,71,2.194144656314113,1.9798589420283987,
4,32,192,6.0,16384,480,71,1.349825746884865,0.9926828897420077,
4,32,256,8.0,16384,480,71,1.1646784206244813,0.6646784206244813,
4,32,384,12.0,16384,480,71,1.034471502561553,0.24875721684726726,
0,32,48,1.5,16384,480,72,2.66876598401035,2.6330516982960646,
0,32,64,2.0,16384,480,72,1.9226720727102111,1.8512435012816397,
0,32,96,3.0,16384,480,72,1.4227270108207701,1.2798698679636273,
0,32,128,4.0,16384,480,72,1.2618543292319373,1.047568614946223,
0,32,192,6.0,16384,480,72,1.1345484440908828,0.7774055869480256,
0,32,256,8.0,16384,480,72,1.0730068710505734,0.5730068710505734,
0,32,384,12.0,16384,480,72,1.020253644515134,0.2345393588008483,
2,32,48,1.5,16384,480,72,5.201473522252581,5.165759236538295,
2,32,64,2.0,16384,480,72,3.352371188984349,3.280942617555777,
2,32,96,3.0,16384,480,72,1.9202830251566025,1.7774258822994597,
2,32,128,4.0,16384,480,72,1.4534484994362575,1.2391627851505433,
2,32,192,6.0,16384,480,72,1.1739143383072483,0.8167714811643911,
2,32,256,8.0,16384,480,72,1.0935969440741582,0.5935969440741582,
2,32,384,12.0,16384,480,72,1.0241726099663009,0.23845832425201519,
3,32,48,1.5,16384,480,72,11.290936876131704,11.255222590417418,
3,32,64,2.0,16384,480,72,8.141513554112816,8.070084982684245,
3,32,96,3.0,16384,480,72,3.836375432037191,3.693518289180048,
3,32,128,4.0,16384,480,72,1.8520923131568132,1.637806598871099,
3,32,192,6.0,16384,480,72,1.2994327438411486,0.9422898866982914,
3,32,256,8.0,16384,480,72,1.1415403836702636,0.6415403836702636,
3,32,384,12.0,16384,480,72,1.028559843670016,0.24284555795573037,
4,32,48,1.5,16384,480,72,14.612598838529077,14.576884552814791,
4,32,64,2.0,16384,480,72,10.958499810514297,10.887071239085726,
4,32,96,3.0,16384,480,72,5.256037153995568,5.113180011138425,
4,32,128,4.0,16384,480,72,2.814042752131806,2.5997570378460915,
4,32,192,6.0,16384,480,72,1.4915448375867908,1.1344019804439336,
4,32,256,8.0,16384,480,72,1.1938776726285483,0.6938776726285483,
4,32,384,12.0,16384,480,72,1.0479154229399454,0.26220113722565974,
0,32,48,1.5,16384,480,73,2.959207948129751,2.9234936624154653,
0,32,64,2.0,16384,480,73,2.0061222795470695,1.934693708118498,
0,32,96,3.0,16384,480,73,1.4552482947357648,1.312391151878622,
0,32,128,4.0,16384,480,73,1.2835409764090853,1.069255262123371,
0,32,192,6.0,16384,480,73,1.1355948952269856,0.7784520380841284,
0,32,256,8.0,16384,480,73,1.0751078096462205,0.5751078096462205,
0,32,384,12.0,16384,480,73,1.0203933232529037,0.23467903753861796,
2,32,48,1.5,16384,480,73,5.3706064802060975,5.334892194491812,
2,32,64,2.0,16384,480,73,2.8293872268821536,2.757958655453582,
2,32,96,3.0,16384,480,73,1.766444065992835,1.6235869231356923,
2,32,128,4.0,16384,480,73,1.4211232513294023,1.2068375370436881,
2,32,192,6.0,16384,480,73,1.1896659962953915,0.8325231391525343,
2,32,256,8.0,16384,480,73,1.0940768931261589,0.5940768931261589,
2,32,384,12.0,16384,480,73,1.0216844872979647,0.23597020158367898,
3,32,48,1.5,16384,480,73,10.198034991775389,10.162320706061102,
3,32,64,2.0,16384,480,73,5.781305560987942,5.709876989559371,
3,32,96,3.0,16384,480,73,2.8498558117357904,2.7069986688786476,
3,32,128,4.0,16384,480,73,1.906796697788556,1.6925109835028418,
3,32,192,6.0,16384,480,73,1.300027046587349,0.9428841894444917,
3,32,256,8.0,16384,480,73,1.1353692218224603,0.6353692218224603,
3,32,384,12.0,16384,480,73,1.0269028982598627,0.241188612545577,
4,32,48,1.5,16384,480,73,13.785505492088976,13.74979120637469,
4,32,64,2.0,16384,480,73,8.354415060365227,8.282986488936656,
4,32,96,3.0,16384,480,73,3.9562181274378565,3.8133609845807137,
4,32,128,4.0,16384,480,73,2.748998052294697,2.5347123380089824,
4,32,192,6.0,16384,480,73,1.510958734173707,1.1538158770308498,
4,32,256,8.0,16384,480,73,1.2074702170703409,0.7074702170703409,
4,32,384,12.0,16384,480,73,1.03968405631402,0.25396977059973425,
0,32,48,1.5,16384,480,74,2.834480583070232,2.7987662973559466,
0,32,64,2.0,16384,480,74,1.8266853517767634,1.755256780348192,
0,32,96,3.0,16384,480,74,1.4150826772926832,1.2722255344355404,
0,32,128,4.0,16384,480,74,1.2626298883041,1.0483441740183859,
0,32,192,6.0,16384,480,74,1.1270383995254383,0.7698955423825811,
0,32,256,8.0,16384,480,74,1.0711751617555323,0.5711751617555323,
0,32,384,12.0,16384,480,74,1.0194496249087623,0.23373533919447664,
2,32,48,1.5,16384,480,74,4.637449513511627,4.601735227797342,
2,32,64,2.0,16384,480,74,2.6643632187740343,2.5929346473454626,
2,32,96,3.0,16384,480,74,1.8096653042064057,1.666808161349263,
2,32,128,4.0,16384,480,74,1.425522602915649,1.2112368886299347,
2,32,192,6.0,16384,480,74,1.1823773292550945,0.8252344721122373,
2,32,256,8.0,16384,480,74,1.0945669264876652,0.5945669264876652,
2,32,384,12.0,16384,480,74,1.0231573532347624,0.23744306752047672,
3,32,48,1.5,16384,480,74,9.792009371837631,9.756295086123345,
3,32,64,2.0,16384,480,74,5.262481411313881,5.19105283988531,
3,32,96,3.0,16384,480,74,2.61020506194386,2.467347919086717,
3,32,128,4.0,16384,480,74,1.8171112843492048,1.6028255700634906,
3,32,192,6.0,16384,480,74,1.2580075360055056,0.9008646788626484,
3,32,256,8.0,16384,480,74,1.1400534186558813,0.6400534186558813,
3,32,384,12.0,16384,480,74,1.0306235166830597,0.24490923096877404,
4,32,48,1.5,16384,480,74,14.506518835572507,14.47080454985822,
4,32,64,2.0,16384,480,74,10.600984931871754,10.529556360443182,
4,32,96,3.0,16384,480,74,5.355359939804689,5.212502796947546,
4,32,128,4.0,16384,480,74,3.0356151942660032,2.821329479980289,
4,32,192,6.0,16384,480,74,1.5120973286790962,1.154954471536239,
4,32,256,8.0,16384,480,74,1.18738467699063,0.68738467699063,
4,32,384,12.0,16384,480,74,1.0415783603335533,0.25586407461926763,
0,32,48,1.5,16384,480,75,2.6107308017591606,2.575016516044875,
0,32,64,2.0,16384,480,75,1.7910020990122,1.7195735275836286,
0,32,96,3.0,16384,480,75,1.4136648547408228,1.27080771188368,
0,32,128,4.0,16384,480,75,1.2614011211712635,1.0471154068855493,
0,32,192,6.0,16384,480,75,1.1287273764329884,0.7715845192901312,
0,32,256,8.0,16384,480,75,1.0700419511264452,0.5700419511264452,
0,32,384,12.0,16384,480,75,1.0188146458372893,0.2331003601230036,
2,32,48,1.5,16384,480,75,3.5704534582373766,3.534739172523091,
2,32,64,2.0,16384,480,75,2.1689790362954793,2.0975504648669077,
2,32,96,3.0,16384,480,75,1.527798217386359,1.384941074529216,
2,32,128,4.0,16384,480,75,1.3267699694211401,1.112484255135426,
2,32,192,6.0,16384,480,75,1.1419963979595147,0.7848535408166575,
2,32,256,8.0,16384,480,75,1.0707039640762042,0.5707039640762042,
2,32,384,12.0,16384,480,75,1.0188125997446804,0.23309831403039472,
3,32,48,1.5,16384,480,75,7.11582449912444,7.080110213410155,
3,32,64,2.0,16384,480,75,5.198060242659597,5.126631671231026,
3,32,96,3.0,16384,480,75,2.384062255500587,2.2412051126434442,
3,32,128,4.0,16384,480,75,1.6609032326578421,1.446617518372128,
3,32,192,6.0,16384,480,75,1.227703417007193,0.8705605598643358,
3,32,256,8.0,16384,480,75,1.114700904951065,0.614700904951065,
3,32,384,12.0,16384,480,75,1.0263620911768834,0.24064780546259767,
4,32,48,1.5,16384,480,75,12.318018750005312,12.282304464291025,
4,32,64,2.0,16384,480,75,7.530364011437716,7.458935440009145,
4,32,96,3.0,16384,480,75,3.214862796112602,3.0720056532554594,
4,32,128,4.0,16384,480,75,2.0399703947564514,1.8256846804707372,
4,32,192,6.0,16384,480,75,1.4254988960310009,1.0683560388881437,
4,32,256,8.0,16384,480,75,1.1552577436437512,0.6552577436437512,
4,32,384,12.0,16384,480,75,1.0357675723386166,0.2500532866243309,
0,32,48,1.5,16384,480,76,2.787682183884476,2.7519678981701903,
0,32,64,2.0,16384,480,76,1.9662137548101746,1.8947851833816032,
0,32,96,3.0,16384,480,76,1.4357794555187802,1.2929223126616374,
0,32,128,4.0,16384,480,76,1.2707207821848592,1.056435067899145,
0,32,192,6.0,16384,480,76,1.1321063198073795,0.7749634626645223,
0,32,256,8.0,16384,480,76,1.0711373116792127,0.5711373116792127,
0,32,384,12.0,16384,480,76,1.0189561267975187,0.23324184108323298,
2,32,48,1.5,16384,480,76,4.693613652098058,4.657899366383773,
2,32,64,2.0,16384,480,76,2.830640699774979,2.7592121283464075,
2,32,96,3.0,16384,480,76,1.7942627500272943,1.6514056071701515,
2,32,128,4.0,16384,480,76,1.4814920516762362,1.267206337390522,
2,32,192,6.0,16384,480,76,1.170664624372519,0.8135217672296617,
2,32,256,8.0,16384,480,76,1.0807955242060974,0.5807955242060974,
2,32,384,12.0,16384,480,76,1.0229013913324947,0.237187105618209,
3,32,48,1.5,16384,480,76,9.893363727938905,9.857649442224618,
3,32,64,2.0,16384,480,76,5.979306884671911,5.90787831324334,
3,32,96,3.0,16384,480,76,2.79480207298806,2.651944930130917,
3,32,128,4.0,16384,480,76,1.7209414908210274,1.5066557765353132,
3,32,192,6.0,16384,480,76,1.2629122981948817,0.9057694410520245,
3,32,256,8.0,16384,480,76,1.127365577126356,0.627365577126356,
3,32,384,12.0,16384,480,76,1.026563135116326,0.24084884940204032,
4,32,48,1.5,16384,480,76,12.029833952581614,11.994119666867327,
4,32,64,2.0,16384,480,76,8.18770082085235,8.116272249423778,
4,32,96,3.0,16384,480,76,3.331117419023939,3.188260276166796,
4,32,128,4.0,16384,480,76,2.328127852188004,2.1138421379022896,
4,32,192,6.0,16384,480,76,1.544028605444823,1.1868857483019657,
4,32,256,8.0,16384,480,76,1.2350751737283687,0.7350751737283687,
4,32,384,12.0,16384,480,76,1.042098656324112,0.2563843706098262,
0,32,48,1.5,16384,480,77,2.4880889991566195,2.452374713442334,
0,32,64,2.0,16384,480,77,1.7814677216937183,1.7100391502651469,
0,32,96,3.0,16384,480,77,1.3851898760676724,1.2423327332105296,
0,32,128,4.0,16384,480,77,1.2431748085747936,1.0288890942890794,
0,32,192,6.0,16384,480,77,1.1240294742651595,0.7668866171223023,
0,32,256,8.0,16384,480,77,1.0695582717133076,0.5695582717133076,
0,32,384,12.0,16384,480,77,1.0184235605429388,0.2327092748286531,
2,32,48,1.5,16384,480,77,5.3040839997255285,5.268369714011243,
2,32,64,2.0,16384,480,77,2.8734720557719258,2.802043484343354,
2,32,96,3.0,16384,480,77,1.6508725937846374,1.5080154509274946,
2,32,128,4.0,16384,480,77,1.3365234061177356,1.1222376918320214,
2,32,192,6.0,16384,480,77,1.1455750864750864,0.7884322293322292,
2,32,256,8.0,16384,480,77,1.0816206552993939,0.5816206552993939,
2,32,384,12.0,16384,480,77,1.0214285612805194,0.2357142755662337,
3,32,48,1.5,16384,480,77,7.793471304381802,7.757757018667516,
3,32,64,2.0,16384,480,77,5.019086672702467,4.947658101273896,
3,32,96,3.0,16384,480,77,2.5344812321523147,2.391624089295172,
3,32,128,4.0,16384,480,77,1.704034930611202,1.4897492163254877,
3,32,192,6.0,16384,480,77,1.264383613616113,0.9072407564732559,
3,32,256,8.0,16384,480,77,1.1246327238867682,0.6246327238867682,
3,32,384,12.0,16384,480,77,1.0271173800750717,0.241403094360786,
4,32,48,1.5,16384,480,77,9.017534564594534,8.981820278880248,
4,32,64,2.0,16384,480,77,5.547987519698535,5.476558948269964,
4,32,96,3.0,16384,480,77,2.849273023302338,2.706415880445195,
4,32,128,4.0,16384,480,77,1.9660059323092383,1.751720218023524,
4,32,192,6.0,16384,480,77,1.2962491444920592,0.939106287349202,
4,32,256,8.0,16384,480,77,1.1524919018470807,0.6524919018470807,
4,32,384,12.0,16384,480,77,1.0345587849119713,0.2488444991976856,
0,32,48,1.5,16384,480,78,3.1351218170282675,3.099407531313982,
0,32,64,2.0,16384,480,78,1.8850277054008995,1.813599133972328,
0,32,96,3.0,16384,480,78,1.4346535508675393,1.2917964080103965,
0,32,128,4.0,16384,480,78,1.2636254378965832,1.049339723610869,
0,32,192,6.0,16384,480,78,1.1292129149362435,0.7720700577933863,
0,32,256,8.0,16384,480,78,1.0717250278437853,0.5717250278437853,
0,32,384,12.0,16384,480,78,1.0192129241314767,0.23349863841719098,
2,32,48,1.5,16384,480,78,6.0680188104709964,6.032304524756711,
2,32,64,2.0,16384,480,78,3.6880327889739757,3.616604217545404,
2,32,96,3.0,16384,480,78,1.8976274477231172,1.7547703048659744,
2,32,128,4.0,16384,480,78,1.4653478177597519,1.2510621034740377,
2,32,192,6.0,16384,480,78,1.1957724890254307,0.8386296318825734,
2,32,256,8.0,16384,480,78,1.1019402758922197,0.6019402758922197,
2,32,384,12.0,16384,480,78,1.0234251394810046,0.23771085376671885,
3,32,48,1.5,16384,480,78,8.910669914775536,8.87495562906125,
3,32,64,2.0,16384,480,78,6.049577452381609,5.978148880953038,
3,32,96,3.0,16384,480,78,2.458262336004754,2.3154051931476114,
3,32,128,4.0,16384,480,78,1.6766702936497535,1.4623845793640393,
3,32,192,6.0,16384,480,78,1.2705975712553148,0.9134547141124576,
3,32,256,8.0,16384,480,78,1.1328260329861715,0.6328260329861715,
3,32,384,12.0,16384,480,78,1.0323627568265141,0.24664847111222843,
4,32,48,1.5,16384,480,78,11.432534535203928,11.396820249489641,
4,32,64,2.0,16384,480,78,6.446698717402383,6.375270145973812,
4,32,96,3.0,16384,480,78,3.4361195803424986,3.293262437485356,
4,32,128,4.0,16384,480,78,2.4083089634024337,2.1940232491167193,
4,32,192,6.0,16384,480,78,1.5829909951117298,1.2258481379688726,
4,32,256,8.0,16384,480,78,1.2588926849453939,0.7588926849453939,
4,32,384,12.0,16384,480,78,1.0471192312657083,0.2614049455514226,
0,32,48,1.5,16384,480,79,2.6644462142023526,2.628731928488067,
0,32,64,2.0,16384,480,79,1.8615103180999637,1.7900817466713923,
0,32,96,3.0,16384,480,79,1.3985495302679927,1.2556923874108499,
0,32,128,4.0,16384,480,79,1.2442121436410936,1.0299264293553794,
0,32,192,6.0,16384,480,79,1.1250523555800807,0.7679094984372234,
0,32,256,8.0,16384,480,79,1.0717561306543821,0.5717561306543821,
0,32,384,12.0,16384,480,79,1.0193705949447713,0.23365630923048564,
2,32,48,1.5,16384,480,79,5.296624388304393,5.260910102590107,
2,32,64,2.0,16384,480,79,3.0720190594521153,3.0005904880235437,
2,32,96,3.0,16384,480,79,1.8514854303382362,1.7086282874810934,
2,32,128,4.0,16384,480,79,1.4518317593158758,1.2375460450301616,
2,32,192,6.0,16384,480,79,1.183220133097552,0.8260772759546948,
2,32,256,8.0,16384,480,79,1.0947833370273496,0.5947833370273496,
2,32,384,12.0,16384,480,79,1.024865667300804,0.23915138158651839,
3,32,48,1.5,16384,480,79,9.79079138410538,9.755077098391094,
3,32,64,2.0,16384,480,79,5.006027773241842,4.9345992018132705,
3,32,96,3.0,16384,480,79,2.688829940376998,2.5459727975198554,
3,32,128,4.0,16384,480,79,1.99329135833797,1.779005644052256,
3,32,192,6.0,16384,480,79,1.2811388869204878,0.9239960297776306,
3,32,256,8.0,16384,480,79,1.1280137042876281,0.6280137042876281,
3,32,384,12.0,16384,480,79,1.0295697653244327,0.24385547961014697,
4,32,48,1.5,16384,480,79,11.858928316754781,11.823214031040495,
4,32,64,2.0,16384,480,79,7.933097583083555,7.861669011654984,
4,32,96,3.0,16384,480,79,3.5344066545513937,3.391549511694251,
4,32,128,4.0,16384,480,79,2.1220386858683877,1.9077529715826735,
4,32,192,6.0,16384,480,79,1.322408030794636,0.9652651736517788,
4,32,256,8.0,16384,480,79,1.151248488263816,0.6512484882638161,
4,32,384,12.0,16384,480,79,1.0342155972016904,0.24850131148740473,
0,32,48,1.5,16384,480,80,2.709300967670446,2.6735866819561602,
0,32,64,2.0,16384,480,80,1.8929440132214606,1.8215154417928892,
0,32,96,3.0,16384,480,80,1.4311197043946287,1.2882625615374859,
0,32,128,4.0,16384,480,80,1.2592567061952669,1.0449709919095527,
0,32,192,6.0,16384,480,80,1.127431827950506,0.7702889708076488,
0,32,256,8.0,16384,480,80,1.0724868892816535,0.5724868892816535,
0,32,384,12.0,16384,480,80,1.0200825770527078,0.23436829133842207,
2,32,48,1.5,16384,480,80,5.408608695854194,5.372894410139908,
2,32,64,2.0,16384,480,80,3.25044427037847,3.1790156989498985,
2,32,96,3.0,16384,480,80,1.723357100024018,1.5804999571668752,
2,32,128,4.0,16384,480,80,1.4057340370256204,1.1914483227399062,
2,32,192,6.0,16384,480,80,1.1773144897662282,0.820171632623371,
2,32,256,8.0,16384,480,80,1.0893772810026512,0.5893772810026512,
2,32,384,12.0,16384,480,80,1.0252298051980688,0.23951551948378313,
3,32,48,1.5,16384,480,80,8.64486693464395,8.609152648929664,
3,32,64,2.0,16384,480,80,4.576560999960503,4.505132428531931,
3,32,96,3.0,16384,480,80,2.1612916092122063,2.0184344663550635,
3,32,128,4.0,16384,480,80,1.5532125765037903,1.338926862218076,
3,32,192,6.0,16384,480,80,1.200970776017859,0.8438279188750017,
3,32,256,8.0,16384,480,80,1.1087238137297843,0.6087238137297843,
3,32,384,12.0,16384,480,80,1.0290771568774708,0.2433628711631851,
4,32,48,1.5,16384,480,80,11.315893808296083,11.280179522581797,
4,32,64,2.0,16384,480,80,6.2722769787198205,6.200848407291249,
4,32,96,3.0,16384,480,80,3.2418662383365002,3.0990090954793574,
4,32,128,4.0,16384,480,80,2.3542357791822903,2.139950064896576,
4,32,192,6.0,16384,480,80,1.4161706789873587,1.0590278218445015,
4,32,256,8.0,16384,480,80,1.2003205333843707,0.7003205333843707,
4,32,384,12.0,16384,480,80,1.0415962734965332,0.25588198778224747,
0,32,48,1.5,16384,480,81,2.6735364033107585,2.637822117596473,
0,32,64,2.0,16384,480,81,1.8712771614446737,1.7998485900161023,
0,32,96,3.0,16384,480,81,1.4377671993445928,1.29491005648745,
0,32,128,4.0,16384,480,81,1.262801935680239,1.0485162213945247,
0,32,192,6.0,16384,480,81,1.1292646603801202,0.772121803237263,
0,32,256,8.0,16384,480,81,1.0738865643103621,0.5738865643103621,
0,32,384,12.0,16384,480,81,1.0192423640584516,0.2335280783441659,
2,32,48,1.5,16384,480,81,5.336280193701243,5.300565907986957,
2,32,64,2.0,16384,480,81,2.8567005540388184,2.7852719826102468,
2,32,96,3.0,16384,480,81,1.6788445273857044,1.5359873845285617,
2,32,128,4.0,16384,480,81,1.3399236571803088,1.1256379428945946,
2,32,192,6.0,16384,480,81,1.1509463626111447,0.7938035054682875,
2,32,256,8.0,16384,480,81,1.0761213108577807,0.5761213108577807,
2,32,384,12.0,16384,480,81,1.0201300558158661,0.23441577010158043,
3,32,48,1.5,16384,480,81,9.734684534191556,9.69897024847727,
3,32,64,2.0,16384,480,81,5.648436751966822,5.577008180538251,
3,32,96,3.0,16384,480,81,2.9577480445051583,2.8148909016480155,
3,32,128,4.0,16384,480,81,1.9353535304070644,1.7210678161213502,
3,32,192,6.0,16384,480,81,1.3141237338521472,0.95698087670929,
3,32,256,8.0,16384,480,81,1.15399742344965,0.65399742344965,
3,32,384,12.0,16384,480,81,1.0375900716258446,0.2518757859115589,
4,32,48,1.5,16384,480,81,9.57901341806813,9.543299132353843,
4,32,64,2.0,16384,480,81,5.917749441260221,5.84632086983165,
4,32,96,3.0,16384,480,81,2.4093933446603732,2.2665362018032305,
4,32,128,4.0,16384,480,81,1.7154021519261033,1.5011164376403892,
4,32,192,6.0,16384,480,81,1.3395651982437,0.9824223411008428,
4,32,256,8.0,16384,480,81,1.173182607220006,0.673182607220006,
4,32,384,12.0,16384,480,81,1.0387652075389806,0.2530509218246949,
0,32,48,1.5,16384,480,82,2.9518514572405903,2.9161371715263047,
0,32,64,2.0,16384,480,82,1.9458559999782281,1.8744274285496567,
0,32,96,3.0,16384,480,82,1.4402404213280466,1.2973832784709038,
0,32,128,4.0,16384,480,82,1.2591999040341437,1.0449141897484295,
0,32,192,6.0,16384,480,82,1.1247694863035693,0.7676266291607121,
0,32,256,8.0,16384,480,82,1.0715572105161346,0.5715572105161346,
0,32,384,12.0,16384,480,82,1.0204645536702195,0.2347502679559338,
2,32,48,1.5,16384,480,82,5.8868914784307975,5.851177192716512,
2,32,64,2.0,16384,480,82,3.404129673477558,3.3327011020489863,
2,32,96,3.0,16384,480,82,1.941280193960899,1.7984230511037562,
2,32,128,4.0,16384,480,82,1.5066409493704502,1.292355235084736,
2,32,192,6.0,16384,480,82,1.180532865714703,0.8233900085718457,
2,32,256,8.0,16384,480,82,1.0909189443113125,0.5909189443113125,
2,32,384,12.0,16384,480,82,1.0248935443626035,0.2391792586483178,
3,32,48,1.5,16384,480,82,9.300272218086956,9.26455793237267,
3,32,64,2.0,16384,480,82,5.508044608753397,5.436616037324826,
3,32,96,3.0,16384,480,82,2.751783187697857,2.608926044840714,
3,32,128,4.0,16384,480,82,1.7734692747624865,1.5591835604767723,
3,32,192,6.0,16384,480,82,1.2626559893321454,0.9055131321892882,
3,32,256,8.0,16384,480,82,1.135206931377755,0.6352069313777551,
3,32,384,12.0,16384,480,82,1.0280584541010687,0.24234416838678297,
4,32,48,1.5,16384,480,82,11.19421087750619,11.158496591791904,
4,32,64,2.0,16384,480,82,8.13485842768323,8.06342985625466,
4,32,96,3.0,16384,480,82,3.7215653404345552,3.5787081975774124,
4,32,128,4.0,16384,480,82,2.321230482189656,2.1069447679039417,
4,32,192,6.0,16384,480,82,1.4239067100961131,1.066763852953256,
4,32,256,8.0,16384,480,82,1.1865095762766562,0.6865095762766562,
4,32,384,12.0,16384,480,82,1.0410002035978816,0.2552859178835959,
0,32,48,1.5,16384,480,83,2.5788588711082916,2.543144585394006,
0,32,64,2.0,16384,480,83,1.884300655593313,1.8128720841647417,
0,32,96,3.0,16384,480,83,1.417278425978545,1.2744212831214021,
0,32,128,4.0,16384,480,83,1.2547152628606333,1.040429548574919,
0,32,192,6.0,16384,480,83,1.1258781664711819,0.7687353093283247,
0,32,256,8.0,16384,480,83,1.0696172388927896,0.5696172388927896,
0,32,384,12.0,16384,480,83,1.0197517025265102,0.23403741681222445,
2,32,48,1.5,16384,480,83,5.452724725924906,5.41701044021062,
2,32,64,2.0,16384,480,83,2.4362182568679622,2.3647896854393906,
2,32,96,3.0,16384,480,83,1.6639040389593465,1.5210468961022037,
2,32,128,4.0,16384,480,83,1.3601978008187263,1.1459120865330121,
2,32,192,6.0,16384,480,83,1.152884043464076,0.7957411863212187,
2,32,256,8.0,16384,480,83,1.0784001116008364,0.5784001116008364,
2,32,384,12.0,16384,480,83,1.0203585088289517,0.23464422311466604,
3,32,48,1.5,16384,480,83,8.54545656575273,8.509742280038443,
3,32,64,2.0,16384,480,83,4.215684678229833,4.1442561068012616,
3,32,96,3.0,16384,480,83,2.3446807030091508,2.201823560152008,
3,32,128,4.0,16384,480,83,1.795676678051707,1.5813909637659929,
3,32,192,6.0,16384,480,83,1.2778267507993546,0.9206838936564974,
3,32,256,8.0,16384,480,83,1.1365994374502408,0.6365994374502408,
3,32,384,12.0,16384,480,83,1.0313044675936864,0.24559018187940074,
4,32,48,1.5,16384,480,83,10.394048658730435,10.358334373016149,
4,32,64,2.0,16384,480,83,7.097255748037282,7.025827176608711,
4,32,96,3.0,16384,480,83,3.6807167274090333,3.5378595845518905,
4,32,128,4.0,16384,480,83,2.253354432775538,2.0390687184898235,
4,32,192,6.0,16384,480,83,1.4167844520945267,1.0596415949516695,
4,32,256,8.0,16384,480,83,1.1667633877341292,0.6667633877341292,
4,32,384,12.0,16384,480,83,1.0431577482275558,0.2574434625132701,
0,32,48,1.5,16384,480,84,2.7560833159197893,2.7203690302055037,
0,32,64,2.0,16384,480,84,1.9144310958598918,1.8430025244313204,
0,32,96,3.0,16384,480,84,1.4326696690641971,1.2898125262070543,
0,32,128,4.0,16384,480,84,1.2638744476796802,1.049588733393966,
0,32,192,6.0,16384,480,84,1.1294734970311076,0.7723306398882503,
0,32,256,8.0,16384,480,84,1.071820291455717,0.5718202914557169,
0,32,384,12.0,16384,480,84,1.0191169254911767,0.23340263977689102,
2,32,48,1.5,16384,480,84,5.212245262283509,5.176530976569223,
2,32,64,2.0,16384,480,84,3.172727320090638,3.1012987486620665,
2,32,96,3.0,16384,480,84,1.8706663332992377,1.727809190442095,
2,32,128,4.0,16384,480,84,1.4497550114975817,1.2354692972118675,
2,32,192,6.0,16384,480,84,1.1882866278634967,0.8311437707206395,
2,32,256,8.0,16384,480,84,1.0881118946819637,0.5881118946819637,
2,32,384,12.0,16384,480,84,1.0220350432506662,0.2363207575363805,
3,32,48,1.5,16384,480,84,8.567620747288302,8.531906461574016,
3,32,64,2.0,16384,480,84,5.281123567046095,5.209694995617524,
3,32,96,3.0,16384,480,84,2.4908725910206275,2.3480154481634847,
3,32,128,4.0,16384,480,84,1.7829445115969147,1.5686587973112005,
3,32,192,6.0,16384,480,84,1.2979716652595843,0.9408288081167271,
3,32,256,8.0,16384,480,84,1.150755119367789,0.650755119367789,
3,32,384,12.0,16384,480,84,1.0332015845585851,0.24748729884429943,
4,32,48,1.5,16384,480,84,13.061909033159878,13.026194747445592,
4,32,64,2.0,16384,480,84,8.047706654676606,7.976278083248035,
4,32,96,3.0,16384,480,84,3.5246180868942165,3.3817609440370737,
4,32,128,4.0,16384,480,84,2.248851906023841,2.0345661917381266,
4,32,192,6.0,16384,480,84,1.4366895302633793,1.079546673120522,
4,32,256,8.0,16384,480,84,1.206051245066333,0.706051245066333,
4,32,384,12.0,16384,480,84,1.0430592252336108,0.25734493951932513,
0,32,48,1.5,16384,480,85,2.732731148866382,2.6970168631520965,
0,32,64,2.0,16384,480,85,1.8897296089736482,1.8183010375450768,
0,32,96,3.0,16384,480,85,1.4225177095327428,1.2796605666756,
0,32,128,4.0,16384,480,85,1.2604829561945274,1.0461972419088132,
0,32,192,6.0,16384,480,85,1.1295613565688556,0.7724184994259984,
0,32,256,8.0,16384,480,85,1.074090067579302,0.5740900675793019,
0,32,384,12.0,16384,480,85,1.0202779760041834,0.23456369028989765,
2,32,48,1.5,16384,480,85,4.517801139477305,4.482086853763019,
2,32,64,2.0,16384,480,85,2.694527819562836,2.6230992481342645,
2,32,96,3.0,16384,480,85,1.6962479243235884,1.5533907814664456,
2,32,128,4.0,16384,480,85,1.4199363303538206,1.2056506160681064,
2,32,192,6.0,16384,480,85,1.1841412882438098,0.8269984311009526,
2,32,256,8.0,16384,480,85,1.1029943233029778,0.6029943233029778,
2,32,384,12.0,16384,480,85,1.024642825897603,0.23892854018331733,
3,32,48,1.5,16384,480,85,9.463637648070097,9.427923362355811,
3,32,64,2.0,16384,480,85,5.759315804420421,5.68788723299185,
3,32,96,3.0,16384,480,85,3.013283422413726,2.8704262795565834,
3,32,128,4.0,16384,480,85,1.8881419931808032,1.673856278895089,
3,32,192,6.0,16384,480,85,1.348775813192652,0.9916329560497947,
3,32,256,8.0,16384,480,85,1.136246319049463,0.6362463190494629,
3,32,384,12.0,16384,480,85,1.0292818197688507,0.243567534054565,
4,32,48,1.5,16384,480,85,10.827735627540335,10.792021341826048,
4,32,64,2.0,16384,480,85,6.5710509438076015,6.49962237237903,
4,32,96,3.0,16384,480,85,3.742350116798496,3.599492973941353,
4,32,128,4.0,16384,480,85,2.0798598587487085,1.8655741444629943,
4,32,192,6.0,16384,480,85,1.4905822572354412,1.133439400092584,
4,32,256,8.0,16384,480,85,1.2284405741765068,0.7284405741765068,
4,32,384,12.0,16384,480,85,1.0450777484418565,0.2593634627275708,
0,32,48,1.5,16384,480,86,2.7621183976612977,2.726404111947012,
0,32,64,2.0,16384,480,86,1.9265161086310165,1.8550875372024451,
0,32,96,3.0,16384,480,86,1.422444001708596,1.2795868588514532,
0,32,128,4.0,16384,480,86,1.2601447576121956,1.0458590433264814,
0,32,192,6.0,16384,480,86,1.1301302955609809,0.7729874384181237,
0,32,256,8.0,16384,480,86,1.0716391923442588,0.5716391923442588,
0,32,384,12.0,16384,480,86,1.0203996715422612,0.2346853858279755,
2,32,48,1.5,16384,480,86,5.537360784707244,5.501646498992958,
2,32,64,2.0,16384,480,86,3.102238660587454,3.0308100891588823,
2,32,96,3.0,16384,480,86,1.6892455994931415,1.5463884566359987,
2,32,128,4.0,16384,480,86,1.3819806343923107,1.1676949201065965,
2,32,192,6.0,16384,480,86,1.1697415296270663,0.8125986724842091,
2,32,256,8.0,16384,480,86,1.0957797334269208,0.5957797334269208,
2,32,384,12.0,16384,480,86,1.0218326938061024,0.23611840809181672,
3,32,48,1.5,16384,480,86,5.379154601042025,5.343440315327739,
3,32,64,2.0,16384,480,86,3.383835338087365,3.3124067666587935,
3,32,96,3.0,16384,480,86,2.060255392737373,1.9173982498802302,
3,32,128,4.0,16384,480,86,1.5094817284519064,1.2951960141661922,
3,32,192,6.0,16384,480,86,1.1794724324973584,0.8223295753545012,
3,32,256,8.0,16384,480,86,1.0885514735203992,0.5885514735203992,
3,32,384,12.0,16384,480,86,1.0222382397565088,0.23652395404222315,
4,32,48,1.5,16384,480,86,12.219651557282464,12.183937271568178,
4,32,64,2.0,16384,480,86,8.019867963482035,7.948439392053464,
4,32,96,3.0,16384,480,86,4.094493530266278,3.951636387409135,
4,32,128,4.0,16384,480,86,2.651099665537634,2.43681395125192,
4,32,192,6.0,16384,480,86,1.4092138057038666,1.0520709485610094,
4,32,256,8.0,16384,480,86,1.2039727332781547,0.7039727332781547,
4,32,384,12.0,16384,480,86,1.0332473944007763,0.2475331086864906,
0,32,48,1.5,16384,480,87,2.8320955456978285,2.796381259983543,
0,32,64,2.0,16384,480,87,1.9976994642487766,1.9262708928202052,
0,32,96,3.0,16384,480,87,1.4527874589579117,1.309930316100769,
0,32,128,4.0,16384,480,87,1.2680607541270368,1.0537750398413226,
0,32,192,6.0,16384,480,87,1.1307923016792443,0.7736494445363871,
0,32,256,8.0,16384,480,87,1.0733812807155725,0.5733812807155725,
0,32,384,12.0,16384,480,87,1.0199959598577764,0.23428167414349066,
2,32,48,1.5,16384,480,87,4.792770115343519,4.757055829629233,
2,32,64,2.0,16384,480,87,3.148853064937451,3.0774244935088793,
2,32,96,3.0,16384,480,87,1.7363778998284962,1.5935207569713534,
2,32,128,4.0,16384,480,87,1.3997594722622912,1.185473757976577,
2,32,192,6.0,16384,480,87,1.1997963458633167,0.8426534887204595,
2,32,256,8.0,16384,480,87,1.1032192432582317,0.6032192432582317,
2,32,384,12.0,16384,480,87,1.0260199757162027,0.24030569000191704,
3,32,48,1.5,16384,480,87,9.70403812658505,9.668323840870764,
3,32,64,2.0,16384,480,87,6.45917867946036,6.387750108031788,
3,32,96,3.0,16384,480,87,2.7242570347541837,2.581399891897041,
3,32,128,4.0,16384,480,87,1.6960748938319106,1.4817891795461964,
3,32,192,6.0,16384,480,87,1.2475713836422324,0.8904285264993752,
3,32,256,8.0,16384,480,87,1.1167543441358725,0.6167543441358725,
3,32,384,12.0,16384,480,87,1.02762438436984,0.24191009865555435,
4,32,48,1.5,16384,480,87,9.959256464466746,9.92354217875246,
4,32,64,2.0,16384,480,87,7.318717993450853,7.247289422022281,
4,32,96,3.0,16384,480,87,3.4289547336258996,3.286097590768757,
4,32,128,4.0,16384,480,87,2.380735343554198,2.1664496292684836,
4,32,192,6.0,16384,480,87,1.5100971923202753,1.152954335177418,
4,32,256,8.0,16384,480,87,1.2320291268222905,0.7320291268222905,
4,32,384,12.0,16384,480,87,1.0425210951025357,0.25680680938824996,
0,32,48,1.5,16384,480,88,2.6320680720102376,2.596353786295952,
0,32,64,2.0,16384,480,88,1.8146637300646216,1.7432351586360502,
0,32,96,3.0,16384,480,88,1.3943377480604258,1.251480605203283,
0,32,128,4.0,16384,480,88,1.25625041095847,1.0419646966727558,
0,32,192,6.0,16384,480,88,1.1245006672849764,0.7673578101421192,
0,32,256,8.0,16384,480,88,1.0699299265281024,0.5699299265281024,
0,32,384,12.0,16384,480,88,1.0194683094044177,0.23375402369013198,
2,32,48,1.5,16384,480,88,5.41549927934315,5.379784993628864,
2,32,64,2.0,16384,480,88,3.0722901697734404,3.0008615983448688,
2,32,96,3.0,16384,480,88,1.7064426716751746,1.5635855288180318,
2,32,128,4.0,16384,480,88,1.3719318316243452,1.157646117338631,
2,32,192,6.0,16384,480,88,1.1701393301111749,0.8129964729683177,
2,32,256,8.0,16384,480,88,1.0838997518696778,0.5838997518696778,
2,32,384,12.0,16384,480,88,1.0224191597318746,0.23670487401758888,
3,32,48,1.5,16384,480,88,7.19861370412663,7.162899418412344,
3,32,64,2.0,16384,480,88,4.465375489744918,4.393946918316347,
3,32,96,3.0,16384,480,88,2.464014870421239,2.321157727564096,
3,32,128,4.0,16384,480,88,1.8274679994329581,1.613182285147244,
3,32,192,6.0,16384,480,88,1.2815735759299405,0.9244307187870833,
3,32,256,8.0,16384,480,88,1.1230227596548266,0.6230227596548266,
3,32,384,12.0,16384,480,88,1.0286444512876771,0.24293016557339142,
4,32,48,1.5,16384,480,88,12.652726226634972,12.617011940920685,
4,32,64,2.0,16384,480,88,8.090158332998268,8.018729761569697,
4,32,96,3.0,16384,480,88,3.047974196321384,2.905117053464241,
4,32,128,4.0,16384,480,88,1.8609139737989784,1.6466282595132642,
4,32,192,6.0,16384,480,88,1.3489730405280225,0.9918301833851653,
4,32,256,8.0,16384,480,88,1.1222697643181774,0.6222697643181774,
4,32,384,12.0,16384,480,88,1.0265395222114846,0.2408252364971989,
0,32,48,1.5,16384,480,89,2.8328182828897734,2.797103997175488,
0,32,64,2.0,16384,480,89,1.8996727745948814,1.82824420316631,
0,32,96,3.0,16384,480,89,1.4050459295152926,1.2621887866581498,
0,32,128,4.0,16384,480,89,1.2573778298854918,1.0430921155997777,
0,32,192,6.0,16384,480,89,1.12745220044,0.7703093432971428,
0,32,256,8.0,16384,480,89,1.070066684255968,0.5700666842559681,
0,32,384,12.0,16384,480,89,1.0194513739334548,0.23373708821916905,
2,32,48,1.5,16384,480,89,7.063338022233267,7.027623736518981,
2,32,64,2.0,16384,480,89,3.8104623259138126,3.739033754485241,
2,32,96,3.0,16384,480,89,1.8684559144688593,1.7255987716117165,
2,32,128,4.0,16384,480,89,1.4170888648955677,1.2028031506098535,
2,32,192,6.0,16384,480,89,1.1709770071136414,0.8138341499707842,
2,32,256,8.0,16384,480,89,1.0886042457307212,0.5886042457307212,
2,32,384,12.0,16384,480,89,1.0203623393181123,0.23464805360382657,
3,32,48,1.5,16384,480,89,8.456319136607965,8.420604850893678,
3,32,64,2.0,16384,480,89,5.4433107624456945,5.371882191017123,
3,32,96,3.0,16384,480,89,2.677504782302653,2.5346476394455104,
3,32,128,4.0,16384,480,89,1.6763732582241708,1.4620875439384566,
3,32,192,6.0,16384,480,89,1.2505083208756476,0.8933654637327904,
3,32,256,8.0,16384,480,89,1.1058201971181194,0.6058201971181194,
3,32,384,12.0,16384,480,89,1.0252574207591654,0.23954313504487967,
4,32,48,1.5,16384,480,89,10.911208424433932,10.875494138719645,
4,32,64,2.0,16384,480,89,6.618856963178184,6.547428391749613,
4,32,96,3.0,16384,480,89,3.032027759217376,2.889170616360233,
4,32,128,4.0,16384,480,89,1.9397643203198651,1.725478606034151,
4,32,192,6.0,16384,480,89,1.3283345909107245,0.9711917337678673,
4,32,256,8.0,16384,480,89,1.178121013143027,0.6781210131430271,
4,32,384,12.0,16384,480,89,1.04128793532616,0.25557364961187423,
0,32,48,1.5,16384,480,90,2.5986464447014086,2.562932158987123,
0,32,64,2.0,16384,480,90,1.8720100699072006,1.8005814984786292,
0,32,96,3.0,16384,480,90,1.390078306258815,1.247221163401672,
0,32,128,4.0,16384,480,90,1.2413095897054212,1.027023875419707,
0,32,192,6.0,16384,480,90,1.1187799910022251,0.7616371338593679,
0,32,256,8.0,16384,480,90,1.068237563673138,0.568237563673138,
0,32,384,12.0,16384,480,90,1.019705618507403,0.23399133279311723,
2,32,48,1.5,16384,480,90,5.072846782850036,5.03713249713575,
2,32,64,2.0,16384,480,90,2.8108803916761818,2.73945182024761,
2,32,96,3.0,16384,480,90,1.6505185054668416,1.5076613626096989,
2,32,128,4.0,16384,480,90,1.3547536088870142,1.1404678946013,
2,32,192,6.0,16384,480,90,1.1828565374839233,0.8257136803410661,
2,32,256,8.0,16384,480,90,1.0907305177388882,0.5907305177388882,
2,32,384,12.0,16384,480,90,1.02191275929937,0.23619847358508428,
3,32,48,1.5,16384,480,90,9.52198610335618,9.486271817641894,
3,32,64,2.0,16384,480,90,6.072382384929329,6.000953813500757,
3,32,96,3.0,16384,480,90,3.0393551479797742,2.8964980051226314,
3,32,128,4.0,16384,480,90,1.858314832299724,1.6440291180140099,
3,32,192,6.0,16384,480,90,1.2958662702718327,0.9387234131289754,
3,32,256,8.0,16384,480,90,1.1641403179324965,0.6641403179324965,
3,32,384,12.0,16384,480,90,1.0387959698608706,0.25308168414658494,
4,32,48,1.5,16384,480,90,10.70356726706737,10.667852981353084,
4,32,64,2.0,16384,480,90,6.410059669627217,6.338631098198646,
4,32,96,3.0,16384,480,90,2.7197830033994688,2.576925860542326,
4,32,128,4.0,16384,480,90,1.9430896487610911,1.728803934475377,
4,32,192,6.0,16384,480,90,1.3466412683684261,0.9894984112255689,
4,32,256,8.0,16384,480,90,1.133196483279189,0.633196483279189,
4,32,384,12.0,16384,480,90,1.0281088879808467,0.24239460226656095,
0,32,48,1.5,16384,480,91,2.7174832283389745,2.681768942624689,
0,32,64,2.0,16384,480,91,1.834848502591397,1.7634199311628256,
0,32,96,3.0,16384,480,91,1.4100017195586485,1.2671445767015057,
0,32,128,4.0,16384,480,91,1.257751175824529,1.0434654615388148,
0,32,192,6.0,16384,480,91,1.1269309081802432,0.769788051037386,
0,32,256,8.0,16384,480,91,1.0706106295380855,0.5706106295380855,
0,32,384,12.0,16384,480,91,1.019204709902566,0.23349042418828037,
2,32,48,1.5,16384,480,91,5.184295405887211,5.148581120172925,
2,32,64,2.0,16384,480,91,2.659351465107195,2.5879228936786234,
2,32,96,3.0,16384,480,91,1.7229346936175791,1.5800775507604363,
2,32,128,4.0,16384,480,91,1.3953740867523712,1.181088372466657,
2,32,192,6.0,16384,480,91,1.1752027243536871,0.8180598672108299,
2,32,256,8.0,16384,480,91,1.0962001427325188,0.5962001427325188,
2,32,384,12.0,16384,480,91,1.0236912800834026,0.2379769943691169,
3,32,48,1.5,16384,480,91,8.124268778853223,8.088554493138936,
3,32,64,2.0,16384,480,91,4.149219797841459,4.077791226412888,
3,32,96,3.0,16384,480,91,1.9143660326188168,1.771508889761674,
3,32,128,4.0,16384,480,91,1.4511583876482845,1.2368726733625703,
3,32,192,6.0,16384,480,91,1.2209709589641677,0.8638281018213105,
3,32,256,8.0,16384,480,91,1.1204160975507922,0.6204160975507922,
3,32,384,12.0,16384,480,91,1.0245669559346484,0.23885267022036272,
4,32,48,1.5,16384,480,91,13.182253768882704,13.146539483168418,
4,32,64,2.0,16384,480,91,9.551329532287458,9.479900960858886,
4,32,96,3.0,16384,480,91,4.993229982328339,4.850372839471196,
4,32,128,4.0,16384,480,91,2.6191702994106976,2.404884585124983,
4,32,192,6.0,16384,480,91,1.4268406258838051,1.069697768740948,
4,32,256,8.0,16384,480,91,1.141534212560092,0.641534212560092,
4,32,384,12.0,16384,480,91,1.0359160536758882,0.25020176796160254,
0,32,48,1.5,16384,480,92,2.7513602430742874,2.715645957360002,
0,32,64,2.0,16384,480,92,1.901782618724483,1.8303540472959117,
0,32,96,3.0,16384,480,92,1.4283631433917707,1.285506000534628,
0,32,128,4.0,16384,480,92,1.2571145718834262,1.042828857597712,
0,32,192,6.0,16384,480,92,1.13142502685699,0.7742821697141329,
0,32,256,8.0,16384,480,92,1.0707423051763614,0.5707423051763614,
0,32,384,12.0,16384,480,92,1.01973694341596,0.2340226577016743,
2,32,48,1.5,16384,480,92,5.232402888404264,5.196688602689979,
2,32,64,2.0,16384,480,92,2.732015721072954,2.6605871496443823,
2,32,96,3.0,16384,480,92,1.6983214287945172,1.5554642859373744,
2,32,128,4.0,16384,480,92,1.4022874427372074,1.1880017284514932,
2,32,192,6.0,16384,480,92,1.1912473412343552,0.834104484091498,
2,32,256,8.0,16384,480,92,1.089979543581279,0.5899795435812789,
2,32,384,12.0,16384,480,92,1.0207781931001663,0.23506390738588057,
3,32,48,1.5,16384,480,92,10.71365500807688,10.677940722362594,
3,32,64,2.0,16384,480,92,6.048512521642873,5.977083950214301,
3,32,96,3.0,16384,480,92,3.144340560943593,3.0014834180864502,
3,32,128,4.0,16384,480,92,1.9935954222582528,1.7793097079725386,
3,32,192,6.0,16384,480,92,1.4973309163444888,1.1401880592016316,
3,32,256,8.0,16384,480,92,1.1904117091570736,0.6904117091570736,
3,32,384,12.0,16384,480,92,1.0356312625345014,0.24991697682021574,
4,32,48,1.5,16384,480,92,11.043202116328578,11.007487830614291,
4,32,64,2.0,16384,480,92,8.19613400351647,8.124705432087898,
4,32,96,3.0,16384,480,92,2.6754701915278067,2.532613048670664,
4,32,128,4.0,16384,480,92,1.8136243629584272,1.599338648672713,
4,32,192,6.0,16384,480,92,1.353834224120434,0.9966913669775768,
4,32,256,8.0,16384,480,92,1.1860207379904932,0.6860207379904932,
4,32,384,12.0,16384,480,92,1.034830660947821,0.24911637523353536,
0,32,48,1.5,16384,480,93,2.717434393112307,2.6817201073980215,
0,32,64,2.0,16384,480,93,1.8934656066377107,1.8220370352091393,
0,32,96,3.0,16384,480,93,1.4095531167312072,1.2666959738740644,
0,32,128,4.0,16384,480,93,1.2569011126557943,1.04261539837008,
0,32,192,6.0,16384,480,93,1.1333711207846147,0.7762282636417575,
0,32,256,8.0,16384,480,93,1.0725748923494978,0.5725748923494978,
0,32,384,12.0,16384,480,93,1.019741202282431,0.23402691656814534,
2,32,48,1.5,16384,480,93,5.201090424428755,5.165376138714469,
2,32,64,2.0,16384,480,93,3.3843814911763923,3.3129529197478207,
2,32,96,3.0,16384,480,93,1.7676221994304901,1.6247650565733474,
2,32,128,4.0,16384,480,93,1.4146755710224181,1.200389856736704,
2,32,192,6.0,16384,480,93,1.1889614072119123,0.8318185500690551,
2,32,256,8.0,16384,480,93,1.093628363336993,0.593628363336993,
2,32,384,12.0,16384,480,93,1.0213078753493288,0.23559358963504307,
3,32,48,1.5,16384,480,93,7.483935028349109,7.448220742634823,
3,32,64,2.0,16384,480,93,4.6135959735394385,4.542167402110867,
3,32,96,3.0,16384,480,93,2.3239747146071474,2.1811175717500046,
3,32,128,4.0,16384,480,93,1.6430076376444278,1.4287219233587136,
3,32,192,6.0,16384,480,93,1.262150370957611,0.9050075138147538,
3,32,256,8.0,16384,480,93,1.124468410829915,0.624468410829915,
3,32,384,12.0,16384,480,93,1.0298214337322602,0.2441071480179745,
4,32,48,1.5,16384,480,93,10.251224120149576,10.21550983443529,
4,32,64,2.0,16384,480,93,7.462887370855862,7.391458799427291,
4,32,96,3.0,16384,480,93,3.9120823470486807,3.769225204191538,
4,32,128,4.0,16384,480,93,2.236030331764539,2.0217446174788245,
4,32,192,6.0,16384,480,93,1.448455212479963,1.0913123553371058,
4,32,256,8.0,16384,480,93,1.195915622346019,0.695915622346019,
4,32,384,12.0,16384,480,93,1.0349485437598636,0.24923425804557786,
0,32,48,1.5,16384,480,94,2.8396595315739046,2.803945245859619,
0,32,64,2.0,16384,480,94,1.9003230856973883,1.8288945142688169,
0,32,96,3.0,16384,480,94,1.4318059426411276,1.2889487997839848,
0,32,128,4.0,16384,480,94,1.258469753572143,1.0441840392864288,
0,32,192,6.0,16384,480,94,1.1301941506999251,0.7730512935570679,
0,32,256,8.0,16384,480,94,1.072038016376544,0.572038016376544,
0,32,384,12.0,16384,480,94,1.0197961909687585,0.2340819052544728,
2,32,48,1.5,16384,480,94,5.612474078217061,5.576759792502775,
2,32,64,2.0,16384,480,94,3.1347290425881025,3.063300471159531,
2,32,96,3.0,16384,480,94,1.8284729154006572,1.6856157725435144,
2,32,128,4.0,16384,480,94,1.4238032711242254,1.2095175568385113,
2,32,192,6.0,16384,480,94,1.1609030431879037,0.8037601860450465,
2,32,256,8.0,16384,480,94,1.0762225504616603,0.5762225504616603,
2,32,384,12.0,16384,480,94,1.0217036888996855,0.23598940318539985,
3,32,48,1.5,16384,480,94,6.8524641835245035,6.816749897810218,
3,32,64,2.0,16384,480,94,4.4902701786054875,4.418841607176916,
3,32,96,3.0,16384,480,94,2.070423988724392,1.9275668458672492,
3,32,128,4.0,16384,480,94,1.60597043858305,1.3916847242973358,
3,32,192,6.0,16384,480,94,1.289058143858403,0.9319152867155458,
3,32,256,8.0,16384,480,94,1.1503520702040166,0.6503520702040166,
3,32,384,12.0,16384,480,94,1.0330614768234778,0.24734719110919212,
4,32,48,1.5,16384,480,94,10.194634301899343,10.158920016185057,
4,32,64,2.0,16384,480,94,6.891125783377962,6.819697211949391,
4,32,96,3.0,16384,480,94,3.775476192597487,3.6326190497403443,
4,32,128,4.0,16384,480,94,2.2875096976722338,2.0732239833865194,
4,32,192,6.0,16384,480,94,1.4761669987434607,1.1190241416006035,
4,32,256,8.0,16384,480,94,1.1988166726144978,0.6988166726144978,
4,32,384,12.0,16384,480,94,1.0357654458421126,0.2500511601278269,
0,32,48,1.5,16384,480,95,2.5931317638564506,2.557417478142165,
0,32,64,2.0,16384,480,95,1.9012526643482404,1.829824092919669,
0,32,96,3.0,16384,480,95,1.419948556590025,1.2770914137328822,
0,32,128,4.0,16384,480,95,1.267019368952674,1.05273365466696,
0,32,192,6.0,16384,480,95,1.1270606535379135,0.7699177963950563,
0,32,256,8.0,16384,480,95,1.0698848697007208,0.5698848697007208,
0,32,384,12.0,16384,480,95,1.0195935496328965,0.2338792639186108,
2,32,48,1.5,16384,480,95,6.3942207794531205,6.358506493738835,
2,32,64,2.0,16384,480,95,3.4791206256249185,3.407692054196347,
2,32,96,3.0,16384,480,95,2.0039469170957287,1.861089774238586,
2,32,128,4.0,16384,480,95,1.4907451214974363,1.2764594072117221,
2,32,192,6.0,16384,480,95,1.1897623104222914,0.8326194532794342,
2,32,256,8.0,16384,480,95,1.0955319438449478,0.5955319438449478,
2,32,384,12.0,16384,480,95,1.0257407086918733,0.24002642297758758,
3,32,48,1.5,16384,480,95,9.375933435723821,9.340219150009535,
3,32,64,2.0,16384,480,95,6.118655405128865,6.047226833700294,
3,32,96,3.0,16384,480,95,2.5219744017991497,2.379117258942007,
3,32,128,4.0,16384,480,95,1.664246268452605,1.4499605541668907,
3,32,192,6.0,16384,480,95,1.2996134393319005,0.9424705821890433,
3,32,256,8.0,16384,480,95,1.1437160990154938,0.6437160990154938,
3,32,384,12.0,16384,480,95,1.0338358882099326,0.24812160249564685,
4,32,48,1.5,16384,480,95,11.290076237965572,11.254361952251285,
4,32,64,2.0,16384,480,95,7.634822228067972,7.563393656639401,
4,32,96,3.0,16384,480,95,2.970485814116934,2.827628671259791,
4,32,128,4.0,16384,480,95,1.7648442486824512,1.550558534396737,
4,32,192,6.0,16384,480,95,1.3308434096692143,0.9737005525263571,
4,32,256,8.0,16384,480,95,1.173098440139292,0.6730984401392921,
4,32,384,12.0,16384,480,95,1.036564219789333,0.2508499340750473,
