d,mode_dimension,r,support_dimension,m,trial,law,rankr_ratio,projector_ratio,sample_rank
2,8,8,48,12,0,Dense Gaussian,2.3418724548797965,2.241872454879795,12
2,8,8,48,16,0,Dense Gaussian,1.7288197751959906,1.5288197751959904,16
2,8,8,48,24,0,Dense Gaussian,1.2548503960453283,0.8548503960453289,24
2,8,8,48,32,0,Dense Gaussian,1.1545338498354054,0.5545338498354067,32
2,8,8,48,40,0,Dense Gaussian,1.0697701245957072,0.26977012459570915,40
2,8,8,48,12,0,KR Gaussian,1.9670816107202747,1.8670816107202732,12
2,8,8,48,16,0,KR Gaussian,1.6209404993817786,1.4209404993817785,16
2,8,8,48,24,0,KR Gaussian,1.266504529839363,0.8665045298393625,24
2,8,8,48,32,0,KR Gaussian,1.1160133911957004,0.5160133911957008,32
2,8,8,48,40,0,KR Gaussian,1.0510970934798305,0.25109709347983156,40
2,8,8,48,12,0,KR Rademacher,1.9867535152008857,1.8867535152008843,12
2,8,8,48,16,0,KR Rademacher,1.526292972355419,1.3262929723554189,16
2,8,8,48,24,0,KR Rademacher,1.2678730309696373,0.8678730309696387,24
2,8,8,48,32,0,KR Rademacher,1.0900423355128552,0.49004233551285736,32
2,8,8,48,40,0,KR Rademacher,1.0387474679598503,0.23874746795985224,40
2,8,8,48,12,1,Dense Gaussian,2.0959930313461426,1.9959930313461411,12
2,8,8,48,16,1,Dense Gaussian,1.6866390672753733,1.486639067275373,16
2,8,8,48,24,1,Dense Gaussian,1.311223699970272,0.9112236999702716,24
2,8,8,48,32,1,Dense Gaussian,1.1482096981241616,0.5482096981241629,32
2,8,8,48,40,1,Dense Gaussian,1.0649817772693222,0.26498177726932504,40
2,8,8,48,12,1,KR Gaussian,1.9202470041714435,1.820247004171442,12
2,8,8,48,16,1,KR Gaussian,1.6404270282943498,1.4404270282943497,16
2,8,8,48,24,1,KR Gaussian,1.2319317147513562,0.8319317147513576,24
2,8,8,48,32,1,KR Gaussian,1.1054027837560065,0.5054027837560078,32
2,8,8,48,40,1,KR Gaussian,1.0423222024802508,0.2423222024802527,40
2,8,8,48,12,1,KR Rademacher,2.2305649152607074,2.130564915260706,12
2,8,8,48,16,1,KR Rademacher,1.8200663371214967,1.6200663371214965,16
2,8,8,48,24,1,KR Rademacher,1.3891325888873345,0.9891325888873332,24
2,8,8,48,32,1,KR Rademacher,1.1539429741223595,0.5539429741223607,32
2,8,8,48,40,1,KR Rademacher,1.0639045012308834,0.26390450123088627,40
2,8,8,48,12,2,Dense Gaussian,2.4537420468652726,2.353742046865271,12
2,8,8,48,16,2,Dense Gaussian,1.767755964014599,1.5677559640145988,16
2,8,8,48,24,2,Dense Gaussian,1.2851641683984898,0.8851641683984894,24
2,8,8,48,32,2,Dense Gaussian,1.144279114080657,0.5442791140806573,32
2,8,8,48,40,2,Dense Gaussian,1.0598524573097627,0.2598524573097656,40
2,8,8,48,12,2,KR Gaussian,1.9973881937779634,1.897388193777962,12
2,8,8,48,16,2,KR Gaussian,1.6231958325082552,1.423195832508255,16
2,8,8,48,24,2,KR Gaussian,1.2711205578027736,0.8711205578027759,24
2,8,8,48,32,2,KR Gaussian,1.0999155188608611,0.4999155188608633,32
2,8,8,48,40,2,KR Gaussian,1.0282099571532548,0.22820995715325765,40
2,8,8,48,12,2,KR Rademacher,2.224523950124235,2.1245239501242335,12
2,8,8,48,16,2,KR Rademacher,1.8444736698580115,1.6444736698580114,16
2,8,8,48,24,2,KR Rademacher,1.4109415914786236,1.0109415914786233,24
2,8,8,48,32,2,KR Rademacher,1.1404314866316305,0.5404314866316327,32
2,8,8,48,40,2,KR Rademacher,1.0452448750066496,0.24524487500664804,40
2,8,8,48,12,3,Dense Gaussian,1.9238416712724007,1.8238416712723993,12
2,8,8,48,16,3,Dense Gaussian,1.5238001848122522,1.3238001848122511,16
2,8,8,48,24,3,Dense Gaussian,1.2918250351507385,0.8918250351507382,24
2,8,8,48,32,3,Dense Gaussian,1.1353400830660672,0.5353400830660675,32
2,8,8,48,40,3,Dense Gaussian,1.0617214796347314,0.26172147963473336,40
2,8,8,48,12,3,KR Gaussian,2.541622340641438,2.4416223406414366,12
2,8,8,48,16,3,KR Gaussian,1.9264862511403305,1.7264862511403294,16
2,8,8,48,24,3,KR Gaussian,1.3098777785221953,0.9098777785221941,24
2,8,8,48,32,3,KR Gaussian,1.165128802836449,0.5651288028364512,32
2,8,8,48,40,3,KR Gaussian,1.0705451073209185,0.2705451073209204,40
2,8,8,48,12,3,KR Rademacher,2.3270260245688537,2.2270260245688522,12
2,8,8,48,16,3,KR Rademacher,1.7533464080388619,1.5533464080388617,16
2,8,8,48,24,3,KR Rademacher,1.3321117344010531,0.9321117344010528,24
2,8,8,48,32,3,KR Rademacher,1.121979787155082,0.5219797871550824,32
2,8,8,48,40,3,KR Rademacher,1.0440570536730434,0.2440570536730462,40
2,8,8,48,12,4,Dense Gaussian,2.079961910231221,1.9799619102312196,12
2,8,8,48,16,4,Dense Gaussian,1.5276873637837483,1.3276873637837472,16
2,8,8,48,24,4,Dense Gaussian,1.2199411341172368,0.8199411341172365,24
2,8,8,48,32,4,Dense Gaussian,1.116253398870418,0.5162533988704201,32
2,8,8,48,40,4,Dense Gaussian,1.0473370881022328,0.24733708810223476,40
2,8,8,48,12,4,KR Gaussian,1.9329848235935874,1.832984823593586,12
2,8,8,48,16,4,KR Gaussian,1.618532699013791,1.4185326990137916,16
2,8,8,48,24,4,KR Gaussian,1.2401062324629688,0.8401062324629702,24
2,8,8,48,32,4,KR Gaussian,1.1035687236304605,0.5035687236304618,32
2,8,8,48,40,4,KR Gaussian,1.0363171688200508,0.2363171688200545,40
2,8,8,48,12,4,KR Rademacher,2.1077558511730468,2.0077558511730453,12
2,8,8,48,16,4,KR Rademacher,1.766290295630471,1.5662902956304716,16
2,8,8,48,24,4,KR Rademacher,1.2894340473729207,0.8894340473729212,24
2,8,8,48,32,4,KR Rademacher,1.1490581392307186,0.5490581392307199,32
2,8,8,48,40,4,KR Rademacher,1.0514702869991295,0.25147028699913143,40
2,8,8,48,12,5,Dense Gaussian,2.5995780095338246,2.499578009533823,12
2,8,8,48,16,5,Dense Gaussian,1.7111409856360584,1.5111409856360583,16
2,8,8,48,24,5,Dense Gaussian,1.283611563885441,0.8836115638854416,24
2,8,8,48,32,5,Dense Gaussian,1.136944689003169,0.536944689003171,32
2,8,8,48,40,5,Dense Gaussian,1.0272430061493942,0.2272430061493953,40
2,8,8,48,12,5,KR Gaussian,1.8836762600329902,1.7836762600329887,12
2,8,8,48,16,5,KR Gaussian,1.556067601599021,1.3560676015990207,16
2,8,8,48,24,5,KR Gaussian,1.3361601562163763,0.9361601562163777,24
2,8,8,48,32,5,KR Gaussian,1.1076707546399422,0.5076707546399426,32
2,8,8,48,40,5,KR Gaussian,1.0452019166684172,0.24520191666841917,40
2,8,8,48,12,5,KR Rademacher,1.8975983507257244,1.797598350725723,12
2,8,8,48,16,5,KR Rademacher,1.5627083936933088,1.3627083936933078,16
2,8,8,48,24,5,KR Rademacher,1.2615213583419713,0.8615213583419692,24
2,8,8,48,32,5,KR Rademacher,1.0962071943619636,0.4962071943619648,32
2,8,8,48,40,5,KR Rademacher,1.0391111778761228,0.23911117787612568,40
2,8,8,48,12,6,Dense Gaussian,2.004803647580152,1.9048036475801506,12
2,8,8,48,16,6,Dense Gaussian,1.5546431845713284,1.3546431845713274,16
2,8,8,48,24,6,Dense Gaussian,1.2775171058669414,0.8775171058669411,24
2,8,8,48,32,6,Dense Gaussian,1.1064904609856203,0.5064904609856224,32
2,8,8,48,40,6,Dense Gaussian,1.0256686250551041,0.22566862505510699,40
2,8,8,48,12,6,KR Gaussian,3.0222901204123893,2.922290120412388,12
2,8,8,48,16,6,KR Gaussian,1.9965963697352578,1.7965963697352567,16
2,8,8,48,24,6,KR Gaussian,1.3239723791586497,0.923972379158652,24
2,8,8,48,32,6,KR Gaussian,1.142007286010104,0.5420072860101062,32
2,8,8,48,40,6,KR Gaussian,1.051725403477544,0.2517254034775469,40
2,8,8,48,12,6,KR Rademacher,2.320723441149079,2.2207234411490777,12
2,8,8,48,16,6,KR Rademacher,1.777674046634873,1.577674046634872,16
2,8,8,48,24,6,KR Rademacher,1.2580137830288418,0.8580137830288415,24
2,8,8,48,32,6,KR Rademacher,1.0911620279789949,0.4911620279789979,32
2,8,8,48,40,6,KR Rademacher,1.042790520354421,0.24279052035442206,40
2,8,8,48,12,7,Dense Gaussian,2.131182902469531,2.0311829024695296,12
2,8,8,48,16,7,Dense Gaussian,1.6934921859558933,1.493492185955894,16
2,8,8,48,24,7,Dense Gaussian,1.2985485507554007,0.8985485507554003,24
2,8,8,48,32,7,Dense Gaussian,1.1170776585746527,0.517077658574653,32
2,8,8,48,40,7,Dense Gaussian,1.045720715431056,0.24572071543105878,40
2,8,8,48,12,7,KR Gaussian,2.2576454980913283,2.157645498091327,12
2,8,8,48,16,7,KR Gaussian,1.7802695789528693,1.5802695789528691,16
2,8,8,48,24,7,KR Gaussian,1.2914016778878459,0.8914016778878455,24
2,8,8,48,32,7,KR Gaussian,1.133763898136138,0.5337638981361401,32
2,8,8,48,40,7,KR Gaussian,1.0337787824681204,0.23377878246812323,40
2,8,8,48,12,7,KR Rademacher,2.181944381258929,2.0819443812589276,12
2,8,8,48,16,7,KR Rademacher,1.5432950974756805,1.3432950974756803,16
2,8,8,48,24,7,KR Rademacher,1.2321022129456605,0.8321022129456601,24
2,8,8,48,32,7,KR Rademacher,1.1271190112581913,0.5271190112581934,32
2,8,8,48,40,7,KR Rademacher,1.0465868724392235,0.2465868724392255,40
2,8,8,48,12,8,Dense Gaussian,2.6504304636950966,2.550430463695095,12
2,8,8,48,16,8,Dense Gaussian,1.8761998415545218,1.6761998415545216,16
2,8,8,48,24,8,Dense Gaussian,1.3606500607957663,0.960650060795766,24
2,8,8,48,32,8,Dense Gaussian,1.1059267713842544,0.5059267713842566,32
2,8,8,48,40,8,Dense Gaussian,1.045363308309021,0.2453633083090221,40
2,8,8,48,12,8,KR Gaussian,2.061293667090789,1.9612936670907875,12
2,8,8,48,16,8,KR Gaussian,1.693557226966532,1.4935572269665318,16
2,8,8,48,24,8,KR Gaussian,1.2848848665637957,0.8848848665637963,24
2,8,8,48,32,8,KR Gaussian,1.1243072932266802,0.5243072932266823,32
2,8,8,48,40,8,KR Gaussian,1.0483638522764958,0.2483638522764977,40
2,8,8,48,12,8,KR Rademacher,2.097203641629858,1.9972036416298566,12
2,8,8,48,16,8,KR Rademacher,1.724384048026459,1.5243840480264597,16
2,8,8,48,24,8,KR Rademacher,1.3611783099057106,0.9611783099057121,24
2,8,8,48,32,8,KR Rademacher,1.1605300865033321,0.5605300865033325,32
2,8,8,48,40,8,KR Rademacher,1.0692383308253905,0.2692383308253916,40
2,8,8,48,12,9,Dense Gaussian,2.497288143946763,2.3972881439467617,12
2,8,8,48,16,9,Dense Gaussian,1.6461508961676206,1.4461508961676213,16
2,8,8,48,24,9,Dense Gaussian,1.2785848221977982,0.8785848221977979,24
2,8,8,48,32,9,Dense Gaussian,1.1522300810713464,0.5522300810713485,32
2,8,8,48,40,9,Dense Gaussian,1.0805209623842176,0.28052096238421953,40
2,8,8,48,12,9,KR Gaussian,2.9117961720560075,2.811796172056006,12
2,8,8,48,16,9,KR Gaussian,1.900929286473283,1.7009292864732828,16
2,8,8,48,24,9,KR Gaussian,1.3409280689034073,0.940928068903407,24
2,8,8,48,32,9,KR Gaussian,1.157326064794077,0.5573260647940792,32
2,8,8,48,40,9,KR Gaussian,1.0553975390749848,0.25539753907498763,40
2,8,8,48,12,9,KR Rademacher,2.0910471599438214,1.99104715994382,12
2,8,8,48,16,9,KR Rademacher,1.6010156777164646,1.4010156777164644,16
2,8,8,48,24,9,KR Rademacher,1.2572758713309078,0.8572758713309092,24
2,8,8,48,32,9,KR Rademacher,1.1087296981125654,0.5087296981125657,32
2,8,8,48,40,9,KR Rademacher,1.0578005317946388,0.2578005317946399,40
2,8,8,48,12,10,Dense Gaussian,2.0993827762245587,1.9993827762245573,12
2,8,8,48,16,10,Dense Gaussian,1.6992463570074259,1.4992463570074257,16
2,8,8,48,24,10,Dense Gaussian,1.281671416989683,0.8816714169896827,24
2,8,8,48,32,10,Dense Gaussian,1.1125445071853015,0.5125445071853036,32
2,8,8,48,40,10,Dense Gaussian,1.0533742968176476,0.25337429681765045,40
2,8,8,48,12,10,KR Gaussian,1.9852200200403107,1.8852200200403093,12
2,8,8,48,16,10,KR Gaussian,1.6204478754227587,1.4204478754227585,16
2,8,8,48,24,10,KR Gaussian,1.286407531313861,0.8864075313138606,24
2,8,8,48,32,10,KR Gaussian,1.128912000053349,0.5289120000533494,32
2,8,8,48,40,10,KR Gaussian,1.0434607569293375,0.24346075692934122,40
2,8,8,48,12,10,KR Rademacher,2.527541623687588,2.4275416236875866,12
2,8,8,48,16,10,KR Rademacher,1.7774098334468338,1.5774098334468336,16
2,8,8,48,24,10,KR Rademacher,1.2433116130594186,0.8433116130594183,24
2,8,8,48,32,10,KR Rademacher,1.127979010008107,0.5279790100081083,32
2,8,8,48,40,10,KR Rademacher,1.0386814485539606,0.23868144855396167,40
2,8,8,48,12,11,Dense Gaussian,1.6912593707105037,1.5912593707105023,12
2,8,8,48,16,11,Dense Gaussian,1.495972719596745,1.2959727195967439,16
2,8,8,48,24,11,Dense Gaussian,1.24354085358131,0.8435408535813096,24
2,8,8,48,32,11,Dense Gaussian,1.1174074926709974,0.5174074926709977,32
2,8,8,48,40,11,Dense Gaussian,1.050115394118384,0.2501153941183851,40
2,8,8,48,12,11,KR Gaussian,2.438737797297919,2.3387377972979175,12
2,8,8,48,16,11,KR Gaussian,1.6588120816446725,1.4588120816446715,16
2,8,8,48,24,11,KR Gaussian,1.402166941113805,1.0021669411138054,24
2,8,8,48,32,11,KR Gaussian,1.1720892385105852,0.5720892385105874,32
2,8,8,48,40,11,KR Gaussian,1.0508654846508136,0.2508654846508165,40
2,8,8,48,12,11,KR Rademacher,2.299036188434928,2.1990361884349268,12
2,8,8,48,16,11,KR Rademacher,1.6280314665461617,1.4280314665461624,16
2,8,8,48,24,11,KR Rademacher,1.2530201717168312,0.8530201717168318,24
2,8,8,48,32,11,KR Rademacher,1.139482032852709,0.5394820328527103,32
2,8,8,48,40,11,KR Rademacher,1.0501719685665014,0.25017196856650337,40
2,8,8,48,12,12,Dense Gaussian,2.083353084965931,1.9833530849659295,12
2,8,8,48,16,12,Dense Gaussian,1.7431984438967305,1.5431984438967312,16
2,8,8,48,24,12,Dense Gaussian,1.2760210323753256,0.8760210323753235,24
2,8,8,48,32,12,Dense Gaussian,1.1746573262550823,0.5746573262550854,32
2,8,8,48,40,12,Dense Gaussian,1.043821217184668,0.24382121718467076,40
2,8,8,48,12,12,KR Gaussian,2.339994806359103,2.2399948063591015,12
2,8,8,48,16,12,KR Gaussian,1.70163293041427,1.501632930414269,16
2,8,8,48,24,12,KR Gaussian,1.4576331480927287,1.0576331480927283,24
2,8,8,48,32,12,KR Gaussian,1.1696550502696645,0.5696550502696667,32
2,8,8,48,40,12,KR Gaussian,1.0546490264714699,0.2546490264714727,40
2,8,8,48,12,12,KR Rademacher,2.5943849388189655,2.494384938818964,12
2,8,8,48,16,12,KR Rademacher,1.6584660197033827,1.4584660197033816,16
2,8,8,48,24,12,KR Rademacher,1.3494996294059085,0.9494996294059099,24
2,8,8,48,32,12,KR Rademacher,1.133265941994705,0.5332659419947063,32
2,8,8,48,40,12,KR Rademacher,1.0488552021436384,0.2488552021436412,40
2,8,8,48,12,13,Dense Gaussian,2.433356831305849,2.3333568313058475,12
2,8,8,48,16,13,Dense Gaussian,2.0011126438534728,1.8011126438534735,16
2,8,8,48,24,13,Dense Gaussian,1.2260502871288619,0.8260502871288633,24
2,8,8,48,32,13,Dense Gaussian,1.0890743077525986,0.48907430775260075,32
2,8,8,48,40,13,Dense Gaussian,1.0383494511046525,0.23834945110465355,40
2,8,8,48,12,13,KR Gaussian,1.8950702763290632,1.7950702763290618,12
2,8,8,48,16,13,KR Gaussian,1.5257910268518557,1.3257910268518547,16
2,8,8,48,24,13,KR Gaussian,1.2281151548829161,0.8281151548829175,24
2,8,8,48,32,13,KR Gaussian,1.1276524406013477,0.527652440601349,32
2,8,8,48,40,13,KR Gaussian,1.04242868209624,0.2424286820962429,40
2,8,8,48,12,13,KR Rademacher,2.23174173770963,2.1317417377096284,12
2,8,8,48,16,13,KR Rademacher,1.699483912634478,1.4994839126344788,16
2,8,8,48,24,13,KR Rademacher,1.2482654598696854,0.8482654598696868,24
2,8,8,48,32,13,KR Rademacher,1.1210180371075111,0.5210180371075133,32
2,8,8,48,40,13,KR Rademacher,1.0306867125515122,0.23068671255151507,40
2,8,8,48,12,14,Dense Gaussian,2.4366902168410842,2.336690216841083,12
2,8,8,48,16,14,Dense Gaussian,1.8035007379470471,1.603500737947047,16
2,8,8,48,24,14,Dense Gaussian,1.4037283027663978,1.0037283027663992,24
2,8,8,48,32,14,Dense Gaussian,1.1299745906908658,0.5299745906908679,32
2,8,8,48,40,14,Dense Gaussian,1.0503049587672812,0.2503049587672841,40
2,8,8,48,12,14,KR Gaussian,2.1542226837672747,2.0542226837672732,12
2,8,8,48,16,14,KR Gaussian,1.5485989300866105,1.3485989300866112,16
2,8,8,48,24,14,KR Gaussian,1.2013094070245884,0.8013094070245899,24
2,8,8,48,32,14,KR Gaussian,1.130179313253894,0.5301793132538961,32
2,8,8,48,40,14,KR Gaussian,1.0620284113100489,0.2620284113100517,40
2,8,8,48,12,14,KR Rademacher,2.242009218109718,2.142009218109717,12
2,8,8,48,16,14,KR Rademacher,1.5581594725662633,1.3581594725662622,16
2,8,8,48,24,14,KR Rademacher,1.256648902356626,0.8566489023566248,24
2,8,8,48,32,14,KR Rademacher,1.1014822243545872,0.5014822243545893,32
2,8,8,48,40,14,KR Rademacher,1.0334280146541612,0.23342801465416407,40
2,8,8,48,12,15,Dense Gaussian,2.3070480817054477,2.2070480817054463,12
2,8,8,48,16,15,Dense Gaussian,1.8917324086116967,1.6917324086116974,16
2,8,8,48,24,15,Dense Gaussian,1.333872063888128,0.9338720638881277,24
2,8,8,48,32,15,Dense Gaussian,1.1487465953984177,0.5487465953984181,32
2,8,8,48,40,15,Dense Gaussian,1.0462924911569473,0.24629249115695018,40
2,8,8,48,12,15,KR Gaussian,1.6472824611678885,1.547282461167887,12
2,8,8,48,16,15,KR Gaussian,1.410731575349769,1.2107315753497687,16
2,8,8,48,24,15,KR Gaussian,1.2314110379846586,0.83141103798466,24
2,8,8,48,32,15,KR Gaussian,1.0913914807726108,0.49139148077261297,32
2,8,8,48,40,15,KR Gaussian,1.0314244742854495,0.23142447428545232,40
2,8,8,48,12,15,KR Rademacher,2.6506261630889822,2.550626163088981,12
2,8,8,48,16,15,KR Rademacher,2.156120114461398,1.9561201144613989,16
2,8,8,48,24,15,KR Rademacher,1.3875942111658173,0.9875942111658169,24
2,8,8,48,32,15,KR Rademacher,1.1523474809825842,0.5523474809825846,32
2,8,8,48,40,15,KR Rademacher,1.0782117255136825,0.27821172551368356,40
2,8,8,48,12,16,Dense Gaussian,2.3079352457087987,2.2079352457087973,12
2,8,8,48,16,16,Dense Gaussian,1.5503039584782048,1.3503039584782037,16
2,8,8,48,24,16,Dense Gaussian,1.2219072048072057,0.8219072048072071,24
2,8,8,48,32,16,Dense Gaussian,1.124769058489548,0.5247690584895501,32
2,8,8,48,40,16,Dense Gaussian,1.0502363624222797,0.25023636242228164,40
2,8,8,48,12,16,KR Gaussian,1.7445096449380184,1.644509644938017,12
2,8,8,48,16,16,KR Gaussian,1.5702111914714774,1.3702111914714772,16
2,8,8,48,24,16,KR Gaussian,1.2194012803247913,0.8194012803247919,24
2,8,8,48,32,16,KR Gaussian,1.108325455138826,0.5083254551388272,32
2,8,8,48,40,16,KR Gaussian,1.0359628683313034,0.2359628683313062,40
2,8,8,48,12,16,KR Rademacher,1.7834679685355992,1.6834679685355978,12
2,8,8,48,16,16,KR Rademacher,1.4819975988014695,1.2819975988014702,16
2,8,8,48,24,16,KR Rademacher,1.2774959978995248,0.8774959978995263,24
2,8,8,48,32,16,KR Rademacher,1.142306555512807,0.542306555512809,32
2,8,8,48,40,16,KR Rademacher,1.058531351592646,0.25853135159264795,40
2,8,8,48,12,17,Dense Gaussian,1.835863955082016,1.7358639550820145,12
2,8,8,48,16,17,Dense Gaussian,1.4331564996971426,1.2331564996971434,16
2,8,8,48,24,17,Dense Gaussian,1.2040438268323852,0.8040438268323857,24
2,8,8,48,32,17,Dense Gaussian,1.1159143454423361,0.5159143454423365,32
2,8,8,48,40,17,Dense Gaussian,1.0413953759957106,0.24139537599571348,40
2,8,8,48,12,17,KR Gaussian,2.172033505974616,2.0720335059746144,12
2,8,8,48,16,17,KR Gaussian,1.6802410125834593,1.480241012583459,16
2,8,8,48,24,17,KR Gaussian,1.2584143326513324,0.858414332651332,24
2,8,8,48,32,17,KR Gaussian,1.1092719651492757,0.5092719651492761,32
2,8,8,48,40,17,KR Gaussian,1.0413200722895937,0.24132007228959473,40
2,8,8,48,12,17,KR Rademacher,2.2686096961016275,2.168609696101626,12
2,8,8,48,16,17,KR Rademacher,1.7304565132821912,1.530456513282191,16
2,8,8,48,24,17,KR Rademacher,1.314699733425293,0.9146997334252926,24
2,8,8,48,32,17,KR Rademacher,1.1668889517663015,0.5668889517663018,32
2,8,8,48,40,17,KR Rademacher,1.0962116232072132,0.2962116232072134,40
2,8,8,48,12,18,Dense Gaussian,2.532093385515343,2.4320933855153415,12
2,8,8,48,16,18,Dense Gaussian,1.9724150012162873,1.7724150012162863,16
2,8,8,48,24,18,Dense Gaussian,1.358427044214734,0.9584270442147353,24
2,8,8,48,32,18,Dense Gaussian,1.1455701741681779,0.54557017416818,32
2,8,8,48,40,18,Dense Gaussian,1.0367283457956642,0.23672834579566882,40
2,8,8,48,12,18,KR Gaussian,1.9294260308818867,1.8294260308818853,12
2,8,8,48,16,18,KR Gaussian,1.5519426958242208,1.3519426958242207,16
2,8,8,48,24,18,KR Gaussian,1.23891522158112,0.8389152215811198,24
2,8,8,48,32,18,KR Gaussian,1.1094807959992687,0.50948079599927,32
2,8,8,48,40,18,KR Gaussian,1.0474810260033447,0.24748102600334754,40
2,8,8,48,12,18,KR Rademacher,2.5725826379349455,2.472582637934944,12
2,8,8,48,16,18,KR Rademacher,1.673307407080884,1.4733074070808847,16
2,8,8,48,24,18,KR Rademacher,1.3192052494093698,0.9192052494093694,24
2,8,8,48,32,18,KR Rademacher,1.170798773947194,0.570798773947196,32
2,8,8,48,40,18,KR Rademacher,1.0455866636119726,0.24558666361197368,40
2,8,8,48,12,19,Dense Gaussian,1.9797657343573114,1.87976573435731,12
2,8,8,48,16,19,Dense Gaussian,1.5665868951931259,1.3665868951931266,16
2,8,8,48,24,19,Dense Gaussian,1.2585620364680246,0.8585620364680242,24
2,8,8,48,32,19,Dense Gaussian,1.138987901935634,0.5389879019356361,32
2,8,8,48,40,19,Dense Gaussian,1.0440242211098703,0.24402422110987132,40
2,8,8,48,12,19,KR Gaussian,2.2039081241471568,2.1039081241471553,12
2,8,8,48,16,19,KR Gaussian,1.702785544021892,1.5027855440218918,16
2,8,8,48,24,19,KR Gaussian,1.231285930505532,0.8312859305055316,24
2,8,8,48,32,19,KR Gaussian,1.1234482339000715,0.5234482339000728,32
2,8,8,48,40,19,KR Gaussian,1.043466520999143,0.24346652099914579,40
2,8,8,48,12,19,KR Rademacher,2.2498609396834732,2.149860939683472,12
2,8,8,48,16,19,KR Rademacher,1.7629824169665866,1.5629824169665874,16
2,8,8,48,24,19,KR Rademacher,1.2799119021017695,0.8799119021017692,24
2,8,8,48,32,19,KR Rademacher,1.121670472680007,0.5216704726800074,32
2,8,8,48,40,19,KR Rademacher,1.0484673549133579,0.2484673549133607,40
2,8,8,48,12,20,Dense Gaussian,2.050468081814371,1.9504680818143694,12
2,8,8,48,16,20,Dense Gaussian,1.6167983159205175,1.4167983159205182,16
2,8,8,48,24,20,Dense Gaussian,1.2699004626751522,0.8699004626751528,24
2,8,8,48,32,20,Dense Gaussian,1.1307200703346396,0.5307200703346417,32
2,8,8,48,40,20,Dense Gaussian,1.0344049946949978,0.23440499469499976,40
2,8,8,48,12,20,KR Gaussian,2.8049477375294325,2.704947737529431,12
2,8,8,48,16,20,KR Gaussian,1.8104276439705869,1.6104276439705867,16
2,8,8,48,24,20,KR Gaussian,1.3302110212723903,0.93021102127239,24
2,8,8,48,32,20,KR Gaussian,1.1561406469407487,0.5561406469407508,32
2,8,8,48,40,20,KR Gaussian,1.0479383850374244,0.2479383850374255,40
2,8,8,48,12,20,KR Rademacher,2.7217525599728765,2.621752559972875,12
2,8,8,48,16,20,KR Rademacher,1.6588681385082342,1.458868138508235,16
2,8,8,48,24,20,KR Rademacher,1.3542029449696145,0.9542029449696141,24
2,8,8,48,32,20,KR Rademacher,1.1170118793959807,0.5170118793959819,32
2,8,8,48,40,20,KR Rademacher,1.0564241874046578,0.25642418740466155,40
2,8,8,48,12,21,Dense Gaussian,2.3635632229256895,2.263563222925688,12
2,8,8,48,16,21,Dense Gaussian,1.755065266075876,1.555065266075875,16
2,8,8,48,24,21,Dense Gaussian,1.2471706913717968,0.8471706913717973,24
2,8,8,48,32,21,Dense Gaussian,1.154958616501638,0.5549586165016382,32
2,8,8,48,40,21,Dense Gaussian,1.0542619641270345,0.2542619641270374,40
2,8,8,48,12,21,KR Gaussian,1.6800913576533327,1.5800913576533313,12
2,8,8,48,16,21,KR Gaussian,1.4864171362259873,1.2864171362259862,16
2,8,8,48,24,21,KR Gaussian,1.2434522812353634,0.8434522812353631,24
2,8,8,48,32,21,KR Gaussian,1.137236540833742,0.5372365408337423,32
2,8,8,48,40,21,KR Gaussian,1.049038010790376,0.2490380107903789,40
2,8,8,48,12,21,KR Rademacher,2.0984382896966114,1.99843828969661,12
2,8,8,48,16,21,KR Rademacher,1.6524573052913176,1.4524573052913183,16
2,8,8,48,24,21,KR Rademacher,1.2994011724615575,0.8994011724615589,24
2,8,8,48,32,21,KR Rademacher,1.1233395810278406,0.523339581027841,32
2,8,8,48,40,21,KR Rademacher,1.037375065610508,0.23737506561050914,40
2,8,8,48,12,22,Dense Gaussian,1.8796746546769771,1.7796746546769757,12
2,8,8,48,16,22,Dense Gaussian,1.5083589383611313,1.3083589383611303,16
2,8,8,48,24,22,Dense Gaussian,1.2467686891820877,0.8467686891820883,24
2,8,8,48,32,22,Dense Gaussian,1.120783904129655,0.5207839041296562,32
2,8,8,48,40,22,Dense Gaussian,1.0398681279610766,0.2398681279610777,40
2,8,8,48,12,22,KR Gaussian,2.7129985465296205,2.612998546529619,12
2,8,8,48,16,22,KR Gaussian,1.891864381983483,1.6918643819834829,16
2,8,8,48,24,22,KR Gaussian,1.3596536633689,0.9596536633689006,24
2,8,8,48,32,22,KR Gaussian,1.161687677818696,0.5616876778186963,32
2,8,8,48,40,22,KR Gaussian,1.069328661035117,0.26932866103511977,40
2,8,8,48,12,22,KR Rademacher,2.2483040955200533,2.148304095520052,12
2,8,8,48,16,22,KR Rademacher,1.8549825498003134,1.6549825498003141,16
2,8,8,48,24,22,KR Rademacher,1.3258995054517602,0.9258995054517598,24
2,8,8,48,32,22,KR Rademacher,1.1613518262496463,0.5613518262496466,32
2,8,8,48,40,22,KR Rademacher,1.0662666874142364,0.2662666874142374,40
2,8,8,48,12,23,Dense Gaussian,2.4597812781015698,2.3597812781015683,12
2,8,8,48,16,23,Dense Gaussian,1.7661356545551081,1.566135654555108,16
2,8,8,48,24,23,Dense Gaussian,1.3157214939279775,0.915721493927979,24
2,8,8,48,32,23,Dense Gaussian,1.1303964650391816,0.5303964650391819,32
2,8,8,48,40,23,Dense Gaussian,1.0375868975616616,0.2375868975616644,40
2,8,8,48,12,23,KR Gaussian,2.0509368522044813,1.9509368522044799,12
2,8,8,48,16,23,KR Gaussian,1.656358302241463,1.456358302241462,16
2,8,8,48,24,23,KR Gaussian,1.2748330994130717,0.8748330994130722,24
2,8,8,48,32,23,KR Gaussian,1.118621562443292,0.5186215624432933,32
2,8,8,48,40,23,KR Gaussian,1.043027666421323,0.24302766642132667,40
2,8,8,48,12,23,KR Rademacher,2.379753780913047,2.2797537809130457,12
2,8,8,48,16,23,KR Rademacher,1.6730862781496008,1.4730862781496015,16
2,8,8,48,24,23,KR Rademacher,1.2490150501413666,0.8490150501413662,24
2,8,8,48,32,23,KR Rademacher,1.119955689617905,0.5199556896179054,32
2,8,8,48,40,23,KR Rademacher,1.0399226969228863,0.23992269692288737,40
2,8,8,48,12,24,Dense Gaussian,2.457245511130057,2.3572455111300554,12
2,8,8,48,16,24,Dense Gaussian,1.7520457999274157,1.5520457999274164,16
2,8,8,48,24,24,Dense Gaussian,1.344287665058154,0.9442876650581535,24
2,8,8,48,32,24,Dense Gaussian,1.1146393702233972,0.5146393702233993,32
2,8,8,48,40,24,Dense Gaussian,1.0307386099974494,0.23073860999745222,40
2,8,8,48,12,24,KR Gaussian,2.3723409256111143,2.272340925611113,12
2,8,8,48,16,24,KR Gaussian,1.4896863414405175,1.2896863414405173,16
2,8,8,48,24,24,KR Gaussian,1.267728105346551,0.8677281053465524,24
2,8,8,48,32,24,KR Gaussian,1.1136377859720028,0.5136377859720049,32
2,8,8,48,40,24,KR Gaussian,1.05346366952792,0.2534636695279211,40
2,8,8,48,12,24,KR Rademacher,2.3131072091273515,2.21310720912735,12
2,8,8,48,16,24,KR Rademacher,1.8042008349889782,1.604200834988978,16
2,8,8,48,24,24,KR Rademacher,1.2183890886393325,0.8183890886393321,24
2,8,8,48,32,24,KR Rademacher,1.121608490765678,0.5216084907656793,32
2,8,8,48,40,24,KR Rademacher,1.0328581306584237,0.23285813065842476,40
2,8,8,48,12,25,Dense Gaussian,2.1464745739003295,2.046474573900328,12
2,8,8,48,16,25,Dense Gaussian,1.7108986321535884,1.5108986321535873,16
2,8,8,48,24,25,Dense Gaussian,1.2689426445095497,0.8689426445095503,24
2,8,8,48,32,25,Dense Gaussian,1.0842627157290323,0.48426271572903445,32
2,8,8,48,40,25,Dense Gaussian,1.0443569140555296,0.24435691405552973,40
2,8,8,48,12,25,KR Gaussian,2.248355013854189,2.1483550138541876,12
2,8,8,48,16,25,KR Gaussian,1.767501074527254,1.5675010745272537,16
2,8,8,48,24,25,KR Gaussian,1.4367207337891186,1.0367207337891182,24
2,8,8,48,32,25,KR Gaussian,1.1633747164817425,0.5633747164817429,32
2,8,8,48,40,25,KR Gaussian,1.0578201046994327,0.2578201046994337,40
2,8,8,48,12,25,KR Rademacher,2.0766600682889074,1.976660068288906,12
2,8,8,48,16,25,KR Rademacher,1.6670271627767148,1.4670271627767146,16
2,8,8,48,24,25,KR Rademacher,1.3053033411646684,0.905303341164668,24
2,8,8,48,32,25,KR Rademacher,1.150166573969825,0.5501665739698272,32
2,8,8,48,40,25,KR Rademacher,1.0564143979187142,0.2564143979187161,40
2,8,8,48,12,26,Dense Gaussian,1.9409632789772004,1.840963278977199,12
2,8,8,48,16,26,Dense Gaussian,1.5867112766014158,1.3867112766014156,16
2,8,8,48,24,26,Dense Gaussian,1.2744509728156412,0.8744509728156409,24
2,8,8,48,32,26,Dense Gaussian,1.091530406037001,0.49153040603700227,32
2,8,8,48,40,26,Dense Gaussian,1.043762515630597,0.2437625156305998,40
2,8,8,48,12,26,KR Gaussian,2.534734132328131,2.4347341323281295,12
2,8,8,48,16,26,KR Gaussian,2.1155746073007915,1.9155746073007913,16
2,8,8,48,24,26,KR Gaussian,1.411349026963019,1.0113490269630185,24
2,8,8,48,32,26,KR Gaussian,1.1505517215771652,0.5505517215771647,32
2,8,8,48,40,26,KR Gaussian,1.0522001337217812,0.2522001337217823,40
2,8,8,48,12,26,KR Rademacher,2.2252296827498403,2.125229682749839,12
2,8,8,48,16,26,KR Rademacher,1.6725987690886743,1.4725987690886742,16
2,8,8,48,24,26,KR Rademacher,1.2152210140564765,0.8152210140564762,24
2,8,8,48,32,26,KR Rademacher,1.1130534332573117,0.5380534332573088,31
2,8,8,48,40,26,KR Rademacher,1.0575401092038446,0.2825401092038433,39
2,8,8,48,12,27,Dense Gaussian,2.9676801093868113,2.86768010938681,12
2,8,8,48,16,27,Dense Gaussian,2.012295364950198,1.812295364950197,16
2,8,8,48,24,27,Dense Gaussian,1.4298486566988382,1.0298486566988387,24
2,8,8,48,32,27,Dense Gaussian,1.2053062667472245,0.605306266747224,32
2,8,8,48,40,27,Dense Gaussian,1.0793149723077988,0.2793149723077999,40
2,8,8,48,12,27,KR Gaussian,1.965951244510629,1.8659512445106277,12
2,8,8,48,16,27,KR Gaussian,1.4471711746752263,1.247171174675226,16
2,8,8,48,24,27,KR Gaussian,1.2371797185298785,0.8371797185298799,24
2,8,8,48,32,27,KR Gaussian,1.1312565357943818,0.5312565357943839,32
2,8,8,48,40,27,KR Gaussian,1.0671075354610968,0.267107535461097,40
2,8,8,48,12,27,KR Rademacher,2.4203858707620842,2.320385870762083,12
2,8,8,48,16,27,KR Rademacher,1.6671057333452453,1.4671057333452442,16
2,8,8,48,24,27,KR Rademacher,1.2643803124483934,0.8643803124483931,24
2,8,8,48,32,27,KR Rademacher,1.1232555145536374,0.5232555145536377,32
2,8,8,48,40,27,KR Rademacher,1.049583860859821,0.24958386085982376,40
2,8,8,48,12,28,Dense Gaussian,2.0891850066020936,1.9891850066020922,12
2,8,8,48,16,28,Dense Gaussian,1.6582886595854962,1.458288659585497,16
2,8,8,48,24,28,Dense Gaussian,1.2957620771494227,0.8957620771494206,24
2,8,8,48,32,28,Dense Gaussian,1.131982782423277,0.5319827824232775,32
2,8,8,48,40,28,Dense Gaussian,1.0670677423680388,0.2670677423680399,40
2,8,8,48,12,28,KR Gaussian,2.6322152520343023,2.532215252034301,12
2,8,8,48,16,28,KR Gaussian,1.7060868818199468,1.5060868818199467,16
2,8,8,48,24,28,KR Gaussian,1.2886237751684142,0.8886237751684156,24
2,8,8,48,32,28,KR Gaussian,1.1627368872047423,0.5627368872047445,32
2,8,8,48,40,28,KR Gaussian,1.0564158339751923,0.2564158339751934,40
2,8,8,48,12,28,KR Rademacher,2.4106046717393355,2.310604671739334,12
2,8,8,48,16,28,KR Rademacher,1.9358880964959138,1.7358880964959127,16
2,8,8,48,24,28,KR Rademacher,1.3902626218320737,0.9902626218320734,24
2,8,8,48,32,28,KR Rademacher,1.148802796287912,0.5488027962879141,32
2,8,8,48,40,28,KR Rademacher,1.0449942563578798,0.24499425635788263,40
2,8,8,48,12,29,Dense Gaussian,2.091422960630849,1.9914229606308478,12
2,8,8,48,16,29,Dense Gaussian,1.8278914533699133,1.6278914533699131,16
2,8,8,48,24,29,Dense Gaussian,1.2956019679343793,0.895601967934379,24
2,8,8,48,32,29,Dense Gaussian,1.1333332325116245,0.5333332325116267,32
2,8,8,48,40,29,Dense Gaussian,1.050944976893934,0.2509449768939369,40
2,8,8,48,12,29,KR Gaussian,2.124361958050427,2.0243619580504255,12
2,8,8,48,16,29,KR Gaussian,1.6967655753138962,1.496765575313896,16
2,8,8,48,24,29,KR Gaussian,1.3392411915931968,0.9392411915931973,24
2,8,8,48,32,29,KR Gaussian,1.1448191515464083,0.5448191515464096,32
2,8,8,48,40,29,KR Gaussian,1.0507834696303036,0.2507834696303046,40
2,8,8,48,12,29,KR Rademacher,2.0987849002252865,1.998784900225285,12
2,8,8,48,16,29,KR Rademacher,1.4776620139711714,1.2776620139711703,16
2,8,8,48,24,29,KR Rademacher,1.2880447263206314,0.8880447263206328,24
2,8,8,48,32,29,KR Rademacher,1.1310285504488329,0.5310285504488341,32
2,8,8,48,40,29,KR Rademacher,1.053208272028538,0.2532082720285391,40
2,8,8,48,12,30,Dense Gaussian,2.2152451769291144,2.115245176929113,12
2,8,8,48,16,30,Dense Gaussian,1.648701788620004,1.4487017886200029,16
2,8,8,48,24,30,Dense Gaussian,1.3010139572738053,0.9010139572738058,24
2,8,8,48,32,30,Dense Gaussian,1.1469790630533998,0.5469790630533993,32
2,8,8,48,40,30,Dense Gaussian,1.0477369935298366,0.2477369935298377,40
2,8,8,48,12,30,KR Gaussian,2.3431275351703533,2.243127535170352,12
2,8,8,48,16,30,KR Gaussian,1.5776876737805203,1.377687673780521,16
2,8,8,48,24,30,KR Gaussian,1.2574090195709164,0.8574090195709161,24
2,8,8,48,32,30,KR Gaussian,1.1231738326437508,0.523173832643753,32
2,8,8,48,40,30,KR Gaussian,1.0403530837444759,0.24035308374447695,40
2,8,8,48,12,30,KR Rademacher,2.3112746987487416,2.21127469874874,12
2,8,8,48,16,30,KR Rademacher,1.7926333213087098,1.5926333213087105,16
2,8,8,48,24,30,KR Rademacher,1.2939055548622136,0.8939055548622132,24
2,8,8,48,32,30,KR Rademacher,1.1257457299871767,0.5257457299871788,32
2,8,8,48,40,30,KR Rademacher,1.0461383793784425,0.24613837937844707,40
2,8,8,48,12,31,Dense Gaussian,2.168217086214601,2.0682170862145997,12
2,8,8,48,16,31,Dense Gaussian,1.714633131641591,1.5146331316415909,16
2,8,8,48,24,31,Dense Gaussian,1.3692010637001832,0.9692010637001829,24
2,8,8,48,32,31,Dense Gaussian,1.1477960680504946,0.547796068050495,32
2,8,8,48,40,31,Dense Gaussian,1.0774029494935817,0.27740294949358457,40
2,8,8,48,12,31,KR Gaussian,2.5633390967830962,2.463339096783095,12
2,8,8,48,16,31,KR Gaussian,1.838118663924046,1.6381186639240468,16
2,8,8,48,24,31,KR Gaussian,1.32093156707188,0.9209315670718805,24
2,8,8,48,32,31,KR Gaussian,1.1185098580366057,0.518509858036607,32
2,8,8,48,40,31,KR Gaussian,1.0345926629595166,0.23459266295951942,40
2,8,8,48,12,31,KR Rademacher,2.105355850896414,2.0053558508964127,12
2,8,8,48,16,31,KR Rademacher,1.5808779926019358,1.3808779926019357,16
2,8,8,48,24,31,KR Rademacher,1.2979741105440255,0.8979741105440251,24
2,8,8,48,32,31,KR Rademacher,1.1247546988299906,0.5247546988299927,32
2,8,8,48,40,31,KR Rademacher,1.0286290962883307,0.2286290962883335,40
2,8,8,48,12,32,Dense Gaussian,2.053136879967602,1.9531368799676008,12
2,8,8,48,16,32,Dense Gaussian,1.544822039677232,1.3448220396772328,16
2,8,8,48,24,32,Dense Gaussian,1.282208102152997,0.8822081021529975,24
2,8,8,48,32,32,Dense Gaussian,1.1581740933982134,0.5581740933982129,32
2,8,8,48,40,32,Dense Gaussian,1.0599202731845487,0.2599202731845498,40
2,8,8,48,12,32,KR Gaussian,2.2129143497550317,2.1129143497550302,12
2,8,8,48,16,32,KR Gaussian,1.6955696937559184,1.4955696937559182,16
2,8,8,48,24,32,KR Gaussian,1.364011003382906,0.9640110033829057,24
2,8,8,48,32,32,KR Gaussian,1.1692215316779233,0.5692215316779254,32
2,8,8,48,40,32,KR Gaussian,1.068223673330408,0.26822367333041086,40
2,8,8,48,12,32,KR Rademacher,1.8831577708952594,1.783157770895258,12
2,8,8,48,16,32,KR Rademacher,1.5183124876798235,1.3183124876798225,16
2,8,8,48,24,32,KR Rademacher,1.2711959867459184,0.8711959867459171,24
2,8,8,48,32,32,KR Rademacher,1.1414318395356364,0.5414318395356368,32
2,8,8,48,40,32,KR Rademacher,1.0439268911795985,0.2439268911796013,40
2,8,8,48,12,33,Dense Gaussian,2.3935545167972068,2.2935545167972053,12
2,8,8,48,16,33,Dense Gaussian,1.786978207440832,1.5869782074408318,16
2,8,8,48,24,33,Dense Gaussian,1.2205699891662487,0.8205699891662483,24
2,8,8,48,32,33,Dense Gaussian,1.1013574381266604,0.5013574381266608,32
2,8,8,48,40,33,Dense Gaussian,1.0479620065395867,0.24796200653958778,40
2,8,8,48,12,33,KR Gaussian,2.3093020378221514,2.20930203782215,12
2,8,8,48,16,33,KR Gaussian,1.564647001843623,1.3646470018436228,16
2,8,8,48,24,33,KR Gaussian,1.2494884141829772,0.8494884141829786,24
2,8,8,48,32,33,KR Gaussian,1.1327705028347061,0.5327705028347083,32
2,8,8,48,40,33,KR Gaussian,1.0509646909801607,0.2509646909801617,40
2,8,8,48,12,33,KR Rademacher,2.1234430779475133,2.023443077947512,12
2,8,8,48,16,33,KR Rademacher,1.5408264800326616,1.3408264800326606,16
2,8,8,48,24,33,KR Rademacher,1.2555062952426388,0.8555062952426393,24
2,8,8,48,32,33,KR Rademacher,1.1047290298748678,0.5047290298748699,32
2,8,8,48,40,33,KR Rademacher,1.0396319222186348,0.2396319222186385,40
2,8,8,48,12,34,Dense Gaussian,2.336153277179138,2.2361532771791364,12
2,8,8,48,16,34,Dense Gaussian,1.6475567437886758,1.4475567437886756,16
2,8,8,48,24,34,Dense Gaussian,1.2634545795436933,0.8634545795436939,24
2,8,8,48,32,34,Dense Gaussian,1.1272216596000568,0.5272216596000572,32
2,8,8,48,40,34,Dense Gaussian,1.046815375931919,0.24681537593192182,40
2,8,8,48,12,34,KR Gaussian,2.0261514695869796,1.9261514695869781,12
2,8,8,48,16,34,KR Gaussian,1.6637311874305496,1.4637311874305503,16
2,8,8,48,24,34,KR Gaussian,1.2708109910268037,0.8708109910268043,24
2,8,8,48,32,34,KR Gaussian,1.1191038467412362,0.5191038467412366,32
2,8,8,48,40,34,KR Gaussian,1.0483609115577863,0.2483609115577856,40
2,8,8,48,12,34,KR Rademacher,2.169313300982954,2.0693133009829525,12
2,8,8,48,16,34,KR Rademacher,1.550283871468615,1.3502838714686156,16
2,8,8,48,24,34,KR Rademacher,1.2075642903982473,0.8075642903982487,24
2,8,8,48,32,34,KR Rademacher,1.106493672998683,0.5064936729986851,32
2,8,8,48,40,34,KR Rademacher,1.0333356400110567,0.23333564001105955,40
2,8,8,48,12,35,Dense Gaussian,1.9683979744238176,1.8683979744238162,12
2,8,8,48,16,35,Dense Gaussian,1.6895517783180622,1.4895517783180612,16
2,8,8,48,24,35,Dense Gaussian,1.2885264619692425,0.8885264619692439,24
2,8,8,48,32,35,Dense Gaussian,1.1392039246866545,0.5392039246866567,32
2,8,8,48,40,35,Dense Gaussian,1.0628701475264215,0.26287014752642435,40
2,8,8,48,12,35,KR Gaussian,1.9928419318758461,1.8928419318758447,12
2,8,8,48,16,35,KR Gaussian,1.5510858948062909,1.3510858948062916,16
2,8,8,48,24,35,KR Gaussian,1.2613895394492678,0.8613895394492666,24
2,8,8,48,32,35,KR Gaussian,1.1078907665407538,0.5078907665407542,32
2,8,8,48,40,35,KR Gaussian,1.0364468813689474,0.23644688136894843,40
2,8,8,48,12,35,KR Rademacher,2.3394512922090076,2.239451292209006,12
2,8,8,48,16,35,KR Rademacher,1.6604351303541733,1.460435130354174,16
2,8,8,48,24,35,KR Rademacher,1.2695170983613124,0.8695170983613139,24
2,8,8,48,32,35,KR Rademacher,1.1387586178597502,0.5387586178597523,32
2,8,8,48,40,35,KR Rademacher,1.051363668350298,0.2513636683503009,40
2,8,8,48,12,36,Dense Gaussian,2.2262802548494474,2.126280254849446,12
2,8,8,48,16,36,Dense Gaussian,1.8000374646311474,1.6000374646311473,16
2,8,8,48,24,36,Dense Gaussian,1.3797301336652268,0.9797301336652264,24
2,8,8,48,32,36,Dense Gaussian,1.1397864638960424,0.5397864638960428,32
2,8,8,48,40,36,Dense Gaussian,1.0578605724665149,0.25786057246651595,40
2,8,8,48,12,36,KR Gaussian,1.8593885315507936,1.7593885315507922,12
2,8,8,48,16,36,KR Gaussian,1.4813210177253033,1.281321017725304,16
2,8,8,48,24,36,KR Gaussian,1.2177996668403246,0.817799666840326,24
2,8,8,48,32,36,KR Gaussian,1.1065308699745682,0.5065308699745685,32
2,8,8,48,40,36,KR Gaussian,1.0429767469575335,0.24297674695753457,40
2,8,8,48,12,36,KR Rademacher,2.1899611626213984,2.089961162621397,12
2,8,8,48,16,36,KR Rademacher,1.617151076366751,1.4171510763667525,16
2,8,8,48,24,36,KR Rademacher,1.267990424141571,0.8679904241415706,24
2,8,8,48,32,36,KR Rademacher,1.153931287842127,0.5539312878421292,32
2,8,8,48,40,36,KR Rademacher,1.056923262240919,0.256923262240921,40
2,8,8,48,12,37,Dense Gaussian,1.8013409506780995,1.701340950678098,12
2,8,8,48,16,37,Dense Gaussian,1.5842084566341716,1.3842084566341724,16
2,8,8,48,24,37,Dense Gaussian,1.2497347846461881,0.8497347846461878,24
2,8,8,48,32,37,Dense Gaussian,1.105345291870476,0.5053452918704764,32
2,8,8,48,40,37,Dense Gaussian,1.0482329873062675,0.2482329873062703,40
2,8,8,48,12,37,KR Gaussian,1.9767954704380486,1.8767954704380472,12
2,8,8,48,16,37,KR Gaussian,1.6658324753105394,1.4658324753105392,16
2,8,8,48,24,37,KR Gaussian,1.2262517586328698,0.8262517586328695,24
2,8,8,48,32,37,KR Gaussian,1.126229887817244,0.5262298878172462,32
2,8,8,48,40,37,KR Gaussian,1.0416812829060191,0.2416812829060202,40
2,8,8,48,12,37,KR Rademacher,2.0906952134298695,1.990695213429868,12
2,8,8,48,16,37,KR Rademacher,1.6062732126287047,1.4062732126287045,16
2,8,8,48,24,37,KR Rademacher,1.3088418604344643,0.9088418604344639,24
2,8,8,48,32,37,KR Rademacher,1.150480185035832,0.5504801850358341,32
2,8,8,48,40,37,KR Rademacher,1.0579413613483712,0.2579413613483723,40
2,8,8,48,12,38,Dense Gaussian,2.007856303851974,1.9078563038519727,12
2,8,8,48,16,38,Dense Gaussian,1.5905142748490917,1.3905142748490924,16
2,8,8,48,24,38,Dense Gaussian,1.254091296429781,0.8540912964297824,24
2,8,8,48,32,38,Dense Gaussian,1.0907329930999516,0.4907329930999538,32
2,8,8,48,40,38,Dense Gaussian,1.0367146488487915,0.23671464884879434,40
2,8,8,48,12,38,KR Gaussian,1.9063402696058702,1.8063402696058688,12
2,8,8,48,16,38,KR Gaussian,1.5412965131313294,1.3412965131313301,16
2,8,8,48,24,38,KR Gaussian,1.2301268160188243,0.8301268160188258,24
2,8,8,48,32,38,KR Gaussian,1.1302226733166538,0.5302226733166542,32
2,8,8,48,40,38,KR Gaussian,1.0449168100976056,0.24491681009760669,40
2,8,8,48,12,38,KR Rademacher,1.8316223098967264,1.731622309896725,12
2,8,8,48,16,38,KR Rademacher,1.6145099792337883,1.414509979233789,16
2,8,8,48,24,38,KR Rademacher,1.2870621982821664,0.887062198282166,24
2,8,8,48,32,38,KR Rademacher,1.1589224806965266,0.558922480696527,32
2,8,8,48,40,38,KR Rademacher,1.0648128999008195,0.26481289990082146,40
2,8,8,48,12,39,Dense Gaussian,2.276975828837201,2.1769758288371994,12
2,8,8,48,16,39,Dense Gaussian,1.8127916103192465,1.6127916103192472,16
2,8,8,48,24,39,Dense Gaussian,1.3373435757338736,0.9373435757338733,24
2,8,8,48,32,39,Dense Gaussian,1.1198512839023769,0.5198512839023799,32
2,8,8,48,40,39,Dense Gaussian,1.0521193082091571,0.25211930820915995,40
2,8,8,48,12,39,KR Gaussian,2.6478880595239174,2.547888059523916,12
2,8,8,48,16,39,KR Gaussian,1.8778790841080246,1.6778790841080244,16
2,8,8,48,24,39,KR Gaussian,1.3277038724851318,0.9277038724851305,24
2,8,8,48,32,39,KR Gaussian,1.1235023620832116,0.5235023620832138,32
2,8,8,48,40,39,KR Gaussian,1.0486546437767759,0.24865464377677782,40
2,8,8,48,12,39,KR Rademacher,2.224234327272672,2.1242343272726707,12
2,8,8,48,16,39,KR Rademacher,1.632031995260757,1.4320319952607576,16
2,8,8,48,24,39,KR Rademacher,1.2637465561604326,0.8637465561604323,24
2,8,8,48,32,39,KR Rademacher,1.1443961397864237,0.544396139786425,32
2,8,8,48,40,39,KR Rademacher,1.0629913250659735,0.26299132506597545,40
2,8,8,48,12,40,Dense Gaussian,2.591334117993954,2.4913341179939525,12
2,8,8,48,16,40,Dense Gaussian,2.063668082377758,1.8636680823777567,16
2,8,8,48,24,40,Dense Gaussian,1.2811514315387882,0.8811514315387878,24
2,8,8,48,32,40,Dense Gaussian,1.1130181123135925,0.5130181123135937,32
2,8,8,48,40,40,Dense Gaussian,1.0519600526515092,0.251960052651512,40
2,8,8,48,12,40,KR Gaussian,2.2231848891969967,2.1231848891969953,12
2,8,8,48,16,40,KR Gaussian,1.7137355752262726,1.5137355752262707,16
2,8,8,48,24,40,KR Gaussian,1.2528551148254223,0.852855114825422,24
2,8,8,48,32,40,KR Gaussian,1.131809505698298,0.5318095056982983,32
2,8,8,48,40,40,KR Gaussian,1.073393089333968,0.27339308933397,40
2,8,8,48,12,40,KR Rademacher,2.2938254537150886,2.193825453715087,12
2,8,8,48,16,40,KR Rademacher,1.5000291382208868,1.3000291382208857,16
2,8,8,48,24,40,KR Rademacher,1.2148189294608827,0.8148189294608841,24
2,8,8,48,32,40,KR Rademacher,1.105276014946062,0.5052760149460624,32
2,8,8,48,40,40,KR Rademacher,1.0408068391895444,0.24080683918954549,40
2,8,8,48,12,41,Dense Gaussian,2.2698184063761513,2.16981840637615,12
2,8,8,48,16,41,Dense Gaussian,1.5875802879492724,1.3875802879492722,16
2,8,8,48,24,41,Dense Gaussian,1.2791754134309894,0.879175413430989,24
2,8,8,48,32,41,Dense Gaussian,1.1284948342116596,0.52849483421166,32
2,8,8,48,40,41,Dense Gaussian,1.0477569620599745,0.24775696205997733,40
2,8,8,48,12,41,KR Gaussian,2.30804282344035,2.2080428234403486,12
2,8,8,48,16,41,KR Gaussian,1.688926971958221,1.4889269719582208,16
2,8,8,48,24,41,KR Gaussian,1.225809656766005,0.8258096567660047,24
2,8,8,48,32,41,KR Gaussian,1.1103782592895541,0.5103782592895563,32
2,8,8,48,40,41,KR Gaussian,1.0518843610033066,0.25188436100330946,40
2,8,8,48,12,41,KR Rademacher,2.2803966621218255,2.180396662121824,12
2,8,8,48,16,41,KR Rademacher,1.6952098859348386,1.4952098859348375,16
2,8,8,48,24,41,KR Rademacher,1.328240505225935,0.9282405052259346,24
2,8,8,48,32,41,KR Rademacher,1.122119534002838,0.5221195340028402,32
2,8,8,48,40,41,KR Rademacher,1.0455962134778254,0.24559621347782823,40
2,8,8,48,12,42,Dense Gaussian,1.923212367989306,1.8232123679893046,12
2,8,8,48,16,42,Dense Gaussian,1.5388767489896429,1.3388767489896427,16
2,8,8,48,24,42,Dense Gaussian,1.239214591875509,0.8392145918755087,24
2,8,8,48,32,42,Dense Gaussian,1.1174819315961804,0.5174819315961834,32
2,8,8,48,40,42,Dense Gaussian,1.0438758552522573,0.2438758552522593,40
2,8,8,48,12,42,KR Gaussian,1.9188404117842222,1.8188404117842207,12
2,8,8,48,16,42,KR Gaussian,1.6310143103864032,1.431014310386404,16
2,8,8,48,24,42,KR Gaussian,1.3305108045145335,0.9305108045145332,24
2,8,8,48,32,42,KR Gaussian,1.127059801926384,0.5270598019263861,32
2,8,8,48,40,42,KR Gaussian,1.057665975113764,0.2576659751137669,40
2,8,8,48,12,42,KR Rademacher,2.0844386981502865,1.984438698150285,12
2,8,8,48,16,42,KR Rademacher,1.8265677259625148,1.6265677259625146,16
2,8,8,48,24,42,KR Rademacher,1.4316834118658557,1.0316834118658562,24
2,8,8,48,32,42,KR Rademacher,1.161233684280723,0.5612336842807224,32
2,8,8,48,40,42,KR Rademacher,1.043095091103229,0.2430950911032319,40
2,8,8,48,12,43,Dense Gaussian,2.3488178478227617,2.2488178478227603,12
2,8,8,48,16,43,Dense Gaussian,1.6905231720204217,1.4905231720204215,16
2,8,8,48,24,43,Dense Gaussian,1.294676556099537,0.8946765560995367,24
2,8,8,48,32,43,Dense Gaussian,1.1737469861121292,0.5737469861121305,32
2,8,8,48,40,43,Dense Gaussian,1.0486412402434997,0.24864124024350076,40
2,8,8,48,12,43,KR Gaussian,2.3926764018826026,2.292676401882601,12
2,8,8,48,16,43,KR Gaussian,1.7470622008585845,1.5470622008585835,16
2,8,8,48,24,43,KR Gaussian,1.3096062579365366,0.9096062579365363,24
2,8,8,48,32,43,KR Gaussian,1.1495908174495213,0.5495908174495234,32
2,8,8,48,40,43,KR Gaussian,1.0459615626929333,0.24596156269293523,40
2,8,8,48,12,43,KR Rademacher,2.257527250614805,2.1575272506148035,12
2,8,8,48,16,43,KR Rademacher,1.8738343555145978,1.6738343555145967,16
2,8,8,48,24,43,KR Rademacher,1.352718788024224,0.9527187880242245,24
2,8,8,48,32,43,KR Rademacher,1.147093411595641,0.5470934115956432,32
2,8,8,48,40,43,KR Rademacher,1.0505804763171938,0.2505804763171966,40
2,8,8,48,12,44,Dense Gaussian,2.0256166542483376,1.9256166542483362,12
2,8,8,48,16,44,Dense Gaussian,1.768350120853806,1.5683501208538058,16
2,8,8,48,24,44,Dense Gaussian,1.2750512643311387,0.8750512643311392,24
2,8,8,48,32,44,Dense Gaussian,1.1210999258529846,0.5210999258529867,32
2,8,8,48,40,44,Dense Gaussian,1.061280519103759,0.26128051910376016,40
2,8,8,48,12,44,KR Gaussian,2.210876545934939,2.1108765459349375,12
2,8,8,48,16,44,KR Gaussian,1.7130874920460597,1.5130874920460595,16
2,8,8,48,24,44,KR Gaussian,1.2103509337290266,0.8103509337290262,24
2,8,8,48,32,44,KR Gaussian,1.102786257018174,0.502786257018176,32
2,8,8,48,40,44,KR Gaussian,1.029959471325741,0.22995947132574202,40
2,8,8,48,12,44,KR Rademacher,2.107832758194367,2.0078327581943656,12
2,8,8,48,16,44,KR Rademacher,1.584036427095735,1.3840364270957348,16
2,8,8,48,24,44,KR Rademacher,1.225212244575486,0.8252122445754857,24
2,8,8,48,32,44,KR Rademacher,1.0969741281884655,0.49697412818846587,32
2,8,8,48,40,44,KR Rademacher,1.0416493852827777,0.24164938528278057,40
2,8,8,48,12,45,Dense Gaussian,1.797434968300342,1.6974349683003407,12
2,8,8,48,16,45,Dense Gaussian,1.5391079728501174,1.339107972850118,16
2,8,8,48,24,45,Dense Gaussian,1.1904960364731743,0.7904960364731739,24
2,8,8,48,32,45,Dense Gaussian,1.1110960836672596,0.5110960836672618,32
2,8,8,48,40,45,Dense Gaussian,1.0563060572629457,0.25630605726294675,40
2,8,8,48,12,45,KR Gaussian,2.6491376111384515,2.54913761113845,12
2,8,8,48,16,45,KR Gaussian,1.6715812955152192,1.471581295515218,16
2,8,8,48,24,45,KR Gaussian,1.3171672217635022,0.9171672217635027,24
2,8,8,48,32,45,KR Gaussian,1.1795777838371428,0.579577783837145,32
2,8,8,48,40,45,KR Gaussian,1.0576194150780225,0.2576194150780253,40
2,8,8,48,12,45,KR Rademacher,2.2105189982063287,2.1105189982063273,12
2,8,8,48,16,45,KR Rademacher,1.7769615788975468,1.5769615788975475,16
2,8,8,48,24,45,KR Rademacher,1.397331086149526,0.9973310861495275,24
2,8,8,48,32,45,KR Rademacher,1.1717413335270166,0.5717413335270187,32
2,8,8,48,40,45,KR Rademacher,1.0584556899359523,0.25845568993595336,40
2,8,8,48,12,46,Dense Gaussian,1.8534746592403684,1.753474659240367,12
2,8,8,48,16,46,Dense Gaussian,1.5330003733860984,1.3330003733860991,16
2,8,8,48,24,46,Dense Gaussian,1.2503226032545642,0.8503226032545648,24
2,8,8,48,32,46,Dense Gaussian,1.1273721687509948,0.5273721687509969,32
2,8,8,48,40,46,Dense Gaussian,1.0581193535417501,0.2581193535417512,40
2,8,8,48,12,46,KR Gaussian,2.4226350127429193,2.322635012742918,12
2,8,8,48,16,46,KR Gaussian,1.853342695430415,1.653342695430415,16
2,8,8,48,24,46,KR Gaussian,1.3374907548049597,0.9374907548049602,24
2,8,8,48,32,46,KR Gaussian,1.1025846834571,0.5025846834571013,32
2,8,8,48,40,46,KR Gaussian,1.0417687583263548,0.24176875832635858,40
2,8,8,48,12,46,KR Rademacher,2.6656726360409877,2.5656726360409863,12
2,8,8,48,16,46,KR Rademacher,1.51516699078386,1.31516699078386,16
2,8,8,48,24,46,KR Rademacher,1.3012873101190827,0.9012873101190841,24
2,8,8,48,32,46,KR Rademacher,1.1232553103742147,0.5232553103742159,32
2,8,8,48,40,46,KR Rademacher,1.0482320062875514,0.24823200628755515,40
2,8,8,48,12,47,Dense Gaussian,2.080349047393905,1.9803490473939034,12
2,8,8,48,16,47,Dense Gaussian,1.741446819285021,1.5414468192850208,16
2,8,8,48,24,47,Dense Gaussian,1.20016345653754,0.8001634565375397,24
2,8,8,48,32,47,Dense Gaussian,1.1241819979707097,0.524181997970711,32
2,8,8,48,40,47,Dense Gaussian,1.0492588088588155,0.24925880885881924,40
2,8,8,48,12,47,KR Gaussian,2.0920991940928353,1.9920991940928339,12
2,8,8,48,16,47,KR Gaussian,1.6645200212218816,1.4645200212218814,16
2,8,8,48,24,47,KR Gaussian,1.3385654133282925,0.938565413328293,24
2,8,8,48,32,47,KR Gaussian,1.1366107003879593,0.5366107003879605,32
2,8,8,48,40,47,KR Gaussian,1.0506352245627113,0.25063522456271414,40
2,8,8,48,12,47,KR Rademacher,2.101740586310937,2.0017405863109357,12
2,8,8,48,16,47,KR Rademacher,1.80134242989753,1.6013424298975298,16
2,8,8,48,24,47,KR Rademacher,1.254581382841839,0.8545813828418396,24
2,8,8,48,32,47,KR Rademacher,1.1189808262219483,0.5189808262219486,32
2,8,8,48,40,47,KR Rademacher,1.0417422886043965,0.24174228860439761,40
2,8,8,48,12,48,Dense Gaussian,1.6536609814759808,1.5536609814759794,12
2,8,8,48,16,48,Dense Gaussian,1.439392878277701,1.2393928782777,16
2,8,8,48,24,48,Dense Gaussian,1.2065918970272316,0.8065918970272321,24
2,8,8,48,32,48,Dense Gaussian,1.1105959360940485,0.5105959360940489,32
2,8,8,48,40,48,Dense Gaussian,1.0375363381553395,0.2375363381553406,40
2,8,8,48,12,48,KR Gaussian,2.367736819221852,2.2677368192218506,12
2,8,8,48,16,48,KR Gaussian,1.8652068100794414,1.6652068100794413,16
2,8,8,48,24,48,KR Gaussian,1.3449988693654316,0.9449988693654312,24
2,8,8,48,32,48,KR Gaussian,1.164134930489034,0.5641349304890344,32
2,8,8,48,40,48,KR Gaussian,1.0621250300342497,0.2621250300342517,40
2,8,8,48,12,48,KR Rademacher,2.4597295299617707,2.3597295299617693,12
2,8,8,48,16,48,KR Rademacher,1.6227365382728047,1.4227365382728046,16
2,8,8,48,24,48,KR Rademacher,1.2674178737985216,0.867417873798523,24
2,8,8,48,32,48,KR Rademacher,1.1281161271750548,0.528116127175057,32
2,8,8,48,40,48,KR Rademacher,1.051333888572918,0.25133388857291905,40
2,8,8,48,12,49,Dense Gaussian,2.2270357874742386,2.127035787474237,12
2,8,8,48,16,49,Dense Gaussian,1.7907113488079656,1.5907113488079663,16
2,8,8,48,24,49,Dense Gaussian,1.2696864716101928,0.8696864716101924,24
2,8,8,48,32,49,Dense Gaussian,1.1283441217422885,0.5283441217422897,32
2,8,8,48,40,49,Dense Gaussian,1.0630409573310393,0.26304095733104305,40
2,8,8,48,12,49,KR Gaussian,2.106606821633763,2.0066068216337616,12
2,8,8,48,16,49,KR Gaussian,1.7143394413666737,1.5143394413666735,16
2,8,8,48,24,49,KR Gaussian,1.2437861878691585,0.8437861878691582,24
2,8,8,48,32,49,KR Gaussian,1.1076911210056526,0.5076911210056547,32
2,8,8,48,40,49,KR Gaussian,1.0279714006516496,0.22797140065165244,40
2,8,8,48,12,49,KR Rademacher,2.1227100325500103,2.022710032550009,12
2,8,8,48,16,49,KR Rademacher,1.82695590435344,1.6269559043534398,16
2,8,8,48,24,49,KR Rademacher,1.2954111931526757,0.8954111931526754,24
2,8,8,48,32,49,KR Rademacher,1.1434109504084438,0.5434109504084468,32
2,8,8,48,40,49,KR Rademacher,1.0454735382739173,0.24547353827392016,40
2,8,8,48,12,50,Dense Gaussian,1.7626653619225783,1.6626653619225769,12
2,8,8,48,16,50,Dense Gaussian,1.508401753653886,1.308401753653886,16
2,8,8,48,24,50,Dense Gaussian,1.2126943962549959,0.8126943962549973,24
2,8,8,48,32,50,Dense Gaussian,1.086406979785858,0.48640697978585834,32
2,8,8,48,40,50,Dense Gaussian,1.029691030914396,0.2296910309143989,40
2,8,8,48,12,50,KR Gaussian,2.864632921591838,2.7646329215918364,12
2,8,8,48,16,50,KR Gaussian,2.083047770293991,1.8830477702939916,16
2,8,8,48,24,50,KR Gaussian,1.3538880266257438,0.9538880266257443,24
2,8,8,48,32,50,KR Gaussian,1.176790747257673,0.5767907472576752,32
2,8,8,48,40,50,KR Gaussian,1.0712981232382868,0.2712981232382887,40
2,8,8,48,12,50,KR Rademacher,1.7696516284840795,1.669651628484078,12
2,8,8,48,16,50,KR Rademacher,1.4745615457475987,1.2745615457475976,16
2,8,8,48,24,50,KR Rademacher,1.2641541605977888,0.8641541605977885,24
2,8,8,48,32,50,KR Rademacher,1.1708988501551891,0.5958988501551872,31
2,8,8,48,40,50,KR Rademacher,1.0550912641494161,0.28009126414941576,39
2,8,8,48,12,51,Dense Gaussian,2.1633387219351556,2.063338721935154,12
2,8,8,48,16,51,Dense Gaussian,1.7605623495855367,1.5605623495855356,16
2,8,8,48,24,51,Dense Gaussian,1.2549166808043655,0.8549166808043669,24
2,8,8,48,32,51,Dense Gaussian,1.1194653641036592,0.5194653641036595,32
2,8,8,48,40,51,Dense Gaussian,1.0475009627998801,0.24750096279988298,40
2,8,8,48,12,51,KR Gaussian,1.9902775925810534,1.890277592581052,12
2,8,8,48,16,51,KR Gaussian,1.683606392630013,1.483606392630012,16
2,8,8,48,24,51,KR Gaussian,1.2803268538947483,0.8803268538947489,24
2,8,8,48,32,51,KR Gaussian,1.1469672036899885,0.5469672036899897,32
2,8,8,48,40,51,KR Gaussian,1.0598707032119163,0.2598707032119201,40
2,8,8,48,12,51,KR Rademacher,2.1855190101368454,2.085519010136844,12
2,8,8,48,16,51,KR Rademacher,1.6725865513766651,1.472586551376665,16
2,8,8,48,24,51,KR Rademacher,1.310003317142761,0.9100033171427597,24
2,8,8,48,32,51,KR Rademacher,1.1748397557624353,0.5748397557624365,32
2,8,8,48,40,51,KR Rademacher,1.053857961843022,0.2538579618430248,40
2,8,8,48,12,52,Dense Gaussian,2.2930310905887854,2.193031090588784,12
2,8,8,48,16,52,Dense Gaussian,1.7409832100340612,1.540983210034062,16
2,8,8,48,24,52,Dense Gaussian,1.282471304496271,0.8824713044962706,24
2,8,8,48,32,52,Dense Gaussian,1.0931817724167239,0.493181772416726,32
2,8,8,48,40,52,Dense Gaussian,1.0346911968571622,0.234691196857165,40
2,8,8,48,12,52,KR Gaussian,2.044162864016678,1.9441628640166764,12
2,8,8,48,16,52,KR Gaussian,1.805909640403697,1.6059096404036968,16
2,8,8,48,24,52,KR Gaussian,1.349383490448231,0.9493834904482306,24
2,8,8,48,32,52,KR Gaussian,1.1139118304087248,0.5139118304087269,32
2,8,8,48,40,52,KR Gaussian,1.044371435583768,0.24437143558377095,40
2,8,8,48,12,52,KR Rademacher,2.20595696703682,2.1059569670368186,12
2,8,8,48,16,52,KR Rademacher,1.9078179730881768,1.7078179730881757,16
2,8,8,48,24,52,KR Rademacher,1.3384400080162138,0.9384400080162134,24
2,8,8,48,32,52,KR Rademacher,1.1469989371796405,0.5469989371796409,32
2,8,8,48,40,52,KR Rademacher,1.0596826965911221,0.2596826965911241,40
2,8,8,48,12,53,Dense Gaussian,2.0662570774495332,1.9662570774495318,12
2,8,8,48,16,53,Dense Gaussian,1.5691193433151467,1.3691193433151465,16
2,8,8,48,24,53,Dense Gaussian,1.2257538092651696,0.8257538092651693,24
2,8,8,48,32,53,Dense Gaussian,1.112528986757284,0.5125289867572853,32
2,8,8,48,40,53,Dense Gaussian,1.0376714993202993,0.2376714993203013,40
2,8,8,48,12,53,KR Gaussian,2.0596493683821855,1.959649368382184,12
2,8,8,48,16,53,KR Gaussian,1.5566765806552088,1.3566765806552095,16
2,8,8,48,24,53,KR Gaussian,1.2667566703105182,0.8667566703105187,24
2,8,8,48,32,53,KR Gaussian,1.1160539888434782,0.5160539888434794,32
2,8,8,48,40,53,KR Gaussian,1.0467336887134957,0.24673368871349766,40
2,8,8,48,12,53,KR Rademacher,1.8441579405654478,1.7441579405654464,12
2,8,8,48,16,53,KR Rademacher,1.5295836368206617,1.3295836368206606,16
2,8,8,48,24,53,KR Rademacher,1.2378108092050404,0.83781080920504,24
2,8,8,48,32,53,KR Rademacher,1.110641086220559,0.5106410862205593,32
2,8,8,48,40,53,KR Rademacher,1.0425338253515362,0.2425338253515381,40
2,8,8,48,12,54,Dense Gaussian,2.2331226924252157,2.1331226924252142,12
2,8,8,48,16,54,Dense Gaussian,1.673270200160517,1.473270200160517,16
2,8,8,48,24,54,Dense Gaussian,1.294551667083029,0.8945516670830287,24
2,8,8,48,32,54,Dense Gaussian,1.1288626151167662,0.5288626151167666,32
2,8,8,48,40,54,Dense Gaussian,1.0419596487355989,0.24195964873559994,40
2,8,8,48,12,54,KR Gaussian,2.2720472570086727,2.1720472570086713,12
2,8,8,48,16,54,KR Gaussian,1.8228399331586829,1.6228399331586818,16
2,8,8,48,24,54,KR Gaussian,1.3663713046435415,0.9663713046435412,24
2,8,8,48,32,54,KR Gaussian,1.1909600905358468,0.5909600905358481,32
2,8,8,48,40,54,KR Gaussian,1.0540991590243163,0.25409915902431734,40
2,8,8,48,12,54,KR Rademacher,2.0689287628613746,1.9689287628613732,12
2,8,8,48,16,54,KR Rademacher,1.7688883012875776,1.5688883012875774,16
2,8,8,48,24,54,KR Rademacher,1.2634998237736186,0.8634998237736191,24
2,8,8,48,32,54,KR Rademacher,1.1268495936546312,0.5268495936546316,32
2,8,8,48,40,54,KR Rademacher,1.0563746559053122,0.25637465590531505,40
2,8,8,48,12,55,Dense Gaussian,2.667989446186791,2.5679894461867896,12
2,8,8,48,16,55,Dense Gaussian,1.582745480286735,1.3827454802867347,16
2,8,8,48,24,55,Dense Gaussian,1.3561458884682267,0.9561458884682263,24
2,8,8,48,32,55,Dense Gaussian,1.1420304523742741,0.5420304523742754,32
2,8,8,48,40,55,Dense Gaussian,1.0413331979695029,0.2413331979695048,40
2,8,8,48,12,55,KR Gaussian,2.4447575460050466,2.344757546005045,12
2,8,8,48,16,55,KR Gaussian,1.80483254497131,1.60483254497131,16
2,8,8,48,24,55,KR Gaussian,1.320694807256256,0.9206948072562575,24
2,8,8,48,32,55,KR Gaussian,1.0999818080068486,0.499981808006849,32
2,8,8,48,40,55,KR Gaussian,1.041682149398338,0.24168214939833987,40
2,8,8,48,12,55,KR Rademacher,2.131886748735197,2.0318867487351957,12
2,8,8,48,16,55,KR Rademacher,1.6507340419187724,1.4507340419187722,16
2,8,8,48,24,55,KR Rademacher,1.2893418809078376,0.889341880907839,24
2,8,8,48,32,55,KR Rademacher,1.147443645535688,0.5474436455356901,32
2,8,8,48,40,55,KR Rademacher,1.0589104937122915,0.2589104937122926,40
2,8,8,48,12,56,Dense Gaussian,2.2019751127324483,2.101975112732447,12
2,8,8,48,16,56,Dense Gaussian,1.6049099121336665,1.4049099121336663,16
2,8,8,48,24,56,Dense Gaussian,1.268303767747037,0.8683037677470384,24
2,8,8,48,32,56,Dense Gaussian,1.1261620523671336,0.5261620523671358,32
2,8,8,48,40,56,Dense Gaussian,1.0560151282427857,0.2560151282427867,40
2,8,8,48,12,56,KR Gaussian,2.4403149131174704,2.340314913117469,12
2,8,8,48,16,56,KR Gaussian,1.7993249216359466,1.5993249216359473,16
2,8,8,48,24,56,KR Gaussian,1.3149128118629587,0.9149128118629584,24
2,8,8,48,32,56,KR Gaussian,1.139942051330399,0.5399420513303994,32
2,8,8,48,40,56,KR Gaussian,1.0426918422474536,0.24269184224745466,40
2,8,8,48,12,56,KR Rademacher,1.804298969421576,1.7042989694215747,12
2,8,8,48,16,56,KR Rademacher,1.5695919880628049,1.3695919880628047,16
2,8,8,48,24,56,KR Rademacher,1.2371223167578478,0.8371223167578492,24
2,8,8,48,32,56,KR Rademacher,1.1082118948134552,0.5082118948134564,32
2,8,8,48,40,56,KR Rademacher,1.0335171557097773,0.23351715570978016,40
2,8,8,48,12,57,Dense Gaussian,2.3177457800522445,2.217745780052243,12
2,8,8,48,16,57,Dense Gaussian,1.7996007960230083,1.599600796023008,16
2,8,8,48,24,57,Dense Gaussian,1.2820505107797402,0.8820505107797416,24
2,8,8,48,32,57,Dense Gaussian,1.141115922527959,0.5411159225279611,32
2,8,8,48,40,57,Dense Gaussian,1.0697618835556062,0.26976188355560815,40
2,8,8,48,12,57,KR Gaussian,2.135183019476057,2.0351830194760554,12
2,8,8,48,16,57,KR Gaussian,1.8944390453444804,1.6944390453444802,16
2,8,8,48,24,57,KR Gaussian,1.4590629698446218,1.0590629698446223,24
2,8,8,48,32,57,KR Gaussian,1.1350435382772588,0.5350435382772591,32
2,8,8,48,40,57,KR Gaussian,1.0540953194432827,0.2540953194432838,40
2,8,8,48,12,57,KR Rademacher,2.370377463990124,2.2703774639901226,12
2,8,8,48,16,57,KR Rademacher,1.753481134679328,1.5534811346793287,16
2,8,8,48,24,57,KR Rademacher,1.3067363912666803,0.9067363912666799,24
2,8,8,48,32,57,KR Rademacher,1.1442447833417333,0.5442447833417354,32
2,8,8,48,40,57,KR Rademacher,1.041322101653737,0.2413221016537399,40
2,8,8,48,12,58,Dense Gaussian,2.031041967541178,1.9310419675411765,12
2,8,8,48,16,58,Dense Gaussian,1.5877475983979021,1.3877475983979028,16
2,8,8,48,24,58,Dense Gaussian,1.279706422256801,0.8797064222568025,24
2,8,8,48,32,58,Dense Gaussian,1.1080921523732181,0.5080921523732194,32
2,8,8,48,40,58,Dense Gaussian,1.0535748968298453,0.25357489682984813,40
2,8,8,48,12,58,KR Gaussian,2.232536091502043,2.1325360915020415,12
2,8,8,48,16,58,KR Gaussian,1.7183954415480436,1.5183954415480425,16
2,8,8,48,24,58,KR Gaussian,1.3187912962056423,0.9187912962056419,24
2,8,8,48,32,58,KR Gaussian,1.1327434180481895,0.5327434180481916,32
2,8,8,48,40,58,KR Gaussian,1.0519935833703755,0.2519935833703766,40
2,8,8,48,12,58,KR Rademacher,2.069284262726189,1.9692842627261875,12
2,8,8,48,16,58,KR Rademacher,1.7639533369511078,1.5639533369511076,16
2,8,8,48,24,58,KR Rademacher,1.2601224405055618,0.8601224405055632,24
2,8,8,48,32,58,KR Rademacher,1.0987993669599057,0.4987993669599078,32
2,8,8,48,40,58,KR Rademacher,1.0410487398913588,0.24104873989136166,40
2,8,8,48,12,59,Dense Gaussian,2.441727287288524,2.3417272872885224,12
2,8,8,48,16,59,Dense Gaussian,1.8126991313694765,1.6126991313694763,16
2,8,8,48,24,59,Dense Gaussian,1.27728971622237,0.8772897162223714,24
2,8,8,48,32,59,Dense Gaussian,1.1452481082606099,0.545248108260612,32
2,8,8,48,40,59,Dense Gaussian,1.0513873172582322,0.25138731725823504,40
2,8,8,48,12,59,KR Gaussian,1.8303667013290443,1.730366701329043,12
2,8,8,48,16,59,KR Gaussian,1.5075111310325529,1.3075111310325527,16
2,8,8,48,24,59,KR Gaussian,1.2784344619440997,0.8784344619440976,24
2,8,8,48,32,59,KR Gaussian,1.1468337470458696,0.54683374704587,32
2,8,8,48,40,59,KR Gaussian,1.0485767383206,0.248576738320601,40
2,8,8,48,12,59,KR Rademacher,2.307148087721547,2.2071480877215457,12
2,8,8,48,16,59,KR Rademacher,1.645559508425574,1.4455595084255748,16
2,8,8,48,24,59,KR Rademacher,1.2186335947164126,0.8186335947164132,24
2,8,8,48,32,59,KR Rademacher,1.0791761765464054,0.47917617654640665,32
2,8,8,48,40,59,KR Rademacher,1.0415116501889372,0.24151165018894005,40
2,8,8,48,12,60,Dense Gaussian,1.9835298931511147,1.8835298931511133,12
2,8,8,48,16,60,Dense Gaussian,1.6315440196415665,1.4315440196415672,16
2,8,8,48,24,60,Dense Gaussian,1.3143810002183862,0.9143810002183859,24
2,8,8,48,32,60,Dense Gaussian,1.1564253293720785,0.5564253293720789,32
2,8,8,48,40,60,Dense Gaussian,1.0532057740204745,0.2532057740204774,40
2,8,8,48,12,60,KR Gaussian,2.711189929684524,2.6111899296845227,12
2,8,8,48,16,60,KR Gaussian,1.8824378280800271,1.6824378280800278,16
2,8,8,48,24,60,KR Gaussian,1.2781580289342909,0.8781580289342905,24
2,8,8,48,32,60,KR Gaussian,1.1321534648758238,0.5321534648758259,32
2,8,8,48,40,60,KR Gaussian,1.062053719969076,0.262053719969078,40
2,8,8,48,12,60,KR Rademacher,2.555450233533021,2.4554502335330195,12
2,8,8,48,16,60,KR Rademacher,1.610236436369311,1.4102364363693116,16
2,8,8,48,24,60,KR Rademacher,1.2659215933020285,0.8659215933020299,24
2,8,8,48,32,60,KR Rademacher,1.122471695740022,0.5224716957400233,32
2,8,8,48,40,60,KR Rademacher,1.0673473257898909,0.29234732578989053,39
2,8,8,48,12,61,Dense Gaussian,1.9564650605224667,1.8564650605224653,12
2,8,8,48,16,61,Dense Gaussian,1.6428583376519015,1.4428583376519022,16
2,8,8,48,24,61,Dense Gaussian,1.2268229181583958,0.8268229181583973,24
2,8,8,48,32,61,Dense Gaussian,1.118618519215853,0.5186185192158561,32
2,8,8,48,40,61,Dense Gaussian,1.0478052200263424,0.24780522002634342,40
2,8,8,48,12,61,KR Gaussian,2.095213167332208,1.9952131673322064,12
2,8,8,48,16,61,KR Gaussian,1.8320027232761564,1.6320027232761554,16
2,8,8,48,24,61,KR Gaussian,1.2783438267062994,0.8783438267063008,24
2,8,8,48,32,61,KR Gaussian,1.1318006834577954,0.5318006834577957,32
2,8,8,48,40,61,KR Gaussian,1.0416905091760045,0.24169050917600643,40
2,8,8,48,12,61,KR Rademacher,2.1146277240805897,2.0146277240805883,12
2,8,8,48,16,61,KR Rademacher,1.7292084543326887,1.5292084543326876,16
2,8,8,48,24,61,KR Rademacher,1.3552806814168505,0.9552806814168502,24
2,8,8,48,32,61,KR Rademacher,1.1119981185927221,0.5119981185927234,32
2,8,8,48,40,61,KR Rademacher,1.04647907914518,0.24647907914518186,40
2,8,8,48,12,62,Dense Gaussian,2.3676865633295083,2.267686563329507,12
2,8,8,48,16,62,Dense Gaussian,1.8637658997331599,1.6637658997331606,16
2,8,8,48,24,62,Dense Gaussian,1.3414464572874838,0.9414464572874834,24
2,8,8,48,32,62,Dense Gaussian,1.1484475358387076,0.548447535838708,32
2,8,8,48,40,62,Dense Gaussian,1.0435721007891061,0.24357210078910896,40
2,8,8,48,12,62,KR Gaussian,1.94884231257749,1.8488423125774887,12
2,8,8,48,16,62,KR Gaussian,1.5855071892742068,1.3855071892742075,16
2,8,8,48,24,62,KR Gaussian,1.2521564546896489,0.8521564546896485,24
2,8,8,48,32,62,KR Gaussian,1.1342740575656105,0.5342740575656109,32
2,8,8,48,40,62,KR Gaussian,1.046509912748145,0.24650991274814515,40
2,8,8,48,12,62,KR Rademacher,2.112316095974668,2.0123160959746667,12
2,8,8,48,16,62,KR Rademacher,1.6526826088077042,1.452682608807704,16
2,8,8,48,24,62,KR Rademacher,1.353692890944325,0.9536928909443247,24
2,8,8,48,32,62,KR Rademacher,1.13869992591931,0.5386999259193104,32
2,8,8,48,40,62,KR Rademacher,1.0404282678041534,0.24042826780415538,40
2,8,8,48,12,63,Dense Gaussian,1.8461508220761331,1.7461508220761317,12
2,8,8,48,16,63,Dense Gaussian,1.6151863339601515,1.4151863339601523,16
2,8,8,48,24,63,Dense Gaussian,1.2293437942780585,0.8293437942780582,24
2,8,8,48,32,63,Dense Gaussian,1.1066340373528014,0.5066340373528035,32
2,8,8,48,40,63,Dense Gaussian,1.0325577170751696,0.2325577170751707,40
2,8,8,48,12,63,KR Gaussian,2.2031334287875213,2.10313342878752,12
2,8,8,48,16,63,KR Gaussian,1.5900635695252117,1.3900635695252124,16
2,8,8,48,24,63,KR Gaussian,1.2380188516123987,0.8380188516123983,24
2,8,8,48,32,63,KR Gaussian,1.1082802639754936,0.5082802639754949,32
2,8,8,48,40,63,KR Gaussian,1.0449465168607848,0.24494651686078583,40
2,8,8,48,12,63,KR Rademacher,2.302091618318177,2.2020916183181756,12
2,8,8,48,16,63,KR Rademacher,1.6787985102223626,1.4787985102223633,16
2,8,8,48,24,63,KR Rademacher,1.3144413355727362,0.9144413355727359,24
2,8,8,48,32,63,KR Rademacher,1.1371688491689538,0.5371688491689568,32
2,8,8,48,40,63,KR Rademacher,1.055707542849662,0.2557075428496631,40
2,8,8,48,12,64,Dense Gaussian,2.5704775828785325,2.470477582878531,12
2,8,8,48,16,64,Dense Gaussian,1.6849096900027494,1.4849096900027492,16
2,8,8,48,24,64,Dense Gaussian,1.2852060085133852,0.8852060085133857,24
2,8,8,48,32,64,Dense Gaussian,1.1247017478019536,0.5247017478019558,32
2,8,8,48,40,64,Dense Gaussian,1.0503535394161094,0.2503535394161105,40
2,8,8,48,12,64,KR Gaussian,2.7842634732733798,2.6842634732733783,12
2,8,8,48,16,64,KR Gaussian,1.8686287508986208,1.6686287508986206,16
2,8,8,48,24,64,KR Gaussian,1.3058781264181452,0.9058781264181448,24
2,8,8,48,32,64,KR Gaussian,1.1162293024013445,0.516229302401344,32
2,8,8,48,40,64,KR Gaussian,1.0395931071535873,0.2395931071535884,40
2,8,8,48,12,64,KR Rademacher,2.408805187193412,2.3088051871934105,12
2,8,8,48,16,64,KR Rademacher,1.9918001937976353,1.7918001937976342,16
2,8,8,48,24,64,KR Rademacher,1.3028682183495315,0.902868218349532,24
2,8,8,48,32,64,KR Rademacher,1.1287657327667393,0.5287657327667397,32
2,8,8,48,40,64,KR Rademacher,1.0423066585789584,0.2423066585789595,40
2,8,8,48,12,65,Dense Gaussian,1.977962180072458,1.8779621800724566,12
2,8,8,48,16,65,Dense Gaussian,1.5797524010165276,1.3797524010165265,16
2,8,8,48,24,65,Dense Gaussian,1.2506570033635427,0.8506570033635423,24
2,8,8,48,32,65,Dense Gaussian,1.1365675978227898,0.536567597822792,32
2,8,8,48,40,65,Dense Gaussian,1.0529211075626614,0.2529211075626634,40
2,8,8,48,12,65,KR Gaussian,2.4799216402828623,2.379921640282861,12
2,8,8,48,16,65,KR Gaussian,1.6915501125955625,1.4915501125955615,16
2,8,8,48,24,65,KR Gaussian,1.285231051632726,0.8852310516327258,24
2,8,8,48,32,65,KR Gaussian,1.143302714772652,0.5433027147726541,32
2,8,8,48,40,65,KR Gaussian,1.0503810565876828,0.2503810565876847,40
2,8,8,48,12,65,KR Rademacher,2.1002389484344715,2.00023894843447,12
2,8,8,48,16,65,KR Rademacher,1.6162837020715948,1.4162837020715937,16
2,8,8,48,24,65,KR Rademacher,1.3484401284733556,0.9484401284733561,24
2,8,8,48,32,65,KR Rademacher,1.1428803910389504,0.5428803910389508,32
2,8,8,48,40,65,KR Rademacher,1.0676785463763707,0.2676785463763718,40
2,8,8,48,12,66,Dense Gaussian,1.8604027390153455,1.760402739015344,12
2,8,8,48,16,66,Dense Gaussian,1.6371115756477153,1.437111575647716,16
2,8,8,48,24,66,Dense Gaussian,1.319230470112247,0.9192304701122485,24
2,8,8,48,32,66,Dense Gaussian,1.1576266990908408,0.5576266990908412,32
2,8,8,48,40,66,Dense Gaussian,1.044870223783109,0.24487022378310996,40
2,8,8,48,12,66,KR Gaussian,2.1218632727071984,2.021863272707197,12
2,8,8,48,16,66,KR Gaussian,1.7870471087494693,1.58704710874947,16
2,8,8,48,24,66,KR Gaussian,1.253964337532004,0.8539643375320036,24
2,8,8,48,32,66,KR Gaussian,1.138223957256927,0.5382239572569283,32
2,8,8,48,40,66,KR Gaussian,1.0494929831622422,0.249492983162245,40
2,8,8,48,12,66,KR Rademacher,2.3007221554029407,2.2007221554029393,12
2,8,8,48,16,66,KR Rademacher,1.6005573888219295,1.4005573888219303,16
2,8,8,48,24,66,KR Rademacher,1.2014441816847103,0.8014441816847118,24
2,8,8,48,32,66,KR Rademacher,1.08852535483053,0.48852535483053217,32
2,8,8,48,40,66,KR Rademacher,1.0309274303336586,0.23092743033366148,40
2,8,8,48,12,67,Dense Gaussian,1.8171916174212273,1.7171916174212258,12
2,8,8,48,16,67,Dense Gaussian,1.582032062143849,1.382032062143848,16
2,8,8,48,24,67,Dense Gaussian,1.2449582587192065,0.8449582587192062,24
2,8,8,48,32,67,Dense Gaussian,1.1011072445305414,0.5011072445305427,32
2,8,8,48,40,67,Dense Gaussian,1.0317404487561763,0.23174044875617916,40
2,8,8,48,12,67,KR Gaussian,2.563174715086088,2.4631747150860868,12
2,8,8,48,16,67,KR Gaussian,1.8096772433782036,1.6096772433782043,16
2,8,8,48,24,67,KR Gaussian,1.3593292709598082,0.959329270959806,24
2,8,8,48,32,67,KR Gaussian,1.2308302396126862,0.6308302396126848,32
2,8,8,48,40,67,KR Gaussian,1.0694620956163696,0.26946209561637247,40
2,8,8,48,12,67,KR Rademacher,2.2279796362114412,2.12797963621144,12
2,8,8,48,16,67,KR Rademacher,1.7460585206991794,1.5460585206991801,16
2,8,8,48,24,67,KR Rademacher,1.2658351011114437,0.8658351011114434,24
2,8,8,48,32,67,KR Rademacher,1.1236903060590464,0.5236903060590485,32
2,8,8,48,40,67,KR Rademacher,1.051920303978612,0.25192030397861487,40
2,8,8,48,12,68,Dense Gaussian,2.1699788872104193,2.069978887210418,12
2,8,8,48,16,68,Dense Gaussian,1.6038620931341345,1.4038620931341335,16
2,8,8,48,24,68,Dense Gaussian,1.2575676327894936,0.8575676327894932,24
2,8,8,48,32,68,Dense Gaussian,1.1224910735485132,0.5224910735485153,32
2,8,8,48,40,68,Dense Gaussian,1.0327212263333374,0.23272122633333936,40
2,8,8,48,12,68,KR Gaussian,2.3873824988082504,2.287382498808249,12
2,8,8,48,16,68,KR Gaussian,1.825321279781373,1.6253212797813728,16
2,8,8,48,24,68,KR Gaussian,1.3025326672201984,0.9025326672201981,24
2,8,8,48,32,68,KR Gaussian,1.0953793283716609,0.4953793283716621,32
2,8,8,48,40,68,KR Gaussian,1.0464117432668694,0.2464117432668722,40
2,8,8,48,12,68,KR Rademacher,2.643329553269746,2.5433295532697446,12
2,8,8,48,16,68,KR Rademacher,1.9523670685967938,1.7523670685967936,16
2,8,8,48,24,68,KR Rademacher,1.3747619740999513,0.9747619740999518,24
2,8,8,48,32,68,KR Rademacher,1.1291363642997911,0.5291363642997915,32
2,8,8,48,40,68,KR Rademacher,1.0524083231768353,0.25240832317683726,40
2,8,8,48,12,69,Dense Gaussian,2.366490143301169,2.2664901433011675,12
2,8,8,48,16,69,Dense Gaussian,1.7391946448396922,1.539194644839693,16
2,8,8,48,24,69,Dense Gaussian,1.3516741721061525,0.9516741721061539,24
2,8,8,48,32,69,Dense Gaussian,1.1250520447103423,0.5250520447103426,32
2,8,8,48,40,69,Dense Gaussian,1.055584719289251,0.25558471928925286,40
2,8,8,48,12,69,KR Gaussian,2.0365732299372343,1.936573229937233,12
2,8,8,48,16,69,KR Gaussian,1.612432797458606,1.4124327974586057,16
2,8,8,48,24,69,KR Gaussian,1.3259574661159004,0.9259574661159,24
2,8,8,48,32,69,KR Gaussian,1.157452823148792,0.5574528231487932,32
2,8,8,48,40,69,KR Gaussian,1.0415618232892676,0.24156182328927045,40
2,8,8,48,12,69,KR Rademacher,1.8375214700925167,1.7375214700925152,12
2,8,8,48,16,69,KR Rademacher,1.468542941496902,1.2685429414969018,16
2,8,8,48,24,69,KR Rademacher,1.2828935442913867,0.8828935442913881,24
2,8,8,48,32,69,KR Rademacher,1.131003793781284,0.5310037937812844,32
2,8,8,48,40,69,KR Rademacher,1.0391019483280353,0.2391019483280381,40
2,8,8,48,12,70,Dense Gaussian,2.1588102113806915,2.05881021138069,12
2,8,8,48,16,70,Dense Gaussian,1.628888427139973,1.4288884271399738,16
2,8,8,48,24,70,Dense Gaussian,1.268976180905808,0.8689761809058076,24
2,8,8,48,32,70,Dense Gaussian,1.1325573959348993,0.5325573959349015,32
2,8,8,48,40,70,Dense Gaussian,1.0602464718038034,0.2602464718038071,40
2,8,8,48,12,70,KR Gaussian,2.0680571625795086,1.9680571625795071,12
2,8,8,48,16,70,KR Gaussian,1.709377010544599,1.5093770105445987,16
2,8,8,48,24,70,KR Gaussian,1.2728811392306572,0.8728811392306568,24
2,8,8,48,32,70,KR Gaussian,1.1365145499899763,0.5365145499899775,32
2,8,8,48,40,70,KR Gaussian,1.0470411407676972,0.24704114076769912,40
2,8,8,48,12,70,KR Rademacher,1.9808840464335056,1.8808840464335042,12
2,8,8,48,16,70,KR Rademacher,1.432782800262932,1.2327828002629309,16
2,8,8,48,24,70,KR Rademacher,1.2002425464384858,0.8002425464384864,24
2,8,8,48,32,70,KR Rademacher,1.0839601853098655,0.48396018530986495,32
2,8,8,48,40,70,KR Rademacher,1.037144536084563,0.2371445360845641,40
2,8,8,48,12,71,Dense Gaussian,2.0874401444145523,1.9874401444145509,12
2,8,8,48,16,71,Dense Gaussian,1.6941824779448105,1.4941824779448112,16
2,8,8,48,24,71,Dense Gaussian,1.3524185364837287,0.9524185364837283,24
2,8,8,48,32,71,Dense Gaussian,1.1490287363302674,0.5490287363302677,32
2,8,8,48,40,71,Dense Gaussian,1.0498337977027123,0.2498337977027134,40
2,8,8,48,12,71,KR Gaussian,2.1213522562066416,2.02135225620664,12
2,8,8,48,16,71,KR Gaussian,1.5587836138884175,1.3587836138884182,16
2,8,8,48,24,71,KR Gaussian,1.25501329912088,0.8550132991208805,24
2,8,8,48,32,71,KR Gaussian,1.1142537168676645,0.5142537168676657,32
2,8,8,48,40,71,KR Gaussian,1.0399677232948292,0.23996772329483207,40
2,8,8,48,12,71,KR Rademacher,1.9498781635860256,1.8498781635860242,12
2,8,8,48,16,71,KR Rademacher,1.6762996935951353,1.4762996935951351,16
2,8,8,48,24,71,KR Rademacher,1.282100293533337,0.8821002935333375,24
2,8,8,48,32,71,KR Rademacher,1.1657525644258495,0.5657525644258499,32
2,8,8,48,40,71,KR Rademacher,1.061705448426613,0.2617054484266177,40
2,8,8,48,12,72,Dense Gaussian,1.8220668011015793,1.7220668011015778,12
2,8,8,48,16,72,Dense Gaussian,1.5731282640618618,1.3731282640618625,16
2,8,8,48,24,72,Dense Gaussian,1.2715582250469684,0.871558225046968,24
2,8,8,48,32,72,Dense Gaussian,1.1075627136981234,0.5075627136981247,32
2,8,8,48,40,72,Dense Gaussian,1.0420732726420692,0.24207327264207024,40
2,8,8,48,12,72,KR Gaussian,2.431306516959145,2.3313065169591436,12
2,8,8,48,16,72,KR Gaussian,1.9513113370097699,1.7513113370097688,16
2,8,8,48,24,72,KR Gaussian,1.2782494486838551,0.8782494486838566,24
2,8,8,48,32,72,KR Gaussian,1.169806885108283,0.5698068851082834,32
2,8,8,48,40,72,KR Gaussian,1.062825787009313,0.262825787009314,40
2,8,8,48,12,72,KR Rademacher,2.1956682634340687,2.0956682634340673,12
2,8,8,48,16,72,KR Rademacher,1.5492212715132645,1.3492212715132652,16
2,8,8,48,24,72,KR Rademacher,1.2201274753316387,0.8201274753316383,24
2,8,8,48,32,72,KR Rademacher,1.115377310959806,0.5153773109598063,32
2,8,8,48,40,72,KR Rademacher,1.0423208029402957,0.242320802940295,40
2,8,8,48,12,73,Dense Gaussian,2.0524174867552682,1.9524174867552668,12
2,8,8,48,16,73,Dense Gaussian,1.6759109023681598,1.4759109023681596,16
2,8,8,48,24,73,Dense Gaussian,1.3347040335160205,0.9347040335160202,24
2,8,8,48,32,73,Dense Gaussian,1.1172561846604907,0.5172561846604911,32
2,8,8,48,40,73,Dense Gaussian,1.0451045575693714,0.24510455756937333,40
2,8,8,48,12,73,KR Gaussian,2.137940384963305,2.0379403849633038,12
2,8,8,48,16,73,KR Gaussian,1.6320848322343586,1.4320848322343576,16
2,8,8,48,24,73,KR Gaussian,1.2611718650301516,0.861171865030153,24
2,8,8,48,32,73,KR Gaussian,1.1349681280182988,0.5349681280182992,32
2,8,8,48,40,73,KR Gaussian,1.045786679890929,0.24578667989093184,40
2,8,8,48,12,73,KR Rademacher,2.3455304818009033,2.245530481800902,12
2,8,8,48,16,73,KR Rademacher,1.8514104351630714,1.651410435163072,16
2,8,8,48,24,73,KR Rademacher,1.274154523293344,0.8741545232933436,24
2,8,8,48,32,73,KR Rademacher,1.1218339293947928,0.5218339293947949,32
2,8,8,48,40,73,KR Rademacher,1.0453989957946739,0.24539899579467672,40
2,8,8,48,12,74,Dense Gaussian,2.1714329734652473,2.071432973465246,12
2,8,8,48,16,74,Dense Gaussian,1.762203266450431,1.56220326645043,16
2,8,8,48,24,74,Dense Gaussian,1.3862695079154808,0.9862695079154804,24
2,8,8,48,32,74,Dense Gaussian,1.1508097637559214,0.55080976375592,32
2,8,8,48,40,74,Dense Gaussian,1.0679060251706822,0.26790602517068507,40
2,8,8,48,12,74,KR Gaussian,2.2446525683989336,2.144652568398932,12
2,8,8,48,16,74,KR Gaussian,1.7456167199106218,1.5456167199106225,16
2,8,8,48,24,74,KR Gaussian,1.34278653395147,0.9427865339514714,24
2,8,8,48,32,74,KR Gaussian,1.1074847790726619,0.5074847790726622,32
2,8,8,48,40,74,KR Gaussian,1.0441983044828724,0.24419830448287527,40
2,8,8,48,12,74,KR Rademacher,1.8040610845254816,1.7040610845254802,12
2,8,8,48,16,74,KR Rademacher,1.4683889484703183,1.268388948470319,16
2,8,8,48,24,74,KR Rademacher,1.2272356346001487,0.8272356346001501,24
2,8,8,48,32,74,KR Rademacher,1.0928524370556634,0.49285243705566373,32
2,8,8,48,40,74,KR Rademacher,1.0459825506372926,0.24598255063729368,40
2,8,8,48,12,75,Dense Gaussian,1.9793972335174175,1.879397233517416,12
2,8,8,48,16,75,Dense Gaussian,1.5888689809728813,1.3888689809728803,16
2,8,8,48,24,75,Dense Gaussian,1.239148159952551,0.8391481599525523,24
2,8,8,48,32,75,Dense Gaussian,1.103249526355003,0.5032495263550025,32
2,8,8,48,40,75,Dense Gaussian,1.0438279986856536,0.2438279986856564,40
2,8,8,48,12,75,KR Gaussian,2.536429367050026,2.4364293670500246,12
2,8,8,48,16,75,KR Gaussian,1.746437587225726,1.5464375872257259,16
2,8,8,48,24,75,KR Gaussian,1.3378251083636776,0.9378251083636773,24
2,8,8,48,32,75,KR Gaussian,1.1601301999689158,0.560130199968917,32
2,8,8,48,40,75,KR Gaussian,1.048831692436222,0.24883169243622305,40
2,8,8,48,12,75,KR Rademacher,2.0956293843678413,1.9956293843678399,12
2,8,8,48,16,75,KR Rademacher,1.6887243130342036,1.4887243130342043,16
2,8,8,48,24,75,KR Rademacher,1.4035234103393268,1.0035234103393265,24
2,8,8,48,32,75,KR Rademacher,1.162064497276753,0.5620644972767526,32
2,8,8,48,40,75,KR Rademacher,1.051572233527848,0.25157223352784897,40
2,8,8,48,12,76,Dense Gaussian,2.4024965141046337,2.3024965141046323,12
2,8,8,48,16,76,Dense Gaussian,1.8815310079707679,1.6815310079707686,16
2,8,8,48,24,76,Dense Gaussian,1.2984387924428464,0.8984387924428461,24
2,8,8,48,32,76,Dense Gaussian,1.1224222701764885,0.5224222701764916,32
2,8,8,48,40,76,Dense Gaussian,1.0645953060052484,0.2645953060052495,40
2,8,8,48,12,76,KR Gaussian,2.138745160532137,2.0387451605321356,12
2,8,8,48,16,76,KR Gaussian,1.6457919881829364,1.4457919881829362,16
2,8,8,48,24,76,KR Gaussian,1.286200513684264,0.8862005136842637,24
2,8,8,48,32,76,KR Gaussian,1.138851817436894,0.5388518174368961,32
2,8,8,48,40,76,KR Gaussian,1.0350699987377254,0.23506999873772827,40
2,8,8,48,12,76,KR Rademacher,1.9492792194392816,1.8492792194392802,12
2,8,8,48,16,76,KR Rademacher,1.5338725850743629,1.3338725850743636,16
2,8,8,48,24,76,KR Rademacher,1.24629306565397,0.8462930656539704,24
2,8,8,48,32,76,KR Rademacher,1.111444316217817,0.511444316217819,32
2,8,8,48,40,76,KR Rademacher,1.0444526449508889,0.24445264495088992,40
2,8,8,48,12,77,Dense Gaussian,1.9900342776284319,1.8900342776284305,12
2,8,8,48,16,77,Dense Gaussian,1.6376702519524322,1.4376702519524311,16
2,8,8,48,24,77,Dense Gaussian,1.2866606391002335,0.8866606391002332,24
2,8,8,48,32,77,Dense Gaussian,1.1152393473177096,0.5152393473177099,32
2,8,8,48,40,77,Dense Gaussian,1.0447780909370472,0.24477809093704828,40
2,8,8,48,12,77,KR Gaussian,2.218137937632868,2.1181379376328664,12
2,8,8,48,16,77,KR Gaussian,1.505963548023388,1.3059635480233878,16
2,8,8,48,24,77,KR Gaussian,1.2250663431063318,0.8250663431063323,24
2,8,8,48,32,77,KR Gaussian,1.1201888265300965,0.5201888265300969,32
2,8,8,48,40,77,KR Gaussian,1.0417479451382654,0.24174794513826825,40
2,8,8,48,12,77,KR Rademacher,2.055384977144641,1.9553849771446394,12
2,8,8,48,16,77,KR Rademacher,1.7890417841453523,1.5890417841453521,16
2,8,8,48,24,77,KR Rademacher,1.3435616428365682,0.9435616428365687,24
2,8,8,48,32,77,KR Rademacher,1.1429440742220125,0.5429440742220137,32
2,8,8,48,40,77,KR Rademacher,1.0408204371507512,0.2408204371507523,40
2,8,8,48,12,78,Dense Gaussian,2.783560861447387,2.6835608614473854,12
2,8,8,48,16,78,Dense Gaussian,2.1656771124955405,1.9656771124955412,16
2,8,8,48,24,78,Dense Gaussian,1.4699089552493305,1.069908955249331,24
2,8,8,48,32,78,Dense Gaussian,1.173913811401257,0.5739138114012583,32
2,8,8,48,40,78,Dense Gaussian,1.0514378616902347,0.25143786169023663,40
2,8,8,48,12,78,KR Gaussian,2.494429599398341,2.3944295993983395,12
2,8,8,48,16,78,KR Gaussian,1.9734254890636738,1.7734254890636727,16
2,8,8,48,24,78,KR Gaussian,1.3587259054868834,0.9587259054868849,24
2,8,8,48,32,78,KR Gaussian,1.1980017108228216,0.5980017108228228,32
2,8,8,48,40,78,KR Gaussian,1.0726049073478219,0.27260490734782294,40
2,8,8,48,12,78,KR Rademacher,2.0593037937412344,1.959303793741233,12
2,8,8,48,16,78,KR Rademacher,1.6050880805254337,1.4050880805254335,16
2,8,8,48,24,78,KR Rademacher,1.2452471208547777,0.8452471208547792,24
2,8,8,48,32,78,KR Rademacher,1.1228618686534562,0.5228618686534574,32
2,8,8,48,40,78,KR Rademacher,1.0543444310026882,0.2543444310026892,40
2,8,8,48,12,79,Dense Gaussian,2.2508451982430486,2.150845198243047,12
2,8,8,48,16,79,Dense Gaussian,1.7054760149056527,1.5054760149056525,16
2,8,8,48,24,79,Dense Gaussian,1.2308011032886235,0.8308011032886249,24
2,8,8,48,32,79,Dense Gaussian,1.132899905742386,0.5328999057423864,32
2,8,8,48,40,79,Dense Gaussian,1.0451469913919107,0.24514699139191265,40
2,8,8,48,12,79,KR Gaussian,2.3193282010544447,2.2193282010544433,12
2,8,8,48,16,79,KR Gaussian,1.778449441856785,1.578449441856785,16
2,8,8,48,24,79,KR Gaussian,1.262852546585215,0.8628525465852164,24
2,8,8,48,32,79,KR Gaussian,1.1259443856303522,0.5259443856303534,32
2,8,8,48,40,79,KR Gaussian,1.0355548475447325,0.23555484754473355,40
2,8,8,48,12,79,KR Rademacher,2.2861222200552014,2.1861222200552,12
2,8,8,48,16,79,KR Rademacher,1.8953376844054723,1.6953376844054722,16
2,8,8,48,24,79,KR Rademacher,1.307557867689276,0.9075578676892757,24
2,8,8,48,32,79,KR Rademacher,1.1419634734629263,0.5419634734629284,32
2,8,8,48,40,79,KR Rademacher,1.0445240550734542,0.2445240550734571,40
2,8,8,48,12,80,Dense Gaussian,2.069170969785839,1.9691709697858375,12
2,8,8,48,16,80,Dense Gaussian,1.5915502806302326,1.3915502806302325,16
2,8,8,48,24,80,Dense Gaussian,1.235411212952516,0.8354112129525149,24
2,8,8,48,32,80,Dense Gaussian,1.1205175191303738,0.5205175191303759,32
2,8,8,48,40,80,Dense Gaussian,1.0314505562424152,0.23145055624241806,40
2,8,8,48,12,80,KR Gaussian,2.4805159390161435,2.380515939016142,12
2,8,8,48,16,80,KR Gaussian,2.028294382931694,1.8282943829316949,16
2,8,8,48,24,80,KR Gaussian,1.308758341095034,0.9087583410950337,24
2,8,8,48,32,80,KR Gaussian,1.1297316602218341,0.5297316602218363,32
2,8,8,48,40,80,KR Gaussian,1.0557054246251365,0.25570542462513757,40
2,8,8,48,12,80,KR Rademacher,2.1065417984829438,2.0065417984829423,12
2,8,8,48,16,80,KR Rademacher,1.5545035411225054,1.3545035411225044,16
2,8,8,48,24,80,KR Rademacher,1.307882607475726,0.9078826074757274,24
2,8,8,48,32,80,KR Rademacher,1.129826604753168,0.5298266047531683,32
2,8,8,48,40,80,KR Rademacher,1.0515218737541456,0.2515218737541467,40
2,8,8,48,12,81,Dense Gaussian,2.3138650383628514,2.21386503836285,12
2,8,8,48,16,81,Dense Gaussian,1.769650501364029,1.5696505013640287,16
2,8,8,48,24,81,Dense Gaussian,1.2760539505002644,0.8760539505002658,24
2,8,8,48,32,81,Dense Gaussian,1.1399288393877747,0.5399288393877768,32
2,8,8,48,40,81,Dense Gaussian,1.035900975596583,0.23590097559658574,40
2,8,8,48,12,81,KR Gaussian,2.1918753868259344,2.091875386825933,12
2,8,8,48,16,81,KR Gaussian,1.4995018370803592,1.299501837080359,16
2,8,8,48,24,81,KR Gaussian,1.2166462227196266,0.8166462227196281,24
2,8,8,48,32,81,KR Gaussian,1.0846713880657166,0.48467138806571697,32
2,8,8,48,40,81,KR Gaussian,1.0418269246816525,0.24182692468165357,40
2,8,8,48,12,81,KR Rademacher,2.070471316301881,1.9704713163018797,12
2,8,8,48,16,81,KR Rademacher,1.6152272972731136,1.4152272972731135,16
2,8,8,48,24,81,KR Rademacher,1.2179171270816083,0.8179171270816088,24
2,8,8,48,32,81,KR Rademacher,1.1032939663160573,0.5032939663160576,32
2,8,8,48,40,81,KR Rademacher,1.038260741171717,0.23826074117171991,40
2,8,8,48,12,82,Dense Gaussian,2.2759757551809328,2.1759757551809313,12
2,8,8,48,16,82,Dense Gaussian,1.6385858652207599,1.4385858652207588,16
2,8,8,48,24,82,Dense Gaussian,1.3189806467416254,0.9189806467416268,24
2,8,8,48,32,82,Dense Gaussian,1.1528167833905414,0.5528167833905417,32
2,8,8,48,40,82,Dense Gaussian,1.0563349175586083,0.25633491755861115,40
2,8,8,48,12,82,KR Gaussian,2.3429198161318903,2.242919816131889,12
2,8,8,48,16,82,KR Gaussian,1.5890441934241002,1.3890441934241,16
2,8,8,48,24,82,KR Gaussian,1.24598464563595,0.8459846456359479,24
2,8,8,48,32,82,KR Gaussian,1.1519641127282805,0.5519641127282817,32
2,8,8,48,40,82,KR Gaussian,1.064247725937113,0.2642477259371141,40
2,8,8,48,12,82,KR Rademacher,2.573042717361292,2.4730427173612908,12
2,8,8,48,16,82,KR Rademacher,1.7796416854012618,1.5796416854012616,16
2,8,8,48,24,82,KR Rademacher,1.301905793969448,0.9019057939694495,24
2,8,8,48,32,82,KR Rademacher,1.1342415862186783,0.5342415862186787,32
2,8,8,48,40,82,KR Rademacher,1.0412099708401037,0.24120997084010476,40
2,8,8,48,12,83,Dense Gaussian,2.795023753455986,2.6950237534559847,12
2,8,8,48,16,83,Dense Gaussian,1.9746767038511788,1.7746767038511777,16
2,8,8,48,24,83,Dense Gaussian,1.4042565507875269,1.0042565507875274,24
2,8,8,48,32,83,Dense Gaussian,1.1429314182839416,0.542931418283942,32
2,8,8,48,40,83,Dense Gaussian,1.0685311363076604,0.26853113630766146,40
2,8,8,48,12,83,KR Gaussian,2.328335802831858,2.2283358028318565,12
2,8,8,48,16,83,KR Gaussian,1.8512342261169792,1.651234226116979,16
2,8,8,48,24,83,KR Gaussian,1.3083634984582462,0.9083634984582467,24
2,8,8,48,32,83,KR Gaussian,1.1701716739593255,0.5701716739593259,32
2,8,8,48,40,83,KR Gaussian,1.0582739006241368,0.2582739006241397,40
2,8,8,48,12,83,KR Rademacher,2.1619803913691076,2.061980391369106,12
2,8,8,48,16,83,KR Rademacher,1.729234246552446,1.5292342465524467,16
2,8,8,48,24,83,KR Rademacher,1.3235957816329673,0.9235957816329687,24
2,8,8,48,32,83,KR Rademacher,1.1131505249673763,0.5131505249673776,32
2,8,8,48,40,83,KR Rademacher,1.0411823789010182,0.24118237890101923,40
2,8,8,48,12,84,Dense Gaussian,2.001048443918643,1.9010484439186417,12
2,8,8,48,16,84,Dense Gaussian,1.5426834622369512,1.342683462236952,16
2,8,8,48,24,84,Dense Gaussian,1.2456509066784145,0.845650906678415,24
2,8,8,48,32,84,Dense Gaussian,1.1245157415561629,0.524515741556165,32
2,8,8,48,40,84,Dense Gaussian,1.061310038832901,0.26131003883290305,40
2,8,8,48,12,84,KR Gaussian,2.153678817956898,2.0536788179568966,12
2,8,8,48,16,84,KR Gaussian,1.561616324120907,1.3616163241209058,16
2,8,8,48,24,84,KR Gaussian,1.3061243383084067,0.9061243383084072,24
2,8,8,48,32,84,KR Gaussian,1.1145087144238417,0.5145087144238438,32
2,8,8,48,40,84,KR Gaussian,1.0468620348155504,0.24686203481555147,40
2,8,8,48,12,84,KR Rademacher,2.2174333962410637,2.1174333962410623,12
2,8,8,48,16,84,KR Rademacher,1.837855470570739,1.6378554705707389,16
2,8,8,48,24,84,KR Rademacher,1.2959002784380278,0.8959002784380274,24
2,8,8,48,32,84,KR Rademacher,1.1330508801828882,0.5330508801828895,32
2,8,8,48,40,84,KR Rademacher,1.0595712623409153,0.2595712623409163,40
2,8,8,48,12,85,Dense Gaussian,2.1734735343922935,2.073473534392292,12
2,8,8,48,16,85,Dense Gaussian,1.7620867676560579,1.5620867676560577,16
2,8,8,48,24,85,Dense Gaussian,1.2791706263517,0.8791706263516978,24
2,8,8,48,32,85,Dense Gaussian,1.1552237338024405,0.5552237338024426,32
2,8,8,48,40,85,Dense Gaussian,1.0491118298693367,0.24911182986933866,40
2,8,8,48,12,85,KR Gaussian,2.3064617905468294,2.206461790546828,12
2,8,8,48,16,85,KR Gaussian,1.8096076454267696,1.6096076454267685,16
2,8,8,48,24,85,KR Gaussian,1.3390436064249993,0.939043606424999,24
2,8,8,48,32,85,KR Gaussian,1.1269393623584882,0.5269393623584904,32
2,8,8,48,40,85,KR Gaussian,1.0542151910243138,0.25421519102431667,40
2,8,8,48,12,85,KR Rademacher,2.143160139822437,2.0431601398224357,12
2,8,8,48,16,85,KR Rademacher,1.536582168397345,1.336582168397345,16
2,8,8,48,24,85,KR Rademacher,1.2750109909032483,0.8750109909032489,24
2,8,8,48,32,85,KR Rademacher,1.1466077417868528,0.546607741786854,32
2,8,8,48,40,85,KR Rademacher,1.0680069036935702,0.2680069036935713,40
2,8,8,48,12,86,Dense Gaussian,2.8727401606167025,2.772740160616701,12
2,8,8,48,16,86,Dense Gaussian,1.8612390241403451,1.661239024140345,16
2,8,8,48,24,86,Dense Gaussian,1.2751122822017553,0.875112282201755,24
2,8,8,48,32,86,Dense Gaussian,1.1475712660307114,0.5475712660307117,32
2,8,8,48,40,86,Dense Gaussian,1.0461191067407238,0.24611910674072668,40
2,8,8,48,12,86,KR Gaussian,2.2875384307922637,2.1875384307922623,12
2,8,8,48,16,86,KR Gaussian,1.9610814644748569,1.7610814644748558,16
2,8,8,48,24,86,KR Gaussian,1.3098152607139033,0.9098152607139038,24
2,8,8,48,32,86,KR Gaussian,1.1409633548189202,0.5409633548189205,32
2,8,8,48,40,86,KR Gaussian,1.0613628114962088,0.26136281149621077,40
2,8,8,48,12,86,KR Rademacher,2.1403941216809823,2.040394121680981,12
2,8,8,48,16,86,KR Rademacher,1.9099111311636747,1.7099111311636754,16
2,8,8,48,24,86,KR Rademacher,1.3436154878864741,0.9436154878864738,24
2,8,8,48,32,86,KR Rademacher,1.1349001526089095,0.5349001526089108,32
2,8,8,48,40,86,KR Rademacher,1.0400463919640384,0.24004639196403943,40
2,8,8,48,12,87,Dense Gaussian,3.062806673939553,2.9628066739395518,12
2,8,8,48,16,87,Dense Gaussian,2.0016511848202816,1.8016511848202814,16
2,8,8,48,24,87,Dense Gaussian,1.3671917637936328,0.9671917637936325,24
2,8,8,48,32,87,Dense Gaussian,1.1603966553541092,0.5603966553541095,32
2,8,8,48,40,87,Dense Gaussian,1.0690977075214825,0.2690977075214853,40
2,8,8,48,12,87,KR Gaussian,2.306923746705424,2.2069237467054226,12
2,8,8,48,16,87,KR Gaussian,1.5613926321009934,1.3613926321009933,16
2,8,8,48,24,87,KR Gaussian,1.2918062548492362,0.8918062548492358,24
2,8,8,48,32,87,KR Gaussian,1.1372072416996568,0.5372072416996581,32
2,8,8,48,40,87,KR Gaussian,1.0413912540847896,0.24139125408479245,40
2,8,8,48,12,87,KR Rademacher,2.2392496418121066,2.139249641812105,12
2,8,8,48,16,87,KR Rademacher,1.824963129088557,1.624963129088556,16
2,8,8,48,24,87,KR Rademacher,1.2323816400433447,0.8323816400433444,24
2,8,8,48,32,87,KR Rademacher,1.1169859430543454,0.5169859430543475,32
2,8,8,48,40,87,KR Rademacher,1.036207048827543,0.23620704882754495,40
2,8,8,48,12,88,Dense Gaussian,2.2792119946080067,2.1792119946080053,12
2,8,8,48,16,88,Dense Gaussian,1.6172939513087528,1.4172939513087535,16
2,8,8,48,24,88,Dense Gaussian,1.2722548570393108,0.8722548570393105,24
2,8,8,48,32,88,Dense Gaussian,1.1033900219173152,0.5033900219173155,32
2,8,8,48,40,88,Dense Gaussian,1.0379375862153761,0.23793758621538075,40
2,8,8,48,12,88,KR Gaussian,2.2159675507960443,2.115967550796043,12
2,8,8,48,16,88,KR Gaussian,1.8268220569124942,1.6268220569124932,16
2,8,8,48,24,88,KR Gaussian,1.3800410650705883,0.9800410650705889,24
2,8,8,48,32,88,KR Gaussian,1.1213338475541104,0.5213338475541125,32
2,8,8,48,40,88,KR Gaussian,1.0473759737850097,0.24737597378501164,40
2,8,8,48,12,88,KR Rademacher,2.2437947431940124,2.143794743194011,12
2,8,8,48,16,88,KR Rademacher,1.521803656071084,1.3218036560710829,16
2,8,8,48,24,88,KR Rademacher,1.2530759872938528,0.8530759872938543,24
2,8,8,48,32,88,KR Rademacher,1.1132300890429523,0.5132300890429526,32
2,8,8,48,40,88,KR Rademacher,1.057289720058753,0.25728972005875406,40
2,8,8,48,12,89,Dense Gaussian,2.447520570340483,2.347520570340482,12
2,8,8,48,16,89,Dense Gaussian,1.9897642135729834,1.7897642135729832,16
2,8,8,48,24,89,Dense Gaussian,1.3073717381179524,0.907371738117952,24
2,8,8,48,32,89,Dense Gaussian,1.1126518091499324,0.5126518091499328,32
2,8,8,48,40,89,Dense Gaussian,1.0355936771426446,0.23559367714264567,40
2,8,8,48,12,89,KR Gaussian,1.7564206912945846,1.6564206912945831,12
2,8,8,48,16,89,KR Gaussian,1.4771640541232447,1.2771640541232445,16
2,8,8,48,24,89,KR Gaussian,1.274938181276088,0.8749381812760877,24
2,8,8,48,32,89,KR Gaussian,1.1336829889070046,0.5336829889070049,32
2,8,8,48,40,89,KR Gaussian,1.0669643778354745,0.26696437783547644,40
2,8,8,48,12,89,KR Rademacher,2.2162761655343077,2.1162761655343063,12
2,8,8,48,16,89,KR Rademacher,1.8785478314005744,1.6785478314005742,16
2,8,8,48,24,89,KR Rademacher,1.2848045959619911,0.8848045959619917,24
2,8,8,48,32,89,KR Rademacher,1.1550003903107786,0.5550003903107807,32
2,8,8,48,40,89,KR Rademacher,1.0668829688700026,0.2668829688700036,40
2,8,8,48,12,90,Dense Gaussian,2.276976679698344,2.1769766796983427,12
2,8,8,48,16,90,Dense Gaussian,1.5774378983589026,1.3774378983589033,16
2,8,8,48,24,90,Dense Gaussian,1.2650581897564859,0.8650581897564855,24
2,8,8,48,32,90,Dense Gaussian,1.101141247901297,0.5011412479012982,32
2,8,8,48,40,90,Dense Gaussian,1.0411187910997004,0.24111879109970147,40
2,8,8,48,12,90,KR Gaussian,2.0856072552064733,1.9856072552064719,12
2,8,8,48,16,90,KR Gaussian,1.695812178832103,1.4958121788321037,16
2,8,8,48,24,90,KR Gaussian,1.2808177959204725,0.880817795920473,24
2,8,8,48,32,90,KR Gaussian,1.118275628180477,0.5182756281804792,32
2,8,8,48,40,90,KR Gaussian,1.0559237144370073,0.2559237144370101,40
2,8,8,48,12,90,KR Rademacher,1.9531588860610327,1.8531588860610313,12
2,8,8,48,16,90,KR Rademacher,1.661850640452962,1.4618506404529619,16
2,8,8,48,24,90,KR Rademacher,1.2337476807375438,0.8337476807375417,24
2,8,8,48,32,90,KR Rademacher,1.0982803342152714,0.49828033421527174,32
2,8,8,48,40,90,KR Rademacher,1.0464307065727088,0.2464307065727116,40
2,8,8,48,12,91,Dense Gaussian,2.3194520201481748,2.2194520201481733,12
2,8,8,48,16,91,Dense Gaussian,1.7156801757810438,1.5156801757810445,16
2,8,8,48,24,91,Dense Gaussian,1.2708905341305812,0.8708905341305808,24
2,8,8,48,32,91,Dense Gaussian,1.1354991640724323,0.5354991640724336,32
2,8,8,48,40,91,Dense Gaussian,1.0511305401735642,0.2511305401735662,40
2,8,8,48,12,91,KR Gaussian,2.4547078703516254,2.354707870351624,12
2,8,8,48,16,91,KR Gaussian,1.9771972818771406,1.7771972818771395,16
2,8,8,48,24,91,KR Gaussian,1.413249413463709,1.0132494134637087,24
2,8,8,48,32,91,KR Gaussian,1.1351635635021013,0.5351635635021026,32
2,8,8,48,40,91,KR Gaussian,1.038902890297539,0.23890289029754008,40
2,8,8,48,12,91,KR Rademacher,2.7050242782459044,2.605024278245903,12
2,8,8,48,16,91,KR Rademacher,2.134138468234722,1.934138468234722,16
2,8,8,48,24,91,KR Rademacher,1.3603783759171675,0.960378375917168,24
2,8,8,48,32,91,KR Rademacher,1.1811959673343946,0.6061959673343935,31
2,8,8,48,40,91,KR Rademacher,1.0623727115945654,0.28737271159456235,39
2,8,8,48,12,92,Dense Gaussian,2.349566297030516,2.2495662970305146,12
2,8,8,48,16,92,Dense Gaussian,1.6608276122089745,1.4608276122089734,16
2,8,8,48,24,92,Dense Gaussian,1.2782992130254822,0.8782992130254819,24
2,8,8,48,32,92,Dense Gaussian,1.15877855629902,0.5587785562990213,32
2,8,8,48,40,92,Dense Gaussian,1.061877716756955,0.26187771675695615,40
2,8,8,48,12,92,KR Gaussian,2.0589346488913947,1.9589346488913932,12
2,8,8,48,16,92,KR Gaussian,1.5853968037754615,1.3853968037754614,16
2,8,8,48,24,92,KR Gaussian,1.3533251324029987,0.9533251324029983,24
2,8,8,48,32,92,KR Gaussian,1.1255988014863183,0.5255988014863178,32
2,8,8,48,40,92,KR Gaussian,1.036917360412442,0.23691736041244482,40
2,8,8,48,12,92,KR Rademacher,2.059509511250158,1.9595095112501566,12
2,8,8,48,16,92,KR Rademacher,1.6240310541036873,1.4240310541036871,16
2,8,8,48,24,92,KR Rademacher,1.2355731516187465,0.8355731516187461,24
2,8,8,48,32,92,KR Rademacher,1.1157986037686811,0.5157986037686833,32
2,8,8,48,40,92,KR Rademacher,1.0270116327410337,0.22701163274103564,40
2,8,8,48,12,93,Dense Gaussian,2.0726244059834453,1.972624405983444,12
2,8,8,48,16,93,Dense Gaussian,1.622043390332843,1.4220433903328438,16
2,8,8,48,24,93,Dense Gaussian,1.3210588211852148,0.9210588211852144,24
2,8,8,48,32,93,Dense Gaussian,1.1746688216432748,0.5746688216432752,32
2,8,8,48,40,93,Dense Gaussian,1.0857898177116123,0.2857898177116134,40
2,8,8,48,12,93,KR Gaussian,1.9464036309624282,1.8464036309624268,12
2,8,8,48,16,93,KR Gaussian,1.487357913302258,1.2873579133022588,16
2,8,8,48,24,93,KR Gaussian,1.2003237599965848,0.8003237599965853,24
2,8,8,48,32,93,KR Gaussian,1.101003298857683,0.5010032988576825,32
2,8,8,48,40,93,KR Gaussian,1.0309552789831038,0.23095527898310486,40
2,8,8,48,12,93,KR Rademacher,2.0156965716177933,1.9156965716177918,12
2,8,8,48,16,93,KR Rademacher,1.6020391627790076,1.4020391627790083,16
2,8,8,48,24,93,KR Rademacher,1.3402431094889415,0.9402431094889412,24
2,8,8,48,32,93,KR Rademacher,1.1771503557311762,0.5771503557311775,32
2,8,8,48,40,93,KR Rademacher,1.0612675991756122,0.2612675991756124,40
2,8,8,48,12,94,Dense Gaussian,2.3884533756141852,2.288453375614184,12
2,8,8,48,16,94,Dense Gaussian,1.5243415307622268,1.3243415307622266,16
2,8,8,48,24,94,Dense Gaussian,1.2325377075432655,0.832537707543267,24
2,8,8,48,32,94,Dense Gaussian,1.083477963372677,0.48347796337267823,32
2,8,8,48,40,94,Dense Gaussian,1.026913706827079,0.2269137068270819,40
2,8,8,48,12,94,KR Gaussian,2.2841598894298842,2.184159889429883,12
2,8,8,48,16,94,KR Gaussian,1.8918092415196668,1.6918092415196666,16
2,8,8,48,24,94,KR Gaussian,1.403145490129928,1.0031454901299277,24
2,8,8,48,32,94,KR Gaussian,1.134192233828065,0.5341922338280654,32
2,8,8,48,40,94,KR Gaussian,1.055730219483987,0.2557302194839881,40
2,8,8,48,12,94,KR Rademacher,2.2656409863145885,2.165640986314587,12
2,8,8,48,16,94,KR Rademacher,1.6643354060293003,1.464335406029301,16
2,8,8,48,24,94,KR Rademacher,1.3639358692039512,0.9639358692039508,24
2,8,8,48,32,94,KR Rademacher,1.1498023268523294,0.5498023268523298,32
2,8,8,48,40,94,KR Rademacher,1.0382310619490838,0.2382310619490866,40
2,8,8,48,12,95,Dense Gaussian,1.9899935561019246,1.8899935561019232,12
2,8,8,48,16,95,Dense Gaussian,1.6094029083530863,1.4094029083530861,16
2,8,8,48,24,95,Dense Gaussian,1.230156684598973,0.8301566845989719,24
2,8,8,48,32,95,Dense Gaussian,1.0900034788802149,0.4900034788802152,32
2,8,8,48,40,95,Dense Gaussian,1.0459813640920368,0.24598136409203875,40
2,8,8,48,12,95,KR Gaussian,2.6082953423663744,2.508295342366373,12
2,8,8,48,16,95,KR Gaussian,1.5046094705465007,1.3046094705465006,16
2,8,8,48,24,95,KR Gaussian,1.2443208869096125,0.8443208869096139,24
2,8,8,48,32,95,KR Gaussian,1.1325098764002384,0.5325098764002405,32
2,8,8,48,40,95,KR Gaussian,1.0538222658114602,0.25382226581146305,40
2,8,8,48,12,95,KR Rademacher,2.1720795596667024,2.072079559666701,12
2,8,8,48,16,95,KR Rademacher,1.5571838856803764,1.3571838856803762,16
2,8,8,48,24,95,KR Rademacher,1.2515811364617022,0.8515811364617036,24
2,8,8,48,32,95,KR Rademacher,1.1049707280664993,0.5049707280664997,32
2,8,8,48,40,95,KR Rademacher,1.0436557332257808,0.2436557332257827,40
2,8,8,48,12,96,Dense Gaussian,2.237050936564545,2.1370509365645436,12
2,8,8,48,16,96,Dense Gaussian,2.0002215276953486,1.8002215276953475,16
2,8,8,48,24,96,Dense Gaussian,1.2662571411463102,0.8662571411463116,24
2,8,8,48,32,96,Dense Gaussian,1.139498497898109,0.5394984978981121,32
2,8,8,48,40,96,Dense Gaussian,1.0541047941199526,0.2541047941199537,40
2,8,8,48,12,96,KR Gaussian,2.3753611274485245,2.275361127448523,12
2,8,8,48,16,96,KR Gaussian,2.081826557491569,1.8818265574915696,16
2,8,8,48,24,96,KR Gaussian,1.3112488863107874,0.911248886310787,24
2,8,8,48,32,96,KR Gaussian,1.1184933997394024,0.5184933997394037,32
2,8,8,48,40,96,KR Gaussian,1.0393070994857752,0.23930709948577444,40
2,8,8,48,12,96,KR Rademacher,2.6588525170241617,2.5588525170241603,12
2,8,8,48,16,96,KR Rademacher,1.7617655517930189,1.5617655517930187,16
2,8,8,48,24,96,KR Rademacher,1.271756150058554,0.8717561500585553,24
2,8,8,48,32,96,KR Rademacher,1.1301200714712678,0.5301200714712682,32
2,8,8,48,40,96,KR Rademacher,1.0577132544652628,0.2577132544652656,40
2,8,8,48,12,97,Dense Gaussian,3.1040089075335047,3.0040089075335032,12
2,8,8,48,16,97,Dense Gaussian,2.446182638147156,2.2461826381471557,16
2,8,8,48,24,97,Dense Gaussian,1.4038562652384332,1.0038562652384337,24
2,8,8,48,32,97,Dense Gaussian,1.1765501561500642,0.5765501561500663,32
2,8,8,48,40,97,Dense Gaussian,1.073344114208636,0.273344114208637,40
2,8,8,48,12,97,KR Gaussian,2.179371582290985,2.0793715822909835,12
2,8,8,48,16,97,KR Gaussian,1.6400703445100966,1.4400703445100973,16
2,8,8,48,24,97,KR Gaussian,1.2786622168114423,0.878662216811442,24
2,8,8,48,32,97,KR Gaussian,1.105907425069141,0.5059074250691431,32
2,8,8,48,40,97,KR Gaussian,1.0350648102608657,0.23506481026086767,40
2,8,8,48,12,97,KR Rademacher,2.1465366272374853,2.046536627237484,12
2,8,8,48,16,97,KR Rademacher,1.6798234140200403,1.4798234140200401,16
2,8,8,48,24,97,KR Rademacher,1.2895107466262745,0.889510746626275,24
2,8,8,48,32,97,KR Rademacher,1.1315377221806688,0.5315377221806692,32
2,8,8,48,40,97,KR Rademacher,1.034665433954304,0.23466543395430683,40
2,8,8,48,12,98,Dense Gaussian,2.7029134778501636,2.602913477850162,12
2,8,8,48,16,98,Dense Gaussian,1.773447549111462,1.5734475491114628,16
2,8,8,48,24,98,Dense Gaussian,1.3410058161605214,0.9410058161605228,24
2,8,8,48,32,98,Dense Gaussian,1.1452813552597778,0.5452813552597782,32
2,8,8,48,40,98,Dense Gaussian,1.0590352440959778,0.2590352440959798,40
2,8,8,48,12,98,KR Gaussian,2.931784353112805,2.8317843531128037,12
2,8,8,48,16,98,KR Gaussian,1.736506748403853,1.536506748403852,16
2,8,8,48,24,98,KR Gaussian,1.2617849268996233,0.8617849268996238,24
2,8,8,48,32,98,KR Gaussian,1.1065722915806164,0.5065722915806177,32
2,8,8,48,40,98,KR Gaussian,1.048052568187721,0.24805256818772392,40
2,8,8,48,12,98,KR Rademacher,1.9473902470639555,1.847390247063954,12
2,8,8,48,16,98,KR Rademacher,1.6931732355266167,1.4931732355266156,16
2,8,8,48,24,98,KR Rademacher,1.2540940469636706,0.8540940469636702,24
2,8,8,48,32,98,KR Rademacher,1.1026412502689542,0.5026412502689546,32
2,8,8,48,40,98,KR Rademacher,1.0501985188155851,0.2501985188155871,40
2,8,8,48,12,99,Dense Gaussian,2.143691023198115,2.0436910231981136,12
2,8,8,48,16,99,Dense Gaussian,1.7114077476849108,1.5114077476849097,16
2,8,8,48,24,99,Dense Gaussian,1.2634784181028023,0.8634784181028046,24
2,8,8,48,32,99,Dense Gaussian,1.13355304931539,0.5335530493153904,32
2,8,8,48,40,99,Dense Gaussian,1.0444940688281052,0.2444940688281072,40
2,8,8,48,12,99,KR Gaussian,2.3834399225334586,2.283439922533457,12
2,8,8,48,16,99,KR Gaussian,1.9379950278868119,1.7379950278868126,16
2,8,8,48,24,99,KR Gaussian,1.3157962010884,0.9157962010884013,24
2,8,8,48,32,99,KR Gaussian,1.1529147009189806,0.5529147009189828,32
2,8,8,48,40,99,KR Gaussian,1.0593344004244063,0.25933440042440736,40
2,8,8,48,12,99,KR Rademacher,2.288770510921598,2.1887705109215965,12
2,8,8,48,16,99,KR Rademacher,1.7082745914359174,1.5082745914359172,16
2,8,8,48,24,99,KR Rademacher,1.3162601843103499,0.9162601843103495,24
2,8,8,48,32,99,KR Rademacher,1.15563099817901,0.5556309981790104,32
2,8,8,48,40,99,KR Rademacher,1.0573406948577686,0.25734069485777056,40
2,8,8,48,12,100,Dense Gaussian,1.9365335697631387,1.8365335697631373,12
2,8,8,48,16,100,Dense Gaussian,1.5599161991852633,1.359916199185264,16
2,8,8,48,24,100,Dense Gaussian,1.2825162393525442,0.8825162393525439,24
2,8,8,48,32,100,Dense Gaussian,1.1496995929725502,0.5496995929725514,32
2,8,8,48,40,100,Dense Gaussian,1.0720129611196922,0.272012961119696,40
2,8,8,48,12,100,KR Gaussian,2.4262590688509054,2.326259068850904,12
2,8,8,48,16,100,KR Gaussian,1.8406829554520883,1.640682955452089,16
2,8,8,48,24,100,KR Gaussian,1.3249411270639957,0.9249411270639953,24
2,8,8,48,32,100,KR Gaussian,1.1434578180713455,0.5434578180713459,32
2,8,8,48,40,100,KR Gaussian,1.0587288387028515,0.25872883870285435,40
2,8,8,48,12,100,KR Rademacher,2.9010121754583817,2.8010121754583803,12
2,8,8,48,16,100,KR Rademacher,1.8326090254356808,1.6326090254356806,16
2,8,8,48,24,100,KR Rademacher,1.3911502265451956,0.9911502265451961,24
2,8,8,48,32,100,KR Rademacher,1.1730455022689839,0.573045502268986,32
2,8,8,48,40,100,KR Rademacher,1.0664315349061324,0.26643153490613436,40
2,8,8,48,12,101,Dense Gaussian,1.9264972086086143,1.8264972086086129,12
2,8,8,48,16,101,Dense Gaussian,1.4232124144172023,1.223212414417203,16
2,8,8,48,24,101,Dense Gaussian,1.1713531371397945,0.7713531371397941,24
2,8,8,48,32,101,Dense Gaussian,1.1047714756083717,0.5047714756083721,32
2,8,8,48,40,101,Dense Gaussian,1.0356134496825131,0.2356134496825142,40
2,8,8,48,12,101,KR Gaussian,2.156048042201414,2.0560480422014127,12
2,8,8,48,16,101,KR Gaussian,1.7946213333248426,1.5946213333248416,16
2,8,8,48,24,101,KR Gaussian,1.3263504168528417,0.9263504168528414,24
2,8,8,48,32,101,KR Gaussian,1.1696258384675495,0.5696258384675499,32
2,8,8,48,40,101,KR Gaussian,1.0539677218236534,0.25396772182365623,40
2,8,8,48,12,101,KR Rademacher,2.1514209840516845,2.051420984051683,12
2,8,8,48,16,101,KR Rademacher,1.5847613277204484,1.3847613277204482,16
2,8,8,48,24,101,KR Rademacher,1.2214042719029248,0.8214042719029244,24
2,8,8,48,32,101,KR Rademacher,1.0917761114855207,0.4917761114855228,32
2,8,8,48,40,101,KR Rademacher,1.0447339529473414,0.24473395294734424,40
2,8,8,48,12,102,Dense Gaussian,2.1229386234804846,2.022938623480483,12
2,8,8,48,16,102,Dense Gaussian,1.6840906934376907,1.4840906934376896,16
2,8,8,48,24,102,Dense Gaussian,1.2648259046165578,0.8648259046165574,24
2,8,8,48,32,102,Dense Gaussian,1.1043497898503354,0.5043497898503357,32
2,8,8,48,40,102,Dense Gaussian,1.060876703414392,0.26087670341439484,40
2,8,8,48,12,102,KR Gaussian,1.9128838968103494,1.812883896810348,12
2,8,8,48,16,102,KR Gaussian,1.5939754709691751,1.393975470969175,16
2,8,8,48,24,102,KR Gaussian,1.289514216987751,0.8895142169877488,24
2,8,8,48,32,102,KR Gaussian,1.1816457243163034,0.5816457243163047,32
2,8,8,48,40,102,KR Gaussian,1.055691814542886,0.2556918145428888,40
2,8,8,48,12,102,KR Rademacher,2.254813281891387,2.1548132818913857,12
2,8,8,48,16,102,KR Rademacher,1.746181941051086,1.5461819410510858,16
2,8,8,48,24,102,KR Rademacher,1.310600271599089,0.9106002715990904,24
2,8,8,48,32,102,KR Rademacher,1.1132459758179598,0.5132459758179628,32
2,8,8,48,40,102,KR Rademacher,1.0397542273104126,0.23975422731041363,40
2,8,8,48,12,103,Dense Gaussian,2.102948117216587,2.0029481172165857,12
2,8,8,48,16,103,Dense Gaussian,1.7553761261768992,1.555376126176899,16
2,8,8,48,24,103,Dense Gaussian,1.2984293467101589,0.8984293467101594,24
2,8,8,48,32,103,Dense Gaussian,1.1485508682035306,0.5485508682035309,32
2,8,8,48,40,103,Dense Gaussian,1.057262777091065,0.2572627770910678,40
2,8,8,48,12,103,KR Gaussian,2.043616224940541,1.9436162249405395,12
2,8,8,48,16,103,KR Gaussian,1.7467066662664976,1.5467066662664983,16
2,8,8,48,24,103,KR Gaussian,1.2821807524711843,0.882180752471184,24
2,8,8,48,32,103,KR Gaussian,1.1103780101442169,0.510378010144219,32
2,8,8,48,40,103,KR Gaussian,1.048802573313436,0.24880257331343714,40
2,8,8,48,12,103,KR Rademacher,2.2079601158636084,2.107960115863607,12
2,8,8,48,16,103,KR Rademacher,1.8194010271302279,1.6194010271302268,16
2,8,8,48,24,103,KR Rademacher,1.2433337291965918,0.8433337291965923,24
2,8,8,48,32,103,KR Rademacher,1.103494211187165,0.5034942111871654,32
2,8,8,48,40,103,KR Rademacher,1.0392672566809242,0.2392672566809253,40
2,8,8,48,12,104,Dense Gaussian,2.2191591608293937,2.1191591608293923,12
2,8,8,48,16,104,Dense Gaussian,1.5986537566379067,1.3986537566379074,16
2,8,8,48,24,104,Dense Gaussian,1.3196082192527943,0.9196082192527939,24
2,8,8,48,32,104,Dense Gaussian,1.1486377793030584,0.5486377793030588,32
2,8,8,48,40,104,Dense Gaussian,1.0796373162158677,0.27963731621586874,40
2,8,8,48,12,104,KR Gaussian,2.5663354991630936,2.466335499163092,12
2,8,8,48,16,104,KR Gaussian,2.0916645801642018,1.8916645801642016,16
2,8,8,48,24,104,KR Gaussian,1.294566706104316,0.8945667061043174,24
2,8,8,48,32,104,KR Gaussian,1.1295098874807525,0.5295098874807529,32
2,8,8,48,40,104,KR Gaussian,1.0539968801658208,0.25399688016582367,40
2,8,8,48,12,104,KR Rademacher,1.8993269638215073,1.799326963821506,12
2,8,8,48,16,104,KR Rademacher,1.6837391676298266,1.4837391676298264,16
2,8,8,48,24,104,KR Rademacher,1.2693445225176205,0.869344522517622,24
2,8,8,48,32,104,KR Rademacher,1.1416172271580667,0.541617227158067,32
2,8,8,48,40,104,KR Rademacher,1.0466202305573908,0.24662023055739368,40
2,8,8,48,12,105,Dense Gaussian,1.8975710651337074,1.797571065133706,12
2,8,8,48,16,105,Dense Gaussian,1.5307808544414607,1.3307808544414605,16
2,8,8,48,24,105,Dense Gaussian,1.2331253959605153,0.8331253959605149,24
2,8,8,48,32,105,Dense Gaussian,1.1344219057366995,0.5344219057367017,32
2,8,8,48,40,105,Dense Gaussian,1.0570040002724728,0.2570040002724756,40
2,8,8,48,12,105,KR Gaussian,2.299219900911454,2.1992199009114524,12
2,8,8,48,16,105,KR Gaussian,1.6386554102493047,1.4386554102493037,16
2,8,8,48,24,105,KR Gaussian,1.2719080785778871,0.8719080785778868,24
2,8,8,48,32,105,KR Gaussian,1.132752967477372,0.5327529674773732,32
2,8,8,48,40,105,KR Gaussian,1.0642516090616372,0.26425160906163825,40
2,8,8,48,12,105,KR Rademacher,1.7473259073622858,1.6473259073622843,12
2,8,8,48,16,105,KR Rademacher,1.4887425480356544,1.2887425480356534,16
2,8,8,48,24,105,KR Rademacher,1.2906652072796465,0.8906652072796462,24
2,8,8,48,32,105,KR Rademacher,1.1340033824205644,0.5340033824205648,32
2,8,8,48,40,105,KR Rademacher,1.0426001649917946,0.2426001649917957,40
2,8,8,48,12,106,Dense Gaussian,1.9959326758068272,1.8959326758068258,12
2,8,8,48,16,106,Dense Gaussian,1.7067469502061048,1.5067469502061055,16
2,8,8,48,24,106,Dense Gaussian,1.2574786942864886,0.8574786942864883,24
2,8,8,48,32,106,Dense Gaussian,1.1482364752784413,0.5482364752784434,32
2,8,8,48,40,106,Dense Gaussian,1.058641232383958,0.25864123238396,40
2,8,8,48,12,106,KR Gaussian,2.6500636642118156,2.550063664211814,12
2,8,8,48,16,106,KR Gaussian,2.0038532358068286,1.8038532358068284,16
2,8,8,48,24,106,KR Gaussian,1.3502024052091155,0.9502024052091151,24
2,8,8,48,32,106,KR Gaussian,1.1329337990141788,0.5329337990141809,32
2,8,8,48,40,106,KR Gaussian,1.0413870547727955,0.24138705477279743,40
2,8,8,48,12,106,KR Rademacher,2.297152684559925,2.1971526845599234,12
2,8,8,48,16,106,KR Rademacher,1.7261827448086056,1.5261827448086063,16
2,8,8,48,24,106,KR Rademacher,1.2768055032452708,0.8768055032452722,24
2,8,8,48,32,106,KR Rademacher,1.1212480405189842,0.5212480405189854,32
2,8,8,48,40,106,KR Rademacher,1.047215105031702,0.24721510503170485,40
2,8,8,48,12,107,Dense Gaussian,2.481476879391617,2.3814768793916157,12
2,8,8,48,16,107,Dense Gaussian,1.674956605454363,1.4749566054543628,16
2,8,8,48,24,107,Dense Gaussian,1.3244042185912406,0.9244042185912402,24
2,8,8,48,32,107,Dense Gaussian,1.1799306148763478,0.5799306148763499,32
2,8,8,48,40,107,Dense Gaussian,1.0507971865206995,0.25079718652070326,40
2,8,8,48,12,107,KR Gaussian,2.263415551130846,2.1634155511308446,12
2,8,8,48,16,107,KR Gaussian,1.695866129420267,1.4958661294202678,16
2,8,8,48,24,107,KR Gaussian,1.360391289955726,0.9603912899557265,24
2,8,8,48,32,107,KR Gaussian,1.1037686181345965,0.5037686181345986,32
2,8,8,48,40,107,KR Gaussian,1.0453313228993544,0.24533132289935722,40
2,8,8,48,12,107,KR Rademacher,2.0704486805471767,1.9704486805471753,12
2,8,8,48,16,107,KR Rademacher,1.6156183879725763,1.415618387972577,16
2,8,8,48,24,107,KR Rademacher,1.2956230631281151,0.8956230631281148,24
2,8,8,48,32,107,KR Rademacher,1.1449086067080394,0.5449086067080415,32
2,8,8,48,40,107,KR Rademacher,1.0572285449183578,0.25722854491836067,40
2,8,8,48,12,108,Dense Gaussian,2.358688587354706,2.2586885873547047,12
2,8,8,48,16,108,Dense Gaussian,1.7680490546710868,1.5680490546710857,16
2,8,8,48,24,108,Dense Gaussian,1.3025722093009913,0.9025722093009918,24
2,8,8,48,32,108,Dense Gaussian,1.15057024177597,0.5505702417759721,32
2,8,8,48,40,108,Dense Gaussian,1.0778724183461108,0.27787241834611365,40
2,8,8,48,12,108,KR Gaussian,2.3069992120500604,2.206999212050059,12
2,8,8,48,16,108,KR Gaussian,1.6053137632845447,1.4053137632845445,16
2,8,8,48,24,108,KR Gaussian,1.27232617905229,0.8723261790522905,24
2,8,8,48,32,108,KR Gaussian,1.115733272913511,0.5157332729135113,32
2,8,8,48,40,108,KR Gaussian,1.0521231173428394,0.2521231173428422,40
2,8,8,48,12,108,KR Rademacher,2.045812546073793,1.9458125460737916,12
2,8,8,48,16,108,KR Rademacher,1.6351597459330591,1.4351597459330598,16
2,8,8,48,24,108,KR Rademacher,1.3270884021908982,0.9520884021908955,23
2,8,8,48,32,108,KR Rademacher,1.1474176434320036,0.5724176434320025,31
2,8,8,48,40,108,KR Rademacher,1.0656639949198592,0.29066399491985884,39
2,8,8,48,12,109,Dense Gaussian,1.7636868081406138,1.6636868081406124,12
2,8,8,48,16,109,Dense Gaussian,1.4188099285532498,1.2188099285532505,16
2,8,8,48,24,109,Dense Gaussian,1.2009567377410564,0.8009567377410569,24
2,8,8,48,32,109,Dense Gaussian,1.088775182510469,0.48877518251046936,32
2,8,8,48,40,109,Dense Gaussian,1.0421830964032264,0.24218309640322921,40
2,8,8,48,12,109,KR Gaussian,1.880945939624902,1.7809459396249006,12
2,8,8,48,16,109,KR Gaussian,1.4802691256147273,1.280269125614728,16
2,8,8,48,24,109,KR Gaussian,1.2705389849940518,0.8705389849940524,24
2,8,8,48,32,109,KR Gaussian,1.1413729699072066,0.5413729699072078,32
2,8,8,48,40,109,KR Gaussian,1.0429709922920853,0.2429709922920864,40
2,8,8,48,12,109,KR Rademacher,2.268336649792796,2.1683366497927947,12
2,8,8,48,16,109,KR Rademacher,1.8333467273123336,1.6333467273123343,16
2,8,8,48,24,109,KR Rademacher,1.270790278333573,0.8707902783335726,24
2,8,8,48,32,109,KR Rademacher,1.1269477115426874,0.5269477115426895,32
2,8,8,48,40,109,KR Rademacher,1.0514069312359862,0.25140693123598723,40
2,8,8,48,12,110,Dense Gaussian,2.3886216830444633,2.288621683044462,12
2,8,8,48,16,110,Dense Gaussian,1.6887177661349906,1.4887177661349913,16
2,8,8,48,24,110,Dense Gaussian,1.3235709999215022,0.9235709999215018,24
2,8,8,48,32,110,Dense Gaussian,1.1408293401388097,0.5408293401388118,32
2,8,8,48,40,110,Dense Gaussian,1.0400678764011513,0.24006787640115412,40
2,8,8,48,12,110,KR Gaussian,2.2077490584436212,2.10774905844362,12
2,8,8,48,16,110,KR Gaussian,1.8905341488552452,1.690534148855245,16
2,8,8,48,24,110,KR Gaussian,1.2858080240867427,0.8858080240867423,24
2,8,8,48,32,110,KR Gaussian,1.1192716162918206,0.519271616291821,32
2,8,8,48,40,110,KR Gaussian,1.0471510738003484,0.2471510738003495,40
2,8,8,48,12,110,KR Rademacher,2.226967626672802,2.1269676266728004,12
2,8,8,48,16,110,KR Rademacher,1.68463032504933,1.4846303250493298,16
2,8,8,48,24,110,KR Rademacher,1.324229669674926,0.9242296696749257,24
2,8,8,48,32,110,KR Rademacher,1.1232729253835227,0.5232729253835249,32
2,8,8,48,40,110,KR Rademacher,1.0406579454508416,0.2406579454508435,40
2,8,8,48,12,111,Dense Gaussian,1.9150030536386655,1.815003053638664,12
2,8,8,48,16,111,Dense Gaussian,1.7173801390404737,1.5173801390404726,16
2,8,8,48,24,111,Dense Gaussian,1.3053206080699038,0.9053206080699034,24
2,8,8,48,32,111,Dense Gaussian,1.1486039239776424,0.5486039239776428,32
2,8,8,48,40,111,Dense Gaussian,1.0536146754785074,0.25361467547850935,40
2,8,8,48,12,111,KR Gaussian,1.8057600310581057,1.7057600310581043,12
2,8,8,48,16,111,KR Gaussian,1.5296644832494284,1.3296644832494282,16
2,8,8,48,24,111,KR Gaussian,1.2588964830069376,0.8588964830069372,24
2,8,8,48,32,111,KR Gaussian,1.1128453248538754,0.5128453248538776,32
2,8,8,48,40,111,KR Gaussian,1.052422988482105,0.25242298848210964,40
2,8,8,48,12,111,KR Rademacher,2.0124376307469722,1.9124376307469708,12
2,8,8,48,16,111,KR Rademacher,1.4557944909113214,1.2557944909113212,16
2,8,8,48,24,111,KR Rademacher,1.239964371848889,0.8399643718488896,24
2,8,8,48,32,111,KR Rademacher,1.1244350387904962,0.5244350387904984,32
2,8,8,48,40,111,KR Rademacher,1.0559425277709291,0.2559425277709302,40
2,8,8,48,12,112,Dense Gaussian,2.3297382021441395,2.229738202144138,12
2,8,8,48,16,112,Dense Gaussian,1.6550431597704112,1.45504315977041,16
2,8,8,48,24,112,Dense Gaussian,1.2569464908158121,0.8569464908158118,24
2,8,8,48,32,112,Dense Gaussian,1.1378179486801239,0.5378179486801251,32
2,8,8,48,40,112,Dense Gaussian,1.0750224358052414,0.27502243580524244,40
2,8,8,48,12,112,KR Gaussian,2.2876018759277335,2.187601875927732,12
2,8,8,48,16,112,KR Gaussian,1.7632474552294184,1.5632474552294173,16
2,8,8,48,24,112,KR Gaussian,1.2307454032984193,0.830745403298419,24
2,8,8,48,32,112,KR Gaussian,1.1227041574374184,0.5227041574374187,32
2,8,8,48,40,112,KR Gaussian,1.0359157815855742,0.23591578158557525,40
2,8,8,48,12,112,KR Rademacher,2.0651883734085494,1.965188373408548,12
2,8,8,48,16,112,KR Rademacher,1.7653955739420457,1.5653955739420464,16
2,8,8,48,24,112,KR Rademacher,1.3221792870308153,0.922179287030815,24
2,8,8,48,32,112,KR Rademacher,1.1194806420824737,0.5194806420824758,32
2,8,8,48,40,112,KR Rademacher,1.0454096253792358,0.2454096253792386,40
2,8,8,48,12,113,Dense Gaussian,1.948507341473575,1.8485073414735735,12
2,8,8,48,16,113,Dense Gaussian,1.5684017672199912,1.368401767219991,16
2,8,8,48,24,113,Dense Gaussian,1.2504796530462627,0.8504796530462642,24
2,8,8,48,32,113,Dense Gaussian,1.1085658985178792,0.5085658985178796,32
2,8,8,48,40,113,Dense Gaussian,1.0418581859441396,0.24185818594414066,40
2,8,8,48,12,113,KR Gaussian,2.318921373700629,2.2189213737006277,12
2,8,8,48,16,113,KR Gaussian,1.5816434704391984,1.381643470439199,16
2,8,8,48,24,113,KR Gaussian,1.2640296194323835,0.8640296194323831,24
2,8,8,48,32,113,KR Gaussian,1.1110676189740083,0.5110676189740104,32
2,8,8,48,40,113,KR Gaussian,1.0320507475757648,0.23205074757576583,40
2,8,8,48,12,113,KR Rademacher,2.282274918453199,2.1822749184531975,12
2,8,8,48,16,113,KR Rademacher,1.8081578917233987,1.6081578917233985,16
2,8,8,48,24,113,KR Rademacher,1.2716720982661673,0.871672098266167,24
2,8,8,48,32,113,KR Rademacher,1.1597694117570407,0.559769411757042,32
2,8,8,48,40,113,KR Rademacher,1.0425741399689237,0.24257413996892652,40
2,8,8,48,12,114,Dense Gaussian,2.2778273288282156,2.177827328828214,12
2,8,8,48,16,114,Dense Gaussian,1.826246589196157,1.6262465891961568,16
2,8,8,48,24,114,Dense Gaussian,1.285307226908543,0.8853072269085445,24
2,8,8,48,32,114,Dense Gaussian,1.131084459299604,0.5310844592996045,32
2,8,8,48,40,114,Dense Gaussian,1.0515641894998264,0.2515641894998293,40
2,8,8,48,12,114,KR Gaussian,2.147675904890228,2.0476759048902267,12
2,8,8,48,16,114,KR Gaussian,1.5129883070591132,1.312988307059113,16
2,8,8,48,24,114,KR Gaussian,1.2389904676228536,0.8389904676228532,24
2,8,8,48,32,114,KR Gaussian,1.122033228562267,0.5220332285622682,32
2,8,8,48,40,114,KR Gaussian,1.0371168524327148,0.23711685243271674,40
2,8,8,48,12,114,KR Rademacher,2.2249905464939843,2.124990546493983,12
2,8,8,48,16,114,KR Rademacher,1.6823143831195324,1.4823143831195322,16
2,8,8,48,24,114,KR Rademacher,1.1967607849464637,0.7967607849464642,24
2,8,8,48,32,114,KR Rademacher,1.1120747877990391,0.5120747877990404,32
2,8,8,48,40,114,KR Rademacher,1.0467274059538987,0.24672740595390152,40
2,8,8,48,12,115,Dense Gaussian,1.8490076905285688,1.7490076905285674,12
2,8,8,48,16,115,Dense Gaussian,1.687384408943216,1.4873844089432167,16
2,8,8,48,24,115,Dense Gaussian,1.384435652482292,0.9844356524822917,24
2,8,8,48,32,115,Dense Gaussian,1.176589119474139,0.5765891194741393,32
2,8,8,48,40,115,Dense Gaussian,1.0589141248817082,0.2589141248817093,40
2,8,8,48,12,115,KR Gaussian,1.9406961923257189,1.8406961923257175,12
2,8,8,48,16,115,KR Gaussian,1.559733734096418,1.3597337340964195,16
2,8,8,48,24,115,KR Gaussian,1.3093291762347379,0.9093291762347384,24
2,8,8,48,32,115,KR Gaussian,1.1409076859695588,0.5409076859695592,32
2,8,8,48,40,115,KR Gaussian,1.035849216377069,0.23584921637707268,40
2,8,8,48,12,115,KR Rademacher,1.7832112121482169,1.6832112121482155,12
2,8,8,48,16,115,KR Rademacher,1.5494488870127059,1.3494488870127057,16
2,8,8,48,24,115,KR Rademacher,1.2327296029362955,0.8327296029362969,24
2,8,8,48,32,115,KR Rademacher,1.1028448558211466,0.5278448558211455,31
2,8,8,48,40,115,KR Rademacher,1.0497660554675363,0.27476605546753596,39
2,8,8,48,12,116,Dense Gaussian,2.2778819179643763,2.177881917964375,12
2,8,8,48,16,116,Dense Gaussian,1.9688129323939902,1.76881293239399,16
2,8,8,48,24,116,Dense Gaussian,1.3363091531994442,0.9363091531994456,24
2,8,8,48,32,116,Dense Gaussian,1.1213447217635863,0.5213447217635885,32
2,8,8,48,40,116,Dense Gaussian,1.043740219941185,0.24374021994118777,40
2,8,8,48,12,116,KR Gaussian,2.0945294954553804,1.994529495455379,12
2,8,8,48,16,116,KR Gaussian,1.7821869768721008,1.5821869768721015,16
2,8,8,48,24,116,KR Gaussian,1.3434388359179437,0.9434388359179451,24
2,8,8,48,32,116,KR Gaussian,1.1622197475573195,0.5622197475573216,32
2,8,8,48,40,116,KR Gaussian,1.05023390084148,0.2502339008414829,40
2,8,8,48,12,116,KR Rademacher,1.9767293279992764,1.876729327999275,12
2,8,8,48,16,116,KR Rademacher,1.558879875625971,1.3588798756259717,16
2,8,8,48,24,116,KR Rademacher,1.2453650667348413,0.8453650667348427,24
2,8,8,48,32,116,KR Rademacher,1.104836843481027,0.5048368434810282,32
2,8,8,48,40,116,KR Rademacher,1.0444788073315756,0.24447880733157845,40
2,8,8,48,12,117,Dense Gaussian,2.1041825685360696,2.004182568536068,12
2,8,8,48,16,117,Dense Gaussian,1.5443568144065623,1.344356814406562,16
2,8,8,48,24,117,Dense Gaussian,1.2083599930070967,0.8083599930070982,24
2,8,8,48,32,117,Dense Gaussian,1.1177199911252105,0.5177199911252117,32
2,8,8,48,40,117,Dense Gaussian,1.0384911699957344,0.23849116999573639,40
2,8,8,48,12,117,KR Gaussian,2.2537129127970044,2.153712912797003,12
2,8,8,48,16,117,KR Gaussian,1.697199490215568,1.4971994902155688,16
2,8,8,48,24,117,KR Gaussian,1.2657645153952206,0.8657645153952203,24
2,8,8,48,32,117,KR Gaussian,1.0870377610591486,0.48703776105915075,32
2,8,8,48,40,117,KR Gaussian,1.0484734930952744,0.24847349309527722,40
2,8,8,48,12,117,KR Rademacher,2.7411421310639454,2.641142131063944,12
2,8,8,48,16,117,KR Rademacher,1.9887938984166995,1.7887938984166993,16
2,8,8,48,24,117,KR Rademacher,1.3530878091967438,0.9530878091967452,24
2,8,8,48,32,117,KR Rademacher,1.1587080590978918,0.5587080590978921,32
2,8,8,48,40,117,KR Rademacher,1.0907358708056734,0.2907358708056762,40
2,8,8,48,12,118,Dense Gaussian,2.1444768318737655,2.044476831873764,12
2,8,8,48,16,118,Dense Gaussian,1.729580317290858,1.5295803172908577,16
2,8,8,48,24,118,Dense Gaussian,1.2613657650559835,0.8613657650559823,24
2,8,8,48,32,118,Dense Gaussian,1.1253501210137244,0.5253501210137266,32
2,8,8,48,40,118,Dense Gaussian,1.044940144074868,0.24494014407487086,40
2,8,8,48,12,118,KR Gaussian,2.593581765842213,2.4935817658422117,12
2,8,8,48,16,118,KR Gaussian,2.098076515549092,1.8980765155490928,16
2,8,8,48,24,118,KR Gaussian,1.3705812208845973,0.970581220884597,24
2,8,8,48,32,118,KR Gaussian,1.12076068375554,0.5207606837555403,32
2,8,8,48,40,118,KR Gaussian,1.0356211141860996,0.23562111418610243,40
2,8,8,48,12,118,KR Rademacher,2.6936307070492695,2.593630707049268,12
2,8,8,48,16,118,KR Rademacher,1.8185663260450173,1.6185663260450172,16
2,8,8,48,24,118,KR Rademacher,1.3215861206744588,0.9215861206744584,24
2,8,8,48,32,118,KR Rademacher,1.1543521432412494,0.5543521432412497,32
2,8,8,48,40,118,KR Rademacher,1.0504926234982959,0.2504926234982978,40
2,8,8,48,12,119,Dense Gaussian,2.4799914067514957,2.3799914067514942,12
2,8,8,48,16,119,Dense Gaussian,1.844533207985755,1.6445332079857558,16
2,8,8,48,24,119,Dense Gaussian,1.2545681827422506,0.854568182742252,24
2,8,8,48,32,119,Dense Gaussian,1.1557358090705403,0.5557358090705407,32
2,8,8,48,40,119,Dense Gaussian,1.0533555442254627,0.2533555442254656,40
2,8,8,48,12,119,KR Gaussian,1.822007315046144,1.7220073150461426,12
2,8,8,48,16,119,KR Gaussian,1.5559943227777202,1.35599432277772,16
2,8,8,48,24,119,KR Gaussian,1.236197041311967,0.8361970413119675,24
2,8,8,48,32,119,KR Gaussian,1.0972493792365405,0.49724937923654267,32
2,8,8,48,40,119,KR Gaussian,1.0356007975969703,0.23560079759697317,40
2,8,8,48,12,119,KR Rademacher,1.983184174488577,1.8831841744885756,12
2,8,8,48,16,119,KR Rademacher,1.613982677639239,1.4139826776392397,16
2,8,8,48,24,119,KR Rademacher,1.3091799157243944,0.9091799157243958,24
2,8,8,48,32,119,KR Rademacher,1.124076856008223,0.5240768560082252,32
2,8,8,48,40,119,KR Rademacher,1.044128558809966,0.24412855880996887,40
2,8,8,48,12,120,Dense Gaussian,1.9394599361362461,1.8394599361362447,12
2,8,8,48,16,120,Dense Gaussian,1.5624137005235905,1.3624137005235895,16
2,8,8,48,24,120,Dense Gaussian,1.2637861721407457,0.8637861721407454,24
2,8,8,48,32,120,Dense Gaussian,1.0986586999346208,0.498658699934623,32
2,8,8,48,40,120,Dense Gaussian,1.0429078056725007,0.2429078056725018,40
2,8,8,48,12,120,KR Gaussian,2.083510659479434,1.9835106594794327,12
2,8,8,48,16,120,KR Gaussian,1.7715903029422746,1.5715903029422744,16
2,8,8,48,24,120,KR Gaussian,1.280719337872414,0.8807193378724136,24
2,8,8,48,32,120,KR Gaussian,1.16659866462334,0.5665986646233403,32
2,8,8,48,40,120,KR Gaussian,1.0309297147753043,0.2309297147753071,40
2,8,8,48,12,120,KR Rademacher,2.1812413808496736,2.081241380849672,12
2,8,8,48,16,120,KR Rademacher,1.7696550873180517,1.5696550873180524,16
2,8,8,48,24,120,KR Rademacher,1.3130656805079237,0.9130656805079234,24
2,8,8,48,32,120,KR Rademacher,1.152717995573882,0.5527179955738823,32
2,8,8,48,40,120,KR Rademacher,1.0520277852146922,0.25202778521469504,40
2,8,8,48,12,121,Dense Gaussian,2.3514085389835833,2.251408538983582,12
2,8,8,48,16,121,Dense Gaussian,1.8606712354158077,1.6606712354158049,16
2,8,8,48,24,121,Dense Gaussian,1.3218750740545833,0.9218750740545847,24
2,8,8,48,32,121,Dense Gaussian,1.106858082644795,0.506858082644797,32
2,8,8,48,40,121,Dense Gaussian,1.043307013481611,0.243307013481612,40
2,8,8,48,12,121,KR Gaussian,2.532304542432083,2.4323045424320817,12
2,8,8,48,16,121,KR Gaussian,1.6946358025992314,1.4946358025992321,16
2,8,8,48,24,121,KR Gaussian,1.3085437794263672,0.9085437794263687,24
2,8,8,48,32,121,KR Gaussian,1.089858558152982,0.4898585581529833,32
2,8,8,48,40,121,KR Gaussian,1.0361985006168357,0.23619850061683678,40
2,8,8,48,12,121,KR Rademacher,2.024584589342524,1.9245845893425226,12
2,8,8,48,16,121,KR Rademacher,1.5901325502372536,1.3901325502372543,16
2,8,8,48,24,121,KR Rademacher,1.2900160413214365,0.8900160413214344,24
2,8,8,48,32,121,KR Rademacher,1.1348722848442598,0.559872284844257,31
2,8,8,48,40,121,KR Rademacher,1.0534734135656576,0.2784734135656546,39
2,8,8,48,12,122,Dense Gaussian,2.290006395207202,2.1900063952072006,12
2,8,8,48,16,122,Dense Gaussian,1.9516086578080074,1.7516086578080063,16
2,8,8,48,24,122,Dense Gaussian,1.3174727740581709,0.9174727740581705,24
2,8,8,48,32,122,Dense Gaussian,1.1527821463308001,0.5527821463308005,32
2,8,8,48,40,122,Dense Gaussian,1.0454712638356192,0.245471263835622,40
2,8,8,48,12,122,KR Gaussian,1.9510990609575583,1.8510990609575568,12
2,8,8,48,16,122,KR Gaussian,1.5214990109428133,1.3214990109428122,16
2,8,8,48,24,122,KR Gaussian,1.2436422571529464,0.8436422571529469,24
2,8,8,48,32,122,KR Gaussian,1.1229954534130204,0.5229954534130208,32
2,8,8,48,40,122,KR Gaussian,1.0500088004375652,0.250008800437568,40
2,8,8,48,12,122,KR Rademacher,2.2938453751134276,2.193845375113426,12
2,8,8,48,16,122,KR Rademacher,1.6163563201767195,1.4163563201767193,16
2,8,8,48,24,122,KR Rademacher,1.2368639022892154,0.8368639022892168,24
2,8,8,48,32,122,KR Rademacher,1.105889355055468,0.5058893550554693,32
2,8,8,48,40,122,KR Rademacher,1.0506975998537467,0.2506975998537495,40
2,8,8,48,12,123,Dense Gaussian,2.3332548955582606,2.233254895558259,12
2,8,8,48,16,123,Dense Gaussian,1.7992647264290218,1.5992647264290216,16
2,8,8,48,24,123,Dense Gaussian,1.2521606140704868,0.8521606140704865,24
2,8,8,48,32,123,Dense Gaussian,1.1208093868801932,0.5208093868801953,32
2,8,8,48,40,123,Dense Gaussian,1.0443509644994755,0.24435096449947658,40
2,8,8,48,12,123,KR Gaussian,2.1173887012768775,2.017388701276876,12
2,8,8,48,16,123,KR Gaussian,1.6431775289912487,1.4431775289912476,16
2,8,8,48,24,123,KR Gaussian,1.298691015475506,0.8986910154755066,24
2,8,8,48,32,123,KR Gaussian,1.1487325802707247,0.548732580270725,32
2,8,8,48,40,123,KR Gaussian,1.0584284242932513,0.2584284242932533,40
2,8,8,48,12,123,KR Rademacher,1.8020261403544247,1.7020261403544232,12
2,8,8,48,16,123,KR Rademacher,1.674594174394045,1.4745941743940438,16
2,8,8,48,24,123,KR Rademacher,1.2188087509591723,0.818808750959171,24
2,8,8,48,32,123,KR Rademacher,1.1206915166981695,0.5206915166981698,32
2,8,8,48,40,123,KR Rademacher,1.0428392160048698,0.24283921600487268,40
2,8,8,48,12,124,Dense Gaussian,2.1777126029084375,2.077712602908436,12
2,8,8,48,16,124,Dense Gaussian,1.6077931793466158,1.4077931793466156,16
2,8,8,48,24,124,Dense Gaussian,1.1829842442941212,0.78298424429412,24
2,8,8,48,32,124,Dense Gaussian,1.1070700248197785,0.5070700248197788,32
2,8,8,48,40,124,Dense Gaussian,1.0414615435210983,0.24146154352110116,40
2,8,8,48,12,124,KR Gaussian,2.238005417829271,2.1380054178292696,12
2,8,8,48,16,124,KR Gaussian,1.8153808200605592,1.6153808200605582,16
2,8,8,48,24,124,KR Gaussian,1.3258227789054864,0.925822778905486,24
2,8,8,48,32,124,KR Gaussian,1.098017979515201,0.4980179795152022,32
2,8,8,48,40,124,KR Gaussian,1.032115077731584,0.2321150777315868,40
2,8,8,48,12,124,KR Rademacher,2.262054607541087,2.1620546075410854,12
2,8,8,48,16,124,KR Rademacher,1.664755460013847,1.464755460013846,16
2,8,8,48,24,124,KR Rademacher,1.26013006907481,0.8601300690748097,24
2,8,8,48,32,124,KR Rademacher,1.1163655549360394,0.5163655549360406,32
2,8,8,48,40,124,KR Rademacher,1.05247905583035,0.2524790558303529,40
2,8,8,48,12,125,Dense Gaussian,2.1313856841532255,2.031385684153224,12
2,8,8,48,16,125,Dense Gaussian,1.6108733566322897,1.4108733566322895,16
2,8,8,48,24,125,Dense Gaussian,1.273337597240829,0.8733375972408304,24
2,8,8,48,32,125,Dense Gaussian,1.1074359917310588,0.5074359917310591,32
2,8,8,48,40,125,Dense Gaussian,1.0426314339585598,0.2426314339585609,40
2,8,8,48,12,125,KR Gaussian,2.2536415741989124,2.153641574198911,12
2,8,8,48,16,125,KR Gaussian,1.6134558377995418,1.4134558377995408,16
2,8,8,48,24,125,KR Gaussian,1.275516256128519,0.8755162561285204,24
2,8,8,48,32,125,KR Gaussian,1.1335385269472837,0.5335385269472859,32
2,8,8,48,40,125,KR Gaussian,1.0459165507009036,0.24591655070090468,40
2,8,8,48,12,125,KR Rademacher,2.2944675925836506,2.194467592583649,12
2,8,8,48,16,125,KR Rademacher,1.6496931917169757,1.4496931917169755,16
2,8,8,48,24,125,KR Rademacher,1.231242801032841,0.8312428010328414,24
2,8,8,48,32,125,KR Rademacher,1.13888156806631,0.5388815680663122,32
2,8,8,48,40,125,KR Rademacher,1.0390773888391154,0.23907738883911733,40
2,8,8,48,12,126,Dense Gaussian,2.183724803134341,2.0837248031343396,12
2,8,8,48,16,126,Dense Gaussian,1.7316202266380873,1.5316202266380872,16
2,8,8,48,24,126,Dense Gaussian,1.4138406496324691,1.0138406496324697,24
2,8,8,48,32,126,Dense Gaussian,1.1178647668369042,0.5178647668369063,32
2,8,8,48,40,126,Dense Gaussian,1.0508087758042963,0.2508087758042983,40
2,8,8,48,12,126,KR Gaussian,2.1522664511383383,2.052266451138337,12
2,8,8,48,16,126,KR Gaussian,1.547416514779731,1.3474165147797308,16
2,8,8,48,24,126,KR Gaussian,1.2636853603141347,0.8636853603141361,24
2,8,8,48,32,126,KR Gaussian,1.1317106592668793,0.5317106592668814,32
2,8,8,48,40,126,KR Gaussian,1.053342755538095,0.25334275553809604,40
2,8,8,48,12,126,KR Rademacher,1.923356313578779,1.8233563135787776,12
2,8,8,48,16,126,KR Rademacher,1.5650493148492473,1.3650493148492462,16
2,8,8,48,24,126,KR Rademacher,1.283207013779176,0.8832070137791757,24
2,8,8,48,32,126,KR Rademacher,1.1391015442022923,0.5391015442022926,32
2,8,8,48,40,126,KR Rademacher,1.0520036167935398,0.25200361679354266,40
2,8,8,48,12,127,Dense Gaussian,2.0012304595027146,1.9012304595027132,12
2,8,8,48,16,127,Dense Gaussian,1.6675797629085736,1.4675797629085743,16
2,8,8,48,24,127,Dense Gaussian,1.270149428556902,0.8701494285569034,24
2,8,8,48,32,127,Dense Gaussian,1.1077232707488918,0.5077232707488939,32
2,8,8,48,40,127,Dense Gaussian,1.0440511744088692,0.24405117440887025,40
2,8,8,48,12,127,KR Gaussian,2.224279271168858,2.1242792711688567,12
2,8,8,48,16,127,KR Gaussian,1.5852469945706371,1.385246994570637,16
2,8,8,48,24,127,KR Gaussian,1.2472455393363644,0.8472455393363667,24
2,8,8,48,32,127,KR Gaussian,1.1380088823232004,0.5380088823232008,32
2,8,8,48,40,127,KR Gaussian,1.0555289013006828,0.2555289013006856,40
2,8,8,48,12,127,KR Rademacher,2.199334840399871,2.0993348403998695,12
2,8,8,48,16,127,KR Rademacher,1.6136421429150882,1.413642142915089,16
2,8,8,48,24,127,KR Rademacher,1.242687883344666,0.8426878833446665,24
2,8,8,48,32,127,KR Rademacher,1.1136455926957431,0.5136455926957453,32
2,8,8,48,40,127,KR Rademacher,1.0528520242036628,0.2528520242036638,40
3,4,8,48,12,0,Dense Gaussian,1.9125907278566459,1.8125907278566444,12
3,4,8,48,16,0,Dense Gaussian,1.6425539103899665,1.4425539103899663,16
3,4,8,48,24,0,Dense Gaussian,1.2437000558506721,0.8437000558506718,24
3,4,8,48,32,0,Dense Gaussian,1.1440779324887114,0.5440779324887117,32
3,4,8,48,40,0,Dense Gaussian,1.0591800135353377,0.2591800135353406,40
3,4,8,48,12,0,KR Gaussian,1.8765507333675862,1.7765507333675847,12
3,4,8,48,16,0,KR Gaussian,1.4890962492922304,1.2890962492922302,16
3,4,8,48,24,0,KR Gaussian,1.258568890413863,0.8585688904138635,24
3,4,8,48,32,0,KR Gaussian,1.116578164820738,0.5165781648207393,32
3,4,8,48,40,0,KR Gaussian,1.0383548408672425,0.23835484086724357,40
3,4,8,48,12,0,KR Rademacher,1.9125498278134723,1.8125498278134708,12
3,4,8,48,16,0,KR Rademacher,1.5831556086001104,1.3831556086001102,16
3,4,8,48,24,0,KR Rademacher,1.2694241720716644,0.869424172071664,24
3,4,8,48,32,0,KR Rademacher,1.0988224088170861,0.4988224088170874,32
3,4,8,48,40,0,KR Rademacher,1.034833675023303,0.23483367502330665,40
3,4,8,48,12,1,Dense Gaussian,2.063552118220139,1.9635521182201376,12
3,4,8,48,16,1,Dense Gaussian,1.6740020017652686,1.4740020017652684,16
3,4,8,48,24,1,Dense Gaussian,1.3391421343160221,0.9391421343160218,24
3,4,8,48,32,1,Dense Gaussian,1.1208605092568433,0.5208605092568455,32
3,4,8,48,40,1,Dense Gaussian,1.0614062322770579,0.2614062322770607,40
3,4,8,48,12,1,KR Gaussian,2.5819620832358208,2.4819620832358193,12
3,4,8,48,16,1,KR Gaussian,1.8384725480391992,1.6384725480392,16
3,4,8,48,24,1,KR Gaussian,1.2760220564817093,0.8760220564817089,24
3,4,8,48,32,1,KR Gaussian,1.1280706165053545,0.5280706165053548,32
3,4,8,48,40,1,KR Gaussian,1.0500224534217244,0.25002245342172635,40
3,4,8,48,12,1,KR Rademacher,2.287899219872565,2.1878992198725635,12
3,4,8,48,16,1,KR Rademacher,1.7911457807082405,1.5911457807082403,16
3,4,8,48,24,1,KR Rademacher,1.262006431949163,0.8620064319491636,24
3,4,8,48,32,1,KR Rademacher,1.1376998134232021,0.5626998134232011,31
3,4,8,48,40,1,KR Rademacher,1.0697158588623576,0.34471585886235623,37
3,4,8,48,12,2,Dense Gaussian,2.281578158233187,2.1815781582331857,12
3,4,8,48,16,2,Dense Gaussian,1.8027855937886628,1.6027855937886626,16
3,4,8,48,24,2,Dense Gaussian,1.3343671858397013,0.9343671858397009,24
3,4,8,48,32,2,Dense Gaussian,1.1652272110962256,0.5652272110962269,32
3,4,8,48,40,2,Dense Gaussian,1.049358584842615,0.24935858484261786,40
3,4,8,48,12,2,KR Gaussian,2.312958971295995,2.2129589712959934,12
3,4,8,48,16,2,KR Gaussian,1.8817978797243704,1.6817978797243702,16
3,4,8,48,24,2,KR Gaussian,1.3592824775380974,0.9592824775380979,24
3,4,8,48,32,2,KR Gaussian,1.1373336870590602,0.5373336870590606,32
3,4,8,48,40,2,KR Gaussian,1.0406176325955734,0.24061763259557445,40
3,4,8,48,12,2,KR Rademacher,2.0271475212572456,1.9271475212572442,12
3,4,8,48,16,2,KR Rademacher,1.673748959632718,1.4737489596327187,16
3,4,8,48,24,2,KR Rademacher,1.3516387448184108,0.9766387448184091,23
3,4,8,48,32,2,KR Rademacher,1.1930901921118053,0.6430901921118028,30
3,4,8,48,40,2,KR Rademacher,1.0728808933706162,0.32288089337061443,38
3,4,8,48,12,3,Dense Gaussian,2.2258713573303464,2.125871357330345,12
3,4,8,48,16,3,Dense Gaussian,1.8585878570595025,1.6585878570595023,16
3,4,8,48,24,3,Dense Gaussian,1.3708347900568745,0.9708347900568732,24
3,4,8,48,32,3,Dense Gaussian,1.1264967427511259,0.526496742751128,32
3,4,8,48,40,3,Dense Gaussian,1.062043459644709,0.2620434596447101,40
3,4,8,48,12,3,KR Gaussian,2.476733125575217,2.3767331255752158,12
3,4,8,48,16,3,KR Gaussian,1.7853754106135575,1.5853754106135574,16
3,4,8,48,24,3,KR Gaussian,1.3093441076652663,0.909344107665266,24
3,4,8,48,32,3,KR Gaussian,1.1105012209702023,0.5105012209702036,32
3,4,8,48,40,3,KR Gaussian,1.0474105555456994,0.24741055554570224,40
3,4,8,48,12,3,KR Rademacher,2.5788227331181766,2.478822733118175,12
3,4,8,48,16,3,KR Rademacher,1.7941424876791814,1.619142487679179,15
3,4,8,48,24,3,KR Rademacher,1.3973286060728078,1.0223286060728043,23
3,4,8,48,32,3,KR Rademacher,1.1326862903675696,0.5576862903675686,31
3,4,8,48,40,3,KR Rademacher,1.062078217228338,0.33707821722833664,37
3,4,8,48,12,4,Dense Gaussian,1.8912811454310772,1.7912811454310757,12
3,4,8,48,16,4,Dense Gaussian,1.4343161919552951,1.2343161919552958,16
3,4,8,48,24,4,Dense Gaussian,1.1829414381650505,0.7829414381650501,24
3,4,8,48,32,4,Dense Gaussian,1.105870126960368,0.5058701269603691,32
3,4,8,48,40,4,Dense Gaussian,1.0396689203329244,0.2396689203329263,40
3,4,8,48,12,4,KR Gaussian,2.2283266968774083,2.128326696877407,12
3,4,8,48,16,4,KR Gaussian,1.7103768991388648,1.5103768991388655,16
3,4,8,48,24,4,KR Gaussian,1.3484343797741598,0.9484343797741595,24
3,4,8,48,32,4,KR Gaussian,1.1657537941441563,0.5657537941441575,32
3,4,8,48,40,4,KR Gaussian,1.0624651031185826,0.2624651031185863,40
3,4,8,48,12,4,KR Rademacher,1.618714122862464,1.5187141228624625,12
3,4,8,48,16,4,KR Rademacher,1.4007850016225847,1.2007850016225845,16
3,4,8,48,24,4,KR Rademacher,1.198142818510977,0.7981428185109785,24
3,4,8,48,32,4,KR Rademacher,1.1098945586222673,0.5098945586222694,32
3,4,8,48,40,4,KR Rademacher,1.0536485577095913,0.2786485577095892,39
3,4,8,48,12,5,Dense Gaussian,2.119396664137285,2.0193966641372834,12
3,4,8,48,16,5,Dense Gaussian,1.757374199211693,1.5573741992116918,16
3,4,8,48,24,5,Dense Gaussian,1.3741953519569163,0.9741953519569169,24
3,4,8,48,32,5,Dense Gaussian,1.162885559734038,0.5628855597340383,32
3,4,8,48,40,5,Dense Gaussian,1.0449327349602733,0.24493273496027435,40
3,4,8,48,12,5,KR Gaussian,2.2790490151934817,2.1790490151934803,12
3,4,8,48,16,5,KR Gaussian,1.6404649478829043,1.440464947882905,16
3,4,8,48,24,5,KR Gaussian,1.2438930160318886,0.8438930160318883,24
3,4,8,48,32,5,KR Gaussian,1.1310152308026522,0.5310152308026534,32
3,4,8,48,40,5,KR Gaussian,1.0555553910939102,0.2555553910939121,40
3,4,8,48,12,5,KR Rademacher,2.164035007986275,2.0640350079862735,12
3,4,8,48,16,5,KR Rademacher,1.6774385776861394,1.4774385776861383,16
3,4,8,48,24,5,KR Rademacher,1.3329155885956627,0.957915588595661,23
3,4,8,48,32,5,KR Rademacher,1.1356829849502574,0.5606829849502546,31
3,4,8,48,40,5,KR Rademacher,1.0570074062368562,0.28200740623685405,39
3,4,8,48,12,6,Dense Gaussian,2.2423310690703255,2.142331069070324,12
3,4,8,48,16,6,Dense Gaussian,1.6267106438844667,1.4267106438844657,16
3,4,8,48,24,6,Dense Gaussian,1.2548724745726876,0.854872474572689,24
3,4,8,48,32,6,Dense Gaussian,1.1531091143842964,0.5531091143842986,32
3,4,8,48,40,6,Dense Gaussian,1.051719607933979,0.25171960793398007,40
3,4,8,48,12,6,KR Gaussian,2.3420325549631364,2.242032554963135,12
3,4,8,48,16,6,KR Gaussian,1.8229721245681034,1.6229721245681041,16
3,4,8,48,24,6,KR Gaussian,1.3685005575215987,0.9685005575215992,24
3,4,8,48,32,6,KR Gaussian,1.178050926895338,0.5780509268953384,32
3,4,8,48,40,6,KR Gaussian,1.0670740657840074,0.2670740657840103,40
3,4,8,48,12,6,KR Rademacher,2.0762314651841427,1.9762314651841413,12
3,4,8,48,16,6,KR Rademacher,1.6936362753678047,1.4936362753678045,16
3,4,8,48,24,6,KR Rademacher,1.2498844662145192,0.8498844662145189,24
3,4,8,48,32,6,KR Rademacher,1.1535727955602253,0.5785727955602233,31
3,4,8,48,40,6,KR Rademacher,1.0741787802249103,0.32417878022490854,38
3,4,8,48,12,7,Dense Gaussian,2.1524654407926107,2.0524654407926093,12
3,4,8,48,16,7,Dense Gaussian,1.6686417285288266,1.4686417285288265,16
3,4,8,48,24,7,Dense Gaussian,1.294182143821903,0.8941821438219044,24
3,4,8,48,32,7,Dense Gaussian,1.1319423385009335,0.5319423385009365,32
3,4,8,48,40,7,Dense Gaussian,1.0627227040220664,0.26272270402206743,40
3,4,8,48,12,7,KR Gaussian,2.3705057489881023,2.270505748988101,12
3,4,8,48,16,7,KR Gaussian,1.6239935151084683,1.4239935151084673,16
3,4,8,48,24,7,KR Gaussian,1.3354213329857636,0.935421332985765,24
3,4,8,48,32,7,KR Gaussian,1.123418822117884,0.5234188221178844,32
3,4,8,48,40,7,KR Gaussian,1.0660455232106418,0.2660455232106429,40
3,4,8,48,12,7,KR Rademacher,2.3464969262305893,2.246496926230588,12
3,4,8,48,16,7,KR Rademacher,1.5585834722365206,1.3585834722365204,16
3,4,8,48,24,7,KR Rademacher,1.2697765615266245,0.8947765615266228,23
3,4,8,48,32,7,KR Rademacher,1.105509044381603,0.530509044381601,31
3,4,8,48,40,7,KR Rademacher,1.0439301343313057,0.2689301343313044,39
3,4,8,48,12,8,Dense Gaussian,2.0559456575319253,1.9559456575319238,12
3,4,8,48,16,8,Dense Gaussian,1.6179803735275868,1.4179803735275867,16
3,4,8,48,24,8,Dense Gaussian,1.2575626470208832,0.8575626470208846,24
3,4,8,48,32,8,Dense Gaussian,1.1484025968108256,0.5484025968108259,32
3,4,8,48,40,8,Dense Gaussian,1.0322415430549148,0.23224154305491673,40
3,4,8,48,12,8,KR Gaussian,1.913173191747081,1.8131731917470795,12
3,4,8,48,16,8,KR Gaussian,1.603228803217755,1.403228803217754,16
3,4,8,48,24,8,KR Gaussian,1.2236923449869277,0.8236923449869273,24
3,4,8,48,32,8,KR Gaussian,1.0974558550984534,0.4974558550984547,32
3,4,8,48,40,8,KR Gaussian,1.0415849324781181,0.24158493247811919,40
3,4,8,48,12,8,KR Rademacher,2.194307263354794,2.094307263354793,12
3,4,8,48,16,8,KR Rademacher,1.87045105359803,1.6704510535980308,16
3,4,8,48,24,8,KR Rademacher,1.3215571042648095,0.9215571042648101,24
3,4,8,48,32,8,KR Rademacher,1.1323397140696994,0.5323397140696997,32
3,4,8,48,40,8,KR Rademacher,1.0812399456152342,0.3312399456152342,38
3,4,8,48,12,9,Dense Gaussian,2.0510220804290134,1.951022080429012,12
3,4,8,48,16,9,Dense Gaussian,1.7149594068345273,1.5149594068345262,16
3,4,8,48,24,9,Dense Gaussian,1.3016629344015165,0.9016629344015161,24
3,4,8,48,32,9,Dense Gaussian,1.108378161682797,0.5083781616827974,32
3,4,8,48,40,9,Dense Gaussian,1.0272880892615586,0.22728808926155963,40
3,4,8,48,12,9,KR Gaussian,1.7899036692214336,1.6899036692214322,12
3,4,8,48,16,9,KR Gaussian,1.5386589402832254,1.3386589402832252,16
3,4,8,48,24,9,KR Gaussian,1.1996486577141283,0.7996486577141297,24
3,4,8,48,32,9,KR Gaussian,1.099309533594278,0.4993095335942783,32
3,4,8,48,40,9,KR Gaussian,1.0445386080161843,0.24453860801618532,40
3,4,8,48,12,9,KR Rademacher,1.9125801414938728,1.8125801414938714,12
3,4,8,48,16,9,KR Rademacher,1.587046676201048,1.3870466762010478,16
3,4,8,48,24,9,KR Rademacher,1.2851927834019952,0.8851927834019939,24
3,4,8,48,32,9,KR Rademacher,1.157028050657571,0.5820280506575699,31
3,4,8,48,40,9,KR Rademacher,1.0674032161349478,0.2924032161349448,39
3,4,8,48,12,10,Dense Gaussian,2.832210586560552,2.7322105865605506,12
3,4,8,48,16,10,Dense Gaussian,2.067745730719813,1.8677457307198129,16
3,4,8,48,24,10,Dense Gaussian,1.3595764524406473,0.9595764524406469,24
3,4,8,48,32,10,Dense Gaussian,1.1809363754731796,0.5809363754731809,32
3,4,8,48,40,10,Dense Gaussian,1.0542195372865422,0.254219537286545,40
3,4,8,48,12,10,KR Gaussian,1.7674390945593181,1.6674390945593167,12
3,4,8,48,16,10,KR Gaussian,1.456200314876833,1.256200314876832,16
3,4,8,48,24,10,KR Gaussian,1.173214088443702,0.7732140884437015,24
3,4,8,48,32,10,KR Gaussian,1.0909041971170028,0.49090419711700406,32
3,4,8,48,40,10,KR Gaussian,1.0348639760049192,0.23486397600492026,40
3,4,8,48,12,10,KR Rademacher,2.5694591522352317,2.4694591522352303,12
3,4,8,48,16,10,KR Rademacher,1.9245534523902732,1.724553452390273,16
3,4,8,48,24,10,KR Rademacher,1.4377155659532441,1.0377155659532447,24
3,4,8,48,32,10,KR Rademacher,1.1383099957982266,0.5383099957982278,32
3,4,8,48,40,10,KR Rademacher,1.0825173316161294,0.3325173316161294,38
3,4,8,48,12,11,Dense Gaussian,2.0471867183215373,1.947186718321536,12
3,4,8,48,16,11,Dense Gaussian,1.7047870304019437,1.5047870304019426,16
3,4,8,48,24,11,Dense Gaussian,1.2919113737252799,0.8919113737252804,24
3,4,8,48,32,11,Dense Gaussian,1.1518061867412381,0.5518061867412403,32
3,4,8,48,40,11,Dense Gaussian,1.051819386362693,0.2518193863626941,40
3,4,8,48,12,11,KR Gaussian,1.8700586754250086,1.7700586754250072,12
3,4,8,48,16,11,KR Gaussian,1.6322613024749026,1.4322613024749025,16
3,4,8,48,24,11,KR Gaussian,1.2707159910787542,0.8707159910787539,24
3,4,8,48,32,11,KR Gaussian,1.121533470517777,0.5215334705177774,32
3,4,8,48,40,11,KR Gaussian,1.0479693565578252,0.24796935655782804,40
3,4,8,48,12,11,KR Rademacher,1.9976241033544646,1.8976241033544632,12
3,4,8,48,16,11,KR Rademacher,1.5496252791410399,1.3496252791410406,16
3,4,8,48,24,11,KR Rademacher,1.2608089853854096,0.9108089853854082,22
3,4,8,48,32,11,KR Rademacher,1.1253536197874823,0.5753536197874816,30
3,4,8,48,40,11,KR Rademacher,1.0543553078371897,0.32935530783718825,37
3,4,8,48,12,12,Dense Gaussian,2.376703253544296,2.2767032535442944,12
3,4,8,48,16,12,Dense Gaussian,1.7991021591997427,1.5991021591997434,16
3,4,8,48,24,12,Dense Gaussian,1.3124158138132236,0.9124158138132241,24
3,4,8,48,32,12,Dense Gaussian,1.1474495052855271,0.5474495052855275,32
3,4,8,48,40,12,Dense Gaussian,1.0442712150625582,0.244271215062561,40
3,4,8,48,12,12,KR Gaussian,2.281698663399313,2.1816986633993114,12
3,4,8,48,16,12,KR Gaussian,1.6208140064047516,1.4208140064047505,16
3,4,8,48,24,12,KR Gaussian,1.31991029906483,0.9199102990648296,24
3,4,8,48,32,12,KR Gaussian,1.1067553064202613,0.5067553064202635,32
3,4,8,48,40,12,KR Gaussian,1.0342163127041903,0.2342163127041914,40
3,4,8,48,12,12,KR Rademacher,3.107302383951623,3.032302383951622,11
3,4,8,48,16,12,KR Rademacher,2.1899018495992237,2.0149018495992213,15
3,4,8,48,24,12,KR Rademacher,1.4005155811718,1.0255155811717973,23
3,4,8,48,32,12,KR Rademacher,1.1998928819511434,0.6248928819511406,31
3,4,8,48,40,12,KR Rademacher,1.0756472912585453,0.3006472912585405,39
3,4,8,48,12,13,Dense Gaussian,1.9451434668003271,1.8451434668003257,12
3,4,8,48,16,13,Dense Gaussian,1.6952898292929097,1.4952898292929095,16
3,4,8,48,24,13,Dense Gaussian,1.2981206482665,0.8981206482665005,24
3,4,8,48,32,13,Dense Gaussian,1.1435986681902914,0.5435986681902936,32
3,4,8,48,40,13,Dense Gaussian,1.0474553933437374,0.24745539334373845,40
3,4,8,48,12,13,KR Gaussian,2.2460521635061674,2.146052163506166,12
3,4,8,48,16,13,KR Gaussian,1.7163802935657113,1.5163802935657102,16
3,4,8,48,24,13,KR Gaussian,1.3253582842098135,0.925358284209814,24
3,4,8,48,32,13,KR Gaussian,1.1490481318404377,0.5490481318404399,32
3,4,8,48,40,13,KR Gaussian,1.0703424288377654,0.27034242883776827,40
3,4,8,48,12,13,KR Rademacher,2.351335905128252,2.2513359051282507,12
3,4,8,48,16,13,KR Rademacher,1.7757437858623097,1.5757437858623096,16
3,4,8,48,24,13,KR Rademacher,1.3580737412440165,0.9580737412440161,24
3,4,8,48,32,13,KR Rademacher,1.1572026532076531,0.5822026532076503,31
3,4,8,48,40,13,KR Rademacher,1.0586312513367133,0.2836312513367112,39
3,4,8,48,12,14,Dense Gaussian,2.2050206310462794,2.105020631046278,12
3,4,8,48,16,14,Dense Gaussian,1.6455206289447446,1.4455206289447453,16
3,4,8,48,24,14,Dense Gaussian,1.3036716105445052,0.9036716105445066,24
3,4,8,48,32,14,Dense Gaussian,1.1425872129827583,0.5425872129827596,32
3,4,8,48,40,14,Dense Gaussian,1.0560052547357364,0.2560052547357383,40
3,4,8,48,12,14,KR Gaussian,2.410400156274786,2.3104001562747847,12
3,4,8,48,16,14,KR Gaussian,1.937005918743945,1.7370059187439448,16
3,4,8,48,24,14,KR Gaussian,1.3181168241645462,0.9181168241645459,24
3,4,8,48,32,14,KR Gaussian,1.1509899449531185,0.5509899449531197,32
3,4,8,48,40,14,KR Gaussian,1.053211083765075,0.25321108376507695,40
3,4,8,48,12,14,KR Rademacher,2.22270871190371,2.1227087119037087,12
3,4,8,48,16,14,KR Rademacher,1.4350838448232075,1.2350838448232064,16
3,4,8,48,24,14,KR Rademacher,1.2275870916605003,0.8275870916605008,24
3,4,8,48,32,14,KR Rademacher,1.1323111922820601,0.5323111922820623,32
3,4,8,48,40,14,KR Rademacher,1.0837132612835996,0.30871326128359833,39
3,4,8,48,12,15,Dense Gaussian,2.278665214626323,2.1786652146263217,12
3,4,8,48,16,15,Dense Gaussian,1.8357673858133667,1.6357673858133666,16
3,4,8,48,24,15,Dense Gaussian,1.3707261940304987,0.9707261940304992,24
3,4,8,48,32,15,Dense Gaussian,1.1305593683694362,0.5305593683694383,32
3,4,8,48,40,15,Dense Gaussian,1.0549987796399822,0.2549987796399851,40
3,4,8,48,12,15,KR Gaussian,1.871769122209745,1.7717691222097436,12
3,4,8,48,16,15,KR Gaussian,1.5307165642144938,1.3307165642144945,16
3,4,8,48,24,15,KR Gaussian,1.2604968220319552,0.8604968220319549,24
3,4,8,48,32,15,KR Gaussian,1.0914689129744088,0.4914689129744101,32
3,4,8,48,40,15,KR Gaussian,1.0425473693568499,0.24254736935685273,40
3,4,8,48,12,15,KR Rademacher,2.1044679155193426,2.0044679155193412,12
3,4,8,48,16,15,KR Rademacher,1.7332707634024231,1.533270763402422,16
3,4,8,48,24,15,KR Rademacher,1.3203974306567403,0.9203974306567417,24
3,4,8,48,32,15,KR Rademacher,1.1501511086074832,0.5501511086074835,32
3,4,8,48,40,15,KR Rademacher,1.0832779878856957,0.2832779878856968,40
3,4,8,48,12,16,Dense Gaussian,2.0072744405722105,1.907274440572209,12
3,4,8,48,16,16,Dense Gaussian,1.5711673841767864,1.3711673841767862,16
3,4,8,48,24,16,Dense Gaussian,1.2563918207247529,0.8563918207247525,24
3,4,8,48,32,16,Dense Gaussian,1.0967607558517738,0.49676075585177415,32
3,4,8,48,40,16,Dense Gaussian,1.0366433242776978,0.23664332427770063,40
3,4,8,48,12,16,KR Gaussian,2.1870597315363627,2.0870597315363613,12
3,4,8,48,16,16,KR Gaussian,1.6368591069003253,1.4368591069003251,16
3,4,8,48,24,16,KR Gaussian,1.2454027369603846,0.8454027369603843,24
3,4,8,48,32,16,KR Gaussian,1.1267664348494133,0.5267664348494137,32
3,4,8,48,40,16,KR Gaussian,1.035890948666042,0.235890948666043,40
3,4,8,48,12,16,KR Rademacher,1.9490110145546806,1.8490110145546792,12
3,4,8,48,16,16,KR Rademacher,1.5019015715413548,1.3019015715413556,16
3,4,8,48,24,16,KR Rademacher,1.2268971940866367,0.8268971940866372,24
3,4,8,48,32,16,KR Rademacher,1.0978505249435502,0.4978505249435514,32
3,4,8,48,40,16,KR Rademacher,1.035253550889765,0.26025355088976276,39
3,4,8,48,12,17,Dense Gaussian,2.1448436092153607,2.0448436092153592,12
3,4,8,48,16,17,Dense Gaussian,1.5683137932429156,1.3683137932429155,16
3,4,8,48,24,17,Dense Gaussian,1.3051906307654635,0.905190630765464,24
3,4,8,48,32,17,Dense Gaussian,1.2138687004010897,0.6138687004010919,32
3,4,8,48,40,17,Dense Gaussian,1.0726446714329771,0.2726446714329782,40
3,4,8,48,12,17,KR Gaussian,1.9243225188619792,1.8243225188619778,12
3,4,8,48,16,17,KR Gaussian,1.605355588855014,1.4053555888550129,16
3,4,8,48,24,17,KR Gaussian,1.2048226346231585,0.8048226346231591,24
3,4,8,48,32,17,KR Gaussian,1.1009920604788883,0.5009920604788896,32
3,4,8,48,40,17,KR Gaussian,1.0523305395840898,0.25233053958409357,40
3,4,8,48,12,17,KR Rademacher,2.5618947447001332,2.461894744700132,12
3,4,8,48,16,17,KR Rademacher,1.8601008649969533,1.6601008649969522,16
3,4,8,48,24,17,KR Rademacher,1.307176350724422,0.9321763507244185,23
3,4,8,48,32,17,KR Rademacher,1.1796640816314072,0.6296640816314056,30
3,4,8,48,40,17,KR Rademacher,1.0760389673714386,0.37603896737143927,36
3,4,8,48,12,18,Dense Gaussian,1.814312699573013,1.7143126995730116,12
3,4,8,48,16,18,Dense Gaussian,1.5758840979086557,1.3758840979086564,16
3,4,8,48,24,18,Dense Gaussian,1.272721759912124,0.8727217599121246,24
3,4,8,48,32,18,Dense Gaussian,1.1252392478930968,0.525239247893099,32
3,4,8,48,40,18,Dense Gaussian,1.046393384522208,0.24639338452221082,40
3,4,8,48,12,18,KR Gaussian,1.9994638532158255,1.8994638532158241,12
3,4,8,48,16,18,KR Gaussian,1.6288301410046344,1.4288301410046333,16
3,4,8,48,24,18,KR Gaussian,1.2753210161784807,0.8753210161784803,24
3,4,8,48,32,18,KR Gaussian,1.1209361302573058,0.5209361302573079,32
3,4,8,48,40,18,KR Gaussian,1.0352153835688984,0.23521538356889948,40
3,4,8,48,12,18,KR Rademacher,2.4846113194183275,2.384611319418326,12
3,4,8,48,16,18,KR Rademacher,1.7757027947125605,1.600702794712558,15
3,4,8,48,24,18,KR Rademacher,1.4080672546341813,1.0330672546341795,23
3,4,8,48,32,18,KR Rademacher,1.189802074249033,0.6148020742490292,31
3,4,8,48,40,18,KR Rademacher,1.0644509795431283,0.3144509795431283,38
3,4,8,48,12,19,Dense Gaussian,2.307839503645406,2.2078395036454044,12
3,4,8,48,16,19,Dense Gaussian,1.8422685249313897,1.6422685249313886,16
3,4,8,48,24,19,Dense Gaussian,1.4177961383400373,1.0177961383400378,24
3,4,8,48,32,19,Dense Gaussian,1.1983371788158719,0.5983371788158731,32
3,4,8,48,40,19,Dense Gaussian,1.0555947125122698,0.2555947125122717,40
3,4,8,48,12,19,KR Gaussian,2.2232248257012905,2.123224825701289,12
3,4,8,48,16,19,KR Gaussian,1.7219330793760053,1.521933079376005,16
3,4,8,48,24,19,KR Gaussian,1.3334431905306996,0.9334431905306992,24
3,4,8,48,32,19,KR Gaussian,1.1488816845765841,0.5488816845765854,32
3,4,8,48,40,19,KR Gaussian,1.04186224853043,0.24186224853043292,40
3,4,8,48,12,19,KR Rademacher,2.2744733610079013,2.1744733610079,12
3,4,8,48,16,19,KR Rademacher,1.9118359815224464,1.736835981522444,15
3,4,8,48,24,19,KR Rademacher,1.3263347329776307,0.951334732977628,23
3,4,8,48,32,19,KR Rademacher,1.1584403589644285,0.608440358964426,30
3,4,8,48,40,19,KR Rademacher,1.0601599145340561,0.3351599145340547,37
3,4,8,48,12,20,Dense Gaussian,2.1883476023505164,2.088347602350515,12
3,4,8,48,16,20,Dense Gaussian,1.7442805195207622,1.544280519520763,16
3,4,8,48,24,20,Dense Gaussian,1.3424556250634287,0.9424556250634293,24
3,4,8,48,32,20,Dense Gaussian,1.1713743152703877,0.5713743152703898,32
3,4,8,48,40,20,Dense Gaussian,1.0766804464685737,0.2766804464685748,40
3,4,8,48,12,20,KR Gaussian,2.4270999056128737,2.3270999056128723,12
3,4,8,48,16,20,KR Gaussian,1.6597674152974395,1.4597674152974385,16
3,4,8,48,24,20,KR Gaussian,1.2401088865516492,0.8401088865516506,24
3,4,8,48,32,20,KR Gaussian,1.1108494103668,0.5108494103668022,32
3,4,8,48,40,20,KR Gaussian,1.041424649127749,0.24142464912775097,40
3,4,8,48,12,20,KR Rademacher,2.3978776368419457,2.2978776368419442,12
3,4,8,48,16,20,KR Rademacher,1.893466456973674,1.6934664569736748,16
3,4,8,48,24,20,KR Rademacher,1.2630050591086288,0.8630050591086302,24
3,4,8,48,32,20,KR Rademacher,1.117246270108156,0.542246270108155,31
3,4,8,48,40,20,KR Rademacher,1.0495848434531565,0.29958484345315384,38
3,4,8,48,12,21,Dense Gaussian,1.9195191373194191,1.8195191373194177,12
3,4,8,48,16,21,Dense Gaussian,1.5958922024125446,1.3958922024125453,16
3,4,8,48,24,21,Dense Gaussian,1.3259406617713019,0.9259406617713033,24
3,4,8,48,32,21,Dense Gaussian,1.1217901807321606,0.521790180732161,32
3,4,8,48,40,21,Dense Gaussian,1.0615540567299373,0.26155405672993837,40
3,4,8,48,12,21,KR Gaussian,1.896401145547145,1.7964011455471436,12
3,4,8,48,16,21,KR Gaussian,1.5243549171462334,1.3243549171462323,16
3,4,8,48,24,21,KR Gaussian,1.2756096348355612,0.8756096348355626,24
3,4,8,48,32,21,KR Gaussian,1.1286014995445992,0.5286014995446013,32
3,4,8,48,40,21,KR Gaussian,1.0542813870596426,0.25428138705964365,40
3,4,8,48,12,21,KR Rademacher,2.357448136470455,2.2574481364704537,12
3,4,8,48,16,21,KR Rademacher,1.9245727092460259,1.7745727092460237,14
3,4,8,48,24,21,KR Rademacher,1.3262249209381558,0.9762249209381544,22
3,4,8,48,32,21,KR Rademacher,1.1948591051874198,0.6948591051874189,28
3,4,8,48,40,21,KR Rademacher,1.0860492235235704,0.3860492235235693,36
3,4,8,48,12,22,Dense Gaussian,2.192917155972296,2.0929171559722946,12
3,4,8,48,16,22,Dense Gaussian,1.5762882761668422,1.376288276166843,16
3,4,8,48,24,22,Dense Gaussian,1.2317158696653454,0.8317158696653468,24
3,4,8,48,32,22,Dense Gaussian,1.1225795724278944,0.5225795724278974,32
3,4,8,48,40,22,Dense Gaussian,1.0458890175504774,0.2458890175504802,40
3,4,8,48,12,22,KR Gaussian,2.125969998455549,2.0259699984555475,12
3,4,8,48,16,22,KR Gaussian,1.533414869022824,1.333414869022823,16
3,4,8,48,24,22,KR Gaussian,1.2059791399220074,0.8059791399220089,24
3,4,8,48,32,22,KR Gaussian,1.1009823884086627,0.5009823884086657,32
3,4,8,48,40,22,KR Gaussian,1.0422371442362097,0.24223714423621168,40
3,4,8,48,12,22,KR Rademacher,2.2375101599789593,2.137510159978958,12
3,4,8,48,16,22,KR Rademacher,1.81945315199569,1.6194531519956907,16
3,4,8,48,24,22,KR Rademacher,1.3168679942387058,0.9168679942387072,24
3,4,8,48,32,22,KR Rademacher,1.133453477204637,0.5334534772046382,32
3,4,8,48,40,22,KR Rademacher,1.0385381092020145,0.26353810920201326,39
3,4,8,48,12,23,Dense Gaussian,2.2568902906718034,2.156890290671802,12
3,4,8,48,16,23,Dense Gaussian,1.8211259153473174,1.6211259153473172,16
3,4,8,48,24,23,Dense Gaussian,1.2959085398371144,0.8959085398371123,24
3,4,8,48,32,23,Dense Gaussian,1.174557959441378,0.5745579594413783,32
3,4,8,48,40,23,Dense Gaussian,1.0573934154315419,0.2573934154315438,40
3,4,8,48,12,23,KR Gaussian,2.554136982765794,2.4541369827657924,12
3,4,8,48,16,23,KR Gaussian,1.6185723240090972,1.4185723240090962,16
3,4,8,48,24,23,KR Gaussian,1.2573838725538975,0.8573838725538963,24
3,4,8,48,32,23,KR Gaussian,1.1086054030268704,0.5086054030268734,32
3,4,8,48,40,23,KR Gaussian,1.0445804734739612,0.24458047347396317,40
3,4,8,48,12,23,KR Rademacher,2.944310705795475,2.8443107057954737,12
3,4,8,48,16,23,KR Rademacher,2.187200766891766,1.9872007668917666,16
3,4,8,48,24,23,KR Rademacher,1.3092326183180916,0.909232618318093,24
3,4,8,48,32,23,KR Rademacher,1.1229745661065103,0.5229745661065124,32
3,4,8,48,40,23,KR Rademacher,1.0546844039788486,0.2546844039788514,40
3,4,8,48,12,24,Dense Gaussian,2.497052012499383,2.3970520124993815,12
3,4,8,48,16,24,Dense Gaussian,1.8991860172074517,1.6991860172074524,16
3,4,8,48,24,24,Dense Gaussian,1.285999043551886,0.8859990435518874,24
3,4,8,48,32,24,Dense Gaussian,1.1700510896849208,0.5700510896849238,32
3,4,8,48,40,24,Dense Gaussian,1.0611247787796874,0.2611247787796902,40
3,4,8,48,12,24,KR Gaussian,2.581351047978515,2.4813510479785137,12
3,4,8,48,16,24,KR Gaussian,1.7767031096202102,1.57670310962021,16
3,4,8,48,24,24,KR Gaussian,1.3059631230890814,0.9059631230890819,24
3,4,8,48,32,24,KR Gaussian,1.13400905586861,0.5340090558686121,32
3,4,8,48,40,24,KR Gaussian,1.055381622373754,0.25538162237375595,40
3,4,8,48,12,24,KR Rademacher,2.34019428264297,2.2401942826429684,12
3,4,8,48,16,24,KR Rademacher,1.984368725903205,1.7843687259032048,16
3,4,8,48,24,24,KR Rademacher,1.4746893533596133,1.074689353359613,24
3,4,8,48,32,24,KR Rademacher,1.1399169782457665,0.5399169782457669,32
3,4,8,48,40,24,KR Rademacher,1.048872384272311,0.24887238427231395,40
3,4,8,48,12,25,Dense Gaussian,2.576058829540532,2.4760588295405306,12
3,4,8,48,16,25,Dense Gaussian,1.660785113757064,1.4607851137570638,16
3,4,8,48,24,25,Dense Gaussian,1.2490672687406281,0.8490672687406278,24
3,4,8,48,32,25,Dense Gaussian,1.1192262435756177,0.5192262435756199,32
3,4,8,48,40,25,Dense Gaussian,1.0597698826262327,0.25976988262623557,40
3,4,8,48,12,25,KR Gaussian,2.274588977922299,2.1745889779222978,12
3,4,8,48,16,25,KR Gaussian,1.7006007544102015,1.5006007544102005,16
3,4,8,48,24,25,KR Gaussian,1.302173266013062,0.9021732660130617,24
3,4,8,48,32,25,KR Gaussian,1.1208323420187245,0.5208323420187249,32
3,4,8,48,40,25,KR Gaussian,1.0416472576230689,0.2416472576230717,40
3,4,8,48,12,25,KR Rademacher,1.88925323352501,1.7892532335250086,12
3,4,8,48,16,25,KR Rademacher,1.4867165425160227,1.2867165425160216,16
3,4,8,48,24,25,KR Rademacher,1.2575573985508228,0.8575573985508242,24
3,4,8,48,32,25,KR Rademacher,1.1344163568193473,0.5344163568193476,32
3,4,8,48,40,25,KR Rademacher,1.0587571602930606,0.30875716029306055,38
3,4,8,48,12,26,Dense Gaussian,2.7873472521227844,2.687347252122783,12
3,4,8,48,16,26,Dense Gaussian,1.8633162381242787,1.6633162381242794,16
3,4,8,48,24,26,Dense Gaussian,1.329200235820272,0.9292002358202716,24
3,4,8,48,32,26,Dense Gaussian,1.1538534362914694,0.5538534362914707,32
3,4,8,48,40,26,Dense Gaussian,1.05025485729091,0.250254857290912,40
3,4,8,48,12,26,KR Gaussian,2.07752813810084,1.9775281381008387,12
3,4,8,48,16,26,KR Gaussian,1.5758988260837619,1.3758988260837617,16
3,4,8,48,24,26,KR Gaussian,1.2208905217247263,0.8208905217247242,24
3,4,8,48,32,26,KR Gaussian,1.1366101068792611,0.5366101068792624,32
3,4,8,48,40,26,KR Gaussian,1.0470128504022354,0.24701285040223908,40
3,4,8,48,12,26,KR Rademacher,2.083663890359599,1.9836638903595976,12
3,4,8,48,16,26,KR Rademacher,1.5897509335772684,1.414750933577266,15
3,4,8,48,24,26,KR Rademacher,1.2770183400172073,0.9020183400172055,23
3,4,8,48,32,26,KR Rademacher,1.128022593930745,0.5780225939307435,30
3,4,8,48,40,26,KR Rademacher,1.0453251891529005,0.2953251891529014,38
3,4,8,48,12,27,Dense Gaussian,2.0430836316638903,1.9430836316638889,12
3,4,8,48,16,27,Dense Gaussian,1.6437608418386773,1.4437608418386763,16
3,4,8,48,24,27,Dense Gaussian,1.2225682753344405,0.8225682753344401,24
3,4,8,48,32,27,Dense Gaussian,1.114045672787121,0.5140456727871232,32
3,4,8,48,40,27,Dense Gaussian,1.0388867353401228,0.2388867353401256,40
3,4,8,48,12,27,KR Gaussian,2.1241415190666535,2.024141519066652,12
3,4,8,48,16,27,KR Gaussian,1.5890639589760127,1.3890639589760116,16
3,4,8,48,24,27,KR Gaussian,1.2512489618275477,0.8512489618275492,24
3,4,8,48,32,27,KR Gaussian,1.1239518124471672,0.5239518124471676,32
3,4,8,48,40,27,KR Gaussian,1.0467670503839805,0.2467670503839816,40
3,4,8,48,12,27,KR Rademacher,2.431641836449124,2.3316418364491227,12
3,4,8,48,16,27,KR Rademacher,1.5451754853023907,1.3451754853023905,16
3,4,8,48,24,27,KR Rademacher,1.2475888973743423,0.8725888973743388,23
3,4,8,48,32,27,KR Rademacher,1.1273236327121658,0.552323632712163,31
3,4,8,48,40,27,KR Rademacher,1.0442199682465612,0.2692199682465617,39
3,4,8,48,12,28,Dense Gaussian,1.98738615375313,1.8873861537531287,12
3,4,8,48,16,28,Dense Gaussian,1.587842494298421,1.3878424942984218,16
3,4,8,48,24,28,Dense Gaussian,1.2791870052963574,0.8791870052963588,24
3,4,8,48,32,28,Dense Gaussian,1.0964158045570862,0.49641580455708834,32
3,4,8,48,40,28,Dense Gaussian,1.0344834332483526,0.23448343324835363,40
3,4,8,48,12,28,KR Gaussian,2.6856980855323265,2.585698085532325,12
3,4,8,48,16,28,KR Gaussian,1.729549593299823,1.5295495932998229,16
3,4,8,48,24,28,KR Gaussian,1.3484681545357287,0.9484681545357283,24
3,4,8,48,32,28,KR Gaussian,1.1604221956787848,0.560422195678786,32
3,4,8,48,40,28,KR Gaussian,1.0805741156642412,0.28057411566424406,40
3,4,8,48,12,28,KR Rademacher,2.307287804519177,2.2072878045191757,12
3,4,8,48,16,28,KR Rademacher,1.6895133912497018,1.4895133912497016,16
3,4,8,48,24,28,KR Rademacher,1.2791780583911585,0.8791780583911599,24
3,4,8,48,32,28,KR Rademacher,1.1140074513015321,0.5140074513015342,32
3,4,8,48,40,28,KR Rademacher,1.057192901366479,0.2821929013664768,39
3,4,8,48,12,29,Dense Gaussian,1.890520699444025,1.7905206994440235,12
3,4,8,48,16,29,Dense Gaussian,1.5103881154498087,1.3103881154498085,16
3,4,8,48,24,29,Dense Gaussian,1.2444874890163993,0.844487489016398,24
3,4,8,48,32,29,Dense Gaussian,1.1181606564199438,0.5181606564199441,32
3,4,8,48,40,29,Dense Gaussian,1.0469048429409469,0.24690484294094972,40
3,4,8,48,12,29,KR Gaussian,2.416611378396606,2.3166113783966047,12
3,4,8,48,16,29,KR Gaussian,1.5936468943708766,1.3936468943708764,16
3,4,8,48,24,29,KR Gaussian,1.2615330678064556,0.8615330678064552,24
3,4,8,48,32,29,KR Gaussian,1.1049500765226643,0.5049500765226647,32
3,4,8,48,40,29,KR Gaussian,1.0451406116438342,0.24514061164383705,40
3,4,8,48,12,29,KR Rademacher,2.3087337506529773,2.208733750652976,12
3,4,8,48,16,29,KR Rademacher,1.8123453197368171,1.612345319736816,16
3,4,8,48,24,29,KR Rademacher,1.3594403289984802,0.9594403289984808,24
3,4,8,48,32,29,KR Rademacher,1.1526936380123498,0.5526936380123519,32
3,4,8,48,40,29,KR Rademacher,1.0569931159093624,0.25699311590936347,40
3,4,8,48,12,30,Dense Gaussian,2.086312582370585,1.9863125823705836,12
3,4,8,48,16,30,Dense Gaussian,1.5308997112172689,1.3308997112172687,16
3,4,8,48,24,30,Dense Gaussian,1.2775884107960627,0.8775884107960632,24
3,4,8,48,32,30,Dense Gaussian,1.1150352688241645,0.5150352688241657,32
3,4,8,48,40,30,Dense Gaussian,1.0375499147341047,0.2375499147341067,40
3,4,8,48,12,30,KR Gaussian,2.1705039336723777,2.0705039336723763,12
3,4,8,48,16,30,KR Gaussian,1.7353812340959331,1.5353812340959312,16
3,4,8,48,24,30,KR Gaussian,1.269749819527492,0.8697498195274918,24
3,4,8,48,32,30,KR Gaussian,1.1162103791801812,0.5162103791801833,32
3,4,8,48,40,30,KR Gaussian,1.0402109772942296,0.24021097729423246,40
3,4,8,48,12,30,KR Rademacher,1.9128259987965954,1.812825998796594,12
3,4,8,48,16,30,KR Rademacher,1.600752729643519,1.4007527296435178,16
3,4,8,48,24,30,KR Rademacher,1.3168150056146217,0.9168150056146231,24
3,4,8,48,32,30,KR Rademacher,1.1777600533381536,0.627760053338152,30
3,4,8,48,40,30,KR Rademacher,1.0629514300338485,0.3129514300338485,38
3,4,8,48,12,31,Dense Gaussian,2.6827414636869946,2.582741463686993,12
3,4,8,48,16,31,Dense Gaussian,1.878147602853887,1.678147602853886,16
3,4,8,48,24,31,Dense Gaussian,1.2997014436883845,0.8997014436883841,24
3,4,8,48,32,31,Dense Gaussian,1.1164696156237408,0.5164696156237429,32
3,4,8,48,40,31,Dense Gaussian,1.0497965908032985,0.24979659080329952,40
3,4,8,48,12,31,KR Gaussian,2.5673084842254568,2.4673084842254553,12
3,4,8,48,16,31,KR Gaussian,1.9072271714605789,1.7072271714605787,16
3,4,8,48,24,31,KR Gaussian,1.2502656214740213,0.8502656214740227,24
3,4,8,48,32,31,KR Gaussian,1.1286831204300274,0.5286831204300277,32
3,4,8,48,40,31,KR Gaussian,1.0529766743069278,0.25297667430692883,40
3,4,8,48,12,31,KR Rademacher,2.5827039228876556,2.482703922887654,12
3,4,8,48,16,31,KR Rademacher,1.6762814926501282,1.476281492650127,16
3,4,8,48,24,31,KR Rademacher,1.3056665853899325,0.9056665853899322,24
3,4,8,48,32,31,KR Rademacher,1.1292847812558149,0.5292847812558161,32
3,4,8,48,40,31,KR Rademacher,1.072866900349192,0.3228669003491902,38
3,4,8,48,12,32,Dense Gaussian,2.5128385210761035,2.412838521076102,12
3,4,8,48,16,32,Dense Gaussian,1.9975661948136771,1.7975661948136779,16
3,4,8,48,24,32,Dense Gaussian,1.4095419374344722,1.0095419374344727,24
3,4,8,48,32,32,Dense Gaussian,1.1954214846025861,0.5954214846025874,32
3,4,8,48,40,32,Dense Gaussian,1.0724397723457288,0.2724397723457308,40
3,4,8,48,12,32,KR Gaussian,1.9295834508525402,1.8295834508525388,12
3,4,8,48,16,32,KR Gaussian,1.472814191188232,1.2728141911882318,16
3,4,8,48,24,32,KR Gaussian,1.2877955952622129,0.8877955952622134,24
3,4,8,48,32,32,KR Gaussian,1.1003168039037945,0.5003168039037948,32
3,4,8,48,40,32,KR Gaussian,1.040692693236812,0.24069269323681297,40
3,4,8,48,12,32,KR Rademacher,2.336576431398533,2.2365764313985315,12
3,4,8,48,16,32,KR Rademacher,1.7522771163503572,1.552277116350357,16
3,4,8,48,24,32,KR Rademacher,1.406602202214037,1.0316022022140334,23
3,4,8,48,32,32,KR Rademacher,1.1401339757125255,0.5651339757125236,31
3,4,8,48,40,32,KR Rademacher,1.0692205910679649,0.31922059106796397,38
3,4,8,48,12,33,Dense Gaussian,2.4577863713051533,2.357786371305152,12
3,4,8,48,16,33,Dense Gaussian,1.930740820460624,1.7307408204606247,16
3,4,8,48,24,33,Dense Gaussian,1.3058758383212705,0.9058758383212702,24
3,4,8,48,32,33,Dense Gaussian,1.132381014430976,0.5323810144309764,32
3,4,8,48,40,33,Dense Gaussian,1.0464485709834062,0.24644857098340722,40
3,4,8,48,12,33,KR Gaussian,2.0822147552394803,1.9822147552394789,12
3,4,8,48,16,33,KR Gaussian,1.606770591596682,1.4067705915966808,16
3,4,8,48,24,33,KR Gaussian,1.2166027364165597,0.8166027364165593,24
3,4,8,48,32,33,KR Gaussian,1.1226410362749455,0.5226410362749476,32
3,4,8,48,40,33,KR Gaussian,1.0518482685350214,0.2518482685350243,40
3,4,8,48,12,33,KR Rademacher,2.5524534542019595,2.452453454201958,12
3,4,8,48,16,33,KR Rademacher,1.7516871272987924,1.551687127298793,16
3,4,8,48,24,33,KR Rademacher,1.1727847332789256,0.7727847332789253,24
3,4,8,48,32,33,KR Rademacher,1.0974741109871333,0.5224741109871314,31
3,4,8,48,40,33,KR Rademacher,1.038976691588795,0.26397669158879467,39
3,4,8,48,12,34,Dense Gaussian,2.1717809968900808,2.0717809968900793,12
3,4,8,48,16,34,Dense Gaussian,1.6787238379950224,1.4787238379950223,16
3,4,8,48,24,34,Dense Gaussian,1.2978723133762884,0.897872313376288,24
3,4,8,48,32,34,Dense Gaussian,1.1460273922636084,0.5460273922636105,32
3,4,8,48,40,34,Dense Gaussian,1.0547588804574222,0.25475888045742323,40
3,4,8,48,12,34,KR Gaussian,2.7998470108001134,2.699847010800112,12
3,4,8,48,16,34,KR Gaussian,1.6074850050539489,1.4074850050539487,16
3,4,8,48,24,34,KR Gaussian,1.3451632017742305,0.9451632017742302,24
3,4,8,48,32,34,KR Gaussian,1.1321118163765451,0.5321118163765455,32
3,4,8,48,40,34,KR Gaussian,1.0536357246949422,0.253635724694945,40
3,4,8,48,12,34,KR Rademacher,2.144464058101507,2.0444640581015054,12
3,4,8,48,16,34,KR Rademacher,1.8466748262457715,1.671674826245769,15
3,4,8,48,24,34,KR Rademacher,1.2373787752857455,0.8623787752857428,23
3,4,8,48,32,34,KR Rademacher,1.1321483732434956,0.5571483732434928,31
3,4,8,48,40,34,KR Rademacher,1.055829410663259,0.3058294106632573,38
3,4,8,48,12,35,Dense Gaussian,2.1656546324985957,2.0656546324985943,12
3,4,8,48,16,35,Dense Gaussian,1.5838641978709216,1.3838641978709223,16
3,4,8,48,24,35,Dense Gaussian,1.3310854707256476,0.9310854707256482,24
3,4,8,48,32,35,Dense Gaussian,1.150603593427837,0.5506035934278373,32
3,4,8,48,40,35,Dense Gaussian,1.043772079281628,0.24377207928162825,40
3,4,8,48,12,35,KR Gaussian,1.9763025416967457,1.8763025416967443,12
3,4,8,48,16,35,KR Gaussian,1.5314330327002779,1.3314330327002768,16
3,4,8,48,24,35,KR Gaussian,1.3207684240987092,0.9207684240987106,24
3,4,8,48,32,35,KR Gaussian,1.1450536709393768,0.5450536709393781,32
3,4,8,48,40,35,KR Gaussian,1.042184083640235,0.2421840836402378,40
3,4,8,48,12,35,KR Rademacher,2.3694512023472125,2.269451202347211,12
3,4,8,48,16,35,KR Rademacher,1.7606017449820808,1.5606017449820797,16
3,4,8,48,24,35,KR Rademacher,1.2747694825368132,0.8747694825368129,24
3,4,8,48,32,35,KR Rademacher,1.1178051074599074,0.5178051074599068,32
3,4,8,48,40,35,KR Rademacher,1.0368190273545803,0.23681902735458138,40
3,4,8,48,12,36,Dense Gaussian,1.845797824601683,1.7457978246016816,12
3,4,8,48,16,36,Dense Gaussian,1.6098213649892488,1.4098213649892486,16
3,4,8,48,24,36,Dense Gaussian,1.2523595555419496,0.8523595555419501,24
3,4,8,48,32,36,Dense Gaussian,1.1060647175301996,0.5060647175302009,32
3,4,8,48,40,36,Dense Gaussian,1.0447983192973975,0.2447983192973986,40
3,4,8,48,12,36,KR Gaussian,2.579495310195961,2.4794953101959596,12
3,4,8,48,16,36,KR Gaussian,1.8898608798676362,1.689860879867637,16
3,4,8,48,24,36,KR Gaussian,1.252767106011607,0.8527671060116084,24
3,4,8,48,32,36,KR Gaussian,1.1131906103393607,0.5131906103393611,32
3,4,8,48,40,36,KR Gaussian,1.0520046082555705,0.2520046082555716,40
3,4,8,48,12,36,KR Rademacher,1.9124981479528138,1.8124981479528124,12
3,4,8,48,16,36,KR Rademacher,1.5784809465396519,1.3784809465396517,16
3,4,8,48,24,36,KR Rademacher,1.2402368108192237,0.8402368108192242,24
3,4,8,48,32,36,KR Rademacher,1.1147053597041046,0.5147053597041058,32
3,4,8,48,40,36,KR Rademacher,1.0506543558161079,0.27565435581610664,39
3,4,8,48,12,37,Dense Gaussian,1.9954719154505298,1.8954719154505284,12
3,4,8,48,16,37,Dense Gaussian,1.5790207499059257,1.3790207499059264,16
3,4,8,48,24,37,Dense Gaussian,1.2757099516074826,0.8757099516074831,24
3,4,8,48,32,37,Dense Gaussian,1.152944067055783,0.5529440670557833,32
3,4,8,48,40,37,Dense Gaussian,1.0553130248548257,0.25531302485482854,40
3,4,8,48,12,37,KR Gaussian,2.2983103592486023,2.198310359248601,12
3,4,8,48,16,37,KR Gaussian,1.7609094228255628,1.5609094228255636,16
3,4,8,48,24,37,KR Gaussian,1.3884417929427935,0.988441792942794,24
3,4,8,48,32,37,KR Gaussian,1.1782687810692778,0.5782687810692781,32
3,4,8,48,40,37,KR Gaussian,1.0581467907824624,0.2581467907824653,40
3,4,8,48,12,37,KR Rademacher,1.9238453573129526,1.8238453573129512,12
3,4,8,48,16,37,KR Rademacher,1.7123955852960053,1.5373955852960028,15
3,4,8,48,24,37,KR Rademacher,1.2885532595090403,0.9135532595090385,23
3,4,8,48,32,37,KR Rademacher,1.1707503982998055,0.5957503982998045,31
3,4,8,48,40,37,KR Rademacher,1.0468564999430692,0.27185649994306793,39
3,4,8,48,12,38,Dense Gaussian,2.1917869390727134,2.091786939072712,12
3,4,8,48,16,38,Dense Gaussian,1.7277860919819785,1.5277860919819783,16
3,4,8,48,24,38,Dense Gaussian,1.2724537759356132,0.8724537759356146,24
3,4,8,48,32,38,Dense Gaussian,1.1265759126304289,0.526575912630431,32
3,4,8,48,40,38,Dense Gaussian,1.0587585762261824,0.2587585762261835,40
3,4,8,48,12,38,KR Gaussian,2.2231113667722138,2.1231113667722123,12
3,4,8,48,16,38,KR Gaussian,1.588060010321069,1.3880600103210678,16
3,4,8,48,24,38,KR Gaussian,1.2982315375343614,0.898231537534361,24
3,4,8,48,32,38,KR Gaussian,1.1430746564812928,0.5430746564812949,32
3,4,8,48,40,38,KR Gaussian,1.04575808843693,0.24575808843693103,40
3,4,8,48,12,38,KR Rademacher,2.15973094724166,2.0597309472416585,12
3,4,8,48,16,38,KR Rademacher,1.866745520595119,1.6667455205951178,16
3,4,8,48,24,38,KR Rademacher,1.3640990701182023,0.964099070118202,24
3,4,8,48,32,38,KR Rademacher,1.164429225642861,0.5644292256428631,32
3,4,8,48,40,38,KR Rademacher,1.0501643321954184,0.2501643321954212,40
3,4,8,48,12,39,Dense Gaussian,2.487448684676685,2.3874486846766834,12
3,4,8,48,16,39,Dense Gaussian,1.7248467751949192,1.5248467751949182,16
3,4,8,48,24,39,Dense Gaussian,1.2692495681564928,0.8692495681564925,24
3,4,8,48,32,39,Dense Gaussian,1.119776129555559,0.5197761295555594,32
3,4,8,48,40,39,Dense Gaussian,1.0488410781212796,0.24884107812128242,40
3,4,8,48,12,39,KR Gaussian,1.9895402171848842,1.8895402171848827,12
3,4,8,48,16,39,KR Gaussian,1.5870474830386234,1.3870474830386224,16
3,4,8,48,24,39,KR Gaussian,1.2452415332643465,0.8452415332643461,24
3,4,8,48,32,39,KR Gaussian,1.1408165315188388,0.5408165315188391,32
3,4,8,48,40,39,KR Gaussian,1.051591766477177,0.25159176647717807,40
3,4,8,48,12,39,KR Rademacher,1.7233885867323266,1.6233885867323252,12
3,4,8,48,16,39,KR Rademacher,1.5310965296739987,1.3310965296739985,16
3,4,8,48,24,39,KR Rademacher,1.2132684150408277,0.8132684150408274,24
3,4,8,48,32,39,KR Rademacher,1.117918111406162,0.542918111406161,31
3,4,8,48,40,39,KR Rademacher,1.0621638772692217,0.3121638772692208,38
3,4,8,48,12,40,Dense Gaussian,2.0556564318359403,1.9556564318359388,12
3,4,8,48,16,40,Dense Gaussian,1.5428090865620616,1.3428090865620605,16
3,4,8,48,24,40,Dense Gaussian,1.3183942122285206,0.9183942122285202,24
3,4,8,48,32,40,Dense Gaussian,1.156138355239949,0.5561383552399501,32
3,4,8,48,40,40,Dense Gaussian,1.066115109882384,0.2661151098823886,40
3,4,8,48,12,40,KR Gaussian,1.7708628443591632,1.6708628443591618,12
3,4,8,48,16,40,KR Gaussian,1.4073661072421064,1.2073661072421054,16
3,4,8,48,24,40,KR Gaussian,1.212354724462421,0.8123547244624216,24
3,4,8,48,32,40,KR Gaussian,1.1069138517864676,0.506913851786468,32
3,4,8,48,40,40,KR Gaussian,1.0418659775799028,0.2418659775799057,40
3,4,8,48,12,40,KR Rademacher,1.8106778321021437,1.7106778321021423,12
3,4,8,48,16,40,KR Rademacher,1.5141360241282156,1.3141360241282154,16
3,4,8,48,24,40,KR Rademacher,1.1972137593065915,0.797213759306592,24
3,4,8,48,32,40,KR Rademacher,1.1256390614312242,0.5256390614312263,32
3,4,8,48,40,40,KR Rademacher,1.068256767860638,0.2932567678606386,39
3,4,8,48,12,41,Dense Gaussian,1.9219864095390378,1.8219864095390363,12
3,4,8,48,16,41,Dense Gaussian,1.6732911166617166,1.4732911166617164,16
3,4,8,48,24,41,Dense Gaussian,1.3804154802895354,0.9804154802895368,24
3,4,8,48,32,41,Dense Gaussian,1.1420890293260664,0.5420890293260676,32
3,4,8,48,40,41,Dense Gaussian,1.0394198246612394,0.23941982466124223,40
3,4,8,48,12,41,KR Gaussian,2.012380623535975,1.9123806235359737,12
3,4,8,48,16,41,KR Gaussian,1.655391956807481,1.455391956807481,16
3,4,8,48,24,41,KR Gaussian,1.3075187943584359,0.9075187943584364,24
3,4,8,48,32,41,KR Gaussian,1.1416084751291056,0.5416084751291059,32
3,4,8,48,40,41,KR Gaussian,1.0587923764680784,0.2587923764680813,40
3,4,8,48,12,41,KR Rademacher,2.3293712321245774,2.229371232124576,12
3,4,8,48,16,41,KR Rademacher,1.6505349687985218,1.4505349687985216,16
3,4,8,48,24,41,KR Rademacher,1.2764479012090222,0.8764479012090227,24
3,4,8,48,32,41,KR Rademacher,1.1755354695884703,0.6005354695884684,31
3,4,8,48,40,41,KR Rademacher,1.10118020911273,0.3761802091127304,37
3,4,8,48,12,42,Dense Gaussian,2.509965816109885,2.4099658161098834,12
3,4,8,48,16,42,Dense Gaussian,1.6992240705859123,1.4992240705859112,16
3,4,8,48,24,42,Dense Gaussian,1.301179618232073,0.9011796182320726,24
3,4,8,48,32,42,Dense Gaussian,1.1363674272267685,0.5363674272267716,32
3,4,8,48,40,42,Dense Gaussian,1.0468177736784252,0.24681777367842628,40
3,4,8,48,12,42,KR Gaussian,2.441690616488181,2.3416906164881794,12
3,4,8,48,16,42,KR Gaussian,1.6507328222548532,1.450732822254853,16
3,4,8,48,24,42,KR Gaussian,1.2838024799016141,0.8838024799016146,24
3,4,8,48,32,42,KR Gaussian,1.119657520546748,0.5196575205467493,32
3,4,8,48,40,42,KR Gaussian,1.0522270559511302,0.25222705595113304,40
3,4,8,48,12,42,KR Rademacher,2.111698308315577,2.0116983083155757,12
3,4,8,48,16,42,KR Rademacher,1.779060403431675,1.5790604034316749,16
3,4,8,48,24,42,KR Rademacher,1.341903744866344,0.9419037448663445,24
3,4,8,48,32,42,KR Rademacher,1.1352878398596271,0.5352878398596292,32
3,4,8,48,40,42,KR Rademacher,1.0623229575355513,0.2623229575355541,40
3,4,8,48,12,43,Dense Gaussian,1.851790269002704,1.7517902690027025,12
3,4,8,48,16,43,Dense Gaussian,1.4611629086806026,1.2611629086806024,16
3,4,8,48,24,43,Dense Gaussian,1.256353720720667,0.8563537207206675,24
3,4,8,48,32,43,Dense Gaussian,1.1279103180510148,0.527910318051017,32
3,4,8,48,40,43,Dense Gaussian,1.0464916841743808,0.2464916841743836,40
3,4,8,48,12,43,KR Gaussian,2.2361383408118076,2.136138340811806,12
3,4,8,48,16,43,KR Gaussian,1.681951319958701,1.4819513199587009,16
3,4,8,48,24,43,KR Gaussian,1.2748002179939997,0.8748002179940002,24
3,4,8,48,32,43,KR Gaussian,1.1310182894521628,0.5310182894521631,32
3,4,8,48,40,43,KR Gaussian,1.040616654502573,0.24061665450257586,40
3,4,8,48,12,43,KR Rademacher,2.190409999929904,2.0904099999299026,12
3,4,8,48,16,43,KR Rademacher,1.6376345705058881,1.437634570505887,16
3,4,8,48,24,43,KR Rademacher,1.2199061197859304,0.8199061197859301,24
3,4,8,48,32,43,KR Rademacher,1.106196793048353,0.5061967930483551,32
3,4,8,48,40,43,KR Rademacher,1.0547449103756126,0.27974491037561044,39
3,4,8,48,12,44,Dense Gaussian,2.2232604606201694,2.123260460620168,12
3,4,8,48,16,44,Dense Gaussian,1.5691226541490817,1.3691226541490806,16
3,4,8,48,24,44,Dense Gaussian,1.2216326173099192,0.8216326173099198,24
3,4,8,48,32,44,Dense Gaussian,1.1064633024429282,0.5064633024429295,32
3,4,8,48,40,44,Dense Gaussian,1.0343056388470977,0.234305638847097,40
3,4,8,48,12,44,KR Gaussian,1.8387902422831113,1.7387902422831099,12
3,4,8,48,16,44,KR Gaussian,1.4870962636465421,1.2870962636465428,16
3,4,8,48,24,44,KR Gaussian,1.309430847568403,0.9094308475684034,24
3,4,8,48,32,44,KR Gaussian,1.1624405375113511,0.5624405375113515,32
3,4,8,48,40,44,KR Gaussian,1.074486444617218,0.2744864446172208,40
3,4,8,48,12,44,KR Rademacher,2.1108839181242107,2.0108839181242093,12
3,4,8,48,16,44,KR Rademacher,1.686743400825156,1.4867434008251559,16
3,4,8,48,24,44,KR Rademacher,1.2657735375703085,0.8657735375703091,24
3,4,8,48,32,44,KR Rademacher,1.1305166142256446,0.5305166142256468,32
3,4,8,48,40,44,KR Rademacher,1.0561368618056406,0.28113686180563846,39
3,4,8,48,12,45,Dense Gaussian,2.1922589799574173,2.092258979957416,12
3,4,8,48,16,45,Dense Gaussian,1.8223046051784646,1.6223046051784653,16
3,4,8,48,24,45,Dense Gaussian,1.4109315961957378,1.0109315961957384,24
3,4,8,48,32,45,Dense Gaussian,1.1720229078132443,0.5720229078132455,32
3,4,8,48,40,45,Dense Gaussian,1.0845931309411245,0.2845931309411256,40
3,4,8,48,12,45,KR Gaussian,2.145879006818671,2.0458790068186694,12
3,4,8,48,16,45,KR Gaussian,1.6232944124885602,1.423294412488561,16
3,4,8,48,24,45,KR Gaussian,1.3015908850286655,0.901590885028666,24
3,4,8,48,32,45,KR Gaussian,1.1415671951142832,0.5415671951142844,32
3,4,8,48,40,45,KR Gaussian,1.0643234266317236,0.2643234266317265,40
3,4,8,48,12,45,KR Rademacher,2.791388094949136,2.6913880949491347,12
3,4,8,48,16,45,KR Rademacher,1.900000148468357,1.700000148468357,16
3,4,8,48,24,45,KR Rademacher,1.28193233022688,0.8819323302268813,24
3,4,8,48,32,45,KR Rademacher,1.162741520800135,0.6127415208001334,30
3,4,8,48,40,45,KR Rademacher,1.046053162461222,0.29605316246122193,38
3,4,8,48,12,46,Dense Gaussian,2.6457367923103075,2.545736792310306,12
3,4,8,48,16,46,Dense Gaussian,1.6860033866733453,1.4860033866733442,16
3,4,8,48,24,46,Dense Gaussian,1.353421240502354,0.9534212405023546,24
3,4,8,48,32,46,Dense Gaussian,1.1009019506944018,0.5009019506944039,32
3,4,8,48,40,46,Dense Gaussian,1.03904808879176,0.23904808879176187,40
3,4,8,48,12,46,KR Gaussian,2.193056627259784,2.0930566272597826,12
3,4,8,48,16,46,KR Gaussian,1.570256845860647,1.3702568458606468,16
3,4,8,48,24,46,KR Gaussian,1.296674765584772,0.8966747655847715,24
3,4,8,48,32,46,KR Gaussian,1.1038315501825986,0.5038315501825998,32
3,4,8,48,40,46,KR Gaussian,1.0339090614461277,0.23390906144613055,40
3,4,8,48,12,46,KR Rademacher,2.6181063657314354,2.5431063657314343,11
3,4,8,48,16,46,KR Rademacher,1.8775609488355238,1.7025609488355213,15
3,4,8,48,24,46,KR Rademacher,1.4788049979104176,1.1288049979104144,22
3,4,8,48,32,46,KR Rademacher,1.1724950148699094,0.647495014869909,29
3,4,8,48,40,46,KR Rademacher,1.0733530427052012,0.3483530427052006,37
3,4,8,48,12,47,Dense Gaussian,2.069947673003713,1.9699476730037118,12
3,4,8,48,16,47,Dense Gaussian,1.6074110133660806,1.4074110133660813,16
3,4,8,48,24,47,Dense Gaussian,1.2862780277956922,0.8862780277956936,24
3,4,8,48,32,47,Dense Gaussian,1.1429500883676074,0.5429500883676077,32
3,4,8,48,40,47,Dense Gaussian,1.0524276488162627,0.25242764881626556,40
3,4,8,48,12,47,KR Gaussian,2.435137275962024,2.3351372759620226,12
3,4,8,48,16,47,KR Gaussian,2.008189379569318,1.8081893795693178,16
3,4,8,48,24,47,KR Gaussian,1.3553416043360116,0.9553416043360112,24
3,4,8,48,32,47,KR Gaussian,1.1396561973153219,0.539656197315324,32
3,4,8,48,40,47,KR Gaussian,1.053885272327772,0.2538852723277749,40
3,4,8,48,12,47,KR Rademacher,1.9736892359165434,1.873689235916542,12
3,4,8,48,16,47,KR Rademacher,1.6919880190999557,1.4919880190999546,16
3,4,8,48,24,47,KR Rademacher,1.2695932385847692,0.8695932385847698,24
3,4,8,48,32,47,KR Rademacher,1.108904643420857,0.5089046434208573,32
3,4,8,48,40,47,KR Rademacher,1.0452993509705992,0.24529935097060118,40
3,4,8,48,12,48,Dense Gaussian,2.2702377749643396,2.1702377749643382,12
3,4,8,48,16,48,Dense Gaussian,1.8285127876972336,1.6285127876972334,16
3,4,8,48,24,48,Dense Gaussian,1.3579835215678262,0.9579835215678258,24
3,4,8,48,32,48,Dense Gaussian,1.151161076295634,0.5511610762956352,32
3,4,8,48,40,48,Dense Gaussian,1.0489918343817788,0.24899183438177985,40
3,4,8,48,12,48,KR Gaussian,2.276541632868014,2.1765416328680125,12
3,4,8,48,16,48,KR Gaussian,1.582233003587282,1.3822330035872818,16
3,4,8,48,24,48,KR Gaussian,1.3180183652767656,0.9180183652767653,24
3,4,8,48,32,48,KR Gaussian,1.1339665078513441,0.5339665078513463,32
3,4,8,48,40,48,KR Gaussian,1.0399325930412253,0.23993259304122816,40
3,4,8,48,12,48,KR Rademacher,2.2486556503786765,2.148655650378675,12
3,4,8,48,16,48,KR Rademacher,1.820399487009153,1.620399487009152,16
3,4,8,48,24,48,KR Rademacher,1.3806936495158872,0.9806936495158887,24
3,4,8,48,32,48,KR Rademacher,1.2076178219899596,0.6576178219899589,30
3,4,8,48,40,48,KR Rademacher,1.090129771953805,0.340129771953805,38
3,4,8,48,12,49,Dense Gaussian,1.767416416868536,1.6674164168685346,12
3,4,8,48,16,49,Dense Gaussian,1.5307232076560657,1.3307232076560664,16
3,4,8,48,24,49,Dense Gaussian,1.2426223089921322,0.8426223089921336,24
3,4,8,48,32,49,Dense Gaussian,1.1142822852638306,0.5142822852638318,32
3,4,8,48,40,49,Dense Gaussian,1.0518316076464993,0.25183160764650125,40
3,4,8,48,12,49,KR Gaussian,2.0534235289459017,1.9534235289459003,12
3,4,8,48,16,49,KR Gaussian,1.6774336789658015,1.4774336789658005,16
3,4,8,48,24,49,KR Gaussian,1.314885596691684,0.9148855966916827,24
3,4,8,48,32,49,KR Gaussian,1.132239653101994,0.5322396531019944,32
3,4,8,48,40,49,KR Gaussian,1.0539232285284097,0.25392322852841076,40
3,4,8,48,12,49,KR Rademacher,1.8558326351973902,1.7558326351973887,12
3,4,8,48,16,49,KR Rademacher,1.6552005813162047,1.4802005813162022,15
3,4,8,48,24,49,KR Rademacher,1.2410167102162477,0.866016710216245,23
3,4,8,48,32,49,KR Rademacher,1.1352454283540903,0.610245428354089,29
3,4,8,48,40,49,KR Rademacher,1.0568896027891785,0.3318896027891789,37
3,4,8,48,12,50,Dense Gaussian,1.9770529284986633,1.877052928498662,12
3,4,8,48,16,50,Dense Gaussian,1.5890814917164713,1.389081491716472,16
3,4,8,48,24,50,Dense Gaussian,1.2059852454055155,0.8059852454055161,24
3,4,8,48,32,50,Dense Gaussian,1.1331536516140819,0.5331536516140822,32
3,4,8,48,40,50,Dense Gaussian,1.0441864306287671,0.2441864306287691,40
3,4,8,48,12,50,KR Gaussian,2.5236626813404905,2.423662681340489,12
3,4,8,48,16,50,KR Gaussian,1.785041177445522,1.5850411774455218,16
3,4,8,48,24,50,KR Gaussian,1.283278872665126,0.8832788726651266,24
3,4,8,48,32,50,KR Gaussian,1.1403725390136135,0.5403725390136138,32
3,4,8,48,40,50,KR Gaussian,1.0564885721041488,0.25648857210415166,40
3,4,8,48,12,50,KR Rademacher,1.9140782725597036,1.8140782725597022,12
3,4,8,48,16,50,KR Rademacher,1.5292315191369967,1.3292315191369966,16
3,4,8,48,24,50,KR Rademacher,1.2571525584043712,0.8571525584043709,24
3,4,8,48,32,50,KR Rademacher,1.1271505059628604,0.5521505059628584,31
3,4,8,48,40,50,KR Rademacher,1.0486363287880103,0.2736363287880099,39
3,4,8,48,12,51,Dense Gaussian,3.0970397207028544,2.997039720702853,12
3,4,8,48,16,51,Dense Gaussian,2.0938384063326403,1.8938384063326401,16
3,4,8,48,24,51,Dense Gaussian,1.3028495991969091,0.9028495991969088,24
3,4,8,48,32,51,Dense Gaussian,1.1183972169979066,0.5183972169979079,32
3,4,8,48,40,51,Dense Gaussian,1.033162880495853,0.2331628804958541,40
3,4,8,48,12,51,KR Gaussian,2.268381002422811,2.1683810024228096,12
3,4,8,48,16,51,KR Gaussian,1.8549815375830772,1.654981537583077,16
3,4,8,48,24,51,KR Gaussian,1.3775150423678397,0.9775150423678394,24
3,4,8,48,32,51,KR Gaussian,1.1428051016536909,0.5428051016536912,32
3,4,8,48,40,51,KR Gaussian,1.0434357237809913,0.2434357237809941,40
3,4,8,48,12,51,KR Rademacher,2.678842155580849,2.5788421555808476,12
3,4,8,48,16,51,KR Rademacher,1.7746012421362307,1.5746012421362305,16
3,4,8,48,24,51,KR Rademacher,1.5268067629805255,1.1518067629805238,23
3,4,8,48,32,51,KR Rademacher,1.1539751075647136,0.5789751075647107,31
3,4,8,48,40,51,KR Rademacher,1.0718680953821718,0.32186809538217,38
3,4,8,48,12,52,Dense Gaussian,2.09457945428867,1.9945794542886688,12
3,4,8,48,16,52,Dense Gaussian,1.660552638981457,1.4605526389814578,16
3,4,8,48,24,52,Dense Gaussian,1.22441913749838,0.8244191374983814,24
3,4,8,48,32,52,Dense Gaussian,1.1258886635966494,0.5258886635966515,32
3,4,8,48,40,52,Dense Gaussian,1.0430955808006974,0.24309558080070026,40
3,4,8,48,12,52,KR Gaussian,2.0806098721112036,1.9806098721112022,12
3,4,8,48,16,52,KR Gaussian,1.6149095827003412,1.414909582700341,16
3,4,8,48,24,52,KR Gaussian,1.3231696670079724,0.9231696670079721,24
3,4,8,48,32,52,KR Gaussian,1.1213128688923746,0.5213128688923767,32
3,4,8,48,40,52,KR Gaussian,1.0430617380250382,0.24306173802504105,40
3,4,8,48,12,52,KR Rademacher,2.2952924938765857,2.1952924938765843,12
3,4,8,48,16,52,KR Rademacher,1.906771484670525,1.706771484670524,16
3,4,8,48,24,52,KR Rademacher,1.2356663509135313,0.8356663509135309,24
3,4,8,48,32,52,KR Rademacher,1.1309754138380566,0.5309754138380587,32
3,4,8,48,40,52,KR Rademacher,1.0481049006029437,0.24810490060294654,40
3,4,8,48,12,53,Dense Gaussian,2.2019954550124323,2.101995455012431,12
3,4,8,48,16,53,Dense Gaussian,1.6573345336030831,1.457334533603083,16
3,4,8,48,24,53,Dense Gaussian,1.3450232462590916,0.9450232462590904,24
3,4,8,48,32,53,Dense Gaussian,1.1495443078866767,0.5495443078866771,32
3,4,8,48,40,53,Dense Gaussian,1.0509710697200179,0.2509710697200198,40
3,4,8,48,12,53,KR Gaussian,2.1259623499890985,2.025962349989097,12
3,4,8,48,16,53,KR Gaussian,1.597538275765122,1.3975382757651218,16
3,4,8,48,24,53,KR Gaussian,1.2620819886459058,0.8620819886459063,24
3,4,8,48,32,53,KR Gaussian,1.1484940734034303,0.5484940734034325,32
3,4,8,48,40,53,KR Gaussian,1.064616712163934,0.2646167121639351,40
3,4,8,48,12,53,KR Rademacher,2.307029924643235,2.2070299246432334,12
3,4,8,48,16,53,KR Rademacher,1.6026131566535202,1.402613156653521,16
3,4,8,48,24,53,KR Rademacher,1.298029419719831,0.9480294197198287,22
3,4,8,48,32,53,KR Rademacher,1.1656917982811992,0.6406917982811979,29
3,4,8,48,40,53,KR Rademacher,1.0934495082110685,0.4184495082110704,35
3,4,8,48,12,54,Dense Gaussian,1.975656269145122,1.8756562691451206,12
3,4,8,48,16,54,Dense Gaussian,1.6230719600886925,1.4230719600886932,16
3,4,8,48,24,54,Dense Gaussian,1.2088623178502278,0.8088623178502274,24
3,4,8,48,32,54,Dense Gaussian,1.1460948814426368,0.5460948814426381,32
3,4,8,48,40,54,Dense Gaussian,1.0605430470813548,0.2605430470813559,40
3,4,8,48,12,54,KR Gaussian,2.063124657552839,1.9631246575528376,12
3,4,8,48,16,54,KR Gaussian,1.6886099748676475,1.4886099748676465,16
3,4,8,48,24,54,KR Gaussian,1.3005578111979688,0.9005578111979684,24
3,4,8,48,32,54,KR Gaussian,1.1607387687332693,0.5607387687332697,32
3,4,8,48,40,54,KR Gaussian,1.0815494874339935,0.28154948743399544,40
3,4,8,48,12,54,KR Rademacher,2.3404068272208463,2.240406827220845,12
3,4,8,48,16,54,KR Rademacher,1.7616052406006766,1.5616052406006764,16
3,4,8,48,24,54,KR Rademacher,1.3410180614360687,0.9660180614360669,23
3,4,8,48,32,54,KR Rademacher,1.1577851602034857,0.5827851602034837,31
3,4,8,48,40,54,KR Rademacher,1.0741385122218396,0.2991385122218393,39
3,4,8,48,12,55,Dense Gaussian,1.9225637583906803,1.8225637583906789,12
3,4,8,48,16,55,Dense Gaussian,1.7275686124827008,1.5275686124827015,16
3,4,8,48,24,55,Dense Gaussian,1.253116254031288,0.8531162540312884,24
3,4,8,48,32,55,Dense Gaussian,1.0929092518875816,0.49290925188758195,32
3,4,8,48,40,55,Dense Gaussian,1.0413870683798478,0.2413870683798507,40
3,4,8,48,12,55,KR Gaussian,2.5214528059590045,2.421452805959003,12
3,4,8,48,16,55,KR Gaussian,1.7570345845876751,1.5570345845876759,16
3,4,8,48,24,55,KR Gaussian,1.33295939329588,0.9329593932958815,24
3,4,8,48,32,55,KR Gaussian,1.1778481954229765,0.5778481954229768,32
3,4,8,48,40,55,KR Gaussian,1.0643631303052405,0.2643631303052416,40
3,4,8,48,12,55,KR Rademacher,2.593118095793997,2.518118095793996,11
3,4,8,48,16,55,KR Rademacher,1.928527949998851,1.7535279499988485,15
3,4,8,48,24,55,KR Rademacher,1.4015433017351322,1.0265433017351286,23
3,4,8,48,32,55,KR Rademacher,1.134696490651165,0.5596964906511612,31
3,4,8,48,40,55,KR Rademacher,1.0608679004445243,0.3108679004445243,38
3,4,8,48,12,56,Dense Gaussian,2.2370765537563067,2.1370765537563052,12
3,4,8,48,16,56,Dense Gaussian,1.6676354755363487,1.4676354755363494,16
3,4,8,48,24,56,Dense Gaussian,1.3224759398142236,0.9224759398142233,24
3,4,8,48,32,56,Dense Gaussian,1.0998848973597504,0.4998848973597507,32
3,4,8,48,40,56,Dense Gaussian,1.0422259317480318,0.2422259317480311,40
3,4,8,48,12,56,KR Gaussian,1.9565308386160858,1.8565308386160844,12
3,4,8,48,16,56,KR Gaussian,1.473251649844924,1.2732516498449247,16
3,4,8,48,24,56,KR Gaussian,1.237650416085195,0.8376504160851947,24
3,4,8,48,32,56,KR Gaussian,1.1095348928328512,0.5095348928328534,32
3,4,8,48,40,56,KR Gaussian,1.0413958797010014,0.2413958797010025,40
3,4,8,48,12,56,KR Rademacher,1.9487329999171852,1.8487329999171838,12
3,4,8,48,16,56,KR Rademacher,1.5612034456370187,1.3612034456370186,16
3,4,8,48,24,56,KR Rademacher,1.2675696661581988,0.8675696661581984,24
3,4,8,48,32,56,KR Rademacher,1.1409475397203384,0.5659475397203355,31
3,4,8,48,40,56,KR Rademacher,1.0426756051000687,0.2676756051000684,39
3,4,8,48,12,57,Dense Gaussian,2.5940760910218117,2.4940760910218103,12
3,4,8,48,16,57,Dense Gaussian,1.9391645930989974,1.7391645930989972,16
3,4,8,48,24,57,Dense Gaussian,1.2654402862595155,0.8654402862595152,24
3,4,8,48,32,57,Dense Gaussian,1.1105724967292776,0.510572496729278,32
3,4,8,48,40,57,Dense Gaussian,1.0431096198750396,0.24310961987504243,40
3,4,8,48,12,57,KR Gaussian,2.126800227152665,2.0268002271526635,12
3,4,8,48,16,57,KR Gaussian,1.665976993303155,1.4659769933031548,16
3,4,8,48,24,57,KR Gaussian,1.3120726743546172,0.9120726743546168,24
3,4,8,48,32,57,KR Gaussian,1.1549219911576794,0.5549219911576806,32
3,4,8,48,40,57,KR Gaussian,1.0676542819696921,0.2676542819696941,40
3,4,8,48,12,57,KR Rademacher,2.110005003749471,2.0100050037494697,12
3,4,8,48,16,57,KR Rademacher,1.6122778415572068,1.4372778415572043,15
3,4,8,48,24,57,KR Rademacher,1.3456368087317703,1.0206368087317674,21
3,4,8,48,32,57,KR Rademacher,1.2046416332053997,0.704641633205398,28
3,4,8,48,40,57,KR Rademacher,1.0780871293714256,0.3780871293714263,36
3,4,8,48,12,58,Dense Gaussian,1.949645302136858,1.8496453021368566,12
3,4,8,48,16,58,Dense Gaussian,1.5279267610376772,1.3279267610376762,16
3,4,8,48,24,58,Dense Gaussian,1.2612148527662033,0.8612148527662047,24
3,4,8,48,32,58,Dense Gaussian,1.139971259051432,0.5399712590514341,32
3,4,8,48,40,58,Dense Gaussian,1.0619396409447628,0.26193964094476563,40
3,4,8,48,12,58,KR Gaussian,1.8217117515597714,1.72171175155977,12
3,4,8,48,16,58,KR Gaussian,1.4135294438991117,1.2135294438991115,16
3,4,8,48,24,58,KR Gaussian,1.2033264615043802,0.8033264615043798,24
3,4,8,48,32,58,KR Gaussian,1.1050164695722327,0.5050164695722348,32
3,4,8,48,40,58,KR Gaussian,1.0421513165173302,0.24215131651733302,40
3,4,8,48,12,58,KR Rademacher,2.3088654180414405,2.208865418041439,12
3,4,8,48,16,58,KR Rademacher,1.612266626838438,1.4122666268384378,16
3,4,8,48,24,58,KR Rademacher,1.2731564037854426,0.8731564037854422,24
3,4,8,48,32,58,KR Rademacher,1.1458462437766324,0.5458462437766336,32
3,4,8,48,40,58,KR Rademacher,1.0674879262974368,0.2674879262974379,40
3,4,8,48,12,59,Dense Gaussian,2.27035742648017,2.1703574264801686,12
3,4,8,48,16,59,Dense Gaussian,1.7195897214434144,1.5195897214434133,16
3,4,8,48,24,59,Dense Gaussian,1.3291507107110219,0.9291507107110224,24
3,4,8,48,32,59,Dense Gaussian,1.1389613321674057,0.5389613321674069,32
3,4,8,48,40,59,Dense Gaussian,1.0547846312423745,0.2547846312423765,40
3,4,8,48,12,59,KR Gaussian,1.922939448611837,1.8229394486118355,12
3,4,8,48,16,59,KR Gaussian,1.5925874965014817,1.3925874965014806,16
3,4,8,48,24,59,KR Gaussian,1.3053450210685478,0.9053450210685483,24
3,4,8,48,32,59,KR Gaussian,1.113884830018005,0.5138848300180072,32
3,4,8,48,40,59,KR Gaussian,1.051367848490214,0.2513678484902151,40
3,4,8,48,12,59,KR Rademacher,2.346678023719324,2.2466780237193227,12
3,4,8,48,16,59,KR Rademacher,1.8122571210618368,1.6122571210618375,16
3,4,8,48,24,59,KR Rademacher,1.359447232484717,0.9844472324847153,23
3,4,8,48,32,59,KR Rademacher,1.1769365943431627,0.6019365943431616,31
3,4,8,48,40,59,KR Rademacher,1.1057947176666936,0.38079471766669215,37
3,4,8,48,12,60,Dense Gaussian,2.120141212527068,2.020141212527067,12
3,4,8,48,16,60,Dense Gaussian,1.6603567217895305,1.4603567217895312,16
3,4,8,48,24,60,Dense Gaussian,1.3381647817724645,0.9381647817724659,24
3,4,8,48,32,60,Dense Gaussian,1.1363150799099682,0.5363150799099685,32
3,4,8,48,40,60,Dense Gaussian,1.0421029617565694,0.24210296175657042,40
3,4,8,48,12,60,KR Gaussian,2.666717228208702,2.5667172282087005,12
3,4,8,48,16,60,KR Gaussian,1.8184057450796054,1.6184057450796043,16
3,4,8,48,24,60,KR Gaussian,1.2546177328686756,0.8546177328686753,24
3,4,8,48,32,60,KR Gaussian,1.111049811950001,0.5110498119500022,32
3,4,8,48,40,60,KR Gaussian,1.0515257334318715,0.25152573343187257,40
3,4,8,48,12,60,KR Rademacher,2.1411988802003386,2.041198880200337,12
3,4,8,48,16,60,KR Rademacher,1.7810734247234237,1.5810734247234235,16
3,4,8,48,24,60,KR Rademacher,1.3428510264671925,0.9428510264671921,24
3,4,8,48,32,60,KR Rademacher,1.1134317960219375,0.5134317960219388,32
3,4,8,48,40,60,KR Rademacher,1.0575787297387071,0.2825787297387059,39
3,4,8,48,12,61,Dense Gaussian,2.8172439057394296,2.717243905739428,12
3,4,8,48,16,61,Dense Gaussian,1.8917575475632278,1.6917575475632276,16
3,4,8,48,24,61,Dense Gaussian,1.3472784109071823,0.947278410907181,24
3,4,8,48,32,61,Dense Gaussian,1.1133855429782304,0.5133855429782308,32
3,4,8,48,40,61,Dense Gaussian,1.0434552993315638,0.24345529933156485,40
3,4,8,48,12,61,KR Gaussian,1.9153005127045262,1.8153005127045247,12
3,4,8,48,16,61,KR Gaussian,1.4676694450555727,1.2676694450555726,16
3,4,8,48,24,61,KR Gaussian,1.215171763490945,0.8151717634909463,24
3,4,8,48,32,61,KR Gaussian,1.1198431063962513,0.5198431063962516,32
3,4,8,48,40,61,KR Gaussian,1.0616009770484283,0.2616009770484311,40
3,4,8,48,12,61,KR Rademacher,1.778488380168568,1.6784883801685666,12
3,4,8,48,16,61,KR Rademacher,1.5565873842927314,1.3565873842927303,16
3,4,8,48,24,61,KR Rademacher,1.3548839423054098,1.0048839423054066,22
3,4,8,48,32,61,KR Rademacher,1.2078272199897295,0.6828272199897274,29
3,4,8,48,40,61,KR Rademacher,1.0987241791055968,0.3737241791055954,37
3,4,8,48,12,62,Dense Gaussian,2.330211265558944,2.2302112655589426,12
3,4,8,48,16,62,Dense Gaussian,1.6480230132789018,1.4480230132789025,16
3,4,8,48,24,62,Dense Gaussian,1.2113423854741807,0.8113423854741821,24
3,4,8,48,32,62,Dense Gaussian,1.1194499411590089,0.5194499411590101,32
3,4,8,48,40,62,Dense Gaussian,1.0384087926835157,0.23840879268351856,40
3,4,8,48,12,62,KR Gaussian,2.0925958727511897,1.9925958727511883,12
3,4,8,48,16,62,KR Gaussian,1.6398060281953706,1.4398060281953704,16
3,4,8,48,24,62,KR Gaussian,1.2811850389638373,0.8811850389638387,24
3,4,8,48,32,62,KR Gaussian,1.1125914203040006,0.5125914203040018,32
3,4,8,48,40,62,KR Gaussian,1.0412702013745578,0.2412702013745598,40
3,4,8,48,12,62,KR Rademacher,2.0695544106118247,1.9695544106118232,12
3,4,8,48,16,62,KR Rademacher,1.6622260836147165,1.487226083614714,15
3,4,8,48,24,62,KR Rademacher,1.2923166836419835,0.9423166836419821,22
3,4,8,48,32,62,KR Rademacher,1.1690307788608694,0.6440307788608681,29
3,4,8,48,40,62,KR Rademacher,1.054244875309216,0.32924487530921454,37
3,4,8,48,12,63,Dense Gaussian,2.0211108301883147,1.9211108301883133,12
3,4,8,48,16,63,Dense Gaussian,1.516021166443208,1.3160211664432069,16
3,4,8,48,24,63,Dense Gaussian,1.2710516841416215,0.8710516841416212,24
3,4,8,48,32,63,Dense Gaussian,1.1435051242925258,0.543505124292528,32
3,4,8,48,40,63,Dense Gaussian,1.0431811121181598,0.24318111211816174,40
3,4,8,48,12,63,KR Gaussian,2.5380724559495658,2.4380724559495643,12
3,4,8,48,16,63,KR Gaussian,1.9889085330807532,1.7889085330807522,16
3,4,8,48,24,63,KR Gaussian,1.381288757878151,0.9812887578781506,24
3,4,8,48,32,63,KR Gaussian,1.184096639897743,0.5840966398977443,32
3,4,8,48,40,63,KR Gaussian,1.0699573650984195,0.2699573650984224,40
3,4,8,48,12,63,KR Rademacher,2.190777107060379,2.0907771070603776,12
3,4,8,48,16,63,KR Rademacher,1.73581879365328,1.535818793653279,16
3,4,8,48,24,63,KR Rademacher,1.2900838904338663,0.9150838904338645,23
3,4,8,48,32,63,KR Rademacher,1.119480698862315,0.5444806988623139,31
3,4,8,48,40,63,KR Rademacher,1.0465445323443818,0.29654453234438094,38
3,4,8,48,12,64,Dense Gaussian,2.0457976903385227,1.9457976903385212,12
3,4,8,48,16,64,Dense Gaussian,1.5777179322120158,1.3777179322120165,16
3,4,8,48,24,64,Dense Gaussian,1.2415839799478627,0.8415839799478633,24
3,4,8,48,32,64,Dense Gaussian,1.1172621735955621,0.5172621735955616,32
3,4,8,48,40,64,Dense Gaussian,1.04013029105914,0.24013029105914185,40
3,4,8,48,12,64,KR Gaussian,2.3448142636472884,2.244814263647287,12
3,4,8,48,16,64,KR Gaussian,1.6536241543147128,1.4536241543147117,16
3,4,8,48,24,64,KR Gaussian,1.3350885502441905,0.9350885502441919,24
3,4,8,48,32,64,KR Gaussian,1.1509201494365975,0.5509201494365978,32
3,4,8,48,40,64,KR Gaussian,1.0704474323389306,0.2704474323389334,40
3,4,8,48,12,64,KR Rademacher,1.9731246394927417,1.8731246394927403,12
3,4,8,48,16,64,KR Rademacher,1.668498688865034,1.4684986888650329,16
3,4,8,48,24,64,KR Rademacher,1.3571070755676864,0.9571070755676878,24
3,4,8,48,32,64,KR Rademacher,1.1346424996047233,0.5346424996047254,32
3,4,8,48,40,64,KR Rademacher,1.0678287198810477,0.29282871988104553,39
3,4,8,48,12,65,Dense Gaussian,2.2490475735891824,2.149047573589181,12
3,4,8,48,16,65,Dense Gaussian,1.678887010059114,1.4788870100591147,16
3,4,8,48,24,65,Dense Gaussian,1.2912310631999855,0.8912310631999851,24
3,4,8,48,32,65,Dense Gaussian,1.1379449924921339,0.537944992492136,32
3,4,8,48,40,65,Dense Gaussian,1.0466487378951035,0.24664873789510544,40
3,4,8,48,12,65,KR Gaussian,2.244235172969809,2.1442351729698075,12
3,4,8,48,16,65,KR Gaussian,1.7905179028795413,1.590517902879541,16
3,4,8,48,24,65,KR Gaussian,1.2991354360539376,0.8991354360539372,24
3,4,8,48,32,65,KR Gaussian,1.122658360158617,0.5226583601586174,32
3,4,8,48,40,65,KR Gaussian,1.0385240535592732,0.2385240535592743,40
3,4,8,48,12,65,KR Rademacher,2.413890232914855,2.3138902329148534,12
3,4,8,48,16,65,KR Rademacher,1.6974519474343177,1.4974519474343175,16
3,4,8,48,24,65,KR Rademacher,1.3552192656730808,0.9552192656730814,24
3,4,8,48,32,65,KR Rademacher,1.120329969208349,0.545329969208348,31
3,4,8,48,40,65,KR Rademacher,1.0467786447581489,0.2717786447581485,39
3,4,8,48,12,66,Dense Gaussian,2.1595830842900474,2.059583084290046,12
3,4,8,48,16,66,Dense Gaussian,1.7961398099218782,1.596139809921878,16
3,4,8,48,24,66,Dense Gaussian,1.3130992636501073,0.913099263650107,24
3,4,8,48,32,66,Dense Gaussian,1.1370851999000848,0.537085199900087,32
3,4,8,48,40,66,Dense Gaussian,1.0423577211372557,0.24235772113725673,40
3,4,8,48,12,66,KR Gaussian,2.1365075023551885,2.036507502355187,12
3,4,8,48,16,66,KR Gaussian,1.506742971408885,1.3067429714088856,16
3,4,8,48,24,66,KR Gaussian,1.2197934868023088,0.8197934868023093,24
3,4,8,48,32,66,KR Gaussian,1.1021220750197873,0.5021220750197877,32
3,4,8,48,40,66,KR Gaussian,1.026587610473868,0.2265876104738691,40
3,4,8,48,12,66,KR Rademacher,2.521831308459811,2.44683130845981,11
3,4,8,48,16,66,KR Rademacher,1.8778920684061102,1.7028920684061077,15
3,4,8,48,24,66,KR Rademacher,1.3435881672017977,0.968588167201796,23
3,4,8,48,32,66,KR Rademacher,1.152155826811926,0.6021558268119236,30
3,4,8,48,40,66,KR Rademacher,1.077835825471336,0.3528358254713364,37
3,4,8,48,12,67,Dense Gaussian,2.636344242533765,2.5363442425337634,12
3,4,8,48,16,67,Dense Gaussian,1.641676523829413,1.441676523829413,16
3,4,8,48,24,67,Dense Gaussian,1.3090913285249268,0.9090913285249265,24
3,4,8,48,32,67,Dense Gaussian,1.1037106547870144,0.5037106547870156,32
3,4,8,48,40,67,Dense Gaussian,1.0407067246319945,0.24070672463199827,40
3,4,8,48,12,67,KR Gaussian,2.365148139288614,2.2651481392886126,12
3,4,8,48,16,67,KR Gaussian,1.6548340116385578,1.4548340116385567,16
3,4,8,48,24,67,KR Gaussian,1.2644495916853673,0.8644495916853678,24
3,4,8,48,32,67,KR Gaussian,1.1378365509762176,0.5378365509762197,32
3,4,8,48,40,67,KR Gaussian,1.0540287586231454,0.25402875862314644,40
3,4,8,48,12,67,KR Rademacher,2.196909152780166,2.0969091527801647,12
3,4,8,48,16,67,KR Rademacher,1.659085943735052,1.4590859437350527,16
3,4,8,48,24,67,KR Rademacher,1.2884302890513837,0.9134302890513819,23
3,4,8,48,32,67,KR Rademacher,1.1473907363072318,0.597390736307231,30
3,4,8,48,40,67,KR Rademacher,1.0479268634755252,0.29792686347552433,38
3,4,8,48,12,68,Dense Gaussian,2.6364648113484463,2.536464811348445,12
3,4,8,48,16,68,Dense Gaussian,1.6645753365022928,1.4645753365022927,16
3,4,8,48,24,68,Dense Gaussian,1.2540845686647604,0.85408456866476,24
3,4,8,48,32,68,Dense Gaussian,1.1052796080153637,0.5052796080153641,32
3,4,8,48,40,68,Dense Gaussian,1.0496184902733283,0.24961849027332939,40
3,4,8,48,12,68,KR Gaussian,2.4235230458854904,2.323523045885489,12
3,4,8,48,16,68,KR Gaussian,1.7875322961150069,1.5875322961150058,16
3,4,8,48,24,68,KR Gaussian,1.2741038499558002,0.8741038499558016,24
3,4,8,48,32,68,KR Gaussian,1.1316397784219188,0.5316397784219209,32
3,4,8,48,40,68,KR Gaussian,1.0437152170429362,0.2437152170429382,40
3,4,8,48,12,68,KR Rademacher,2.3643092327661623,2.264309232766161,12
3,4,8,48,16,68,KR Rademacher,1.7559514702121692,1.5809514702121668,15
3,4,8,48,24,68,KR Rademacher,1.3166824899586764,0.9416824899586747,23
3,4,8,48,32,68,KR Rademacher,1.1912737347464866,0.6412737347464841,30
3,4,8,48,40,68,KR Rademacher,1.1083123756880955,0.4083123756880944,36
3,4,8,48,12,69,Dense Gaussian,2.247404949143739,2.1474049491437377,12
3,4,8,48,16,69,Dense Gaussian,1.727319617093264,1.527319617093264,16
3,4,8,48,24,69,Dense Gaussian,1.2982440687847046,0.8982440687847024,24
3,4,8,48,32,69,Dense Gaussian,1.1420659519327128,0.5420659519327149,32
3,4,8,48,40,69,Dense Gaussian,1.0473888630289157,0.2473888630289185,40
3,4,8,48,12,69,KR Gaussian,2.074905855392819,1.9749058553928176,12
3,4,8,48,16,69,KR Gaussian,1.7503735642213556,1.5503735642213545,16
3,4,8,48,24,69,KR Gaussian,1.274847919832638,0.8748479198326375,24
3,4,8,48,32,69,KR Gaussian,1.1201820812447654,0.5201820812447657,32
3,4,8,48,40,69,KR Gaussian,1.038453161650347,0.2384531616503498,40
3,4,8,48,12,69,KR Rademacher,1.8558708792347964,1.755870879234795,12
3,4,8,48,16,69,KR Rademacher,1.4437463305726643,1.2437463305726641,16
3,4,8,48,24,69,KR Rademacher,1.2363031514938818,0.8363031514938832,24
3,4,8,48,32,69,KR Rademacher,1.144603845188918,0.5446038451889201,32
3,4,8,48,40,69,KR Rademacher,1.0693990845461112,0.2943990845461091,39
3,4,8,48,12,70,Dense Gaussian,1.6297168673209184,1.529716867320917,12
3,4,8,48,16,70,Dense Gaussian,1.4131803135897467,1.2131803135897465,16
3,4,8,48,24,70,Dense Gaussian,1.1849744253234693,0.7849744253234707,24
3,4,8,48,32,70,Dense Gaussian,1.0700766153164913,0.4700766153164935,32
3,4,8,48,40,70,Dense Gaussian,1.0306366190524692,0.23063661905247201,40
3,4,8,48,12,70,KR Gaussian,2.0265585211231123,1.9265585211231109,12
3,4,8,48,16,70,KR Gaussian,1.6265218096239131,1.4265218096239138,16
3,4,8,48,24,70,KR Gaussian,1.2611334560974337,0.8611334560974342,24
3,4,8,48,32,70,KR Gaussian,1.1063006217602727,0.5063006217602748,32
3,4,8,48,40,70,KR Gaussian,1.0446761895283831,0.2446761895283842,40
3,4,8,48,12,70,KR Rademacher,1.9290260628116709,1.8290260628116695,12
3,4,8,48,16,70,KR Rademacher,1.6417851530254355,1.4417851530254353,16
3,4,8,48,24,70,KR Rademacher,1.3029418085453193,0.9279418085453166,23
3,4,8,48,32,70,KR Rademacher,1.134587490044911,0.55958749004491,31
3,4,8,48,40,70,KR Rademacher,1.0536010960904596,0.27860109609046013,39
3,4,8,48,12,71,Dense Gaussian,2.3814110030232705,2.281411003023269,12
3,4,8,48,16,71,Dense Gaussian,1.951953988829846,1.7519539888298468,16
3,4,8,48,24,71,Dense Gaussian,1.26380687886709,0.8638068788670896,24
3,4,8,48,32,71,Dense Gaussian,1.099954550115024,0.49995455011502443,32
3,4,8,48,40,71,Dense Gaussian,1.039573969439438,0.2395739694394372,40
3,4,8,48,12,71,KR Gaussian,2.2099846360947195,2.109984636094718,12
3,4,8,48,16,71,KR Gaussian,1.6121437432230188,1.4121437432230177,16
3,4,8,48,24,71,KR Gaussian,1.2593783742630524,0.8593783742630539,24
3,4,8,48,32,71,KR Gaussian,1.145735839930654,0.5457358399306553,32
3,4,8,48,40,71,KR Gaussian,1.0416247716608371,0.24162477166083818,40
3,4,8,48,12,71,KR Rademacher,2.011001136529222,1.9110011365292205,12
3,4,8,48,16,71,KR Rademacher,1.5303731420741817,1.3303731420741816,16
3,4,8,48,24,71,KR Rademacher,1.199631568746364,0.7996315687463635,24
3,4,8,48,32,71,KR Rademacher,1.1099803322029667,0.5349803322029647,31
3,4,8,48,40,71,KR Rademacher,1.0415143934497246,0.2665143934497234,39
3,4,8,48,12,72,Dense Gaussian,2.241696293254785,2.1416962932547836,12
3,4,8,48,16,72,Dense Gaussian,1.6581060564159893,1.4581060564159891,16
3,4,8,48,24,72,Dense Gaussian,1.3080363942584503,0.9080363942584508,24
3,4,8,48,32,72,Dense Gaussian,1.1538876072985786,0.5538876072985808,32
3,4,8,48,40,72,Dense Gaussian,1.0515362815515736,0.2515362815515765,40
3,4,8,48,12,72,KR Gaussian,3.0033562165968384,2.903356216596837,12
3,4,8,48,16,72,KR Gaussian,1.9294284492743614,1.7294284492743621,16
3,4,8,48,24,72,KR Gaussian,1.379114367764437,0.9791143677644367,24
3,4,8,48,32,72,KR Gaussian,1.160264409023804,0.5602644090238051,32
3,4,8,48,40,72,KR Gaussian,1.080716605381121,0.280716605381123,40
3,4,8,48,12,72,KR Rademacher,2.293701138203616,2.1937011382036147,12
3,4,8,48,16,72,KR Rademacher,1.8477830265648159,1.6477830265648166,16
3,4,8,48,24,72,KR Rademacher,1.3650523724358559,0.9900523724358532,23
3,4,8,48,32,72,KR Rademacher,1.1785737669664087,0.6035737669664076,31
3,4,8,48,40,72,KR Rademacher,1.0557408052053328,0.2807408052053315,39
3,4,8,48,12,73,Dense Gaussian,1.8514429266001393,1.751442926600138,12
3,4,8,48,16,73,Dense Gaussian,1.4592483825165052,1.259248382516505,16
3,4,8,48,24,73,Dense Gaussian,1.2340735213342846,0.8340735213342843,24
3,4,8,48,32,73,Dense Gaussian,1.118365898753126,0.5183658987531281,32
3,4,8,48,40,73,Dense Gaussian,1.0299557808460804,0.22995578084608326,40
3,4,8,48,12,73,KR Gaussian,2.0464247013513877,1.9464247013513862,12
3,4,8,48,16,73,KR Gaussian,1.8043518583725877,1.6043518583725875,16
3,4,8,48,24,73,KR Gaussian,1.3041024117713853,0.904102411771385,24
3,4,8,48,32,73,KR Gaussian,1.1222838063719536,0.5222838063719557,32
3,4,8,48,40,73,KR Gaussian,1.0415474695243336,0.2415474695243347,40
3,4,8,48,12,73,KR Rademacher,2.3943286385539535,2.294328638553952,12
3,4,8,48,16,73,KR Rademacher,1.6840621243785048,1.4840621243785046,16
3,4,8,48,24,73,KR Rademacher,1.2959641827140214,0.895964182714021,24
3,4,8,48,32,73,KR Rademacher,1.1401482968338916,0.59014829683389,30
3,4,8,48,40,73,KR Rademacher,1.058774095541441,0.3087740955414411,38
3,4,8,48,12,74,Dense Gaussian,2.228257484514552,2.1282574845145508,12
3,4,8,48,16,74,Dense Gaussian,1.8279623119823878,1.6279623119823876,16
3,4,8,48,24,74,Dense Gaussian,1.3376811380511597,0.9376811380511612,24
3,4,8,48,32,74,Dense Gaussian,1.1382840857750924,0.5382840857750928,32
3,4,8,48,40,74,Dense Gaussian,1.0457326456498164,0.24573264564981834,40
3,4,8,48,12,74,KR Gaussian,2.0308936639414314,1.93089366394143,12
3,4,8,48,16,74,KR Gaussian,1.4573695108957079,1.2573695108957068,16
3,4,8,48,24,74,KR Gaussian,1.236203622899164,0.8362036228991663,24
3,4,8,48,32,74,KR Gaussian,1.0940038158472003,0.49400381584720243,32
3,4,8,48,40,74,KR Gaussian,1.0323205707184364,0.23232057071843926,40
3,4,8,48,12,74,KR Rademacher,2.154112776306354,2.0541127763063525,12
3,4,8,48,16,74,KR Rademacher,1.823406248586572,1.623406248586571,16
3,4,8,48,24,74,KR Rademacher,1.3287682138277166,0.9287682138277162,24
3,4,8,48,32,74,KR Rademacher,1.1601321137560348,0.5851321137560319,31
3,4,8,48,40,74,KR Rademacher,1.0637054003429114,0.28870540034291103,39
3,4,8,48,12,75,Dense Gaussian,2.1701218554682677,2.0701218554682663,12
3,4,8,48,16,75,Dense Gaussian,1.7897779374306335,1.5897779374306342,16
3,4,8,48,24,75,Dense Gaussian,1.3319327405816708,0.9319327405816722,24
3,4,8,48,32,75,Dense Gaussian,1.1274105239232437,0.5274105239232458,32
3,4,8,48,40,75,Dense Gaussian,1.0440959678684774,0.2440959678684802,40
3,4,8,48,12,75,KR Gaussian,1.9833269755188248,1.8833269755188233,12
3,4,8,48,16,75,KR Gaussian,1.7116223321563062,1.511622332156306,16
3,4,8,48,24,75,KR Gaussian,1.3267852148614754,0.926785214861475,24
3,4,8,48,32,75,KR Gaussian,1.180563224028523,0.5805632240285252,32
3,4,8,48,40,75,KR Gaussian,1.0661517343665885,0.26615173436658957,40
3,4,8,48,12,75,KR Rademacher,1.7280798077976156,1.6280798077976142,12
3,4,8,48,16,75,KR Rademacher,1.4421772286195154,1.2421772286195152,16
3,4,8,48,24,75,KR Rademacher,1.210452970409274,0.835452970409273,23
3,4,8,48,32,75,KR Rademacher,1.1229434689216902,0.5729434689216877,30
3,4,8,48,40,75,KR Rademacher,1.0480008454198462,0.29800084541984617,38
3,4,8,48,12,76,Dense Gaussian,2.320667596710483,2.2206675967104816,12
3,4,8,48,16,76,Dense Gaussian,1.7497382016918976,1.5497382016918984,16
3,4,8,48,24,76,Dense Gaussian,1.2955999709596373,0.895599970959637,24
3,4,8,48,32,76,Dense Gaussian,1.1559541931788697,0.5559541931788701,32
3,4,8,48,40,76,Dense Gaussian,1.0614125601298525,0.2614125601298536,40
3,4,8,48,12,76,KR Gaussian,1.7899122529120888,1.6899122529120874,12
3,4,8,48,16,76,KR Gaussian,1.4073735460176096,1.2073735460176094,16
3,4,8,48,24,76,KR Gaussian,1.1997643411683292,0.7997643411683306,24
3,4,8,48,32,76,KR Gaussian,1.0774598488349456,0.47745984883494685,32
3,4,8,48,40,76,KR Gaussian,1.0219845210094638,0.22198452100946753,40
3,4,8,48,12,76,KR Rademacher,2.3270365989721657,2.2270365989721643,12
3,4,8,48,16,76,KR Rademacher,1.7599932543898706,1.5599932543898696,16
3,4,8,48,24,76,KR Rademacher,1.2845084097308188,0.9095084097308153,23
3,4,8,48,32,76,KR Rademacher,1.1718770317502738,0.6218770317502731,30
3,4,8,48,40,76,KR Rademacher,1.0774514844107639,0.3274514844107621,38
3,4,8,48,12,77,Dense Gaussian,2.3075477970327123,2.207547797032711,12
3,4,8,48,16,77,Dense Gaussian,1.8206757955849318,1.6206757955849316,16
3,4,8,48,24,77,Dense Gaussian,1.348972544476764,0.9489725444767636,24
3,4,8,48,32,77,Dense Gaussian,1.1893533658764834,0.5893533658764838,32
3,4,8,48,40,77,Dense Gaussian,1.0513953542550851,0.25139535425508797,40
3,4,8,48,12,77,KR Gaussian,1.9682396267981028,1.8682396267981014,12
3,4,8,48,16,77,KR Gaussian,1.65033535963261,1.4503353596326098,16
3,4,8,48,24,77,KR Gaussian,1.2359144834341258,0.8359144834341272,24
3,4,8,48,32,77,KR Gaussian,1.0950322744044385,0.49503227440444064,32
3,4,8,48,40,77,KR Gaussian,1.0470427378747509,0.24704273787475373,40
3,4,8,48,12,77,KR Rademacher,2.177545321314269,2.0775453213142674,12
3,4,8,48,16,77,KR Rademacher,1.7039832286904701,1.5039832286904709,16
3,4,8,48,24,77,KR Rademacher,1.316776110212981,0.9167761102129806,24
3,4,8,48,32,77,KR Rademacher,1.1282343934631678,0.5532343934631658,31
3,4,8,48,40,77,KR Rademacher,1.0499222015941898,0.27492220159418856,39
3,4,8,48,12,78,Dense Gaussian,2.317601613114787,2.2176016131147858,12
3,4,8,48,16,78,Dense Gaussian,1.6148823582165228,1.4148823582165235,16
3,4,8,48,24,78,Dense Gaussian,1.3064930911450912,0.9064930911450908,24
3,4,8,48,32,78,Dense Gaussian,1.1692608814252736,0.5692608814252758,32
3,4,8,48,40,78,Dense Gaussian,1.0642318117992602,0.264231811799263,40
3,4,8,48,12,78,KR Gaussian,1.9136208114828346,1.8136208114828332,12
3,4,8,48,16,78,KR Gaussian,1.6181771339084143,1.4181771339084142,16
3,4,8,48,24,78,KR Gaussian,1.2065074544216836,0.8065074544216841,24
3,4,8,48,32,78,KR Gaussian,1.1018900911254486,0.5018900911254498,32
3,4,8,48,40,78,KR Gaussian,1.0400270672785856,0.24002706727858758,40
3,4,8,48,12,78,KR Rademacher,2.27987784269322,2.1798778426932186,12
3,4,8,48,16,78,KR Rademacher,1.6236964886056349,1.4236964886056347,16
3,4,8,48,24,78,KR Rademacher,1.3621626887202325,0.9871626887202307,23
3,4,8,48,32,78,KR Rademacher,1.1741555127916055,0.624155512791603,30
3,4,8,48,40,78,KR Rademacher,1.0656661932150175,0.3406661932150179,37
3,4,8,48,12,79,Dense Gaussian,2.248742335333291,2.1487423353332895,12
3,4,8,48,16,79,Dense Gaussian,1.7198086965865196,1.5198086965865194,16
3,4,8,48,24,79,Dense Gaussian,1.2818321974191598,0.8818321974191612,24
3,4,8,48,32,79,Dense Gaussian,1.1573161677865231,0.5573161677865244,32
3,4,8,48,40,79,Dense Gaussian,1.0602730849652104,0.2602730849652133,40
3,4,8,48,12,79,KR Gaussian,2.025743487446114,1.9257434874461126,12
3,4,8,48,16,79,KR Gaussian,1.5777326944569054,1.3777326944569062,16
3,4,8,48,24,79,KR Gaussian,1.284055812824353,0.8840558128243536,24
3,4,8,48,32,79,KR Gaussian,1.1409997045969522,0.5409997045969526,32
3,4,8,48,40,79,KR Gaussian,1.067702301326988,0.26770230132698813,40
3,4,8,48,12,79,KR Rademacher,2.028616721609783,1.9286167216097816,12
3,4,8,48,16,79,KR Rademacher,1.6922462424215379,1.4922462424215386,16
3,4,8,48,24,79,KR Rademacher,1.3291046041958374,0.9291046041958371,24
3,4,8,48,32,79,KR Rademacher,1.1180433723949896,0.5180433723949918,32
3,4,8,48,40,79,KR Rademacher,1.0467494181530768,0.2467494181530796,40
3,4,8,48,12,80,Dense Gaussian,2.230135190093897,2.1301351900938954,12
3,4,8,48,16,80,Dense Gaussian,1.8528861090338484,1.6528861090338482,16
3,4,8,48,24,80,Dense Gaussian,1.4142677141443203,1.0142677141443208,24
3,4,8,48,32,80,Dense Gaussian,1.1283798040864648,0.528379804086466,32
3,4,8,48,40,80,Dense Gaussian,1.0494143856986256,0.2494143856986284,40
3,4,8,48,12,80,KR Gaussian,2.325117519547092,2.2251175195470907,12
3,4,8,48,16,80,KR Gaussian,1.6969762400797315,1.4969762400797322,16
3,4,8,48,24,80,KR Gaussian,1.314914318179559,0.9149143181795587,24
3,4,8,48,32,80,KR Gaussian,1.1822243214262071,0.5822243214262066,32
3,4,8,48,40,80,KR Gaussian,1.060466824464469,0.260466824464471,40
3,4,8,48,12,80,KR Rademacher,2.2720271006075006,2.172027100607499,12
3,4,8,48,16,80,KR Rademacher,1.7536439592773645,1.5536439592773643,16
3,4,8,48,24,80,KR Rademacher,1.3558507280617231,1.00585072806172,22
3,4,8,48,32,80,KR Rademacher,1.142708445135458,0.5927084451354556,30
3,4,8,48,40,80,KR Rademacher,1.078012760196053,0.35301276019605154,37
3,4,8,48,12,81,Dense Gaussian,1.857390033994239,1.7573900339942377,12
3,4,8,48,16,81,Dense Gaussian,1.3799088152430343,1.1799088152430333,16
3,4,8,48,24,81,Dense Gaussian,1.1735129520459084,0.773512952045909,24
3,4,8,48,32,81,Dense Gaussian,1.0873121835189927,0.4873121835189931,32
3,4,8,48,40,81,Dense Gaussian,1.030690848102978,0.2306908481029808,40
3,4,8,48,12,81,KR Gaussian,2.560177639463353,2.4601776394633514,12
3,4,8,48,16,81,KR Gaussian,1.8748884717827616,1.6748884717827623,16
3,4,8,48,24,81,KR Gaussian,1.300895376604407,0.9008953766044083,24
3,4,8,48,32,81,KR Gaussian,1.139129695335928,0.5391296953359301,32
3,4,8,48,40,81,KR Gaussian,1.0446095099670414,0.24460950996704334,40
3,4,8,48,12,81,KR Rademacher,1.904397686613172,1.8043976866131706,12
3,4,8,48,16,81,KR Rademacher,1.6375934368878484,1.4375934368878482,16
3,4,8,48,24,81,KR Rademacher,1.3018269044474788,0.9018269044474785,24
3,4,8,48,32,81,KR Rademacher,1.1463980775795868,0.5463980775795889,32
3,4,8,48,40,81,KR Rademacher,1.0816365838107735,0.3066365838107732,39
3,4,8,48,12,82,Dense Gaussian,2.2795619574617376,2.179561957461736,12
3,4,8,48,16,82,Dense Gaussian,1.8097434454476486,1.6097434454476485,16
3,4,8,48,24,82,Dense Gaussian,1.2551843342702576,0.855184334270259,24
3,4,8,48,32,82,Dense Gaussian,1.1198935847070626,0.5198935847070629,32
3,4,8,48,40,82,Dense Gaussian,1.042183329600121,0.2421833296001239,40
3,4,8,48,12,82,KR Gaussian,1.984508707554137,1.8845087075541356,12
3,4,8,48,16,82,KR Gaussian,1.6943690000206102,1.49436900002061,16
3,4,8,48,24,82,KR Gaussian,1.2940778180637675,0.8940778180637672,24
3,4,8,48,32,82,KR Gaussian,1.1263611411108272,0.5263611411108275,32
3,4,8,48,40,82,KR Gaussian,1.048745868305022,0.2487458683050221,40
3,4,8,48,12,82,KR Rademacher,2.267303521226795,2.1673035212267937,12
3,4,8,48,16,82,KR Rademacher,1.7652397788418792,1.5902397788418767,15
3,4,8,48,24,82,KR Rademacher,1.2526195605711044,0.8776195605711035,23
3,4,8,48,32,82,KR Rademacher,1.1758936761721728,0.6258936761721721,30
3,4,8,48,40,82,KR Rademacher,1.0560441425115235,0.30604414251152257,38
3,4,8,48,12,83,Dense Gaussian,2.1909628518237447,2.0909628518237433,12
3,4,8,48,16,83,Dense Gaussian,1.6194413267452035,1.4194413267452024,16
3,4,8,48,24,83,Dense Gaussian,1.2438611658497898,0.8438611658497912,24
3,4,8,48,32,83,Dense Gaussian,1.1177390025095564,0.5177390025095576,32
3,4,8,48,40,83,Dense Gaussian,1.0431175200682619,0.24311752006826381,40
3,4,8,48,12,83,KR Gaussian,2.4142984691695633,2.314298469169562,12
3,4,8,48,16,83,KR Gaussian,1.7438197197435805,1.5438197197435803,16
3,4,8,48,24,83,KR Gaussian,1.295861153308568,0.8958611533085694,24
3,4,8,48,32,83,KR Gaussian,1.108672644521814,0.5086726445218162,32
3,4,8,48,40,83,KR Gaussian,1.0485448482144353,0.24854484821443634,40
3,4,8,48,12,83,KR Rademacher,2.082594650777601,1.9825946507775996,12
3,4,8,48,16,83,KR Rademacher,1.7831311932197718,1.5831311932197707,16
3,4,8,48,24,83,KR Rademacher,1.3360717536455828,0.9360717536455834,24
3,4,8,48,32,83,KR Rademacher,1.1646266559962726,0.5646266559962747,32
3,4,8,48,40,83,KR Rademacher,1.0836043869062566,0.30860438690625536,39
3,4,8,48,12,84,Dense Gaussian,2.120875408201851,2.0208754082018494,12
3,4,8,48,16,84,Dense Gaussian,1.676662600619263,1.476662600619263,16
3,4,8,48,24,84,Dense Gaussian,1.3076253246839622,0.9076253246839627,24
3,4,8,48,32,84,Dense Gaussian,1.1436885546214546,0.5436885546214558,32
3,4,8,48,40,84,Dense Gaussian,1.0521354767494717,0.2521354767494728,40
3,4,8,48,12,84,KR Gaussian,2.412528247637109,2.3125282476371076,12
3,4,8,48,16,84,KR Gaussian,1.739109864822865,1.5391098648228656,16
3,4,8,48,24,84,KR Gaussian,1.3614105329146557,0.9614105329146572,24
3,4,8,48,32,84,KR Gaussian,1.1392559733941905,0.5392559733941908,32
3,4,8,48,40,84,KR Gaussian,1.0565889338457506,0.25658893384575343,40
3,4,8,48,12,84,KR Rademacher,2.3243744005062386,2.224374400506237,12
3,4,8,48,16,84,KR Rademacher,1.7008889722494311,1.500888972249431,16
3,4,8,48,24,84,KR Rademacher,1.3485554446583663,0.9735554446583627,23
3,4,8,48,32,84,KR Rademacher,1.221084117636762,0.6710841176367595,30
3,4,8,48,40,84,KR Rademacher,1.107472096294952,0.357472096294952,38
3,4,8,48,12,85,Dense Gaussian,2.002364835338332,1.9023648353383305,12
3,4,8,48,16,85,Dense Gaussian,1.5996403015095382,1.399640301509537,16
3,4,8,48,24,85,Dense Gaussian,1.310386885385551,0.9103868853855523,24
3,4,8,48,32,85,Dense Gaussian,1.1508385422657081,0.5508385422657085,32
3,4,8,48,40,85,Dense Gaussian,1.050031785916131,0.25003178591613207,40
3,4,8,48,12,85,KR Gaussian,2.1354492980487745,2.035449298048773,12
3,4,8,48,16,85,KR Gaussian,1.588350855372882,1.388350855372881,16
3,4,8,48,24,85,KR Gaussian,1.2495877893257274,0.849587789325728,24
3,4,8,48,32,85,KR Gaussian,1.0972254135955133,0.4972254135955154,32
3,4,8,48,40,85,KR Gaussian,1.0385189264950574,0.23851892649506112,40
3,4,8,48,12,85,KR Rademacher,2.2300008171222787,2.1300008171222773,12
3,4,8,48,16,85,KR Rademacher,1.5671579840966867,1.3671579840966857,16
3,4,8,48,24,85,KR Rademacher,1.179370078407013,0.7793700784070143,24
3,4,8,48,32,85,KR Rademacher,1.1060842056271287,0.5310842056271259,31
3,4,8,48,40,85,KR Rademacher,1.0498059487046696,0.2998059487046678,38
3,4,8,48,12,86,Dense Gaussian,2.105557541132275,2.0055575411322737,12
3,4,8,48,16,86,Dense Gaussian,1.6179772689906606,1.4179772689906596,16
3,4,8,48,24,86,Dense Gaussian,1.3060799635121327,0.9060799635121324,24
3,4,8,48,32,86,Dense Gaussian,1.1207513901409971,0.5207513901409975,32
3,4,8,48,40,86,Dense Gaussian,1.0460499672085906,0.24604996720859162,40
3,4,8,48,12,86,KR Gaussian,2.505556472193227,2.4055564721932257,12
3,4,8,48,16,86,KR Gaussian,1.7786436884820382,1.578643688482039,16
3,4,8,48,24,86,KR Gaussian,1.3446998044213192,0.9446998044213206,24
3,4,8,48,32,86,KR Gaussian,1.1328900816386156,0.532890081638616,32
3,4,8,48,40,86,KR Gaussian,1.0501076464757642,0.2501076464757652,40
3,4,8,48,12,86,KR Rademacher,2.3078018673232323,2.207801867323231,12
3,4,8,48,16,86,KR Rademacher,1.8827777308658398,1.6827777308658405,16
3,4,8,48,24,86,KR Rademacher,1.3118684919758863,0.9118684919758859,24
3,4,8,48,32,86,KR Rademacher,1.133421030534361,0.55842103053436,31
3,4,8,48,40,86,KR Rademacher,1.0630908270747579,0.3130908270747561,38
3,4,8,48,12,87,Dense Gaussian,2.237330044863917,2.1373300448639156,12
3,4,8,48,16,87,Dense Gaussian,1.6224206173836215,1.4224206173836222,16
3,4,8,48,24,87,Dense Gaussian,1.1961262516406528,0.7961262516406542,24
3,4,8,48,32,87,Dense Gaussian,1.096227671340233,0.4962276713402325,32
3,4,8,48,40,87,Dense Gaussian,1.0380297691455391,0.23802976914554108,40
3,4,8,48,12,87,KR Gaussian,2.4826872826854727,2.3826872826854713,12
3,4,8,48,16,87,KR Gaussian,1.854899268931641,1.6548992689316409,16
3,4,8,48,24,87,KR Gaussian,1.33121967037171,0.9312196703717106,24
3,4,8,48,32,87,KR Gaussian,1.1216514765889984,0.5216514765889997,32
3,4,8,48,40,87,KR Gaussian,1.0374479359265614,0.2374479359265642,40
3,4,8,48,12,87,KR Rademacher,2.00177420619871,1.9017742061987084,12
3,4,8,48,16,87,KR Rademacher,1.5039273383518914,1.3039273383518912,16
3,4,8,48,24,87,KR Rademacher,1.2396737924347239,0.8396737924347235,24
3,4,8,48,32,87,KR Rademacher,1.1058470675931984,0.5058470675931996,32
3,4,8,48,40,87,KR Rademacher,1.046756212344425,0.2717562123444228,39
3,4,8,48,12,88,Dense Gaussian,1.936371940709802,1.8363719407098005,12
3,4,8,48,16,88,Dense Gaussian,1.7695416563457327,1.5695416563457325,16
3,4,8,48,24,88,Dense Gaussian,1.2273854816304173,0.8273854816304187,24
3,4,8,48,32,88,Dense Gaussian,1.1028359548648403,0.5028359548648424,32
3,4,8,48,40,88,Dense Gaussian,1.0481979527828633,0.24819795278286527,40
3,4,8,48,12,88,KR Gaussian,2.413322299950247,2.3133222999502454,12
3,4,8,48,16,88,KR Gaussian,2.172356191419757,1.9723561914197578,16
3,4,8,48,24,88,KR Gaussian,1.3595744942470338,0.9595744942470343,24
3,4,8,48,32,88,KR Gaussian,1.128691660044681,0.5286916600446823,32
3,4,8,48,40,88,KR Gaussian,1.055895591086231,0.25589559108623305,40
3,4,8,48,12,88,KR Rademacher,1.9979685344068416,1.8979685344068402,12
3,4,8,48,16,88,KR Rademacher,1.5527503941370373,1.352750394137038,16
3,4,8,48,24,88,KR Rademacher,1.314100458823484,0.9141004588234836,24
3,4,8,48,32,88,KR Rademacher,1.1486626119402832,0.5486626119402835,32
3,4,8,48,40,88,KR Rademacher,1.051072701939197,0.25107270193919895,40
3,4,8,48,12,89,Dense Gaussian,1.97539508307376,1.8753950830737587,12
3,4,8,48,16,89,Dense Gaussian,1.5269295554114954,1.3269295554114953,16
3,4,8,48,24,89,Dense Gaussian,1.2778747613843473,0.8778747613843478,24
3,4,8,48,32,89,Dense Gaussian,1.1536291422497031,0.5536291422497044,32
3,4,8,48,40,89,Dense Gaussian,1.0440499935350243,0.24404999353502532,40
3,4,8,48,12,89,KR Gaussian,2.3242125027730367,2.2242125027730353,12
3,4,8,48,16,89,KR Gaussian,1.5806769716647775,1.3806769716647773,16
3,4,8,48,24,89,KR Gaussian,1.2446828275777042,0.8446828275777047,24
3,4,8,48,32,89,KR Gaussian,1.0760179288578087,0.4760179288578108,32
3,4,8,48,40,89,KR Gaussian,1.0325658803489404,0.23256588034894143,40
3,4,8,48,12,89,KR Rademacher,2.1646079255838195,2.064607925583818,12
3,4,8,48,16,89,KR Rademacher,1.6621648931247952,1.462164893124795,16
3,4,8,48,24,89,KR Rademacher,1.3769417874832772,0.9769417874832769,24
3,4,8,48,32,89,KR Rademacher,1.1731421207448687,0.573142120744869,32
3,4,8,48,40,89,KR Rademacher,1.045433582475317,0.245433582475318,40
3,4,8,48,12,90,Dense Gaussian,2.74921845240209,2.6492184524020885,12
3,4,8,48,16,90,Dense Gaussian,2.24775455616924,2.04775455616924,16
3,4,8,48,24,90,Dense Gaussian,1.4473786001482658,1.0473786001482672,24
3,4,8,48,32,90,Dense Gaussian,1.1391588669749373,0.5391588669749385,32
3,4,8,48,40,90,Dense Gaussian,1.0567288183150856,0.25672881831508576,40
3,4,8,48,12,90,KR Gaussian,1.8867953756995295,1.786795375699528,12
3,4,8,48,16,90,KR Gaussian,1.52142341861434,1.321423418614339,16
3,4,8,48,24,90,KR Gaussian,1.1973475715317488,0.7973475715317484,24
3,4,8,48,32,90,KR Gaussian,1.1117674815930414,0.5117674815930435,32
3,4,8,48,40,90,KR Gaussian,1.0552838394031028,0.2552838394031056,40
3,4,8,48,12,90,KR Rademacher,2.020314695820483,1.9203146958204815,12
3,4,8,48,16,90,KR Rademacher,1.7067386789641779,1.5067386789641777,16
3,4,8,48,24,90,KR Rademacher,1.297858380018507,0.8978583800185067,24
3,4,8,48,32,90,KR Rademacher,1.1135004930504628,0.513500493050465,32
3,4,8,48,40,90,KR Rademacher,1.0434061253842302,0.243406125384233,40
3,4,8,48,12,91,Dense Gaussian,2.6653918689348943,2.565391868934893,12
3,4,8,48,16,91,Dense Gaussian,1.9642664645546937,1.7642664645546935,16
3,4,8,48,24,91,Dense Gaussian,1.2899488580708667,0.8899488580708681,24
3,4,8,48,32,91,Dense Gaussian,1.1045023048506462,0.5045023048506465,32
3,4,8,48,40,91,Dense Gaussian,1.0328865337479343,0.2328865337479371,40
3,4,8,48,12,91,KR Gaussian,2.361483682205991,2.2614836822059896,12
3,4,8,48,16,91,KR Gaussian,1.7107131289500455,1.5107131289500462,16
3,4,8,48,24,91,KR Gaussian,1.2300390848272276,0.8300390848272272,24
3,4,8,48,32,91,KR Gaussian,1.1058326939340608,0.5058326939340603,32
3,4,8,48,40,91,KR Gaussian,1.0371059437668766,0.23710594376687766,40
3,4,8,48,12,91,KR Rademacher,1.815511127143524,1.7155111271435226,12
3,4,8,48,16,91,KR Rademacher,1.5499307867341177,1.3499307867341184,16
3,4,8,48,24,91,KR Rademacher,1.3041470150735996,0.9041470150736011,24
3,4,8,48,32,91,KR Rademacher,1.1755124010216118,0.5755124010216139,32
3,4,8,48,40,91,KR Rademacher,1.0810601528788046,0.3060601528788034,39
3,4,8,48,12,92,Dense Gaussian,2.4982617013843758,2.3982617013843743,12
3,4,8,48,16,92,Dense Gaussian,1.7177573262045476,1.5177573262045474,16
3,4,8,48,24,92,Dense Gaussian,1.2801390679660472,0.8801390679660486,24
3,4,8,48,32,92,Dense Gaussian,1.1115100506078655,0.5115100506078676,32
3,4,8,48,40,92,Dense Gaussian,1.0580518177109184,0.2580518177109212,40
3,4,8,48,12,92,KR Gaussian,2.1872474779798994,2.087247477979898,12
3,4,8,48,16,92,KR Gaussian,1.780742038029091,1.58074203802909,16
3,4,8,48,24,92,KR Gaussian,1.273978282424567,0.8739782824245683,24
3,4,8,48,32,92,KR Gaussian,1.1376577853833254,0.5376577853833275,32
3,4,8,48,40,92,KR Gaussian,1.0289803290945176,0.2289803290945187,40
3,4,8,48,12,92,KR Rademacher,2.2573987077322286,2.157398707732227,12
3,4,8,48,16,92,KR Rademacher,1.6430384323542695,1.4430384323542693,16
3,4,8,48,24,92,KR Rademacher,1.3747979502683148,0.999797950268313,23
3,4,8,48,32,92,KR Rademacher,1.1514386936641312,0.5764386936641284,31
3,4,8,48,40,92,KR Rademacher,1.0845240102255946,0.33452401022559464,38
3,4,8,48,12,93,Dense Gaussian,2.2483462249433828,2.1483462249433813,12
3,4,8,48,16,93,Dense Gaussian,1.4971872708161094,1.2971872708161083,16
3,4,8,48,24,93,Dense Gaussian,1.1859796133240987,0.7859796133241002,24
3,4,8,48,32,93,Dense Gaussian,1.0811328303271432,0.4811328303271445,32
3,4,8,48,40,93,Dense Gaussian,1.0371736814456973,0.23717368144570017,40
3,4,8,48,12,93,KR Gaussian,2.3772291129250904,2.277229112925089,12
3,4,8,48,16,93,KR Gaussian,1.8586244440568915,1.6586244440568905,16
3,4,8,48,24,93,KR Gaussian,1.3821221389215825,0.9821221389215822,24
3,4,8,48,32,93,KR Gaussian,1.1994494496681032,0.5994494496681035,32
3,4,8,48,40,93,KR Gaussian,1.0414749619956494,0.24147496199565133,40
3,4,8,48,12,93,KR Rademacher,2.30834367210786,2.233343672107859,11
3,4,8,48,16,93,KR Rademacher,1.6965128618803789,1.5215128618803764,15
3,4,8,48,24,93,KR Rademacher,1.297609528065225,0.9226095280652231,23
3,4,8,48,32,93,KR Rademacher,1.1572283427386507,0.582228342738647,31
3,4,8,48,40,93,KR Rademacher,1.0625680227183345,0.2875680227183324,39
3,4,8,48,12,94,Dense Gaussian,2.044567428017368,1.9445674280173666,12
3,4,8,48,16,94,Dense Gaussian,1.5642227808779037,1.3642227808779026,16
3,4,8,48,24,94,Dense Gaussian,1.2990151836067678,0.8990151836067692,24
3,4,8,48,32,94,Dense Gaussian,1.1398306234387494,0.5398306234387498,32
3,4,8,48,40,94,Dense Gaussian,1.0375619173766975,0.2375619173767003,40
3,4,8,48,12,94,KR Gaussian,2.1034404015465133,2.003440401546512,12
3,4,8,48,16,94,KR Gaussian,1.557270156984984,1.357270156984983,16
3,4,8,48,24,94,KR Gaussian,1.2755623442082022,0.8755623442082037,24
3,4,8,48,32,94,KR Gaussian,1.122521179411578,0.52252117941158,32
3,4,8,48,40,94,KR Gaussian,1.0476385802055574,0.2476385802055603,40
3,4,8,48,12,94,KR Rademacher,2.0238212468406687,1.9238212468406672,12
3,4,8,48,16,94,KR Rademacher,1.701399849378686,1.5013998493786858,16
3,4,8,48,24,94,KR Rademacher,1.3024906004328933,0.902490600432893,24
3,4,8,48,32,94,KR Rademacher,1.1462949069628916,0.5962949069628891,30
3,4,8,48,40,94,KR Rademacher,1.0732126087185812,0.37321260871858186,36
3,4,8,48,12,95,Dense Gaussian,1.8838288541521742,1.7838288541521727,12
3,4,8,48,16,95,Dense Gaussian,1.5836717271084035,1.3836717271084034,16
3,4,8,48,24,95,Dense Gaussian,1.257207085053019,0.8572070850530196,24
3,4,8,48,32,95,Dense Gaussian,1.1418660708959294,0.5418660708959315,32
3,4,8,48,40,95,Dense Gaussian,1.0405365780978766,0.24053657809787765,40
3,4,8,48,12,95,KR Gaussian,2.258605034009416,2.1586050340094145,12
3,4,8,48,16,95,KR Gaussian,1.8320729631096064,1.6320729631096054,16
3,4,8,48,24,95,KR Gaussian,1.28422607917659,0.8842260791765906,24
3,4,8,48,32,95,KR Gaussian,1.1304108283943357,0.5304108283943361,32
3,4,8,48,40,95,KR Gaussian,1.0570751967363714,0.25707519673637336,40
3,4,8,48,12,95,KR Rademacher,2.6717095652308274,2.571709565230826,12
3,4,8,48,16,95,KR Rademacher,1.8139580128088788,1.6389580128088763,15
3,4,8,48,24,95,KR Rademacher,1.314888589159053,0.9398885891590503,23
3,4,8,48,32,95,KR Rademacher,1.1784804026060964,0.628480402606094,30
3,4,8,48,40,95,KR Rademacher,1.0806811617709329,0.3306811617709329,38
3,4,8,48,12,96,Dense Gaussian,2.3547308938512517,2.2547308938512503,12
3,4,8,48,16,96,Dense Gaussian,1.6086230939343942,1.4086230939343949,16
3,4,8,48,24,96,Dense Gaussian,1.279590190963198,0.8795901909631993,24
3,4,8,48,32,96,Dense Gaussian,1.1012194569598126,0.5012194569598147,32
3,4,8,48,40,96,Dense Gaussian,1.039145109534136,0.2391451095341388,40
3,4,8,48,12,96,KR Gaussian,2.2301742954670534,2.130174295467052,12
3,4,8,48,16,96,KR Gaussian,1.594327178960965,1.3943271789609648,16
3,4,8,48,24,96,KR Gaussian,1.2720752317026953,0.8720752317026967,24
3,4,8,48,32,96,KR Gaussian,1.1438502638816415,0.5438502638816427,32
3,4,8,48,40,96,KR Gaussian,1.0471618760934902,0.24716187609349305,40
3,4,8,48,12,96,KR Rademacher,2.0513363730943706,1.9513363730943691,12
3,4,8,48,16,96,KR Rademacher,1.4755724813560276,1.2755724813560283,16
3,4,8,48,24,96,KR Rademacher,1.2774807157377657,0.8774807157377662,24
3,4,8,48,32,96,KR Rademacher,1.139237291244445,0.564237291244444,31
3,4,8,48,40,96,KR Rademacher,1.051265134331012,0.27626513433101074,39
3,4,8,48,12,97,Dense Gaussian,2.2220910153855584,2.122091015385557,12
3,4,8,48,16,97,Dense Gaussian,1.8563844131198426,1.6563844131198433,16
3,4,8,48,24,97,Dense Gaussian,1.3583746064617763,0.9583746064617777,24
3,4,8,48,32,97,Dense Gaussian,1.1659588742770017,0.565958874277003,32
3,4,8,48,40,97,Dense Gaussian,1.0715600362348638,0.2715600362348667,40
3,4,8,48,12,97,KR Gaussian,2.2689777338642996,2.168977733864298,12
3,4,8,48,16,97,KR Gaussian,1.837141519660472,1.6371415196604726,16
3,4,8,48,24,97,KR Gaussian,1.352425307705201,0.9524253077052016,24
3,4,8,48,32,97,KR Gaussian,1.1434417012215699,0.5434417012215711,32
3,4,8,48,40,97,KR Gaussian,1.0458196472925927,0.24581964729259553,40
3,4,8,48,12,97,KR Rademacher,2.0495163494338895,1.949516349433888,12
3,4,8,48,16,97,KR Rademacher,1.7226456858409556,1.5226456858409545,16
3,4,8,48,24,97,KR Rademacher,1.3938862546701367,1.018886254670134,23
3,4,8,48,32,97,KR Rademacher,1.15444753133069,0.6044475313306883,30
3,4,8,48,40,97,KR Rademacher,1.0821029693877975,0.35710296938779784,37
3,4,8,48,12,98,Dense Gaussian,2.0405952526589575,1.940595252658956,12
3,4,8,48,16,98,Dense Gaussian,1.6508026640519295,1.4508026640519303,16
3,4,8,48,24,98,Dense Gaussian,1.219353058393895,0.8193530583938955,24
3,4,8,48,32,98,Dense Gaussian,1.116995991299377,0.5169959912993782,32
3,4,8,48,40,98,Dense Gaussian,1.045348476376506,0.2453484763765097,40
3,4,8,48,12,98,KR Gaussian,2.6143615833428093,2.514361583342808,12
3,4,8,48,16,98,KR Gaussian,1.7551145191131052,1.555114519113105,16
3,4,8,48,24,98,KR Gaussian,1.3538554452962472,0.9538554452962469,24
3,4,8,48,32,98,KR Gaussian,1.13300714803961,0.5330071480396121,32
3,4,8,48,40,98,KR Gaussian,1.044421915280079,0.24442191528008195,40
3,4,8,48,12,98,KR Rademacher,2.484673464031145,2.3846734640311436,12
3,4,8,48,16,98,KR Rademacher,1.9309575037761917,1.7309575037761924,16
3,4,8,48,24,98,KR Rademacher,1.457347006799571,1.0573470067995725,24
3,4,8,48,32,98,KR Rademacher,1.1899285523694232,0.5899285523694253,32
3,4,8,48,40,98,KR Rademacher,1.0463984596674578,0.24639845966745888,40
3,4,8,48,12,99,Dense Gaussian,2.0380431311562806,1.9380431311562791,12
3,4,8,48,16,99,Dense Gaussian,1.51561047496258,1.3156104749625808,16
3,4,8,48,24,99,Dense Gaussian,1.2596536107427863,0.8596536107427859,24
3,4,8,48,32,99,Dense Gaussian,1.1233698717709357,0.523369871770937,32
3,4,8,48,40,99,Dense Gaussian,1.043880028275776,0.24388002827577893,40
3,4,8,48,12,99,KR Gaussian,2.2370008759834956,2.137000875983494,12
3,4,8,48,16,99,KR Gaussian,1.6403598339754133,1.4403598339754122,16
3,4,8,48,24,99,KR Gaussian,1.3683205691336102,0.9683205691336099,24
3,4,8,48,32,99,KR Gaussian,1.1657514929256099,0.565751492925612,32
3,4,8,48,40,99,KR Gaussian,1.0431227263256844,0.2431227263256872,40
3,4,8,48,12,99,KR Rademacher,2.5128772185370227,2.4128772185370213,12
3,4,8,48,16,99,KR Rademacher,1.91823772836244,1.718237728362439,16
3,4,8,48,24,99,KR Rademacher,1.3874050226223833,1.0124050226223797,23
3,4,8,48,32,99,KR Rademacher,1.2560740322337693,0.7310740322337672,29
3,4,8,48,40,99,KR Rademacher,1.082629887152743,0.3826298871527438,36
3,4,8,48,12,100,Dense Gaussian,2.531401047715507,2.4314010477155055,12
3,4,8,48,16,100,Dense Gaussian,1.9920422644124613,1.7920422644124612,16
3,4,8,48,24,100,Dense Gaussian,1.2673750690938839,0.8673750690938853,24
3,4,8,48,32,100,Dense Gaussian,1.1469804458828579,0.5469804458828591,32
3,4,8,48,40,100,Dense Gaussian,1.052314933138062,0.25231493313806297,40
3,4,8,48,12,100,KR Gaussian,2.365519730571611,2.2655197305716097,12
3,4,8,48,16,100,KR Gaussian,1.8801227905133455,1.6801227905133453,16
3,4,8,48,24,100,KR Gaussian,1.3315954904528748,0.9315954904528745,24
3,4,8,48,32,100,KR Gaussian,1.1248273698895508,0.5248273698895503,32
3,4,8,48,40,100,KR Gaussian,1.051247738464956,0.25124773846495785,40
3,4,8,48,12,100,KR Rademacher,2.5830621153094766,2.483062115309475,12
3,4,8,48,16,100,KR Rademacher,1.7724190298480291,1.5724190298480298,16
3,4,8,48,24,100,KR Rademacher,1.261375456184135,0.8613754561841347,24
3,4,8,48,32,100,KR Rademacher,1.123728803611309,0.5237288036113092,32
3,4,8,48,40,100,KR Rademacher,1.0464803219522292,0.27148032195222704,39
3,4,8,48,12,101,Dense Gaussian,2.347972241626376,2.2479722416263748,12
3,4,8,48,16,101,Dense Gaussian,1.8090518982420516,1.6090518982420505,16
3,4,8,48,24,101,Dense Gaussian,1.3375282378084412,0.9375282378084417,24
3,4,8,48,32,101,Dense Gaussian,1.1771908635879988,0.577190863588001,32
3,4,8,48,40,101,Dense Gaussian,1.0730206442754433,0.27302064427544614,40
3,4,8,48,12,101,KR Gaussian,2.4310252250926965,2.331025225092695,12
3,4,8,48,16,101,KR Gaussian,1.9087939828877154,1.7087939828877161,16
3,4,8,48,24,101,KR Gaussian,1.3431810451256396,0.943181045125641,24
3,4,8,48,32,101,KR Gaussian,1.1262593007326451,0.5262593007326455,32
3,4,8,48,40,101,KR Gaussian,1.0488505837742172,0.2488505837742192,40
3,4,8,48,12,101,KR Rademacher,2.055237265610809,1.9552372656108075,12
3,4,8,48,16,101,KR Rademacher,1.7533376135207686,1.578337613520766,15
3,4,8,48,24,101,KR Rademacher,1.3852108057424122,1.035210805742409,22
3,4,8,48,32,101,KR Rademacher,1.216114049301666,0.716114049301666,28
3,4,8,48,40,101,KR Rademacher,1.1061375674724534,0.40613756747245233,36
3,4,8,48,12,102,Dense Gaussian,2.798163317008453,2.6981633170084516,12
3,4,8,48,16,102,Dense Gaussian,2.092732614901637,1.8927326149016368,16
3,4,8,48,24,102,Dense Gaussian,1.3171504054945604,0.9171504054945618,24
3,4,8,48,32,102,Dense Gaussian,1.191500956393651,0.5915009563936504,32
3,4,8,48,40,102,Dense Gaussian,1.05527385071988,0.25527385071988284,40
3,4,8,48,12,102,KR Gaussian,2.180640489890158,2.0806404898901567,12
3,4,8,48,16,102,KR Gaussian,1.6173463723819168,1.4173463723819175,16
3,4,8,48,24,102,KR Gaussian,1.302797190498758,0.9027971904987577,24
3,4,8,48,32,102,KR Gaussian,1.1057352131447686,0.5057352131447708,32
3,4,8,48,40,102,KR Gaussian,1.052081518413261,0.252081518413263,40
3,4,8,48,12,102,KR Rademacher,2.718156788649777,2.643156788649776,11
3,4,8,48,16,102,KR Rademacher,1.977585223872497,1.8025852238724944,15
3,4,8,48,24,102,KR Rademacher,1.4598317658911064,1.109831765891105,22
3,4,8,48,32,102,KR Rademacher,1.1643655535665705,0.614365553566568,30
3,4,8,48,40,102,KR Rademacher,1.0595153887933018,0.30951538879330087,38
3,4,8,48,12,103,Dense Gaussian,1.9329696004939656,1.8329696004939642,12
3,4,8,48,16,103,Dense Gaussian,1.6640584788799382,1.464058478879938,16
3,4,8,48,24,103,Dense Gaussian,1.2536996151320778,0.8536996151320793,24
3,4,8,48,32,103,Dense Gaussian,1.1240116751017446,0.5240116751017432,32
3,4,8,48,40,103,Dense Gaussian,1.0315903992493531,0.23159039924935598,40
3,4,8,48,12,103,KR Gaussian,2.4726181459766776,2.372618145976676,12
3,4,8,48,16,103,KR Gaussian,1.8294813892483894,1.6294813892483893,16
3,4,8,48,24,103,KR Gaussian,1.3499327593131856,0.949932759313187,24
3,4,8,48,32,103,KR Gaussian,1.1608975786955842,0.5608975786955845,32
3,4,8,48,40,103,KR Gaussian,1.0564602547858195,0.25646025478582146,40
3,4,8,48,12,103,KR Rademacher,1.733394225361426,1.6333942253614246,12
3,4,8,48,16,103,KR Rademacher,1.4650718151284927,1.2650718151284917,16
3,4,8,48,24,103,KR Rademacher,1.205586112746948,0.8305861127469463,23
3,4,8,48,32,103,KR Rademacher,1.1382681266285264,0.5882681266285257,30
3,4,8,48,40,103,KR Rademacher,1.0629788622550143,0.3629788622550141,36
3,4,8,48,12,104,Dense Gaussian,2.1433712271221967,2.0433712271221953,12
3,4,8,48,16,104,Dense Gaussian,1.586788121264183,1.3867881212641828,16
3,4,8,48,24,104,Dense Gaussian,1.2485894170666239,0.8485894170666253,24
3,4,8,48,32,104,Dense Gaussian,1.0980537788253493,0.4980537788253514,32
3,4,8,48,40,104,Dense Gaussian,1.0445216304015226,0.2445216304015254,40
3,4,8,48,12,104,KR Gaussian,1.9135361204012904,1.813536120401289,12
3,4,8,48,16,104,KR Gaussian,1.4811965967041916,1.2811965967041914,16
3,4,8,48,24,104,KR Gaussian,1.2390033252589525,0.8390033252589522,24
3,4,8,48,32,104,KR Gaussian,1.1325246081981764,0.5325246081981767,32
3,4,8,48,40,104,KR Gaussian,1.0476324458168271,0.2476324458168282,40
3,4,8,48,12,104,KR Rademacher,2.245259568951848,2.1452595689518468,12
3,4,8,48,16,104,KR Rademacher,1.7014421056423785,1.5014421056423783,16
3,4,8,48,24,104,KR Rademacher,1.2688705299407452,0.8688705299407449,24
3,4,8,48,32,104,KR Rademacher,1.1230030161615714,0.5230030161615726,32
3,4,8,48,40,104,KR Rademacher,1.056787288811524,0.30678728881152395,38
3,4,8,48,12,105,Dense Gaussian,2.3208286143553103,2.220828614355309,12
3,4,8,48,16,105,Dense Gaussian,1.8673235843877025,1.6673235843877023,16
3,4,8,48,24,105,Dense Gaussian,1.2471146919163791,0.8471146919163797,24
3,4,8,48,32,105,Dense Gaussian,1.1145111391179556,0.5145111391179569,32
3,4,8,48,40,105,Dense Gaussian,1.052282905837032,0.25228290583703483,40
3,4,8,48,12,105,KR Gaussian,2.500057759108394,2.4000577591083925,12
3,4,8,48,16,105,KR Gaussian,1.7235281033729999,1.5235281033729997,16
3,4,8,48,24,105,KR Gaussian,1.2504908210933827,0.8504908210933841,24
3,4,8,48,32,105,KR Gaussian,1.1292256328309298,0.5292256328309328,32
3,4,8,48,40,105,KR Gaussian,1.0466228027335074,0.24662280273350845,40
3,4,8,48,12,105,KR Rademacher,2.408010762734799,2.333010762734798,11
3,4,8,48,16,105,KR Rademacher,1.6704699089398583,1.4954699089398558,15
3,4,8,48,24,105,KR Rademacher,1.3785490925688997,1.0285490925688965,22
3,4,8,48,32,105,KR Rademacher,1.15566086911645,0.6056608691164485,30
3,4,8,48,40,105,KR Rademacher,1.0712863577674074,0.32128635776740744,38
3,4,8,48,12,106,Dense Gaussian,2.0549716922375136,1.9549716922375122,12
3,4,8,48,16,106,Dense Gaussian,1.5944142668507144,1.3944142668507142,16
3,4,8,48,24,106,Dense Gaussian,1.2396837119500557,0.8396837119500553,24
3,4,8,48,32,106,Dense Gaussian,1.1119268925349726,0.5119268925349729,32
3,4,8,48,40,106,Dense Gaussian,1.056470534638887,0.2564705346388898,40
3,4,8,48,12,106,KR Gaussian,2.5007831495239756,2.400783149523974,12
3,4,8,48,16,106,KR Gaussian,1.989026949259637,1.789026949259637,16
3,4,8,48,24,106,KR Gaussian,1.4189748215540021,1.0189748215540018,24
3,4,8,48,32,106,KR Gaussian,1.1289694583975436,0.5289694583975457,32
3,4,8,48,40,106,KR Gaussian,1.0598551518821608,0.2598551518821619,40
3,4,8,48,12,106,KR Rademacher,1.6239044100110593,1.523904410011058,12
3,4,8,48,16,106,KR Rademacher,1.4366748011242771,1.236674801124277,16
3,4,8,48,24,106,KR Rademacher,1.2446483309171228,0.8446483309171224,24
3,4,8,48,32,106,KR Rademacher,1.1607536753294063,0.5857536753294035,31
3,4,8,48,40,106,KR Rademacher,1.067121798471339,0.3171217984713408,38
3,4,8,48,12,107,Dense Gaussian,2.2638485960509307,2.1638485960509293,12
3,4,8,48,16,107,Dense Gaussian,1.6343316201110056,1.4343316201110063,16
3,4,8,48,24,107,Dense Gaussian,1.2592004719341325,0.8592004719341322,24
3,4,8,48,32,107,Dense Gaussian,1.144904482575284,0.5449044825752853,32
3,4,8,48,40,107,Dense Gaussian,1.0412580817629813,0.24125808176298236,40
3,4,8,48,12,107,KR Gaussian,2.3009621336288113,2.20096213362881,12
3,4,8,48,16,107,KR Gaussian,1.618858325861904,1.4188583258619047,16
3,4,8,48,24,107,KR Gaussian,1.2753704894315598,0.8753704894315604,24
3,4,8,48,32,107,KR Gaussian,1.1334310375472167,0.5334310375472171,32
3,4,8,48,40,107,KR Gaussian,1.0504517242275693,0.25045172422757034,40
3,4,8,48,12,107,KR Rademacher,1.9114201131183037,1.8114201131183023,12
3,4,8,48,16,107,KR Rademacher,1.5621018936617794,1.3621018936617793,16
3,4,8,48,24,107,KR Rademacher,1.2513750575337212,0.8513750575337227,24
3,4,8,48,32,107,KR Rademacher,1.1102853547380436,0.5352853547380416,31
3,4,8,48,40,107,KR Rademacher,1.0783924699623562,0.3533924699623565,37
3,4,8,48,12,108,Dense Gaussian,1.9197265874257852,1.8197265874257837,12
3,4,8,48,16,108,Dense Gaussian,1.5356149337349079,1.3356149337349068,16
3,4,8,48,24,108,Dense Gaussian,1.268598515122191,0.8685985151221907,24
3,4,8,48,32,108,Dense Gaussian,1.1291189972330846,0.5291189972330841,32
3,4,8,48,40,108,Dense Gaussian,1.0399092585432719,0.23990925854327472,40
3,4,8,48,12,108,KR Gaussian,2.5759359394411296,2.475935939441128,12
3,4,8,48,16,108,KR Gaussian,1.8088604280049143,1.6088604280049132,16
3,4,8,48,24,108,KR Gaussian,1.3078262871828574,0.9078262871828571,24
3,4,8,48,32,108,KR Gaussian,1.1204676519574708,0.5204676519574711,32
3,4,8,48,40,108,KR Gaussian,1.0444457257875523,0.24444572578755341,40
3,4,8,48,12,108,KR Rademacher,2.3903355167069043,2.290335516706903,12
3,4,8,48,16,108,KR Rademacher,1.6772367782919382,1.477236778291939,16
3,4,8,48,24,108,KR Rademacher,1.2331254896767936,0.8331254896767941,24
3,4,8,48,32,108,KR Rademacher,1.1070182181943755,0.5070182181943785,32
3,4,8,48,40,108,KR Rademacher,1.0490624989805468,0.24906249898054966,40
3,4,8,48,12,109,Dense Gaussian,1.9091406729846376,1.8091406729846362,12
3,4,8,48,16,109,Dense Gaussian,1.6245192677891662,1.424519267789166,16
3,4,8,48,24,109,Dense Gaussian,1.2896460919369046,0.8896460919369034,24
3,4,8,48,32,109,Dense Gaussian,1.1309817302442093,0.5309817302442106,32
3,4,8,48,40,109,Dense Gaussian,1.058422619995671,0.25842261999567384,40
3,4,8,48,12,109,KR Gaussian,2.1578390392680644,2.057839039268063,12
3,4,8,48,16,109,KR Gaussian,1.831477789980812,1.6314777899808117,16
3,4,8,48,24,109,KR Gaussian,1.2757871108683734,0.875787110868373,24
3,4,8,48,32,109,KR Gaussian,1.1459721233787388,0.5459721233787391,32
3,4,8,48,40,109,KR Gaussian,1.0712490469351792,0.27124904693518204,40
3,4,8,48,12,109,KR Rademacher,2.193657997310882,2.0936579973108804,12
3,4,8,48,16,109,KR Rademacher,1.7931575382774838,1.5931575382774845,16
3,4,8,48,24,109,KR Rademacher,1.4193989697539422,1.0193989697539418,24
3,4,8,48,32,109,KR Rademacher,1.1736876502640916,0.5736876502640929,32
3,4,8,48,40,109,KR Rademacher,1.0831301314892148,0.30813013148921264,39
3,4,8,48,12,110,Dense Gaussian,2.0842666232499587,1.9842666232499573,12
3,4,8,48,16,110,Dense Gaussian,1.6877152659343801,1.4877152659343809,16
3,4,8,48,24,110,Dense Gaussian,1.2125749130747643,0.8125749130747639,24
3,4,8,48,32,110,Dense Gaussian,1.1014674243116733,0.5014674243116737,32
3,4,8,48,40,110,Dense Gaussian,1.042730402097824,0.24273040209782693,40
3,4,8,48,12,110,KR Gaussian,2.432753505742296,2.3327535057422946,12
3,4,8,48,16,110,KR Gaussian,1.8746711685975228,1.6746711685975235,16
3,4,8,48,24,110,KR Gaussian,1.354879184243809,0.9548791842438096,24
3,4,8,48,32,110,KR Gaussian,1.1435636908515594,0.5435636908515598,32
3,4,8,48,40,110,KR Gaussian,1.0353114735939482,0.23531147359394922,40
3,4,8,48,12,110,KR Rademacher,1.9306134117042308,1.8306134117042294,12
3,4,8,48,16,110,KR Rademacher,1.620876559488691,1.4458765594886884,15
3,4,8,48,24,110,KR Rademacher,1.2895085029880438,0.914508502988042,23
3,4,8,48,32,110,KR Rademacher,1.0973301350312799,0.522330135031277,31
3,4,8,48,40,110,KR Rademacher,1.043161475585162,0.26816147558516157,39
3,4,8,48,12,111,Dense Gaussian,2.4353643256112623,2.335364325611261,12
3,4,8,48,16,111,Dense Gaussian,1.7583679452049097,1.5583679452049095,16
3,4,8,48,24,111,Dense Gaussian,1.2819930954250474,0.8819930954250488,24
3,4,8,48,32,111,Dense Gaussian,1.1057505888183723,0.5057505888183726,32
3,4,8,48,40,111,Dense Gaussian,1.0424363152494331,0.2424363152494351,40
3,4,8,48,12,111,KR Gaussian,2.6775379053815005,2.577537905381499,12
3,4,8,48,16,111,KR Gaussian,1.8013787292142878,1.6013787292142876,16
3,4,8,48,24,111,KR Gaussian,1.3162418389909405,0.9162418389909401,24
3,4,8,48,32,111,KR Gaussian,1.1284986959941428,0.5284986959941449,32
3,4,8,48,40,111,KR Gaussian,1.0370382922141985,0.23703829221420136,40
3,4,8,48,12,111,KR Rademacher,2.045955366633949,1.9459553666339477,12
3,4,8,48,16,111,KR Rademacher,1.6189706223250582,1.418970622325058,16
3,4,8,48,24,111,KR Rademacher,1.27857848661416,0.8785784866141597,24
3,4,8,48,32,111,KR Rademacher,1.1284574524646374,0.5284574524646377,32
3,4,8,48,40,111,KR Rademacher,1.0415659003981474,0.24156590039814851,40
3,4,8,48,12,112,Dense Gaussian,2.198273376886397,2.0982733768863957,12
3,4,8,48,16,112,Dense Gaussian,1.93169617089168,1.7316961708916807,16
3,4,8,48,24,112,Dense Gaussian,1.3534780366063979,0.9534780366063984,24
3,4,8,48,32,112,Dense Gaussian,1.1569870719625621,0.5569870719625634,32
3,4,8,48,40,112,Dense Gaussian,1.0532956597676124,0.25329565976761437,40
3,4,8,48,12,112,KR Gaussian,2.3026717943745627,2.2026717943745613,12
3,4,8,48,16,112,KR Gaussian,1.7000455993801218,1.5000455993801207,16
3,4,8,48,24,112,KR Gaussian,1.3289560689800641,0.9289560689800638,24
3,4,8,48,32,112,KR Gaussian,1.1469936925724573,0.5469936925724586,32
3,4,8,48,40,112,KR Gaussian,1.0631411442982834,0.2631411442982845,40
3,4,8,48,12,112,KR Rademacher,2.4419601800570216,2.3419601800570202,12
3,4,8,48,16,112,KR Rademacher,1.8025609480132667,1.6025609480132665,16
3,4,8,48,24,112,KR Rademacher,1.2762457384400472,0.8762457384400477,24
3,4,8,48,32,112,KR Rademacher,1.114100533442004,0.5141005334420061,32
3,4,8,48,40,112,KR Rademacher,1.0593438480368889,0.2843438480368885,39
3,4,8,48,12,113,Dense Gaussian,2.250445155681966,2.1504451556819646,12
3,4,8,48,16,113,Dense Gaussian,1.6724342497350166,1.4724342497350165,16
3,4,8,48,24,113,Dense Gaussian,1.2706705565588976,0.870670556558899,24
3,4,8,48,32,113,Dense Gaussian,1.1303804985002968,0.530380498500298,32
3,4,8,48,40,113,Dense Gaussian,1.0506068417629564,0.2506068417629592,40
3,4,8,48,12,113,KR Gaussian,2.168457759362635,2.0684577593626337,12
3,4,8,48,16,113,KR Gaussian,1.6255869447301832,1.425586944730183,16
3,4,8,48,24,113,KR Gaussian,1.2514971393261334,0.851497139326133,24
3,4,8,48,32,113,KR Gaussian,1.1267174476369775,0.5267174476369796,32
3,4,8,48,40,113,KR Gaussian,1.043330112711562,0.24333011271156302,40
3,4,8,48,12,113,KR Rademacher,2.996882825555266,2.8968828255552648,12
3,4,8,48,16,113,KR Rademacher,2.388400345112549,2.2134003451125466,15
3,4,8,48,24,113,KR Rademacher,1.4538456816772047,1.0788456816772012,23
3,4,8,48,32,113,KR Rademacher,1.2758414183460633,0.7508414183460612,29
3,4,8,48,40,113,KR Rademacher,1.101810107906541,0.4018101079065417,36
3,4,8,48,12,114,Dense Gaussian,2.3307489481458994,2.230748948145898,12
3,4,8,48,16,114,Dense Gaussian,1.756465777549483,1.556465777549482,16
3,4,8,48,24,114,Dense Gaussian,1.3276405834614673,0.9276405834614678,24
3,4,8,48,32,114,Dense Gaussian,1.1381863273587491,0.5381863273587495,32
3,4,8,48,40,114,Dense Gaussian,1.0576238581615183,0.25762385816151934,40
3,4,8,48,12,114,KR Gaussian,2.4090770138411353,2.309077013841134,12
3,4,8,48,16,114,KR Gaussian,1.860065811177705,1.660065811177704,16
3,4,8,48,24,114,KR Gaussian,1.3049586966867919,0.9049586966867924,24
3,4,8,48,32,114,KR Gaussian,1.154022119689249,0.5540221196892503,32
3,4,8,48,40,114,KR Gaussian,1.0499740753365812,0.2499740753365831,40
3,4,8,48,12,114,KR Rademacher,2.0286791948899703,1.9286791948899689,12
3,4,8,48,16,114,KR Rademacher,1.5636006189678326,1.3636006189678325,16
3,4,8,48,24,114,KR Rademacher,1.193560424234425,0.8435604242344219,22
3,4,8,48,32,114,KR Rademacher,1.115321400857372,0.5653214008573713,30
3,4,8,48,40,114,KR Rademacher,1.0413213687144856,0.316321368714485,37
3,4,8,48,12,115,Dense Gaussian,2.4798100031756682,2.379810003175667,12
3,4,8,48,16,115,Dense Gaussian,1.8510893956373247,1.6510893956373245,16
3,4,8,48,24,115,Dense Gaussian,1.3504196800398542,0.9504196800398539,24
3,4,8,48,32,115,Dense Gaussian,1.1765786876421283,0.5765786876421295,32
3,4,8,48,40,115,Dense Gaussian,1.052162014646104,0.252162014646105,40
3,4,8,48,12,115,KR Gaussian,2.197678256688299,2.0976782566882974,12
3,4,8,48,16,115,KR Gaussian,1.5803326413090817,1.3803326413090824,16
3,4,8,48,24,115,KR Gaussian,1.301254468775447,0.9012544687754485,24
3,4,8,48,32,115,KR Gaussian,1.1180483165378874,0.5180483165378895,32
3,4,8,48,40,115,KR Gaussian,1.0344330496386558,0.23443304963865863,40
3,4,8,48,12,115,KR Rademacher,2.1059489871455233,2.005948987145522,12
3,4,8,48,16,115,KR Rademacher,1.616256577202341,1.4162565772023417,16
3,4,8,48,24,115,KR Rademacher,1.2875750312493484,0.887575031249348,24
3,4,8,48,32,115,KR Rademacher,1.1179155457653973,0.5179155457653977,32
3,4,8,48,40,115,KR Rademacher,1.034312110364744,0.23431211036474586,40
3,4,8,48,12,116,Dense Gaussian,2.3318647084692286,2.231864708469227,12
3,4,8,48,16,116,Dense Gaussian,1.7350892104731601,1.53508921047316,16
3,4,8,48,24,116,Dense Gaussian,1.257838161498623,0.8578381614986235,24
3,4,8,48,32,116,Dense Gaussian,1.1087129689619388,0.508712968961941,32
3,4,8,48,40,116,Dense Gaussian,1.0424502654676715,0.24245026546767434,40
3,4,8,48,12,116,KR Gaussian,1.9727576617069893,1.8727576617069879,12
3,4,8,48,16,116,KR Gaussian,1.5820307686391555,1.3820307686391562,16
3,4,8,48,24,116,KR Gaussian,1.2236929877983247,0.8236929877983243,24
3,4,8,48,32,116,KR Gaussian,1.0936667333277255,0.4936667333277249,32
3,4,8,48,40,116,KR Gaussian,1.0424608513546687,0.24246085135467155,40
3,4,8,48,12,116,KR Rademacher,2.5874918680386276,2.5124918680386266,11
3,4,8,48,16,116,KR Rademacher,1.9221298108453144,1.747129810845312,15
3,4,8,48,24,116,KR Rademacher,1.3250004857246118,0.9750004857246104,22
3,4,8,48,32,116,KR Rademacher,1.1168367390463825,0.5668367390463835,30
3,4,8,48,40,116,KR Rademacher,1.0528154572247104,0.30281545722471037,38
3,4,8,48,12,117,Dense Gaussian,2.2803504918155255,2.180350491815524,12
3,4,8,48,16,117,Dense Gaussian,1.6669373347865886,1.4669373347865875,16
3,4,8,48,24,117,Dense Gaussian,1.2479795652576673,0.8479795652576669,24
3,4,8,48,32,117,Dense Gaussian,1.1123098950318706,0.5123098950318727,32
3,4,8,48,40,117,Dense Gaussian,1.0523022776344009,0.2523022776344028,40
3,4,8,48,12,117,KR Gaussian,2.1622234994436846,2.062223499443683,12
3,4,8,48,16,117,KR Gaussian,1.5776459219184318,1.3776459219184316,16
3,4,8,48,24,117,KR Gaussian,1.346810043077344,0.9468100430773436,24
3,4,8,48,32,117,KR Gaussian,1.1444299503113342,0.5444299503113363,32
3,4,8,48,40,117,KR Gaussian,1.0698388799211118,0.2698388799211138,40
3,4,8,48,12,117,KR Rademacher,2.2890006218053145,2.189000621805313,12
3,4,8,48,16,117,KR Rademacher,1.5287637541927381,1.328763754192737,16
3,4,8,48,24,117,KR Rademacher,1.2468110609888061,0.8468110609888058,24
3,4,8,48,32,117,KR Rademacher,1.127773761331781,0.5277737613317832,32
3,4,8,48,40,117,KR Rademacher,1.0503924830944058,0.2753924830944037,39
3,4,8,48,12,118,Dense Gaussian,2.194470239462426,2.0944702394624244,12
3,4,8,48,16,118,Dense Gaussian,1.6676567449147335,1.4676567449147333,16
3,4,8,48,24,118,Dense Gaussian,1.3311522962420748,0.9311522962420753,24
3,4,8,48,32,118,Dense Gaussian,1.1672815007040303,0.5672815007040324,32
3,4,8,48,40,118,Dense Gaussian,1.07373632087279,0.27373632087279276,40
3,4,8,48,12,118,KR Gaussian,2.299091001078672,2.1990910010786706,12
3,4,8,48,16,118,KR Gaussian,1.5885182119899515,1.3885182119899522,16
3,4,8,48,24,118,KR Gaussian,1.2986741737409346,0.8986741737409343,24
3,4,8,48,32,118,KR Gaussian,1.1638363130876073,0.5638363130876076,32
3,4,8,48,40,118,KR Gaussian,1.062387447993343,0.2623874479933441,40
3,4,8,48,12,118,KR Rademacher,2.3814812786630437,2.2814812786630423,12
3,4,8,48,16,118,KR Rademacher,1.8620481555242971,1.6620481555242979,16
3,4,8,48,24,118,KR Rademacher,1.2852489581745523,0.885248958174552,24
3,4,8,48,32,118,KR Rademacher,1.133560118621185,0.5335601186211854,32
3,4,8,48,40,118,KR Rademacher,1.0552254190225865,0.2552254190225902,40
3,4,8,48,12,119,Dense Gaussian,1.914276418123512,1.8142764181235105,12
3,4,8,48,16,119,Dense Gaussian,1.562839327505487,1.3628393275054869,16
3,4,8,48,24,119,Dense Gaussian,1.2238482801816923,0.8238482801816929,24
3,4,8,48,32,119,Dense Gaussian,1.1116069715561103,0.5116069715561125,32
3,4,8,48,40,119,Dense Gaussian,1.053046211136408,0.2530462111364109,40
3,4,8,48,12,119,KR Gaussian,2.1175618929730433,2.017561892973042,12
3,4,8,48,16,119,KR Gaussian,1.779834171626522,1.5798341716265227,16
3,4,8,48,24,119,KR Gaussian,1.2697943239445655,0.869794323944566,24
3,4,8,48,32,119,KR Gaussian,1.1378724030209684,0.5378724030209696,32
3,4,8,48,40,119,KR Gaussian,1.0700543506128337,0.27005435061283656,40
3,4,8,48,12,119,KR Rademacher,2.0548341042485516,1.9548341042485502,12
3,4,8,48,16,119,KR Rademacher,1.7252093414816372,1.525209341481638,16
3,4,8,48,24,119,KR Rademacher,1.3095803270856683,0.9345803270856656,23
3,4,8,48,32,119,KR Rademacher,1.1661864010382663,0.5911864010382644,31
3,4,8,48,40,119,KR Rademacher,1.071512151006763,0.29651215100676076,39
3,4,8,48,12,120,Dense Gaussian,2.07794640847138,1.9779464084713787,12
3,4,8,48,16,120,Dense Gaussian,1.8094738140552797,1.6094738140552796,16
3,4,8,48,24,120,Dense Gaussian,1.36281239739262,0.9628123973926215,24
3,4,8,48,32,120,Dense Gaussian,1.1527057101245664,0.5527057101245667,32
3,4,8,48,40,120,Dense Gaussian,1.047861462324784,0.247861462324785,40
3,4,8,48,12,120,KR Gaussian,2.2895593917288704,2.189559391728869,12
3,4,8,48,16,120,KR Gaussian,1.6266598858783379,1.4266598858783386,16
3,4,8,48,24,120,KR Gaussian,1.2823204779743316,0.8823204779743321,24
3,4,8,48,32,120,KR Gaussian,1.109939950448747,0.5099399504487483,32
3,4,8,48,40,120,KR Gaussian,1.040736908746556,0.24073690874655895,40
3,4,8,48,12,120,KR Rademacher,2.446781350436396,2.3467813504363946,12
3,4,8,48,16,120,KR Rademacher,1.7897535148849943,1.5897535148849933,16
3,4,8,48,24,120,KR Rademacher,1.3283643189413947,0.9283643189413944,24
3,4,8,48,32,120,KR Rademacher,1.1816757873442931,0.6066757873442921,31
3,4,8,48,40,120,KR Rademacher,1.061600535015648,0.31160053501564633,38
3,4,8,48,12,121,Dense Gaussian,2.2636572213711794,2.163657221371178,12
3,4,8,48,16,121,Dense Gaussian,1.6979156638810062,1.497915663881006,16
3,4,8,48,24,121,Dense Gaussian,1.2401182475469792,0.8401182475469788,24
3,4,8,48,32,121,Dense Gaussian,1.1281292719003897,0.52812927190039,32
3,4,8,48,40,121,Dense Gaussian,1.0558738582795746,0.2558738582795783,40
3,4,8,48,12,121,KR Gaussian,1.755108645584004,1.6551086455840025,12
3,4,8,48,16,121,KR Gaussian,1.3628181712661984,1.1628181712661991,16
3,4,8,48,24,121,KR Gaussian,1.182833436813679,0.7828334368136787,24
3,4,8,48,32,121,KR Gaussian,1.1096626006987336,0.5096626006987357,32
3,4,8,48,40,121,KR Gaussian,1.03678758413791,0.236787584137911,40
3,4,8,48,12,121,KR Rademacher,2.416419736407507,2.3164197364075054,12
3,4,8,48,16,121,KR Rademacher,2.024194320158518,1.8241943201585178,16
3,4,8,48,24,121,KR Rademacher,1.33955749482719,0.9645574948271882,23
3,4,8,48,32,121,KR Rademacher,1.1712330929266788,0.5962330929266759,31
3,4,8,48,40,121,KR Rademacher,1.061521077544132,0.31152107754413194,38
3,4,8,48,12,122,Dense Gaussian,2.2053463658619377,2.1053463658619362,12
3,4,8,48,16,122,Dense Gaussian,1.6862339332056688,1.4862339332056678,16
3,4,8,48,24,122,Dense Gaussian,1.3043017764434381,0.9043017764434378,24
3,4,8,48,32,122,Dense Gaussian,1.1114254432659347,0.5114254432659351,32
3,4,8,48,40,122,Dense Gaussian,1.0496637978599415,0.24966379785994341,40
3,4,8,48,12,122,KR Gaussian,2.0669058202046893,1.9669058202046878,12
3,4,8,48,16,122,KR Gaussian,1.7527667527712687,1.5527667527712676,16
3,4,8,48,24,122,KR Gaussian,1.3636188794958333,0.9636188794958347,24
3,4,8,48,32,122,KR Gaussian,1.1443944823423724,0.5443944823423745,32
3,4,8,48,40,122,KR Gaussian,1.066375764072709,0.26637576407270913,40
3,4,8,48,12,122,KR Rademacher,2.3058811022446424,2.2308811022446413,11
3,4,8,48,16,122,KR Rademacher,1.959698493270503,1.809698493270501,14
3,4,8,48,24,122,KR Rademacher,1.3725514386090154,1.0475514386090135,21
3,4,8,48,32,122,KR Rademacher,1.2373722559489337,0.7123722559489334,29
3,4,8,48,40,122,KR Rademacher,1.0959079052979988,0.39590790529799946,36
3,4,8,48,12,123,Dense Gaussian,2.296649222169023,2.1966492221690217,12
3,4,8,48,16,123,Dense Gaussian,1.5531436657319704,1.3531436657319702,16
3,4,8,48,24,123,Dense Gaussian,1.2446732567964425,0.8446732567964421,24
3,4,8,48,32,123,Dense Gaussian,1.110418928113024,0.5104189281130243,32
3,4,8,48,40,123,Dense Gaussian,1.0459076094800963,0.24590760948009738,40
3,4,8,48,12,123,KR Gaussian,2.8905410446312825,2.790541044631281,12
3,4,8,48,16,123,KR Gaussian,2.0225931830641724,1.8225931830641713,16
3,4,8,48,24,123,KR Gaussian,1.3726537089100335,0.972653708910034,24
3,4,8,48,32,123,KR Gaussian,1.1628368922776486,0.5628368922776499,32
3,4,8,48,40,123,KR Gaussian,1.0660693685795373,0.2660693685795401,40
3,4,8,48,12,123,KR Rademacher,1.6910992196722514,1.59109921967225,12
3,4,8,48,16,123,KR Rademacher,1.453533710181949,1.253533710181948,16
3,4,8,48,24,123,KR Rademacher,1.2440477533244936,0.8440477533244941,24
3,4,8,48,32,123,KR Rademacher,1.1197659741883195,0.5197659741883207,32
3,4,8,48,40,123,KR Rademacher,1.0479364545010554,0.2729364545010533,39
3,4,8,48,12,124,Dense Gaussian,2.1069772744319417,2.0069772744319403,12
3,4,8,48,16,124,Dense Gaussian,1.6723559337336482,1.4723559337336471,16
3,4,8,48,24,124,Dense Gaussian,1.2816568985093912,0.8816568985093909,24
3,4,8,48,32,124,Dense Gaussian,1.1085416782450892,0.5085416782450913,32
3,4,8,48,40,124,Dense Gaussian,1.047521491029105,0.24752149102910614,40
3,4,8,48,12,124,KR Gaussian,2.351270754636368,2.2512707546363666,12
3,4,8,48,16,124,KR Gaussian,1.5173707986325295,1.3173707986325294,16
3,4,8,48,24,124,KR Gaussian,1.224992719107588,0.8249927191075876,24
3,4,8,48,32,124,KR Gaussian,1.1255962670335196,0.5255962670335208,32
3,4,8,48,40,124,KR Gaussian,1.0438630894905359,0.24386308949053515,40
3,4,8,48,12,124,KR Rademacher,2.1672084409607937,2.0672084409607923,12
3,4,8,48,16,124,KR Rademacher,1.7558880310595963,1.5558880310595953,16
3,4,8,48,24,124,KR Rademacher,1.3398000135302386,0.9648000135302368,23
3,4,8,48,32,124,KR Rademacher,1.1598728063751196,0.5848728063751185,31
3,4,8,48,40,124,KR Rademacher,1.0813832189500747,0.3313832189500747,38
3,4,8,48,12,125,Dense Gaussian,2.7754927287558164,2.675492728755815,12
3,4,8,48,16,125,Dense Gaussian,1.766178311434846,1.5661783114348449,16
3,4,8,48,24,125,Dense Gaussian,1.366596550674556,0.9665965506745575,24
3,4,8,48,32,125,Dense Gaussian,1.148951160368859,0.5489511603688602,32
3,4,8,48,40,125,Dense Gaussian,1.0625409417363718,0.26254094173637377,40
3,4,8,48,12,125,KR Gaussian,2.6367750866487274,2.536775086648726,12
3,4,8,48,16,125,KR Gaussian,2.2588082955204047,2.058808295520403,16
3,4,8,48,24,125,KR Gaussian,1.3719234369690767,0.9719234369690763,24
3,4,8,48,32,125,KR Gaussian,1.1592839790162142,0.5592839790162145,32
3,4,8,48,40,125,KR Gaussian,1.0393806076845422,0.23938060768454328,40
3,4,8,48,12,125,KR Rademacher,2.0845317528552147,1.9845317528552133,12
3,4,8,48,16,125,KR Rademacher,1.7353697704726327,1.5603697704726303,15
3,4,8,48,24,125,KR Rademacher,1.3008380657285032,0.9258380657285006,23
3,4,8,48,32,125,KR Rademacher,1.1517280671770092,0.6017280671770067,30
3,4,8,48,40,125,KR Rademacher,1.0759510898195925,0.350951089819592,37
3,4,8,48,12,126,Dense Gaussian,2.140991729473309,2.0409917294733075,12
3,4,8,48,16,126,Dense Gaussian,1.6619851557727143,1.4619851557727133,16
3,4,8,48,24,126,Dense Gaussian,1.2393006418394101,0.8393006418394116,24
3,4,8,48,32,126,Dense Gaussian,1.1060654555255276,0.5060654555255297,32
3,4,8,48,40,126,Dense Gaussian,1.0417574236563123,0.24175742365631336,40
3,4,8,48,12,126,KR Gaussian,2.7676545087600175,2.667654508760016,12
3,4,8,48,16,126,KR Gaussian,1.7577416247744235,1.5577416247744242,16
3,4,8,48,24,126,KR Gaussian,1.3701404399131247,0.9701404399131253,24
3,4,8,48,32,126,KR Gaussian,1.1222592109199363,0.5222592109199375,32
3,4,8,48,40,126,KR Gaussian,1.0626843411135027,0.2626843411135056,40
3,4,8,48,12,126,KR Rademacher,2.4889116926283883,2.4139116926283872,11
3,4,8,48,16,126,KR Rademacher,1.7878955304231585,1.612895530423156,15
3,4,8,48,24,126,KR Rademacher,1.3487921560542224,1.0237921560542205,21
3,4,8,48,32,126,KR Rademacher,1.1621271456136064,0.6371271456136061,29
3,4,8,48,40,126,KR Rademacher,1.0759626441469168,0.35096264414691625,37
3,4,8,48,12,127,Dense Gaussian,2.4027887512753336,2.3027887512753322,12
3,4,8,48,16,127,Dense Gaussian,1.710514717607298,1.5105147176072968,16
3,4,8,48,24,127,Dense Gaussian,1.2800123716084117,0.8800123716084123,24
3,4,8,48,32,127,Dense Gaussian,1.1338351229099786,0.5338351229099807,32
3,4,8,48,40,127,Dense Gaussian,1.0452367488489092,0.24523674884891378,40
3,4,8,48,12,127,KR Gaussian,2.2432128756821506,2.143212875682149,12
3,4,8,48,16,127,KR Gaussian,1.773938055024785,1.5739380550247848,16
3,4,8,48,24,127,KR Gaussian,1.367637567154281,0.9676375671542807,24
3,4,8,48,32,127,KR Gaussian,1.15042060133616,0.5504206013361603,32
3,4,8,48,40,127,KR Gaussian,1.064181726525124,0.26418172652512695,40
3,4,8,48,12,127,KR Rademacher,2.3821060837046577,2.3071060837046566,11
3,4,8,48,16,127,KR Rademacher,1.8804985427407335,1.705498542740731,15
3,4,8,48,24,127,KR Rademacher,1.3380038941327586,0.9630038941327559,23
3,4,8,48,32,127,KR Rademacher,1.130006285927596,0.555006285927595,31
3,4,8,48,40,127,KR Rademacher,1.058402548367722,0.2834025483677216,39
