r,m,R,kind,trial,trials,rankr_ratio,projector_ratio,zero_ratio,bound,paired_check_absdiff,paired_check_performed
8,25,50,0,0,64,1.2858682333855926,0.8811063286236873,9,1.5,0.0,0
8,25,50,2,0,64,1.2858682333855926,0.8811063286236873,9,1.5,0.0,1
8,25,50,3,0,64,1.2858682333855926,0.8811063286236873,9,1.5,1.7763568394002505e-15,1
8,25,50,4,0,64,1.2858682333855926,0.8811063286236873,9,1.5,0.0,1
8,25,50,-1,0,64,1.2566275288060327,0.8518656240441285,9,1.5,0.0,0
8,25,50,0,1,64,1.213865689082691,0.8091037843207864,9,1.5,0.0,0
8,25,50,2,1,64,1.213865689082691,0.8091037843207864,9,1.5,0.0,0
8,25,50,3,1,64,1.213865689082691,0.8091037843207864,9,1.5,0.0,0
8,25,50,4,1,64,1.213865689082691,0.8091037843207864,9,1.5,0.0,0
8,25,50,-1,1,64,1.2110753875140587,0.8063134827521541,9,1.5,0.0,0
8,25,50,0,2,64,1.2745268008009765,0.8697648960390723,9,1.5,0.0,0
8,25,50,2,2,64,1.2745268008009765,0.8697648960390723,9,1.5,0.0,0
8,25,50,3,2,64,1.2745268008009765,0.8697648960390723,9,1.5,0.0,0
8,25,50,4,2,64,1.2745268008009765,0.8697648960390723,9,1.5,0.0,0
8,25,50,-1,2,64,1.2878954864535774,0.8831335816916734,9,1.5,0.0,0
8,25,50,0,3,64,1.2835201982250342,0.8787582934631288,9,1.5,0.0,0
8,25,50,2,3,64,1.2835201982250342,0.8787582934631288,9,1.5,0.0,0
8,25,50,3,3,64,1.2835201982250342,0.8787582934631288,9,1.5,0.0,0
8,25,50,4,3,64,1.2835201982250342,0.8787582934631288,9,1.5,0.0,0
8,25,50,-1,3,64,1.2461253855520928,0.8413634807901875,9,1.5,0.0,0
8,25,50,0,4,64,1.2470297061341227,0.842267801372218,9,1.5,0.0,0
8,25,50,2,4,64,1.2470297061341227,0.842267801372218,9,1.5,0.0,0
8,25,50,3,4,64,1.2470297061341227,0.842267801372218,9,1.5,0.0,0
8,25,50,4,4,64,1.2470297061341227,0.842267801372218,9,1.5,0.0,0
8,25,50,-1,4,64,1.2422271845869757,0.8374652798250715,9,1.5,0.0,0
8,25,50,0,5,64,1.2704827630846494,0.865720858322744,9,1.5,0.0,0
8,25,50,2,5,64,1.2704827630846494,0.865720858322744,9,1.5,0.0,0
8,25,50,3,5,64,1.2704827630846494,0.865720858322744,9,1.5,0.0,0
8,25,50,4,5,64,1.2704827630846494,0.865720858322744,9,1.5,0.0,0
8,25,50,-1,5,64,1.2895566676317742,0.8847947628698698,9,1.5,0.0,0
8,25,50,0,6,64,1.2112614640540464,0.806499559292142,9,1.5,0.0,0
8,25,50,2,6,64,1.2112614640540464,0.806499559292142,9,1.5,0.0,0
8,25,50,3,6,64,1.2112614640540464,0.806499559292142,9,1.5,0.0,0
8,25,50,4,6,64,1.2112614640540464,0.806499559292142,9,1.5,0.0,0
8,25,50,-1,6,64,1.2411923267835347,0.8364304220216301,9,1.5,0.0,0
8,25,50,0,7,64,1.2571416789470686,0.8523797741851631,9,1.5,0.0,0
8,25,50,2,7,64,1.2571416789470686,0.8523797741851631,9,1.5,0.0,0
8,25,50,3,7,64,1.2571416789470686,0.8523797741851631,9,1.5,0.0,0
8,25,50,4,7,64,1.2571416789470686,0.8523797741851631,9,1.5,0.0,0
8,25,50,-1,7,64,1.2623080679002925,0.8575461631383874,9,1.5,0.0,0
8,25,50,0,8,64,1.2807221388612462,0.8759602340993418,9,1.5,0.0,0
8,25,50,2,8,64,1.2807221388612462,0.8759602340993418,9,1.5,0.0,0
8,25,50,3,8,64,1.2807221388612462,0.8759602340993418,9,1.5,0.0,0
8,25,50,4,8,64,1.2807221388612462,0.8759602340993418,9,1.5,0.0,0
8,25,50,-1,8,64,1.2617840422720152,0.8570221375101106,9,1.5,0.0,0
8,25,50,0,9,64,1.3062511442899933,0.9014892395280878,9,1.5,0.0,0
8,25,50,2,9,64,1.3062511442899933,0.9014892395280878,9,1.5,0.0,0
8,25,50,3,9,64,1.3062511442899933,0.9014892395280878,9,1.5,0.0,0
8,25,50,4,9,64,1.3062511442899933,0.9014892395280878,9,1.5,0.0,0
8,25,50,-1,9,64,1.2291025243304787,0.8243406195685736,9,1.5,0.0,0
8,25,50,0,10,64,1.2448785218942737,0.8401166171323684,9,1.5,0.0,0
8,25,50,2,10,64,1.2448785218942737,0.8401166171323684,9,1.5,0.0,0
8,25,50,3,10,64,1.2448785218942737,0.8401166171323684,9,1.5,0.0,0
8,25,50,4,10,64,1.2448785218942737,0.8401166171323684,9,1.5,0.0,0
8,25,50,-1,10,64,1.2514938723936402,0.8467319676317349,9,1.5,0.0,0
8,25,50,0,11,64,1.292994457197638,0.8882325524357331,9,1.5,0.0,0
8,25,50,2,11,64,1.292994457197638,0.8882325524357331,9,1.5,0.0,0
8,25,50,3,11,64,1.292994457197638,0.8882325524357331,9,1.5,0.0,0
8,25,50,4,11,64,1.292994457197638,0.8882325524357331,9,1.5,0.0,0
8,25,50,-1,11,64,1.2980315237381956,0.8932696189762908,9,1.5,0.0,0
8,25,50,0,12,64,1.2833781480764532,0.8786162433145481,9,1.5,0.0,0
8,25,50,2,12,64,1.2833781480764532,0.8786162433145481,9,1.5,0.0,0
8,25,50,3,12,64,1.2833781480764532,0.8786162433145481,9,1.5,0.0,0
8,25,50,4,12,64,1.2833781480764532,0.8786162433145481,9,1.5,0.0,0
8,25,50,-1,12,64,1.2554685471452942,0.8507066423833898,9,1.5,0.0,0
8,25,50,0,13,64,1.2847068484140851,0.8799449436521805,9,1.5,0.0,0
8,25,50,2,13,64,1.2847068484140851,0.8799449436521805,9,1.5,0.0,0
8,25,50,3,13,64,1.2847068484140851,0.8799449436521805,9,1.5,0.0,0
8,25,50,4,13,64,1.2847068484140851,0.8799449436521805,9,1.5,0.0,0
8,25,50,-1,13,64,1.2450163008489425,0.8402543960870386,9,1.5,0.0,0
8,25,50,0,14,64,1.2640110682262868,0.8592491634643817,9,1.5,0.0,0
8,25,50,2,14,64,1.2640110682262868,0.8592491634643817,9,1.5,0.0,0
8,25,50,3,14,64,1.2640110682262868,0.8592491634643817,9,1.5,0.0,0
8,25,50,4,14,64,1.2640110682262868,0.8592491634643817,9,1.5,0.0,0
8,25,50,-1,14,64,1.2943487764926656,0.88958687173076,9,1.5,0.0,0
8,25,50,0,15,64,1.1717606205369149,0.76699871577501,9,1.5,0.0,0
8,25,50,2,15,64,1.1717606205369149,0.76699871577501,9,1.5,0.0,0
8,25,50,3,15,64,1.1717606205369149,0.76699871577501,9,1.5,0.0,0
8,25,50,4,15,64,1.1717606205369149,0.76699871577501,9,1.5,0.0,0
8,25,50,-1,15,64,1.2447253608622675,0.8399634561003637,9,1.5,0.0,0
8,25,50,0,16,64,1.260856955081517,0.8560950503196114,9,1.5,0.0,0
8,25,50,2,16,64,1.260856955081517,0.8560950503196114,9,1.5,0.0,0
8,25,50,3,16,64,1.260856955081517,0.8560950503196114,9,1.5,0.0,0
8,25,50,4,16,64,1.260856955081517,0.8560950503196114,9,1.5,0.0,0
8,25,50,-1,16,64,1.2005973988896774,0.7958354941277737,9,1.5,0.0,0
8,25,50,0,17,64,1.1839229704998422,0.779161065737938,9,1.5,0.0,0
8,25,50,2,17,64,1.1839229704998422,0.779161065737938,9,1.5,0.0,0
8,25,50,3,17,64,1.1839229704998422,0.779161065737938,9,1.5,0.0,0
8,25,50,4,17,64,1.1839229704998422,0.779161065737938,9,1.5,0.0,0
8,25,50,-1,17,64,1.2614038833908743,0.8566419786289696,9,1.5,0.0,0
8,25,50,0,18,64,1.292109539039946,0.8873476342780418,9,1.5,0.0,0
8,25,50,2,18,64,1.292109539039946,0.8873476342780418,9,1.5,0.0,0
8,25,50,3,18,64,1.292109539039946,0.8873476342780418,9,1.5,0.0,0
8,25,50,4,18,64,1.292109539039946,0.8873476342780418,9,1.5,0.0,0
8,25,50,-1,18,64,1.2474499711735936,0.8426880664116894,9,1.5,0.0,0
8,25,50,0,19,64,1.2333409037676764,0.8285789990057726,9,1.5,0.0,0
8,25,50,2,19,64,1.2333409037676764,0.8285789990057726,9,1.5,0.0,0
8,25,50,3,19,64,1.2333409037676764,0.8285789990057726,9,1.5,0.0,0
8,25,50,4,19,64,1.2333409037676764,0.8285789990057726,9,1.5,0.0,0
8,25,50,-1,19,64,1.3004409151083802,0.8956790103464751,9,1.5,0.0,0
8,25,50,0,20,64,1.288313195385999,0.8835512906240943,9,1.5,0.0,0
8,25,50,2,20,64,1.288313195385999,0.8835512906240943,9,1.5,0.0,0
8,25,50,3,20,64,1.288313195385999,0.8835512906240943,9,1.5,0.0,0
8,25,50,4,20,64,1.288313195385999,0.8835512906240943,9,1.5,0.0,0
8,25,50,-1,20,64,1.2161629656074149,0.81140106084551,9,1.5,0.0,0
8,25,50,0,21,64,1.2540500549842142,0.8492881502223089,9,1.5,0.0,0
8,25,50,2,21,64,1.2540500549842142,0.8492881502223089,9,1.5,0.0,0
8,25,50,3,21,64,1.2540500549842142,0.8492881502223089,9,1.5,0.0,0
8,25,50,4,21,64,1.2540500549842142,0.8492881502223089,9,1.5,0.0,0
8,25,50,-1,21,64,1.269229851700725,0.8644679469388201,9,1.5,0.0,0
8,25,50,0,22,64,1.2782718606235213,0.873509955861616,9,1.5,0.0,0
8,25,50,2,22,64,1.2782718606235213,0.873509955861616,9,1.5,0.0,0
8,25,50,3,22,64,1.2782718606235213,0.873509955861616,9,1.5,0.0,0
8,25,50,4,22,64,1.2782718606235213,0.873509955861616,9,1.5,0.0,0
8,25,50,-1,22,64,1.2386645998088448,0.8339026950469393,9,1.5,0.0,0
8,25,50,0,23,64,1.3688307442932257,0.9640688395313202,9,1.5,0.0,0
8,25,50,2,23,64,1.3688307442932257,0.9640688395313202,9,1.5,0.0,0
8,25,50,3,23,64,1.3688307442932257,0.9640688395313202,9,1.5,0.0,0
8,25,50,4,23,64,1.3688307442932257,0.9640688395313202,9,1.5,0.0,0
8,25,50,-1,23,64,1.239103152655212,0.8343412478933079,9,1.5,0.0,0
8,25,50,0,24,64,1.23794873486202,0.8331868301001144,9,1.5,0.0,0
8,25,50,2,24,64,1.23794873486202,0.8331868301001144,9,1.5,0.0,0
8,25,50,3,24,64,1.23794873486202,0.8331868301001144,9,1.5,0.0,0
8,25,50,4,24,64,1.23794873486202,0.8331868301001144,9,1.5,0.0,0
8,25,50,-1,24,64,1.2566902225754821,0.8519283178135773,9,1.5,0.0,0
8,25,50,0,25,64,1.2994520869761006,0.8946901822141964,9,1.5,0.0,0
8,25,50,2,25,64,1.2994520869761006,0.8946901822141964,9,1.5,0.0,0
8,25,50,3,25,64,1.2994520869761006,0.8946901822141964,9,1.5,0.0,0
8,25,50,4,25,64,1.2994520869761006,0.8946901822141964,9,1.5,0.0,0
8,25,50,-1,25,64,1.2731643516305429,0.8684024468686378,9,1.5,0.0,0
8,25,50,0,26,64,1.256980526916848,0.8522186221549433,9,1.5,0.0,0
8,25,50,2,26,64,1.256980526916848,0.8522186221549433,9,1.5,0.0,0
8,25,50,3,26,64,1.256980526916848,0.8522186221549433,9,1.5,0.0,0
8,25,50,4,26,64,1.256980526916848,0.8522186221549433,9,1.5,0.0,0
8,25,50,-1,26,64,1.264172761688249,0.8594108569263437,9,1.5,0.0,0
8,25,50,0,27,64,1.2637141493453894,0.8589522445834845,9,1.5,0.0,0
8,25,50,2,27,64,1.2637141493453894,0.8589522445834845,9,1.5,0.0,0
8,25,50,3,27,64,1.2637141493453894,0.8589522445834845,9,1.5,0.0,0
8,25,50,4,27,64,1.2637141493453894,0.8589522445834845,9,1.5,0.0,0
8,25,50,-1,27,64,1.2513921313979843,0.8466302266360799,9,1.5,0.0,0
8,25,50,0,28,64,1.3805020587810337,0.97574015401913,9,1.5,0.0,0
8,25,50,2,28,64,1.3805020587810337,0.97574015401913,9,1.5,0.0,0
8,25,50,3,28,64,1.3805020587810337,0.97574015401913,9,1.5,0.0,0
8,25,50,4,28,64,1.3805020587810337,0.97574015401913,9,1.5,0.0,0
8,25,50,-1,28,64,1.2607025952457298,0.8559406904838252,9,1.5,0.0,0
8,25,50,0,29,64,1.247880815722235,0.8431189109603299,9,1.5,0.0,0
8,25,50,2,29,64,1.247880815722235,0.8431189109603299,9,1.5,0.0,0
8,25,50,3,29,64,1.247880815722235,0.8431189109603299,9,1.5,0.0,0
8,25,50,4,29,64,1.247880815722235,0.8431189109603299,9,1.5,0.0,0
8,25,50,-1,29,64,1.225953951856027,0.8211920470941223,9,1.5,0.0,0
8,25,50,0,30,64,1.2605145912305544,0.8557526864686498,9,1.5,0.0,0
8,25,50,2,30,64,1.2605145912305544,0.8557526864686498,9,1.5,0.0,0
8,25,50,3,30,64,1.2605145912305544,0.8557526864686498,9,1.5,0.0,0
8,25,50,4,30,64,1.2605145912305544,0.8557526864686498,9,1.5,0.0,0
8,25,50,-1,30,64,1.2506618097835003,0.8458999050215947,9,1.5,0.0,0
8,25,50,0,31,64,1.2181117569154674,0.8133498521535625,9,1.5,0.0,0
8,25,50,2,31,64,1.2181117569154674,0.8133498521535625,9,1.5,0.0,0
8,25,50,3,31,64,1.2181117569154674,0.8133498521535625,9,1.5,0.0,0
8,25,50,4,31,64,1.2181117569154674,0.8133498521535625,9,1.5,0.0,0
8,25,50,-1,31,64,1.2415791426475837,0.8368172378856791,9,1.5,0.0,0
8,25,50,0,32,64,1.2702499921881898,0.8654880874262858,9,1.5,0.0,0
8,25,50,2,32,64,1.2702499921881898,0.8654880874262858,9,1.5,0.0,0
8,25,50,3,32,64,1.2702499921881898,0.8654880874262858,9,1.5,0.0,0
8,25,50,4,32,64,1.2702499921881898,0.8654880874262858,9,1.5,0.0,0
8,25,50,-1,32,64,1.2710693215076212,0.8663074167457161,9,1.5,0.0,0
8,25,50,0,33,64,1.2568425512187862,0.8520806464568818,9,1.5,0.0,0
8,25,50,2,33,64,1.2568425512187862,0.8520806464568818,9,1.5,0.0,0
8,25,50,3,33,64,1.2568425512187862,0.8520806464568818,9,1.5,0.0,0
8,25,50,4,33,64,1.2568425512187862,0.8520806464568818,9,1.5,0.0,0
8,25,50,-1,33,64,1.2728992443507,0.8681373395887952,9,1.5,0.0,0
8,25,50,0,34,64,1.278944039240983,0.8741821344790779,9,1.5,0.0,0
8,25,50,2,34,64,1.278944039240983,0.8741821344790779,9,1.5,0.0,0
8,25,50,3,34,64,1.278944039240983,0.8741821344790779,9,1.5,0.0,0
8,25,50,4,34,64,1.278944039240983,0.8741821344790779,9,1.5,0.0,0
8,25,50,-1,34,64,1.2944348281221394,0.8896729233602354,9,1.5,0.0,0
8,25,50,0,35,64,1.2575573710721621,0.8527954663102584,9,1.5,0.0,0
8,25,50,2,35,64,1.2575573710721621,0.8527954663102584,9,1.5,0.0,0
8,25,50,3,35,64,1.2575573710721621,0.8527954663102584,9,1.5,0.0,0
8,25,50,4,35,64,1.2575573710721621,0.8527954663102584,9,1.5,0.0,0
8,25,50,-1,35,64,1.2250414016306592,0.8202794968687552,9,1.5,0.0,0
8,25,50,0,36,64,1.2543821428354645,0.8496202380735589,9,1.5,0.0,0
8,25,50,2,36,64,1.2543821428354645,0.8496202380735589,9,1.5,0.0,0
8,25,50,3,36,64,1.2543821428354645,0.8496202380735589,9,1.5,0.0,0
8,25,50,4,36,64,1.2543821428354645,0.8496202380735589,9,1.5,0.0,0
8,25,50,-1,36,64,1.2200411937878808,0.8152792890259768,9,1.5,0.0,0
8,25,50,0,37,64,1.3987621570709503,0.9940002523090463,9,1.5,0.0,0
8,25,50,2,37,64,1.3987621570709503,0.9940002523090463,9,1.5,0.0,0
8,25,50,3,37,64,1.3987621570709503,0.9940002523090463,9,1.5,0.0,0
8,25,50,4,37,64,1.3987621570709503,0.9940002523090463,9,1.5,0.0,0
8,25,50,-1,37,64,1.2504622330623962,0.8457003283004916,9,1.5,0.0,0
8,25,50,0,38,64,1.2450824023295537,0.8403204975676495,9,1.5,0.0,0
8,25,50,2,38,64,1.2450824023295537,0.8403204975676495,9,1.5,0.0,0
8,25,50,3,38,64,1.2450824023295537,0.8403204975676495,9,1.5,0.0,0
8,25,50,4,38,64,1.2450824023295537,0.8403204975676495,9,1.5,0.0,0
8,25,50,-1,38,64,1.2653736895774657,0.8606117848155606,9,1.5,0.0,0
8,25,50,0,39,64,1.2532099761909674,0.848448071429063,9,1.5,0.0,0
8,25,50,2,39,64,1.2532099761909674,0.848448071429063,9,1.5,0.0,0
8,25,50,3,39,64,1.2532099761909674,0.848448071429063,9,1.5,0.0,0
8,25,50,4,39,64,1.2532099761909674,0.848448071429063,9,1.5,0.0,0
8,25,50,-1,39,64,1.2324805535452534,0.8277186487833479,9,1.5,0.0,0
8,25,50,0,40,64,1.2884148203079642,0.88365291554606,9,1.5,0.0,0
8,25,50,2,40,64,1.2884148203079642,0.88365291554606,9,1.5,0.0,0
8,25,50,3,40,64,1.2884148203079642,0.88365291554606,9,1.5,0.0,0
8,25,50,4,40,64,1.2884148203079642,0.88365291554606,9,1.5,0.0,0
8,25,50,-1,40,64,1.196456844185348,0.7916949394234436,9,1.5,0.0,0
8,25,50,0,41,64,1.3084093124247986,0.9036474076628931,9,1.5,0.0,0
8,25,50,2,41,64,1.3084093124247986,0.9036474076628931,9,1.5,0.0,0
8,25,50,3,41,64,1.3084093124247986,0.9036474076628931,9,1.5,0.0,0
8,25,50,4,41,64,1.3084093124247986,0.9036474076628931,9,1.5,0.0,0
8,25,50,-1,41,64,1.3273432428234975,0.9225813380615921,9,1.5,0.0,0
8,25,50,0,42,64,1.3553287822712146,0.9505668775093099,9,1.5,0.0,0
8,25,50,2,42,64,1.3553287822712146,0.9505668775093099,9,1.5,0.0,0
8,25,50,3,42,64,1.3553287822712146,0.9505668775093099,9,1.5,0.0,0
8,25,50,4,42,64,1.3553287822712146,0.9505668775093099,9,1.5,0.0,0
8,25,50,-1,42,64,1.2621679203157146,0.8574060155538099,9,1.5,0.0,0
8,25,50,0,43,64,1.4451619558445306,1.0404000510826261,9,1.5,0.0,0
8,25,50,2,43,64,1.4451619558445306,1.0404000510826261,9,1.5,0.0,0
8,25,50,3,43,64,1.4451619558445306,1.0404000510826261,9,1.5,0.0,0
8,25,50,4,43,64,1.4451619558445306,1.0404000510826261,9,1.5,0.0,0
8,25,50,-1,43,64,1.2415093664285026,0.8367474616665973,9,1.5,0.0,0
8,25,50,0,44,64,1.3081401670428514,0.9033782622809472,9,1.5,0.0,0
8,25,50,2,44,64,1.3081401670428514,0.9033782622809472,9,1.5,0.0,0
8,25,50,3,44,64,1.3081401670428514,0.9033782622809472,9,1.5,0.0,0
8,25,50,4,44,64,1.3081401670428514,0.9033782622809472,9,1.5,0.0,0
8,25,50,-1,44,64,1.2418918516169346,0.8371299468550308,9,1.5,0.0,0
8,25,50,0,45,64,1.3102957129753148,0.905533808213411,9,1.5,0.0,0
8,25,50,2,45,64,1.3102957129753148,0.905533808213411,9,1.5,0.0,0
8,25,50,3,45,64,1.3102957129753148,0.905533808213411,9,1.5,0.0,0
8,25,50,4,45,64,1.3102957129753148,0.905533808213411,9,1.5,0.0,0
8,25,50,-1,45,64,1.2434152131365932,0.8386533083746883,9,1.5,0.0,0
8,25,50,0,46,64,1.2080730320029356,0.8033111272410309,9,1.5,0.0,0
8,25,50,2,46,64,1.2080730320029356,0.8033111272410309,9,1.5,0.0,0
8,25,50,3,46,64,1.2080730320029356,0.8033111272410309,9,1.5,0.0,0
8,25,50,4,46,64,1.2080730320029356,0.8033111272410309,9,1.5,0.0,0
8,25,50,-1,46,64,1.3098066447148682,0.9050447399529631,9,1.5,0.0,0
8,25,50,0,47,64,1.287451565358925,0.8826896605970198,9,1.5,0.0,0
8,25,50,2,47,64,1.287451565358925,0.8826896605970198,9,1.5,0.0,0
8,25,50,3,47,64,1.287451565358925,0.8826896605970198,9,1.5,0.0,0
8,25,50,4,47,64,1.287451565358925,0.8826896605970198,9,1.5,0.0,0
8,25,50,-1,47,64,1.2592096042022076,0.8544476994403034,9,1.5,0.0,0
8,25,50,0,48,64,1.338542976914934,0.93378107215303,9,1.5,0.0,0
8,25,50,2,48,64,1.338542976914934,0.93378107215303,9,1.5,0.0,0
8,25,50,3,48,64,1.338542976914934,0.93378107215303,9,1.5,0.0,0
8,25,50,4,48,64,1.338542976914934,0.93378107215303,9,1.5,0.0,0
8,25,50,-1,48,64,1.273515120695702,0.868753215933797,9,1.5,0.0,0
8,25,50,0,49,64,1.2998926718018584,0.8951307670399533,9,1.5,0.0,0
8,25,50,2,49,64,1.2998926718018584,0.8951307670399533,9,1.5,0.0,0
8,25,50,3,49,64,1.2998926718018584,0.8951307670399533,9,1.5,0.0,0
8,25,50,4,49,64,1.2998926718018584,0.8951307670399533,9,1.5,0.0,0
8,25,50,-1,49,64,1.225047736988946,0.8202858322270412,9,1.5,0.0,0
8,25,50,0,50,64,1.2802401351361692,0.8754782303742648,9,1.5,0.0,0
8,25,50,2,50,64,1.2802401351361692,0.8754782303742648,9,1.5,0.0,0
8,25,50,3,50,64,1.2802401351361692,0.8754782303742648,9,1.5,0.0,0
8,25,50,4,50,64,1.2802401351361692,0.8754782303742648,9,1.5,0.0,0
8,25,50,-1,50,64,1.2656208958383244,0.8608589910764195,9,1.5,0.0,0
8,25,50,0,51,64,1.3192877612800407,0.9145258565181358,9,1.5,0.0,0
8,25,50,2,51,64,1.3192877612800407,0.9145258565181358,9,1.5,0.0,0
8,25,50,3,51,64,1.3192877612800407,0.9145258565181358,9,1.5,0.0,0
8,25,50,4,51,64,1.3192877612800407,0.9145258565181358,9,1.5,0.0,0
8,25,50,-1,51,64,1.2307391877178402,0.825977282955936,9,1.5,0.0,0
8,25,50,0,52,64,1.2734205923725574,0.8686586876106528,9,1.5,0.0,0
8,25,50,2,52,64,1.2734205923725574,0.8686586876106528,9,1.5,0.0,0
8,25,50,3,52,64,1.2734205923725574,0.8686586876106528,9,1.5,0.0,0
8,25,50,4,52,64,1.2734205923725574,0.8686586876106528,9,1.5,0.0,0
8,25,50,-1,52,64,1.3282349235541777,0.9234730187922722,9,1.5,0.0,0
8,25,50,0,53,64,1.2483574552839722,0.8435955505220676,9,1.5,0.0,0
8,25,50,2,53,64,1.2483574552839722,0.8435955505220676,9,1.5,0.0,0
8,25,50,3,53,64,1.2483574552839722,0.8435955505220676,9,1.5,0.0,0
8,25,50,4,53,64,1.2483574552839722,0.8435955505220676,9,1.5,0.0,0
8,25,50,-1,53,64,1.2519911664039272,0.8472292616420223,9,1.5,0.0,0
8,25,50,0,54,64,1.2727349721132122,0.8679730673513077,9,1.5,0.0,0
8,25,50,2,54,64,1.2727349721132122,0.8679730673513077,9,1.5,0.0,0
8,25,50,3,54,64,1.2727349721132122,0.8679730673513077,9,1.5,0.0,0
8,25,50,4,54,64,1.2727349721132122,0.8679730673513077,9,1.5,0.0,0
8,25,50,-1,54,64,1.2782977925088643,0.873535887746959,9,1.5,0.0,0
8,25,50,0,55,64,1.1851425874758768,0.7803806827139717,9,1.5,0.0,0
8,25,50,2,55,64,1.1851425874758768,0.7803806827139717,9,1.5,0.0,0
8,25,50,3,55,64,1.1851425874758768,0.7803806827139717,9,1.5,0.0,0
8,25,50,4,55,64,1.1851425874758768,0.7803806827139717,9,1.5,0.0,0
8,25,50,-1,55,64,1.2277935540651252,0.8230316493032213,9,1.5,0.0,0
8,25,50,0,56,64,1.230604680479185,0.8258427757172804,9,1.5,0.0,0
8,25,50,2,56,64,1.230604680479185,0.8258427757172804,9,1.5,0.0,0
8,25,50,3,56,64,1.230604680479185,0.8258427757172804,9,1.5,0.0,0
8,25,50,4,56,64,1.230604680479185,0.8258427757172804,9,1.5,0.0,0
8,25,50,-1,56,64,1.1773827780716093,0.7726208733097053,9,1.5,0.0,0
8,25,50,0,57,64,1.253515556499062,0.848753651737157,9,1.5,0.0,0
8,25,50,2,57,64,1.253515556499062,0.848753651737157,9,1.5,0.0,0
8,25,50,3,57,64,1.253515556499062,0.848753651737157,9,1.5,0.0,0
8,25,50,4,57,64,1.253515556499062,0.848753651737157,9,1.5,0.0,0
8,25,50,-1,57,64,1.2629040156924498,0.8581421109305456,9,1.5,0.0,0
8,25,50,0,58,64,1.1885964233692352,0.7838345186073301,9,1.5,0.0,0
8,25,50,2,58,64,1.1885964233692352,0.7838345186073301,9,1.5,0.0,0
8,25,50,3,58,64,1.1885964233692352,0.7838345186073301,9,1.5,0.0,0
8,25,50,4,58,64,1.1885964233692352,0.7838345186073301,9,1.5,0.0,0
8,25,50,-1,58,64,1.251255217981415,0.8464933132195096,9,1.5,0.0,0
8,25,50,0,59,64,1.3216038614399443,0.9168419566780397,9,1.5,0.0,0
8,25,50,2,59,64,1.3216038614399443,0.9168419566780397,9,1.5,0.0,0
8,25,50,3,59,64,1.3216038614399443,0.9168419566780397,9,1.5,0.0,0
8,25,50,4,59,64,1.3216038614399443,0.9168419566780397,9,1.5,0.0,0
8,25,50,-1,59,64,1.2828117513545245,0.878049846592619,9,1.5,0.0,0
8,25,50,0,60,64,1.2628275242073788,0.8580656194454743,9,1.5,0.0,0
8,25,50,2,60,64,1.2628275242073788,0.8580656194454743,9,1.5,0.0,0
8,25,50,3,60,64,1.2628275242073788,0.8580656194454743,9,1.5,0.0,0
8,25,50,4,60,64,1.2628275242073788,0.8580656194454743,9,1.5,0.0,0
8,25,50,-1,60,64,1.2547204745354497,0.8499585697735448,9,1.5,0.0,0
8,25,50,0,61,64,1.2554258022459455,0.8506638974840417,9,1.5,0.0,0
8,25,50,2,61,64,1.2554258022459455,0.8506638974840417,9,1.5,0.0,0
8,25,50,3,61,64,1.2554258022459455,0.8506638974840417,9,1.5,0.0,0
8,25,50,4,61,64,1.2554258022459455,0.8506638974840417,9,1.5,0.0,0
8,25,50,-1,61,64,1.256704408620382,0.8519425038584778,9,1.5,0.0,0
8,25,50,0,62,64,1.3047348421267946,0.8999729373648897,9,1.5,0.0,0
8,25,50,2,62,64,1.3047348421267946,0.8999729373648897,9,1.5,0.0,0
8,25,50,3,62,64,1.3047348421267946,0.8999729373648897,9,1.5,0.0,0
8,25,50,4,62,64,1.3047348421267946,0.8999729373648897,9,1.5,0.0,0
8,25,50,-1,62,64,1.3121561781245088,0.9073942733626037,9,1.5,0.0,0
8,25,50,0,63,64,1.3208341317995682,0.9160722270376631,9,1.5,0.0,0
8,25,50,2,63,64,1.3208341317995682,0.9160722270376631,9,1.5,0.0,0
8,25,50,3,63,64,1.3208341317995682,0.9160722270376631,9,1.5,0.0,0
8,25,50,4,63,64,1.3208341317995682,0.9160722270376631,9,1.5,0.0,0
8,25,50,-1,63,64,1.2715826097926866,0.866820705030781,9,1.5,0.0,0
16,49,98,0,0,64,1.2640929856925114,0.8616539613022702,17,1.5,0.0,0
16,49,98,2,0,64,1.2640929856925114,0.8616539613022702,17,1.5,3.552713678800501e-15,1
16,49,98,3,0,64,1.2640929856925114,0.8616539613022702,17,1.5,0.0,1
16,49,98,4,0,64,1.2640929856925114,0.8616539613022702,17,1.5,0.0,1
16,49,98,-1,0,64,1.3163141931138571,0.9138751687236137,17,1.5,0.0,0
16,49,98,0,1,64,1.2424942723323993,0.840055247942157,17,1.5,0.0,0
16,49,98,2,1,64,1.2424942723323993,0.840055247942157,17,1.5,0.0,0
16,49,98,3,1,64,1.2424942723323993,0.840055247942157,17,1.5,0.0,0
16,49,98,4,1,64,1.2424942723323993,0.840055247942157,17,1.5,0.0,0
16,49,98,-1,1,64,1.2522473962263125,0.8498083718360689,17,1.5,0.0,0
16,49,98,0,2,64,1.2783821636074195,0.8759431392171777,17,1.5,0.0,0
16,49,98,2,2,64,1.2783821636074195,0.8759431392171777,17,1.5,0.0,0
16,49,98,3,2,64,1.2783821636074195,0.8759431392171777,17,1.5,0.0,0
16,49,98,4,2,64,1.2783821636074195,0.8759431392171777,17,1.5,0.0,0
16,49,98,-1,2,64,1.2717419755124946,0.8693029511222505,17,1.5,0.0,0
16,49,98,0,3,64,1.270581044620573,0.86814202023033,17,1.5,0.0,0
16,49,98,2,3,64,1.270581044620573,0.86814202023033,17,1.5,0.0,0
16,49,98,3,3,64,1.270581044620573,0.86814202023033,17,1.5,0.0,0
16,49,98,4,3,64,1.270581044620573,0.86814202023033,17,1.5,0.0,0
16,49,98,-1,3,64,1.278620739453564,0.8761817150633213,17,1.5,0.0,0
16,49,98,0,4,64,1.301650466394388,0.8992114420041446,17,1.5,0.0,0
16,49,98,2,4,64,1.301650466394388,0.8992114420041446,17,1.5,0.0,0
16,49,98,3,4,64,1.301650466394388,0.8992114420041446,17,1.5,0.0,0
16,49,98,4,4,64,1.301650466394388,0.8992114420041446,17,1.5,0.0,0
16,49,98,-1,4,64,1.248765976881889,0.8463269524916477,17,1.5,0.0,0
16,49,98,0,5,64,1.290748318159003,0.88830929376876,17,1.5,0.0,0
16,49,98,2,5,64,1.290748318159003,0.88830929376876,17,1.5,0.0,0
16,49,98,3,5,64,1.290748318159003,0.88830929376876,17,1.5,0.0,0
16,49,98,4,5,64,1.290748318159003,0.88830929376876,17,1.5,0.0,0
16,49,98,-1,5,64,1.2445530621018703,0.8421140377116281,17,1.5,0.0,0
16,49,98,0,6,64,1.2891738974876574,0.8867348730974136,17,1.5,0.0,0
16,49,98,2,6,64,1.2891738974876574,0.8867348730974136,17,1.5,0.0,0
16,49,98,3,6,64,1.2891738974876574,0.8867348730974136,17,1.5,0.0,0
16,49,98,4,6,64,1.2891738974876574,0.8867348730974136,17,1.5,0.0,0
16,49,98,-1,6,64,1.317440455858271,0.9150014314680277,17,1.5,0.0,0
16,49,98,0,7,64,1.2763231279855083,0.873884103595266,17,1.5,0.0,0
16,49,98,2,7,64,1.2763231279855083,0.873884103595266,17,1.5,0.0,0
16,49,98,3,7,64,1.2763231279855083,0.873884103595266,17,1.5,0.0,0
16,49,98,4,7,64,1.2763231279855083,0.873884103595266,17,1.5,0.0,0
16,49,98,-1,7,64,1.282391152220225,0.8799521278299807,17,1.5,0.0,0
16,49,98,0,8,64,1.2999367099915209,0.8974976856012766,17,1.5,0.0,0
16,49,98,2,8,64,1.2999367099915209,0.8974976856012766,17,1.5,0.0,0
16,49,98,3,8,64,1.2999367099915209,0.8974976856012766,17,1.5,0.0,0
16,49,98,4,8,64,1.2999367099915209,0.8974976856012766,17,1.5,0.0,0
16,49,98,-1,8,64,1.2850860614485229,0.8826470370582804,17,1.5,0.0,0
16,49,98,0,9,64,1.3221011931412,0.919662168750957,17,1.5,0.0,0
16,49,98,2,9,64,1.3221011931412,0.919662168750957,17,1.5,0.0,0
16,49,98,3,9,64,1.3221011931412,0.919662168750957,17,1.5,0.0,0
16,49,98,4,9,64,1.3221011931412,0.919662168750957,17,1.5,0.0,0
16,49,98,-1,9,64,1.2399087029766118,0.8374696785863698,17,1.5,0.0,0
16,49,98,0,10,64,1.2911886667029773,0.8887496423127352,17,1.5,0.0,0
16,49,98,2,10,64,1.2911886667029773,0.8887496423127352,17,1.5,0.0,0
16,49,98,3,10,64,1.2911886667029773,0.8887496423127352,17,1.5,0.0,0
16,49,98,4,10,64,1.2911886667029773,0.8887496423127352,17,1.5,0.0,0
16,49,98,-1,10,64,1.2858179105136474,0.8833788861234027,17,1.5,0.0,0
16,49,98,0,11,64,1.2685668441661107,0.8661278197758691,17,1.5,0.0,0
16,49,98,2,11,64,1.2685668441661107,0.8661278197758691,17,1.5,0.0,0
16,49,98,3,11,64,1.2685668441661107,0.8661278197758691,17,1.5,0.0,0
16,49,98,4,11,64,1.2685668441661107,0.8661278197758691,17,1.5,0.0,0
16,49,98,-1,11,64,1.2785450895712913,0.8761060651810482,17,1.5,0.0,0
16,49,98,0,12,64,1.3068042307082242,0.9043652063179799,17,1.5,0.0,0
16,49,98,2,12,64,1.3068042307082242,0.9043652063179799,17,1.5,0.0,0
16,49,98,3,12,64,1.3068042307082242,0.9043652063179799,17,1.5,0.0,0
16,49,98,4,12,64,1.3068042307082242,0.9043652063179799,17,1.5,0.0,0
16,49,98,-1,12,64,1.2477256153419858,0.8452865909517442,17,1.5,0.0,0
16,49,98,0,13,64,1.35749302394416,0.9550539995539182,17,1.5,0.0,0
16,49,98,2,13,64,1.35749302394416,0.9550539995539182,17,1.5,0.0,0
16,49,98,3,13,64,1.35749302394416,0.9550539995539182,17,1.5,0.0,0
16,49,98,4,13,64,1.35749302394416,0.9550539995539182,17,1.5,0.0,0
16,49,98,-1,13,64,1.231765767945577,0.8293267435553346,17,1.5,0.0,0
16,49,98,0,14,64,1.2851432809230712,0.8827042565328291,17,1.5,0.0,0
16,49,98,2,14,64,1.2851432809230712,0.8827042565328291,17,1.5,0.0,0
16,49,98,3,14,64,1.2851432809230712,0.8827042565328291,17,1.5,0.0,0
16,49,98,4,14,64,1.2851432809230712,0.8827042565328291,17,1.5,0.0,0
16,49,98,-1,14,64,1.285272231310047,0.8828332069198055,17,1.5,0.0,0
16,49,98,0,15,64,1.3015724612392778,0.8991334368490342,17,1.5,0.0,0
16,49,98,2,15,64,1.3015724612392778,0.8991334368490342,17,1.5,0.0,0
16,49,98,3,15,64,1.3015724612392778,0.8991334368490342,17,1.5,0.0,0
16,49,98,4,15,64,1.3015724612392778,0.8991334368490342,17,1.5,0.0,0
16,49,98,-1,15,64,1.287788056187179,0.8853490317969346,17,1.5,0.0,0
16,49,98,0,16,64,1.3018137167925277,0.8993746924022865,17,1.5,0.0,0
16,49,98,2,16,64,1.3018137167925277,0.8993746924022865,17,1.5,0.0,0
16,49,98,3,16,64,1.3018137167925277,0.8993746924022865,17,1.5,0.0,0
16,49,98,4,16,64,1.3018137167925277,0.8993746924022865,17,1.5,0.0,0
16,49,98,-1,16,64,1.260127177214716,0.8576881528244726,17,1.5,0.0,0
16,49,98,0,17,64,1.2895670351170114,0.8871280107267694,17,1.5,0.0,0
16,49,98,2,17,64,1.2895670351170114,0.8871280107267694,17,1.5,0.0,0
16,49,98,3,17,64,1.2895670351170114,0.8871280107267694,17,1.5,0.0,0
16,49,98,4,17,64,1.2895670351170114,0.8871280107267694,17,1.5,0.0,0
16,49,98,-1,17,64,1.2839496668925512,0.8815106425023096,17,1.5,0.0,0
16,49,98,0,18,64,1.2702773788446946,0.8678383544544523,17,1.5,0.0,0
16,49,98,2,18,64,1.2702773788446946,0.8678383544544523,17,1.5,0.0,0
16,49,98,3,18,64,1.2702773788446946,0.8678383544544523,17,1.5,0.0,0
16,49,98,4,18,64,1.2702773788446946,0.8678383544544523,17,1.5,0.0,0
16,49,98,-1,18,64,1.2922267380424315,0.8897877136521899,17,1.5,0.0,0
16,49,98,0,19,64,1.2407912447767016,0.838352220386458,17,1.5,0.0,0
16,49,98,2,19,64,1.2407912447767016,0.838352220386458,17,1.5,0.0,0
16,49,98,3,19,64,1.2407912447767016,0.838352220386458,17,1.5,0.0,0
16,49,98,4,19,64,1.2407912447767016,0.838352220386458,17,1.5,0.0,0
16,49,98,-1,19,64,1.2664897935201522,0.8640507691299106,17,1.5,0.0,0
16,49,98,0,20,64,1.310923146528237,0.9084841221379953,17,1.5,0.0,0
16,49,98,2,20,64,1.310923146528237,0.9084841221379953,17,1.5,0.0,0
16,49,98,3,20,64,1.310923146528237,0.9084841221379953,17,1.5,0.0,0
16,49,98,4,20,64,1.310923146528237,0.9084841221379953,17,1.5,0.0,0
16,49,98,-1,20,64,1.2406165599428376,0.838177535552596,17,1.5,0.0,0
16,49,98,0,21,64,1.3304387074951758,0.9279996831049324,17,1.5,0.0,0
16,49,98,2,21,64,1.3304387074951758,0.9279996831049324,17,1.5,0.0,0
16,49,98,3,21,64,1.3304387074951758,0.9279996831049324,17,1.5,0.0,0
16,49,98,4,21,64,1.3304387074951758,0.9279996831049324,17,1.5,0.0,0
16,49,98,-1,21,64,1.2683838142094699,0.8659447898192276,17,1.5,0.0,0
16,49,98,0,22,64,1.3201338607383308,0.9176948363480868,17,1.5,0.0,0
16,49,98,2,22,64,1.3201338607383308,0.9176948363480868,17,1.5,0.0,0
16,49,98,3,22,64,1.3201338607383308,0.9176948363480868,17,1.5,0.0,0
16,49,98,4,22,64,1.3201338607383308,0.9176948363480868,17,1.5,0.0,0
16,49,98,-1,22,64,1.2953355111304545,0.8928964867402129,17,1.5,0.0,0
16,49,98,0,23,64,1.2647706505358285,0.8623316261455862,17,1.5,0.0,0
16,49,98,2,23,64,1.2647706505358285,0.8623316261455862,17,1.5,0.0,0
16,49,98,3,23,64,1.2647706505358285,0.8623316261455862,17,1.5,0.0,0
16,49,98,4,23,64,1.2647706505358285,0.8623316261455862,17,1.5,0.0,0
16,49,98,-1,23,64,1.3289919092640092,0.9265528848737645,17,1.5,0.0,0
16,49,98,0,24,64,1.2769305677810532,0.8744915433908105,17,1.5,0.0,0
16,49,98,2,24,64,1.2769305677810532,0.8744915433908105,17,1.5,0.0,0
16,49,98,3,24,64,1.2769305677810532,0.8744915433908105,17,1.5,0.0,0
16,49,98,4,24,64,1.2769305677810532,0.8744915433908105,17,1.5,0.0,0
16,49,98,-1,24,64,1.3192289487746933,0.9167899243844495,17,1.5,0.0,0
16,49,98,0,25,64,1.2692357829740522,0.8667967585838099,17,1.5,0.0,0
16,49,98,2,25,64,1.2692357829740522,0.8667967585838099,17,1.5,0.0,0
16,49,98,3,25,64,1.2692357829740522,0.8667967585838099,17,1.5,0.0,0
16,49,98,4,25,64,1.2692357829740522,0.8667967585838099,17,1.5,0.0,0
16,49,98,-1,25,64,1.302720437182479,0.9002814127922356,17,1.5,0.0,0
16,49,98,0,26,64,1.3313972708178252,0.9289582464275838,17,1.5,0.0,0
16,49,98,2,26,64,1.3313972708178252,0.9289582464275838,17,1.5,0.0,0
16,49,98,3,26,64,1.3313972708178252,0.9289582464275838,17,1.5,0.0,0
16,49,98,4,26,64,1.3313972708178252,0.9289582464275838,17,1.5,0.0,0
16,49,98,-1,26,64,1.2942587800350553,0.8918197556448142,17,1.5,0.0,0
16,49,98,0,27,64,1.2926064150747938,0.8901673906845495,17,1.5,0.0,0
16,49,98,2,27,64,1.2926064150747938,0.8901673906845495,17,1.5,0.0,0
16,49,98,3,27,64,1.2926064150747938,0.8901673906845495,17,1.5,0.0,0
16,49,98,4,27,64,1.2926064150747938,0.8901673906845495,17,1.5,0.0,0
16,49,98,-1,27,64,1.2570328940365725,0.8545938696463296,17,1.5,0.0,0
16,49,98,0,28,64,1.2515538846855252,0.849114860295284,17,1.5,0.0,0
16,49,98,2,28,64,1.2515538846855252,0.849114860295284,17,1.5,0.0,0
16,49,98,3,28,64,1.2515538846855252,0.849114860295284,17,1.5,0.0,0
16,49,98,4,28,64,1.2515538846855252,0.849114860295284,17,1.5,0.0,0
16,49,98,-1,28,64,1.2458702941817448,0.8434312697915018,17,1.5,0.0,0
16,49,98,0,29,64,1.3019339175139488,0.8994948931237055,17,1.5,0.0,0
16,49,98,2,29,64,1.3019339175139488,0.8994948931237055,17,1.5,0.0,0
16,49,98,3,29,64,1.3019339175139488,0.8994948931237055,17,1.5,0.0,0
16,49,98,4,29,64,1.3019339175139488,0.8994948931237055,17,1.5,0.0,0
16,49,98,-1,29,64,1.2748496731390442,0.8724106487488008,17,1.5,0.0,0
16,49,98,0,30,64,1.293436472197635,0.8909974478073934,17,1.5,0.0,0
16,49,98,2,30,64,1.293436472197635,0.8909974478073934,17,1.5,0.0,0
16,49,98,3,30,64,1.293436472197635,0.8909974478073934,17,1.5,0.0,0
16,49,98,4,30,64,1.293436472197635,0.8909974478073934,17,1.5,0.0,0
16,49,98,-1,30,64,1.2911240115282911,0.8886849871380491,17,1.5,0.0,0
16,49,98,0,31,64,1.3453900042828149,0.9429509798925721,17,1.5,0.0,0
16,49,98,2,31,64,1.3453900042828149,0.9429509798925721,17,1.5,0.0,0
16,49,98,3,31,64,1.3453900042828149,0.9429509798925721,17,1.5,0.0,0
16,49,98,4,31,64,1.3453900042828149,0.9429509798925721,17,1.5,0.0,0
16,49,98,-1,31,64,1.237884449269198,0.8354454248789551,17,1.5,0.0,0
16,49,98,0,32,64,1.3140526174007272,0.9116135930104825,17,1.5,0.0,0
16,49,98,2,32,64,1.3140526174007272,0.9116135930104825,17,1.5,0.0,0
16,49,98,3,32,64,1.3140526174007272,0.9116135930104825,17,1.5,0.0,0
16,49,98,4,32,64,1.3140526174007272,0.9116135930104825,17,1.5,0.0,0
16,49,98,-1,32,64,1.2489640382683382,0.8465250138780966,17,1.5,0.0,0
16,49,98,0,33,64,1.2736502638968936,0.8712112395066498,17,1.5,0.0,0
16,49,98,2,33,64,1.2736502638968936,0.8712112395066498,17,1.5,0.0,0
16,49,98,3,33,64,1.2736502638968936,0.8712112395066498,17,1.5,0.0,0
16,49,98,4,33,64,1.2736502638968936,0.8712112395066498,17,1.5,0.0,0
16,49,98,-1,33,64,1.260798009070091,0.8583589846798496,17,1.5,0.0,0
16,49,98,0,34,64,1.270500505399475,0.8680614810092315,17,1.5,0.0,0
16,49,98,2,34,64,1.270500505399475,0.8680614810092315,17,1.5,0.0,0
16,49,98,3,34,64,1.270500505399475,0.8680614810092315,17,1.5,0.0,0
16,49,98,4,34,64,1.270500505399475,0.8680614810092315,17,1.5,0.0,0
16,49,98,-1,34,64,1.2694566442889679,0.867017619898725,17,1.5,0.0,0
16,49,98,0,35,64,1.3101325448279546,0.9076935204377108,17,1.5,0.0,0
16,49,98,2,35,64,1.3101325448279546,0.9076935204377108,17,1.5,0.0,0
16,49,98,3,35,64,1.3101325448279546,0.9076935204377108,17,1.5,0.0,0
16,49,98,4,35,64,1.3101325448279546,0.9076935204377108,17,1.5,0.0,0
16,49,98,-1,35,64,1.276199935671655,0.873760911281412,17,1.5,0.0,0
16,49,98,0,36,64,1.3378745355629897,0.935435511172745,17,1.5,0.0,0
16,49,98,2,36,64,1.3378745355629897,0.935435511172745,17,1.5,0.0,0
16,49,98,3,36,64,1.3378745355629897,0.935435511172745,17,1.5,0.0,0
16,49,98,4,36,64,1.3378745355629897,0.935435511172745,17,1.5,0.0,0
16,49,98,-1,36,64,1.2538240345084135,0.8513850101181717,17,1.5,0.0,0
16,49,98,0,37,64,1.282775753690722,0.8803367293004776,17,1.5,0.0,0
16,49,98,2,37,64,1.282775753690722,0.8803367293004776,17,1.5,0.0,0
16,49,98,3,37,64,1.282775753690722,0.8803367293004776,17,1.5,0.0,0
16,49,98,4,37,64,1.282775753690722,0.8803367293004776,17,1.5,0.0,0
16,49,98,-1,37,64,1.2621267732680366,0.8596877488777928,17,1.5,0.0,0
16,49,98,0,38,64,1.2533885642499172,0.8509495398596734,17,1.5,0.0,0
16,49,98,2,38,64,1.2533885642499172,0.8509495398596734,17,1.5,0.0,0
16,49,98,3,38,64,1.2533885642499172,0.8509495398596734,17,1.5,0.0,0
16,49,98,4,38,64,1.2533885642499172,0.8509495398596734,17,1.5,0.0,0
16,49,98,-1,38,64,1.2812525089672184,0.8788134845769768,17,1.5,0.0,0
16,49,98,0,39,64,1.244902790120735,0.8424637657304928,17,1.5,0.0,0
16,49,98,2,39,64,1.244902790120735,0.8424637657304928,17,1.5,0.0,0
16,49,98,3,39,64,1.244902790120735,0.8424637657304928,17,1.5,0.0,0
16,49,98,4,39,64,1.244902790120735,0.8424637657304928,17,1.5,0.0,0
16,49,98,-1,39,64,1.2823426642737967,0.8799036398835547,17,1.5,0.0,0
16,49,98,0,40,64,1.2647718204259042,0.8623327960356626,17,1.5,0.0,0
16,49,98,2,40,64,1.2647718204259042,0.8623327960356626,17,1.5,0.0,0
16,49,98,3,40,64,1.2647718204259042,0.8623327960356626,17,1.5,0.0,0
16,49,98,4,40,64,1.2647718204259042,0.8623327960356626,17,1.5,0.0,0
16,49,98,-1,40,64,1.277886140929951,0.8754471165397071,17,1.5,0.0,0
16,49,98,0,41,64,1.2744031886509526,0.8719641642607101,17,1.5,0.0,0
16,49,98,2,41,64,1.2744031886509526,0.8719641642607101,17,1.5,0.0,0
16,49,98,3,41,64,1.2744031886509526,0.8719641642607101,17,1.5,0.0,0
16,49,98,4,41,64,1.2744031886509526,0.8719641642607101,17,1.5,0.0,0
16,49,98,-1,41,64,1.25938752397066,0.8569484995804189,17,1.5,0.0,0
16,49,98,0,42,64,1.2631726830286412,0.8607336586383987,17,1.5,0.0,0
16,49,98,2,42,64,1.2631726830286412,0.8607336586383987,17,1.5,0.0,0
16,49,98,3,42,64,1.2631726830286412,0.8607336586383987,17,1.5,0.0,0
16,49,98,4,42,64,1.2631726830286412,0.8607336586383987,17,1.5,0.0,0
16,49,98,-1,42,64,1.2542139421077478,0.8517749177175062,17,1.5,0.0,0
16,49,98,0,43,64,1.2811601450628418,0.8787211206725978,17,1.5,0.0,0
16,49,98,2,43,64,1.2811601450628418,0.8787211206725978,17,1.5,0.0,0
16,49,98,3,43,64,1.2811601450628418,0.8787211206725978,17,1.5,0.0,0
16,49,98,4,43,64,1.2811601450628418,0.8787211206725978,17,1.5,0.0,0
16,49,98,-1,43,64,1.255606754918152,0.8531677305279075,17,1.5,0.0,0
16,49,98,0,44,64,1.2354399065458934,0.8330008821556518,17,1.5,0.0,0
16,49,98,2,44,64,1.2354399065458934,0.8330008821556518,17,1.5,0.0,0
16,49,98,3,44,64,1.2354399065458934,0.8330008821556518,17,1.5,0.0,0
16,49,98,4,44,64,1.2354399065458934,0.8330008821556518,17,1.5,0.0,0
16,49,98,-1,44,64,1.2834101587961926,0.8809711344059501,17,1.5,0.0,0
16,49,98,0,45,64,1.2853362379793278,0.8828972135890858,17,1.5,0.0,0
16,49,98,2,45,64,1.2853362379793278,0.8828972135890858,17,1.5,0.0,0
16,49,98,3,45,64,1.2853362379793278,0.8828972135890858,17,1.5,0.0,0
16,49,98,4,45,64,1.2853362379793278,0.8828972135890858,17,1.5,0.0,0
16,49,98,-1,45,64,1.2822536659111496,0.8798146415209054,17,1.5,0.0,0
16,49,98,0,46,64,1.2476015268150384,0.8451625024247953,17,1.5,0.0,0
16,49,98,2,46,64,1.2476015268150384,0.8451625024247953,17,1.5,0.0,0
16,49,98,3,46,64,1.2476015268150384,0.8451625024247953,17,1.5,0.0,0
16,49,98,4,46,64,1.2476015268150384,0.8451625024247953,17,1.5,0.0,0
16,49,98,-1,46,64,1.271859743675343,0.8694207192850989,17,1.5,0.0,0
16,49,98,0,47,64,1.2852016361521144,0.8827626117618728,17,1.5,0.0,0
16,49,98,2,47,64,1.2852016361521144,0.8827626117618728,17,1.5,0.0,0
16,49,98,3,47,64,1.2852016361521144,0.8827626117618728,17,1.5,0.0,0
16,49,98,4,47,64,1.2852016361521144,0.8827626117618728,17,1.5,0.0,0
16,49,98,-1,47,64,1.2826212858200312,0.8801822614297876,17,1.5,0.0,0
16,49,98,0,48,64,1.2472745467914355,0.8448355224011941,17,1.5,0.0,0
16,49,98,2,48,64,1.2472745467914355,0.8448355224011941,17,1.5,0.0,0
16,49,98,3,48,64,1.2472745467914355,0.8448355224011941,17,1.5,0.0,0
16,49,98,4,48,64,1.2472745467914355,0.8448355224011941,17,1.5,0.0,0
16,49,98,-1,48,64,1.3217010050089235,0.9192619806186819,17,1.5,0.0,0
16,49,98,0,49,64,1.2972856916398883,0.8948466672496451,17,1.5,0.0,0
16,49,98,2,49,64,1.2972856916398883,0.8948466672496451,17,1.5,0.0,0
16,49,98,3,49,64,1.2972856916398883,0.8948466672496451,17,1.5,0.0,0
16,49,98,4,49,64,1.2972856916398883,0.8948466672496451,17,1.5,0.0,0
16,49,98,-1,49,64,1.265101750968797,0.8626627265785523,17,1.5,0.0,0
16,49,98,0,50,64,1.2676671068629575,0.865228082472715,17,1.5,0.0,0
16,49,98,2,50,64,1.2676671068629575,0.865228082472715,17,1.5,0.0,0
16,49,98,3,50,64,1.2676671068629575,0.865228082472715,17,1.5,0.0,0
16,49,98,4,50,64,1.2676671068629575,0.865228082472715,17,1.5,0.0,0
16,49,98,-1,50,64,1.2766764303746791,0.874237405984438,17,1.5,0.0,0
16,49,98,0,51,64,1.2905667348668475,0.8881277104766063,17,1.5,0.0,0
16,49,98,2,51,64,1.2905667348668475,0.8881277104766063,17,1.5,0.0,0
16,49,98,3,51,64,1.2905667348668475,0.8881277104766063,17,1.5,0.0,0
16,49,98,4,51,64,1.2905667348668475,0.8881277104766063,17,1.5,0.0,0
16,49,98,-1,51,64,1.2932102496307334,0.890771225240492,17,1.5,0.0,0
16,49,98,0,52,64,1.2625062132774663,0.8600671888872249,17,1.5,0.0,0
16,49,98,2,52,64,1.2625062132774663,0.8600671888872249,17,1.5,0.0,0
16,49,98,3,52,64,1.2625062132774663,0.8600671888872249,17,1.5,0.0,0
16,49,98,4,52,64,1.2625062132774663,0.8600671888872249,17,1.5,0.0,0
16,49,98,-1,52,64,1.2840769387762454,0.8816379143860011,17,1.5,0.0,0
16,49,98,0,53,64,1.282350705412388,0.8799116810221435,17,1.5,0.0,0
16,49,98,2,53,64,1.282350705412388,0.8799116810221435,17,1.5,0.0,0
16,49,98,3,53,64,1.282350705412388,0.8799116810221435,17,1.5,0.0,0
16,49,98,4,53,64,1.282350705412388,0.8799116810221435,17,1.5,0.0,0
16,49,98,-1,53,64,1.2785838608601985,0.8761448364699547,17,1.5,0.0,0
16,49,98,0,54,64,1.2769096767082613,0.874470652318017,17,1.5,0.0,0
16,49,98,2,54,64,1.2769096767082613,0.874470652318017,17,1.5,0.0,0
16,49,98,3,54,64,1.2769096767082613,0.874470652318017,17,1.5,0.0,0
16,49,98,4,54,64,1.2769096767082613,0.874470652318017,17,1.5,0.0,0
16,49,98,-1,54,64,1.2742439249585067,0.8718049005682644,17,1.5,0.0,0
16,49,98,0,55,64,1.2915392119861209,0.8891001875958793,17,1.5,0.0,0
16,49,98,2,55,64,1.2915392119861209,0.8891001875958793,17,1.5,0.0,0
16,49,98,3,55,64,1.2915392119861209,0.8891001875958793,17,1.5,0.0,0
16,49,98,4,55,64,1.2915392119861209,0.8891001875958793,17,1.5,0.0,0
16,49,98,-1,55,64,1.2741899916512245,0.8717509672609829,17,1.5,0.0,0
16,49,98,0,56,64,1.3159854940504856,0.9135464696602433,17,1.5,0.0,0
16,49,98,2,56,64,1.3159854940504856,0.9135464696602433,17,1.5,0.0,0
16,49,98,3,56,64,1.3159854940504856,0.9135464696602433,17,1.5,0.0,0
16,49,98,4,56,64,1.3159854940504856,0.9135464696602433,17,1.5,0.0,0
16,49,98,-1,56,64,1.3149754402238183,0.9125364158335749,17,1.5,0.0,0
16,49,98,0,57,64,1.2688761055857873,0.8664370811955457,17,1.5,0.0,0
16,49,98,2,57,64,1.2688761055857873,0.8664370811955457,17,1.5,0.0,0
16,49,98,3,57,64,1.2688761055857873,0.8664370811955457,17,1.5,0.0,0
16,49,98,4,57,64,1.2688761055857873,0.8664370811955457,17,1.5,0.0,0
16,49,98,-1,57,64,1.255314244747452,0.852875220357209,17,1.5,0.0,0
16,49,98,0,58,64,1.258386833546187,0.8559478091559427,17,1.5,0.0,0
16,49,98,2,58,64,1.258386833546187,0.8559478091559427,17,1.5,0.0,0
16,49,98,3,58,64,1.258386833546187,0.8559478091559427,17,1.5,0.0,0
16,49,98,4,58,64,1.258386833546187,0.8559478091559427,17,1.5,0.0,0
16,49,98,-1,58,64,1.2919158048589894,0.8894767804687476,17,1.5,0.0,0
16,49,98,0,59,64,1.2838110243548821,0.8813719999646388,17,1.5,0.0,0
16,49,98,2,59,64,1.2838110243548821,0.8813719999646388,17,1.5,0.0,0
16,49,98,3,59,64,1.2838110243548821,0.8813719999646388,17,1.5,0.0,0
16,49,98,4,59,64,1.2838110243548821,0.8813719999646388,17,1.5,0.0,0
16,49,98,-1,59,64,1.267569874773891,0.8651308503836468,17,1.5,0.0,0
16,49,98,0,60,64,1.2585852773558437,0.8561462529656012,17,1.5,0.0,0
16,49,98,2,60,64,1.2585852773558437,0.8561462529656012,17,1.5,0.0,0
16,49,98,3,60,64,1.2585852773558437,0.8561462529656012,17,1.5,0.0,0
16,49,98,4,60,64,1.2585852773558437,0.8561462529656012,17,1.5,0.0,0
16,49,98,-1,60,64,1.282180837314964,0.8797418129247205,17,1.5,0.0,0
16,49,98,0,61,64,1.221701033456565,0.8192620090663212,17,1.5,0.0,0
16,49,98,2,61,64,1.221701033456565,0.8192620090663212,17,1.5,0.0,0
16,49,98,3,61,64,1.221701033456565,0.8192620090663212,17,1.5,0.0,0
16,49,98,4,61,64,1.221701033456565,0.8192620090663212,17,1.5,0.0,0
16,49,98,-1,61,64,1.29629227577804,0.8938532513877959,17,1.5,0.0,0
16,49,98,0,62,64,1.3092027623384115,0.9067637379481681,17,1.5,0.0,0
16,49,98,2,62,64,1.3092027623384115,0.9067637379481681,17,1.5,0.0,0
16,49,98,3,62,64,1.3092027623384115,0.9067637379481681,17,1.5,0.0,0
16,49,98,4,62,64,1.3092027623384115,0.9067637379481681,17,1.5,0.0,0
16,49,98,-1,62,64,1.2719031109321668,0.8694640865419245,17,1.5,0.0,0
16,49,98,0,63,64,1.2421480833532026,0.8397090589629599,17,1.5,0.0,0
16,49,98,2,63,64,1.2421480833532026,0.8397090589629599,17,1.5,0.0,0
16,49,98,3,63,64,1.2421480833532026,0.8397090589629599,17,1.5,0.0,0
16,49,98,4,63,64,1.2421480833532026,0.8397090589629599,17,1.5,0.0,0
16,49,98,-1,63,64,1.2959821542668812,0.8935431298766368,17,1.5,0.0,0
32,97,194,0,0,64,1.2629029174881907,0.8616683495869566,33,1.5,0.0,0
32,97,194,2,0,64,1.2629029174881907,0.8616683495869566,33,1.5,3.552713678800501e-15,1
32,97,194,3,0,64,1.2629029174881907,0.8616683495869566,33,1.5,7.105427357601002e-15,1
32,97,194,4,0,64,1.2629029174881907,0.8616683495869566,33,1.5,7.105427357601002e-15,1
32,97,194,-1,0,64,1.287786863084957,0.8865522951837264,33,1.5,0.0,0
32,97,194,0,1,64,1.2843874468893701,0.8831528789881347,33,1.5,0.0,0
32,97,194,2,1,64,1.2843874468893701,0.8831528789881347,33,1.5,0.0,0
32,97,194,3,1,64,1.2843874468893701,0.8831528789881347,33,1.5,0.0,0
32,97,194,4,1,64,1.2843874468893701,0.8831528789881347,33,1.5,0.0,0
32,97,194,-1,1,64,1.286394772383928,0.8851602044826947,33,1.5,0.0,0
32,97,194,0,2,64,1.3099971155359682,0.908762547634737,33,1.5,0.0,0
32,97,194,2,2,64,1.3099971155359682,0.908762547634737,33,1.5,0.0,0
32,97,194,3,2,64,1.3099971155359682,0.908762547634737,33,1.5,0.0,0
32,97,194,4,2,64,1.3099971155359682,0.908762547634737,33,1.5,0.0,0
32,97,194,-1,2,64,1.2858133947402408,0.8845788268390109,33,1.5,0.0,0
32,97,194,0,3,64,1.3008720783827732,0.89963751048154,33,1.5,0.0,0
32,97,194,2,3,64,1.3008720783827732,0.89963751048154,33,1.5,0.0,0
32,97,194,3,3,64,1.3008720783827732,0.89963751048154,33,1.5,0.0,0
32,97,194,4,3,64,1.3008720783827732,0.89963751048154,33,1.5,0.0,0
32,97,194,-1,3,64,1.2903785732786204,0.8891440053773891,33,1.5,0.0,0
32,97,194,0,4,64,1.2947840509800106,0.8935494830787789,33,1.5,0.0,0
32,97,194,2,4,64,1.2947840509800106,0.8935494830787789,33,1.5,0.0,0
32,97,194,3,4,64,1.2947840509800106,0.8935494830787789,33,1.5,0.0,0
32,97,194,4,4,64,1.2947840509800106,0.8935494830787789,33,1.5,0.0,0
32,97,194,-1,4,64,1.279311225941382,0.8780766580401504,33,1.5,0.0,0
32,97,194,0,5,64,1.2939261316576816,0.8926915637564505,33,1.5,0.0,0
32,97,194,2,5,64,1.2939261316576816,0.8926915637564505,33,1.5,0.0,0
32,97,194,3,5,64,1.2939261316576816,0.8926915637564505,33,1.5,0.0,0
32,97,194,4,5,64,1.2939261316576816,0.8926915637564505,33,1.5,0.0,0
32,97,194,-1,5,64,1.2935124502694149,0.8922778823681838,33,1.5,0.0,0
32,97,194,0,6,64,1.3097501504832993,0.9085155825820692,33,1.5,0.0,0
32,97,194,2,6,64,1.3097501504832993,0.9085155825820692,33,1.5,0.0,0
32,97,194,3,6,64,1.3097501504832993,0.9085155825820692,33,1.5,0.0,0
32,97,194,4,6,64,1.3097501504832993,0.9085155825820692,33,1.5,0.0,0
32,97,194,-1,6,64,1.2903964790260543,0.8891619111248232,33,1.5,0.0,0
32,97,194,0,7,64,1.3008917709845416,0.8996572030833079,33,1.5,0.0,0
32,97,194,2,7,64,1.3008917709845416,0.8996572030833079,33,1.5,0.0,0
32,97,194,3,7,64,1.3008917709845416,0.8996572030833079,33,1.5,0.0,0
32,97,194,4,7,64,1.3008917709845416,0.8996572030833079,33,1.5,0.0,0
32,97,194,-1,7,64,1.3186371705950803,0.9174026026938478,33,1.5,0.0,0
32,97,194,0,8,64,1.2573883075372783,0.8561537396360492,33,1.5,0.0,0
32,97,194,2,8,64,1.2573883075372783,0.8561537396360492,33,1.5,0.0,0
32,97,194,3,8,64,1.2573883075372783,0.8561537396360492,33,1.5,0.0,0
32,97,194,4,8,64,1.2573883075372783,0.8561537396360492,33,1.5,0.0,0
32,97,194,-1,8,64,1.283992439847495,0.8827578719462608,33,1.5,0.0,0
32,97,194,0,9,64,1.2951933342369317,0.8939587663357003,33,1.5,0.0,0
32,97,194,2,9,64,1.2951933342369317,0.8939587663357003,33,1.5,0.0,0
32,97,194,3,9,64,1.2951933342369317,0.8939587663357003,33,1.5,0.0,0
32,97,194,4,9,64,1.2951933342369317,0.8939587663357003,33,1.5,0.0,0
32,97,194,-1,9,64,1.2816698335675882,0.8804352656663568,33,1.5,0.0,0
32,97,194,0,10,64,1.2974529861148962,0.8962184182136639,33,1.5,0.0,0
32,97,194,2,10,64,1.2974529861148962,0.8962184182136639,33,1.5,0.0,0
32,97,194,3,10,64,1.2974529861148962,0.8962184182136639,33,1.5,0.0,0
32,97,194,4,10,64,1.2974529861148962,0.8962184182136639,33,1.5,0.0,0
32,97,194,-1,10,64,1.3010120963251062,0.8997775284238756,33,1.5,0.0,0
32,97,194,0,11,64,1.283679190756202,0.8824446228549689,33,1.5,0.0,0
32,97,194,2,11,64,1.283679190756202,0.8824446228549689,33,1.5,0.0,0
32,97,194,3,11,64,1.283679190756202,0.8824446228549689,33,1.5,0.0,0
32,97,194,4,11,64,1.283679190756202,0.8824446228549689,33,1.5,0.0,0
32,97,194,-1,11,64,1.2977874229027013,0.8965528550014668,33,1.5,0.0,0
32,97,194,0,12,64,1.2922227455333861,0.8909881776321527,33,1.5,0.0,0
32,97,194,2,12,64,1.2922227455333861,0.8909881776321527,33,1.5,0.0,0
32,97,194,3,12,64,1.2922227455333861,0.8909881776321527,33,1.5,0.0,0
32,97,194,4,12,64,1.2922227455333861,0.8909881776321527,33,1.5,0.0,0
32,97,194,-1,12,64,1.2884708346543756,0.8872362667531419,33,1.5,0.0,0
32,97,194,0,13,64,1.3027845738504904,0.9015500059492609,33,1.5,0.0,0
32,97,194,2,13,64,1.3027845738504904,0.9015500059492609,33,1.5,0.0,0
32,97,194,3,13,64,1.3027845738504904,0.9015500059492609,33,1.5,0.0,0
32,97,194,4,13,64,1.3027845738504904,0.9015500059492609,33,1.5,0.0,0
32,97,194,-1,13,64,1.2840634302696277,0.8828288623683918,33,1.5,0.0,0
32,97,194,0,14,64,1.2964067283375416,0.8951721604363101,33,1.5,0.0,0
32,97,194,2,14,64,1.2964067283375416,0.8951721604363101,33,1.5,0.0,0
32,97,194,3,14,64,1.2964067283375416,0.8951721604363101,33,1.5,0.0,0
32,97,194,4,14,64,1.2964067283375416,0.8951721604363101,33,1.5,0.0,0
32,97,194,-1,14,64,1.2756357401345428,0.8744011722333127,33,1.5,0.0,0
32,97,194,0,15,64,1.2805035745463809,0.8792690066451456,33,1.5,0.0,0
32,97,194,2,15,64,1.2805035745463809,0.8792690066451456,33,1.5,0.0,0
32,97,194,3,15,64,1.2805035745463809,0.8792690066451456,33,1.5,0.0,0
32,97,194,4,15,64,1.2805035745463809,0.8792690066451456,33,1.5,0.0,0
32,97,194,-1,15,64,1.2839876991331702,0.8827531312319365,33,1.5,0.0,0
32,97,194,0,16,64,1.28004537507473,0.878810807173501,33,1.5,0.0,0
32,97,194,2,16,64,1.28004537507473,0.878810807173501,33,1.5,0.0,0
32,97,194,3,16,64,1.28004537507473,0.878810807173501,33,1.5,0.0,0
32,97,194,4,16,64,1.28004537507473,0.878810807173501,33,1.5,0.0,0
32,97,194,-1,16,64,1.2743731583812759,0.8731385904800462,33,1.5,0.0,0
32,97,194,0,17,64,1.3037421553747857,0.9025075874735506,33,1.5,0.0,0
32,97,194,2,17,64,1.3037421553747857,0.9025075874735506,33,1.5,0.0,0
32,97,194,3,17,64,1.3037421553747857,0.9025075874735506,33,1.5,0.0,0
32,97,194,4,17,64,1.3037421553747857,0.9025075874735506,33,1.5,0.0,0
32,97,194,-1,17,64,1.300135921216335,0.8989013533151038,33,1.5,0.0,0
32,97,194,0,18,64,1.2883233796409144,0.8870888117396802,33,1.5,0.0,0
32,97,194,2,18,64,1.2883233796409144,0.8870888117396802,33,1.5,0.0,0
32,97,194,3,18,64,1.2883233796409144,0.8870888117396802,33,1.5,0.0,0
32,97,194,4,18,64,1.2883233796409144,0.8870888117396802,33,1.5,0.0,0
32,97,194,-1,18,64,1.286697896951236,0.8854633290500047,33,1.5,0.0,0
32,97,194,0,19,64,1.2888334709217102,0.887598903020475,33,1.5,0.0,0
32,97,194,2,19,64,1.2888334709217102,0.887598903020475,33,1.5,0.0,0
32,97,194,3,19,64,1.2888334709217102,0.887598903020475,33,1.5,0.0,0
32,97,194,4,19,64,1.2888334709217102,0.887598903020475,33,1.5,0.0,0
32,97,194,-1,19,64,1.2774326365940134,0.8761980686927799,33,1.5,0.0,0
32,97,194,0,20,64,1.3006624394057913,0.8994278715045567,33,1.5,0.0,0
32,97,194,2,20,64,1.3006624394057913,0.8994278715045567,33,1.5,0.0,0
32,97,194,3,20,64,1.3006624394057913,0.8994278715045567,33,1.5,0.0,0
32,97,194,4,20,64,1.3006624394057913,0.8994278715045567,33,1.5,0.0,0
32,97,194,-1,20,64,1.2939981267598306,0.8927635588585972,33,1.5,0.0,0
32,97,194,0,21,64,1.2753555223224657,0.8741209544212367,33,1.5,0.0,0
32,97,194,2,21,64,1.2753555223224657,0.8741209544212367,33,1.5,0.0,0
32,97,194,3,21,64,1.2753555223224657,0.8741209544212367,33,1.5,0.0,0
32,97,194,4,21,64,1.2753555223224657,0.8741209544212367,33,1.5,0.0,0
32,97,194,-1,21,64,1.2774983375050406,0.8762637696038098,33,1.5,0.0,0
32,97,194,0,22,64,1.287061161290222,0.8858265933889911,33,1.5,0.0,0
32,97,194,2,22,64,1.287061161290222,0.8858265933889911,33,1.5,0.0,0
32,97,194,3,22,64,1.287061161290222,0.8858265933889911,33,1.5,0.0,0
32,97,194,4,22,64,1.287061161290222,0.8858265933889911,33,1.5,0.0,0
32,97,194,-1,22,64,1.281446564702566,0.8802119968013358,33,1.5,0.0,0
32,97,194,0,23,64,1.2986153109868441,0.8973807430856127,33,1.5,0.0,0
32,97,194,2,23,64,1.2986153109868441,0.8973807430856127,33,1.5,0.0,0
32,97,194,3,23,64,1.2986153109868441,0.8973807430856127,33,1.5,0.0,0
32,97,194,4,23,64,1.2986153109868441,0.8973807430856127,33,1.5,0.0,0
32,97,194,-1,23,64,1.296374389511993,0.895139821610762,33,1.5,0.0,0
32,97,194,0,24,64,1.2874647912734818,0.8862302233722517,33,1.5,0.0,0
32,97,194,2,24,64,1.2874647912734818,0.8862302233722517,33,1.5,0.0,0
32,97,194,3,24,64,1.2874647912734818,0.8862302233722517,33,1.5,0.0,0
32,97,194,4,24,64,1.2874647912734818,0.8862302233722517,33,1.5,0.0,0
32,97,194,-1,24,64,1.2806999873659781,0.8794654194647435,33,1.5,0.0,0
32,97,194,0,25,64,1.2949485673244028,0.89371399942317,33,1.5,0.0,0
32,97,194,2,25,64,1.2949485673244028,0.89371399942317,33,1.5,0.0,0
32,97,194,3,25,64,1.2949485673244028,0.89371399942317,33,1.5,0.0,0
32,97,194,4,25,64,1.2949485673244028,0.89371399942317,33,1.5,0.0,0
32,97,194,-1,25,64,1.2852478036887067,0.8840132357874708,33,1.5,0.0,0
32,97,194,0,26,64,1.2874528796055988,0.8862183117043685,33,1.5,0.0,0
32,97,194,2,26,64,1.2874528796055988,0.8862183117043685,33,1.5,0.0,0
32,97,194,3,26,64,1.2874528796055988,0.8862183117043685,33,1.5,0.0,0
32,97,194,4,26,64,1.2874528796055988,0.8862183117043685,33,1.5,0.0,0
32,97,194,-1,26,64,1.3027593312901453,0.9015247633889132,33,1.5,0.0,0
32,97,194,0,27,64,1.3076044125962576,0.9063698446950283,33,1.5,0.0,0
32,97,194,2,27,64,1.3076044125962576,0.9063698446950283,33,1.5,0.0,0
32,97,194,3,27,64,1.3076044125962576,0.9063698446950283,33,1.5,0.0,0
32,97,194,4,27,64,1.3076044125962576,0.9063698446950283,33,1.5,0.0,0
32,97,194,-1,27,64,1.288188030448063,0.8869534625468276,33,1.5,0.0,0
32,97,194,0,28,64,1.2922735934448615,0.8910390255436269,33,1.5,0.0,0
32,97,194,2,28,64,1.2922735934448615,0.8910390255436269,33,1.5,0.0,0
32,97,194,3,28,64,1.2922735934448615,0.8910390255436269,33,1.5,0.0,0
32,97,194,4,28,64,1.2922735934448615,0.8910390255436269,33,1.5,0.0,0
32,97,194,-1,28,64,1.2791714062237616,0.8779368383225261,33,1.5,0.0,0
32,97,194,0,29,64,1.3187554961270873,0.917520928225855,33,1.5,0.0,0
32,97,194,2,29,64,1.3187554961270873,0.917520928225855,33,1.5,0.0,0
32,97,194,3,29,64,1.3187554961270873,0.917520928225855,33,1.5,0.0,0
32,97,194,4,29,64,1.3187554961270873,0.917520928225855,33,1.5,0.0,0
32,97,194,-1,29,64,1.3183445960966667,0.917110028195431,33,1.5,0.0,0
32,97,194,0,30,64,1.2817620206923963,0.8805274527911635,33,1.5,0.0,0
32,97,194,2,30,64,1.2817620206923963,0.8805274527911635,33,1.5,0.0,0
32,97,194,3,30,64,1.2817620206923963,0.8805274527911635,33,1.5,0.0,0
32,97,194,4,30,64,1.2817620206923963,0.8805274527911635,33,1.5,0.0,0
32,97,194,-1,30,64,1.2919539070596953,0.8907193391584656,33,1.5,0.0,0
32,97,194,0,31,64,1.2900966041312607,0.8888620362300301,33,1.5,0.0,0
32,97,194,2,31,64,1.2900966041312607,0.8888620362300301,33,1.5,0.0,0
32,97,194,3,31,64,1.2900966041312607,0.8888620362300301,33,1.5,0.0,0
32,97,194,4,31,64,1.2900966041312607,0.8888620362300301,33,1.5,0.0,0
32,97,194,-1,31,64,1.28862320041483,0.8873886325135985,33,1.5,0.0,0
32,97,194,0,32,64,1.2955343256540437,0.8942997577528118,33,1.5,0.0,0
32,97,194,2,32,64,1.2955343256540437,0.8942997577528118,33,1.5,0.0,0
32,97,194,3,32,64,1.2955343256540437,0.8942997577528118,33,1.5,0.0,0
32,97,194,4,32,64,1.2955343256540437,0.8942997577528118,33,1.5,0.0,0
32,97,194,-1,32,64,1.2792945923906216,0.8780600244893861,33,1.5,0.0,0
32,97,194,0,33,64,1.2817984577008312,0.8805638897995962,33,1.5,0.0,0
32,97,194,2,33,64,1.2817984577008312,0.8805638897995962,33,1.5,0.0,0
32,97,194,3,33,64,1.2817984577008312,0.8805638897995962,33,1.5,0.0,0
32,97,194,4,33,64,1.2817984577008312,0.8805638897995962,33,1.5,0.0,0
32,97,194,-1,33,64,1.2881520672854838,0.8869174993842535,33,1.5,0.0,0
32,97,194,0,34,64,1.286901646876736,0.8856670789755015,33,1.5,0.0,0
32,97,194,2,34,64,1.286901646876736,0.8856670789755015,33,1.5,0.0,0
32,97,194,3,34,64,1.286901646876736,0.8856670789755015,33,1.5,0.0,0
32,97,194,4,34,64,1.286901646876736,0.8856670789755015,33,1.5,0.0,0
32,97,194,-1,34,64,1.301412652020467,0.9001780841192328,33,1.5,0.0,0
32,97,194,0,35,64,1.2706734790143506,0.8694389111131215,33,1.5,0.0,0
32,97,194,2,35,64,1.2706734790143506,0.8694389111131215,33,1.5,0.0,0
32,97,194,3,35,64,1.2706734790143506,0.8694389111131215,33,1.5,0.0,0
32,97,194,4,35,64,1.2706734790143506,0.8694389111131215,33,1.5,0.0,0
32,97,194,-1,35,64,1.2919153786488617,0.8906808107476323,33,1.5,0.0,0
32,97,194,0,36,64,1.3177613675898077,0.916526799688576,33,1.5,0.0,0
32,97,194,2,36,64,1.3177613675898077,0.916526799688576,33,1.5,0.0,0
32,97,194,3,36,64,1.3177613675898077,0.916526799688576,33,1.5,0.0,0
32,97,194,4,36,64,1.3177613675898077,0.916526799688576,33,1.5,0.0,0
32,97,194,-1,36,64,1.2692485348278097,0.8680139669265756,33,1.5,0.0,0
32,97,194,0,37,64,1.3010545167078202,0.8998199488065879,33,1.5,0.0,0
32,97,194,2,37,64,1.3010545167078202,0.8998199488065879,33,1.5,0.0,0
32,97,194,3,37,64,1.3010545167078202,0.8998199488065879,33,1.5,0.0,0
32,97,194,4,37,64,1.3010545167078202,0.8998199488065879,33,1.5,0.0,0
32,97,194,-1,37,64,1.2794950766885835,0.8782605087873492,33,1.5,0.0,0
32,97,194,0,38,64,1.2866237129751914,0.8853891450739582,33,1.5,0.0,0
32,97,194,2,38,64,1.2866237129751914,0.8853891450739582,33,1.5,0.0,0
32,97,194,3,38,64,1.2866237129751914,0.8853891450739582,33,1.5,0.0,0
32,97,194,4,38,64,1.2866237129751914,0.8853891450739582,33,1.5,0.0,0
32,97,194,-1,38,64,1.2887020197357102,0.8874674518344747,33,1.5,0.0,0
32,97,194,0,39,64,1.26513905404612,0.8639044861448895,33,1.5,0.0,0
32,97,194,2,39,64,1.26513905404612,0.8639044861448895,33,1.5,0.0,0
32,97,194,3,39,64,1.26513905404612,0.8639044861448895,33,1.5,0.0,0
32,97,194,4,39,64,1.26513905404612,0.8639044861448895,33,1.5,0.0,0
32,97,194,-1,39,64,1.3023508308038814,0.9011162629026472,33,1.5,0.0,0
32,97,194,0,40,64,1.298528196183938,0.8972936282827035,33,1.5,0.0,0
32,97,194,2,40,64,1.298528196183938,0.8972936282827035,33,1.5,0.0,0
32,97,194,3,40,64,1.298528196183938,0.8972936282827035,33,1.5,0.0,0
32,97,194,4,40,64,1.298528196183938,0.8972936282827035,33,1.5,0.0,0
32,97,194,-1,40,64,1.2951695514998356,0.893934983598605,33,1.5,0.0,0
32,97,194,0,41,64,1.278842715561851,0.8776081476606166,33,1.5,0.0,0
32,97,194,2,41,64,1.278842715561851,0.8776081476606166,33,1.5,0.0,0
32,97,194,3,41,64,1.278842715561851,0.8776081476606166,33,1.5,0.0,0
32,97,194,4,41,64,1.278842715561851,0.8776081476606166,33,1.5,0.0,0
32,97,194,-1,41,64,1.2771841715565861,0.8759496036553571,33,1.5,0.0,0
32,97,194,0,42,64,1.2878828659760924,0.88664829807486,33,1.5,0.0,0
32,97,194,2,42,64,1.2878828659760924,0.88664829807486,33,1.5,0.0,0
32,97,194,3,42,64,1.2878828659760924,0.88664829807486,33,1.5,0.0,0
32,97,194,4,42,64,1.2878828659760924,0.88664829807486,33,1.5,0.0,0
32,97,194,-1,42,64,1.2895101317293154,0.8882755638280813,33,1.5,0.0,0
32,97,194,0,43,64,1.3071941326229632,0.9059595647217336,33,1.5,0.0,0
32,97,194,2,43,64,1.3071941326229632,0.9059595647217336,33,1.5,0.0,0
32,97,194,3,43,64,1.3071941326229632,0.9059595647217336,33,1.5,0.0,0
32,97,194,4,43,64,1.3071941326229632,0.9059595647217336,33,1.5,0.0,0
32,97,194,-1,43,64,1.3061552281270994,0.9049206602258693,33,1.5,0.0,0
32,97,194,0,44,64,1.2983664180125645,0.8971318501113288,33,1.5,0.0,0
32,97,194,2,44,64,1.2983664180125645,0.8971318501113288,33,1.5,0.0,0
32,97,194,3,44,64,1.2983664180125645,0.8971318501113288,33,1.5,0.0,0
32,97,194,4,44,64,1.2983664180125645,0.8971318501113288,33,1.5,0.0,0
32,97,194,-1,44,64,1.2865919396040242,0.8853573717027885,33,1.5,0.0,0
32,97,194,0,45,64,1.3017313370493868,0.9004967691481554,33,1.5,0.0,0
32,97,194,2,45,64,1.3017313370493868,0.9004967691481554,33,1.5,0.0,0
32,97,194,3,45,64,1.3017313370493868,0.9004967691481554,33,1.5,0.0,0
32,97,194,4,45,64,1.3017313370493868,0.9004967691481554,33,1.5,0.0,0
32,97,194,-1,45,64,1.2805453651941727,0.8793107972929377,33,1.5,0.0,0
32,97,194,0,46,64,1.2928386178101627,0.8916040499089277,33,1.5,0.0,0
32,97,194,2,46,64,1.2928386178101627,0.8916040499089277,33,1.5,0.0,0
32,97,194,3,46,64,1.2928386178101627,0.8916040499089277,33,1.5,0.0,0
32,97,194,4,46,64,1.2928386178101627,0.8916040499089277,33,1.5,0.0,0
32,97,194,-1,46,64,1.2961286255007565,0.8948940575995223,33,1.5,0.0,0
32,97,194,0,47,64,1.3022546636393224,0.9010200957380903,33,1.5,0.0,0
32,97,194,2,47,64,1.3022546636393224,0.9010200957380903,33,1.5,0.0,0
32,97,194,3,47,64,1.3022546636393224,0.9010200957380903,33,1.5,0.0,0
32,97,194,4,47,64,1.3022546636393224,0.9010200957380903,33,1.5,0.0,0
32,97,194,-1,47,64,1.284295317815043,0.8830607499138097,33,1.5,0.0,0
32,97,194,0,48,64,1.2945839709673765,0.8933494030661464,33,1.5,0.0,0
32,97,194,2,48,64,1.2945839709673765,0.8933494030661464,33,1.5,0.0,0
32,97,194,3,48,64,1.2945839709673765,0.8933494030661464,33,1.5,0.0,0
32,97,194,4,48,64,1.2945839709673765,0.8933494030661464,33,1.5,0.0,0
32,97,194,-1,48,64,1.275382887893103,0.8741483199918676,33,1.5,0.0,0
32,97,194,0,49,64,1.2804888614719319,0.8792542935706962,33,1.5,0.0,0
32,97,194,2,49,64,1.2804888614719319,0.8792542935706962,33,1.5,0.0,0
32,97,194,3,49,64,1.2804888614719319,0.8792542935706962,33,1.5,0.0,0
32,97,194,4,49,64,1.2804888614719319,0.8792542935706962,33,1.5,0.0,0
32,97,194,-1,49,64,1.2840620645093033,0.8828274966080727,33,1.5,0.0,0
32,97,194,0,50,64,1.305356117865116,0.9041215499638824,33,1.5,0.0,0
32,97,194,2,50,64,1.305356117865116,0.9041215499638824,33,1.5,0.0,0
32,97,194,3,50,64,1.305356117865116,0.9041215499638824,33,1.5,0.0,0
32,97,194,4,50,64,1.305356117865116,0.9041215499638824,33,1.5,0.0,0
32,97,194,-1,50,64,1.2796707211158473,0.878436153214615,33,1.5,0.0,0
32,97,194,0,51,64,1.2654131908619353,0.8641786229607007,33,1.5,0.0,0
32,97,194,2,51,64,1.2654131908619353,0.8641786229607007,33,1.5,0.0,0
32,97,194,3,51,64,1.2654131908619353,0.8641786229607007,33,1.5,0.0,0
32,97,194,4,51,64,1.2654131908619353,0.8641786229607007,33,1.5,0.0,0
32,97,194,-1,51,64,1.283143598039403,0.8819090301381678,33,1.5,0.0,0
32,97,194,0,52,64,1.279296781816329,0.8780622139150935,33,1.5,0.0,0
32,97,194,2,52,64,1.279296781816329,0.8780622139150935,33,1.5,0.0,0
32,97,194,3,52,64,1.279296781816329,0.8780622139150935,33,1.5,0.0,0
32,97,194,4,52,64,1.279296781816329,0.8780622139150935,33,1.5,0.0,0
32,97,194,-1,52,64,1.317431271554076,0.9161967036528438,33,1.5,0.0,0
32,97,194,0,53,64,1.2747952652065404,0.873560697305308,33,1.5,0.0,0
32,97,194,2,53,64,1.2747952652065404,0.873560697305308,33,1.5,0.0,0
32,97,194,3,53,64,1.2747952652065404,0.873560697305308,33,1.5,0.0,0
32,97,194,4,53,64,1.2747952652065404,0.873560697305308,33,1.5,0.0,0
32,97,194,-1,53,64,1.2876448904631128,0.8864103225618791,33,1.5,0.0,0
32,97,194,0,54,64,1.2917309661234038,0.8904963982221688,33,1.5,0.0,0
32,97,194,2,54,64,1.2917309661234038,0.8904963982221688,33,1.5,0.0,0
32,97,194,3,54,64,1.2917309661234038,0.8904963982221688,33,1.5,0.0,0
32,97,194,4,54,64,1.2917309661234038,0.8904963982221688,33,1.5,0.0,0
32,97,194,-1,54,64,1.291132892529828,0.8898983246285965,33,1.5,0.0,0
32,97,194,0,55,64,1.286732992212137,0.885498424310903,33,1.5,0.0,0
32,97,194,2,55,64,1.286732992212137,0.885498424310903,33,1.5,0.0,0
32,97,194,3,55,64,1.286732992212137,0.885498424310903,33,1.5,0.0,0
32,97,194,4,55,64,1.286732992212137,0.885498424310903,33,1.5,0.0,0
32,97,194,-1,55,64,1.286940376327266,0.8857058084260316,33,1.5,0.0,0
32,97,194,0,56,64,1.271291675539864,0.8700571076386296,33,1.5,0.0,0
32,97,194,2,56,64,1.271291675539864,0.8700571076386296,33,1.5,0.0,0
32,97,194,3,56,64,1.271291675539864,0.8700571076386296,33,1.5,0.0,0
32,97,194,4,56,64,1.271291675539864,0.8700571076386296,33,1.5,0.0,0
32,97,194,-1,56,64,1.2811916729538175,0.8799571050525827,33,1.5,0.0,0
32,97,194,0,57,64,1.2959491394948264,0.894714571593596,33,1.5,0.0,0
32,97,194,2,57,64,1.2959491394948264,0.894714571593596,33,1.5,0.0,0
32,97,194,3,57,64,1.2959491394948264,0.894714571593596,33,1.5,0.0,0
32,97,194,4,57,64,1.2959491394948264,0.894714571593596,33,1.5,0.0,0
32,97,194,-1,57,64,1.303656017040549,0.9024214491393181,33,1.5,0.0,0
32,97,194,0,58,64,1.3077114438688908,0.9064768759676554,33,1.5,0.0,0
32,97,194,2,58,64,1.3077114438688908,0.9064768759676554,33,1.5,0.0,0
32,97,194,3,58,64,1.3077114438688908,0.9064768759676554,33,1.5,0.0,0
32,97,194,4,58,64,1.3077114438688908,0.9064768759676554,33,1.5,0.0,0
32,97,194,-1,58,64,1.2974085175516137,0.8961739496503824,33,1.5,0.0,0
32,97,194,0,59,64,1.2998375781938918,0.8986030102926605,33,1.5,0.0,0
32,97,194,2,59,64,1.2998375781938918,0.8986030102926605,33,1.5,0.0,0
32,97,194,3,59,64,1.2998375781938918,0.8986030102926605,33,1.5,0.0,0
32,97,194,4,59,64,1.2998375781938918,0.8986030102926605,33,1.5,0.0,0
32,97,194,-1,59,64,1.2781974009108568,0.8769628330096211,33,1.5,0.0,0
32,97,194,0,60,64,1.312067383630631,0.9108328157293997,33,1.5,0.0,0
32,97,194,2,60,64,1.312067383630631,0.9108328157293997,33,1.5,0.0,0
32,97,194,3,60,64,1.312067383630631,0.9108328157293997,33,1.5,0.0,0
32,97,194,4,60,64,1.312067383630631,0.9108328157293997,33,1.5,0.0,0
32,97,194,-1,60,64,1.2999529878696578,0.898718419968425,33,1.5,0.0,0
32,97,194,0,61,64,1.2671184695669528,0.8658839016657183,33,1.5,0.0,0
32,97,194,2,61,64,1.2671184695669528,0.8658839016657183,33,1.5,0.0,0
32,97,194,3,61,64,1.2671184695669528,0.8658839016657183,33,1.5,0.0,0
32,97,194,4,61,64,1.2671184695669528,0.8658839016657183,33,1.5,0.0,0
32,97,194,-1,61,64,1.289136065553163,0.8879014976519315,33,1.5,0.0,0
32,97,194,0,62,64,1.2955922083206173,0.8943576404193863,33,1.5,0.0,0
32,97,194,2,62,64,1.2955922083206173,0.8943576404193863,33,1.5,0.0,0
32,97,194,3,62,64,1.2955922083206173,0.8943576404193863,33,1.5,0.0,0
32,97,194,4,62,64,1.2955922083206173,0.8943576404193863,33,1.5,0.0,0
32,97,194,-1,62,64,1.2826044768837674,0.8813699089825349,33,1.5,0.0,0
32,97,194,0,63,64,1.296735243239017,0.8955006753377859,33,1.5,0.0,0
32,97,194,2,63,64,1.296735243239017,0.8955006753377859,33,1.5,0.0,0
32,97,194,3,63,64,1.296735243239017,0.8955006753377859,33,1.5,0.0,0
32,97,194,4,63,64,1.296735243239017,0.8955006753377859,33,1.5,0.0,0
32,97,194,-1,63,64,1.2952114634336263,0.893976895532397,33,1.5,0.0,0
64,193,386,0,0,64,1.290390517570813,0.8897693995583893,65,1.5,0.0,0
64,193,386,2,0,64,1.290390517570813,0.8897693995583893,65,1.5,1.4210854715202004e-14,1
64,193,386,3,0,64,1.290390517570813,0.8897693995583893,65,1.5,1.4210854715202004e-14,1
64,193,386,4,0,64,1.290390517570813,0.8897693995583893,65,1.5,7.105427357601002e-15,1
64,193,386,-1,0,64,1.2909609686883448,0.8903398506759146,65,1.5,0.0,0
64,193,386,0,1,64,1.2943738645835778,0.8937527465711526,65,1.5,0.0,0
64,193,386,2,1,64,1.2943738645835778,0.8937527465711526,65,1.5,0.0,0
64,193,386,3,1,64,1.2943738645835778,0.8937527465711526,65,1.5,0.0,0
64,193,386,4,1,64,1.2943738645835778,0.8937527465711526,65,1.5,0.0,0
64,193,386,-1,1,64,1.2938098237054299,0.8931887056930066,65,1.5,0.0,0
64,193,386,0,2,64,1.302578529714245,0.9019574117018152,65,1.5,0.0,0
64,193,386,2,2,64,1.302578529714245,0.9019574117018152,65,1.5,0.0,0
64,193,386,3,2,64,1.302578529714245,0.9019574117018152,65,1.5,0.0,0
64,193,386,4,2,64,1.302578529714245,0.9019574117018152,65,1.5,0.0,0
64,193,386,-1,2,64,1.2856666556705263,0.885045537658101,65,1.5,0.0,0
64,193,386,0,3,64,1.3054217878112762,0.9048006697988455,65,1.5,0.0,0
64,193,386,2,3,64,1.3054217878112762,0.9048006697988455,65,1.5,0.0,0
64,193,386,3,3,64,1.3054217878112762,0.9048006697988455,65,1.5,0.0,0
64,193,386,4,3,64,1.3054217878112762,0.9048006697988455,65,1.5,0.0,0
64,193,386,-1,3,64,1.2962598534021488,0.8956387353897242,65,1.5,0.0,0
64,193,386,0,4,64,1.2852927856910967,0.8846716676786741,65,1.5,0.0,0
64,193,386,2,4,64,1.2852927856910967,0.8846716676786741,65,1.5,0.0,0
64,193,386,3,4,64,1.2852927856910967,0.8846716676786741,65,1.5,0.0,0
64,193,386,4,4,64,1.2852927856910967,0.8846716676786741,65,1.5,0.0,0
64,193,386,-1,4,64,1.3011535487055168,0.9005324306930902,65,1.5,0.0,0
64,193,386,0,5,64,1.3017619626256565,0.9011408446132236,65,1.5,0.0,0
64,193,386,2,5,64,1.3017619626256565,0.9011408446132236,65,1.5,0.0,0
64,193,386,3,5,64,1.3017619626256565,0.9011408446132236,65,1.5,0.0,0
64,193,386,4,5,64,1.3017619626256565,0.9011408446132236,65,1.5,0.0,0
64,193,386,-1,5,64,1.2843974640860176,0.8837763460735886,65,1.5,0.0,0
64,193,386,0,6,64,1.296169565659421,0.8955484476469877,65,1.5,0.0,0
64,193,386,2,6,64,1.296169565659421,0.8955484476469877,65,1.5,0.0,0
64,193,386,3,6,64,1.296169565659421,0.8955484476469877,65,1.5,0.0,0
64,193,386,4,6,64,1.296169565659421,0.8955484476469877,65,1.5,0.0,0
64,193,386,-1,6,64,1.2873859003853103,0.8867647823728788,65,1.5,0.0,0
64,193,386,0,7,64,1.289516845436474,0.8888957274240425,65,1.5,0.0,0
64,193,386,2,7,64,1.289516845436474,0.8888957274240425,65,1.5,0.0,0
64,193,386,3,7,64,1.289516845436474,0.8888957274240425,65,1.5,0.0,0
64,193,386,4,7,64,1.289516845436474,0.8888957274240425,65,1.5,0.0,0
64,193,386,-1,7,64,1.2934822175460903,0.8928610995336612,65,1.5,0.0,0
64,193,386,0,8,64,1.287132733422232,0.8865116154098018,65,1.5,0.0,0
64,193,386,2,8,64,1.287132733422232,0.8865116154098018,65,1.5,0.0,0
64,193,386,3,8,64,1.287132733422232,0.8865116154098018,65,1.5,0.0,0
64,193,386,4,8,64,1.287132733422232,0.8865116154098018,65,1.5,0.0,0
64,193,386,-1,8,64,1.3012131679730534,0.9005920499606219,65,1.5,0.0,0
64,193,386,0,9,64,1.3041109692507058,0.9034898512382767,65,1.5,0.0,0
64,193,386,2,9,64,1.3041109692507058,0.9034898512382767,65,1.5,0.0,0
64,193,386,3,9,64,1.3041109692507058,0.9034898512382767,65,1.5,0.0,0
64,193,386,4,9,64,1.3041109692507058,0.9034898512382767,65,1.5,0.0,0
64,193,386,-1,9,64,1.3012944509513926,0.9006733329389647,65,1.5,0.0,0
64,193,386,0,10,64,1.2907809102714694,0.8901597922590412,65,1.5,0.0,0
64,193,386,2,10,64,1.2907809102714694,0.8901597922590412,65,1.5,0.0,0
64,193,386,3,10,64,1.2907809102714694,0.8901597922590412,65,1.5,0.0,0
64,193,386,4,10,64,1.2907809102714694,0.8901597922590412,65,1.5,0.0,0
64,193,386,-1,10,64,1.3042567905680476,0.9036356725556232,65,1.5,0.0,0
64,193,386,0,11,64,1.2930610133923284,0.8924398953798942,65,1.5,0.0,0
64,193,386,2,11,64,1.2930610133923284,0.8924398953798942,65,1.5,0.0,0
64,193,386,3,11,64,1.2930610133923284,0.8924398953798942,65,1.5,0.0,0
64,193,386,4,11,64,1.2930610133923284,0.8924398953798942,65,1.5,0.0,0
64,193,386,-1,11,64,1.2982185388129381,0.8975974208005084,65,1.5,0.0,0
64,193,386,0,12,64,1.2961355949882574,0.8955144769758334,65,1.5,0.0,0
64,193,386,2,12,64,1.2961355949882574,0.8955144769758334,65,1.5,0.0,0
64,193,386,3,12,64,1.2961355949882574,0.8955144769758334,65,1.5,0.0,0
64,193,386,4,12,64,1.2961355949882574,0.8955144769758334,65,1.5,0.0,0
64,193,386,-1,12,64,1.2936721125515813,0.893050994539152,65,1.5,0.0,0
64,193,386,0,13,64,1.3021815284464062,0.901560410433973,65,1.5,0.0,0
64,193,386,2,13,64,1.3021815284464062,0.901560410433973,65,1.5,0.0,0
64,193,386,3,13,64,1.3021815284464062,0.901560410433973,65,1.5,0.0,0
64,193,386,4,13,64,1.3021815284464062,0.901560410433973,65,1.5,0.0,0
64,193,386,-1,13,64,1.2977756729712608,0.8971545549588313,65,1.5,0.0,0
64,193,386,0,14,64,1.295317190017503,0.8946960720050754,65,1.5,0.0,0
64,193,386,2,14,64,1.295317190017503,0.8946960720050754,65,1.5,0.0,0
64,193,386,3,14,64,1.295317190017503,0.8946960720050754,65,1.5,0.0,0
64,193,386,4,14,64,1.295317190017503,0.8946960720050754,65,1.5,0.0,0
64,193,386,-1,14,64,1.2835171834000372,0.8828960653876123,65,1.5,0.0,0
64,193,386,0,15,64,1.2934779100025338,0.8928567919901127,65,1.5,0.0,0
64,193,386,2,15,64,1.2934779100025338,0.8928567919901127,65,1.5,0.0,0
64,193,386,3,15,64,1.2934779100025338,0.8928567919901127,65,1.5,0.0,0
64,193,386,4,15,64,1.2934779100025338,0.8928567919901127,65,1.5,0.0,0
64,193,386,-1,15,64,1.2924928369177133,0.8918717189052927,65,1.5,0.0,0
64,193,386,0,16,64,1.2997247043498399,0.8991035863374179,65,1.5,0.0,0
64,193,386,2,16,64,1.2997247043498399,0.8991035863374179,65,1.5,0.0,0
64,193,386,3,16,64,1.2997247043498399,0.8991035863374179,65,1.5,0.0,0
64,193,386,4,16,64,1.2997247043498399,0.8991035863374179,65,1.5,0.0,0
64,193,386,-1,16,64,1.2973688648411714,0.896747746828737,65,1.5,0.0,0
64,193,386,0,17,64,1.3081575975342747,0.9075364795218519,65,1.5,0.0,0
64,193,386,2,17,64,1.3081575975342747,0.9075364795218519,65,1.5,0.0,0
64,193,386,3,17,64,1.3081575975342747,0.9075364795218519,65,1.5,0.0,0
64,193,386,4,17,64,1.3081575975342747,0.9075364795218519,65,1.5,0.0,0
64,193,386,-1,17,64,1.30107412562144,0.9004530076090163,65,1.5,0.0,0
64,193,386,0,18,64,1.304465361227013,0.9038442432145786,65,1.5,0.0,0
64,193,386,2,18,64,1.304465361227013,0.9038442432145786,65,1.5,0.0,0
64,193,386,3,18,64,1.304465361227013,0.9038442432145786,65,1.5,0.0,0
64,193,386,4,18,64,1.304465361227013,0.9038442432145786,65,1.5,0.0,0
64,193,386,-1,18,64,1.2913958834794605,0.8907747654670288,65,1.5,0.0,0
64,193,386,0,19,64,1.3141576589258979,0.9135365409134693,65,1.5,0.0,0
64,193,386,2,19,64,1.3141576589258979,0.9135365409134693,65,1.5,0.0,0
64,193,386,3,19,64,1.3141576589258979,0.9135365409134693,65,1.5,0.0,0
64,193,386,4,19,64,1.3141576589258979,0.9135365409134693,65,1.5,0.0,0
64,193,386,-1,19,64,1.2942579030243975,0.8936367850119638,65,1.5,0.0,0
64,193,386,0,20,64,1.3066674407288876,0.9060463227164632,65,1.5,0.0,0
64,193,386,2,20,64,1.3066674407288876,0.9060463227164632,65,1.5,0.0,0
64,193,386,3,20,64,1.3066674407288876,0.9060463227164632,65,1.5,0.0,0
64,193,386,4,20,64,1.3066674407288876,0.9060463227164632,65,1.5,0.0,0
64,193,386,-1,20,64,1.3015696657526938,0.9009485477402706,65,1.5,0.0,0
64,193,386,0,21,64,1.2867010668364516,0.886079948824019,65,1.5,0.0,0
64,193,386,2,21,64,1.2867010668364516,0.886079948824019,65,1.5,0.0,0
64,193,386,3,21,64,1.2867010668364516,0.886079948824019,65,1.5,0.0,0
64,193,386,4,21,64,1.2867010668364516,0.886079948824019,65,1.5,0.0,0
64,193,386,-1,21,64,1.2955059139915275,0.8948847959790953,65,1.5,0.0,0
64,193,386,0,22,64,1.3008751035668704,0.9002539855544427,65,1.5,0.0,0
64,193,386,2,22,64,1.3008751035668704,0.9002539855544427,65,1.5,0.0,0
64,193,386,3,22,64,1.3008751035668704,0.9002539855544427,65,1.5,0.0,0
64,193,386,4,22,64,1.3008751035668704,0.9002539855544427,65,1.5,0.0,0
64,193,386,-1,22,64,1.2927564758907892,0.8921353578783595,65,1.5,0.0,0
64,193,386,0,23,64,1.3153116063073869,0.9146904882949656,65,1.5,0.0,0
64,193,386,2,23,64,1.3153116063073869,0.9146904882949656,65,1.5,0.0,0
64,193,386,3,23,64,1.3153116063073869,0.9146904882949656,65,1.5,0.0,0
64,193,386,4,23,64,1.3153116063073869,0.9146904882949656,65,1.5,0.0,0
64,193,386,-1,23,64,1.2904791001890827,0.8898579821766504,65,1.5,0.0,0
64,193,386,0,24,64,1.2974282992225143,0.8968071812100931,65,1.5,0.0,0
64,193,386,2,24,64,1.2974282992225143,0.8968071812100931,65,1.5,0.0,0
64,193,386,3,24,64,1.2974282992225143,0.8968071812100931,65,1.5,0.0,0
64,193,386,4,24,64,1.2974282992225143,0.8968071812100931,65,1.5,0.0,0
64,193,386,-1,24,64,1.2940899635946121,0.8934688455821913,65,1.5,0.0,0
64,193,386,0,25,64,1.3037266162644956,0.9031054982520743,65,1.5,0.0,0
64,193,386,2,25,64,1.3037266162644956,0.9031054982520743,65,1.5,0.0,0
64,193,386,3,25,64,1.3037266162644956,0.9031054982520743,65,1.5,0.0,0
64,193,386,4,25,64,1.3037266162644956,0.9031054982520743,65,1.5,0.0,0
64,193,386,-1,25,64,1.294446355792871,0.8938252377804474,65,1.5,0.0,0
64,193,386,0,26,64,1.2979167576379524,0.8972956396255256,65,1.5,0.0,0
64,193,386,2,26,64,1.2979167576379524,0.8972956396255256,65,1.5,0.0,0
64,193,386,3,26,64,1.2979167576379524,0.8972956396255256,65,1.5,0.0,0
64,193,386,4,26,64,1.2979167576379524,0.8972956396255256,65,1.5,0.0,0
64,193,386,-1,26,64,1.3038267649427953,0.903205646930374,65,1.5,0.0,0
64,193,386,0,27,64,1.3104807194365966,0.9098596014241735,65,1.5,0.0,0
64,193,386,2,27,64,1.3104807194365966,0.9098596014241735,65,1.5,0.0,0
64,193,386,3,27,64,1.3104807194365966,0.9098596014241735,65,1.5,0.0,0
64,193,386,4,27,64,1.3104807194365966,0.9098596014241735,65,1.5,0.0,0
64,193,386,-1,27,64,1.3045286310687794,0.9039075130563532,65,1.5,0.0,0
64,193,386,0,28,64,1.2900060416896457,0.8893849236772127,65,1.5,0.0,0
64,193,386,2,28,64,1.2900060416896457,0.8893849236772127,65,1.5,0.0,0
64,193,386,3,28,64,1.2900060416896457,0.8893849236772127,65,1.5,0.0,0
64,193,386,4,28,64,1.2900060416896457,0.8893849236772127,65,1.5,0.0,0
64,193,386,-1,28,64,1.289213971781561,0.8885928537691399,65,1.5,0.0,0
64,193,386,0,29,64,1.300095794898245,0.8994746768858164,65,1.5,0.0,0
64,193,386,2,29,64,1.300095794898245,0.8994746768858164,65,1.5,0.0,0
64,193,386,3,29,64,1.300095794898245,0.8994746768858164,65,1.5,0.0,0
64,193,386,4,29,64,1.300095794898245,0.8994746768858164,65,1.5,0.0,0
64,193,386,-1,29,64,1.2871207896091557,0.8864996715967237,65,1.5,0.0,0
64,193,386,0,30,64,1.3101630560963242,0.9095419380838905,65,1.5,0.0,0
64,193,386,2,30,64,1.3101630560963242,0.9095419380838905,65,1.5,0.0,0
64,193,386,3,30,64,1.3101630560963242,0.9095419380838905,65,1.5,0.0,0
64,193,386,4,30,64,1.3101630560963242,0.9095419380838905,65,1.5,0.0,0
64,193,386,-1,30,64,1.2975315248379082,0.8969104068254836,65,1.5,0.0,0
64,193,386,0,31,64,1.2935485326091745,0.8929274145967412,65,1.5,0.0,0
64,193,386,2,31,64,1.2935485326091745,0.8929274145967412,65,1.5,0.0,0
64,193,386,3,31,64,1.2935485326091745,0.8929274145967412,65,1.5,0.0,0
64,193,386,4,31,64,1.2935485326091745,0.8929274145967412,65,1.5,0.0,0
64,193,386,-1,31,64,1.2932846623323797,0.8926635443199586,65,1.5,0.0,0
64,193,386,0,32,64,1.292983487470193,0.8923623694577714,65,1.5,0.0,0
64,193,386,2,32,64,1.292983487470193,0.8923623694577714,65,1.5,0.0,0
64,193,386,3,32,64,1.292983487470193,0.8923623694577714,65,1.5,0.0,0
64,193,386,4,32,64,1.292983487470193,0.8923623694577714,65,1.5,0.0,0
64,193,386,-1,32,64,1.2873781347999507,0.8867570167875272,65,1.5,0.0,0
64,193,386,0,33,64,1.294666504412911,0.894045386400478,65,1.5,0.0,0
64,193,386,2,33,64,1.294666504412911,0.894045386400478,65,1.5,0.0,0
64,193,386,3,33,64,1.294666504412911,0.894045386400478,65,1.5,0.0,0
64,193,386,4,33,64,1.294666504412911,0.894045386400478,65,1.5,0.0,0
64,193,386,-1,33,64,1.2911842105941664,0.8905630925817434,65,1.5,0.0,0
64,193,386,0,34,64,1.3027859740643133,0.9021648560518827,65,1.5,0.0,0
64,193,386,2,34,64,1.3027859740643133,0.9021648560518827,65,1.5,0.0,0
64,193,386,3,34,64,1.3027859740643133,0.9021648560518827,65,1.5,0.0,0
64,193,386,4,34,64,1.3027859740643133,0.9021648560518827,65,1.5,0.0,0
64,193,386,-1,34,64,1.2818192549677057,0.8811981369552768,65,1.5,0.0,0
64,193,386,0,35,64,1.2992972067659678,0.8986760887535468,65,1.5,0.0,0
64,193,386,2,35,64,1.2992972067659678,0.8986760887535468,65,1.5,0.0,0
64,193,386,3,35,64,1.2992972067659678,0.8986760887535468,65,1.5,0.0,0
64,193,386,4,35,64,1.2992972067659678,0.8986760887535468,65,1.5,0.0,0
64,193,386,-1,35,64,1.2942575642424368,0.8936364462300048,65,1.5,0.0,0
64,193,386,0,36,64,1.298126361480672,0.8975052434682453,65,1.5,0.0,0
64,193,386,2,36,64,1.298126361480672,0.8975052434682453,65,1.5,0.0,0
64,193,386,3,36,64,1.298126361480672,0.8975052434682453,65,1.5,0.0,0
64,193,386,4,36,64,1.298126361480672,0.8975052434682453,65,1.5,0.0,0
64,193,386,-1,36,64,1.3058627728891974,0.9052416548767752,65,1.5,0.0,0
64,193,386,0,37,64,1.293664938197122,0.8930438201847011,65,1.5,0.0,0
64,193,386,2,37,64,1.293664938197122,0.8930438201847011,65,1.5,0.0,0
64,193,386,3,37,64,1.293664938197122,0.8930438201847011,65,1.5,0.0,0
64,193,386,4,37,64,1.293664938197122,0.8930438201847011,65,1.5,0.0,0
64,193,386,-1,37,64,1.2924531943950006,0.8918320763825704,65,1.5,0.0,0
64,193,386,0,38,64,1.3034882744477596,0.9028671564353346,65,1.5,0.0,0
64,193,386,2,38,64,1.3034882744477596,0.9028671564353346,65,1.5,0.0,0
64,193,386,3,38,64,1.3034882744477596,0.9028671564353346,65,1.5,0.0,0
64,193,386,4,38,64,1.3034882744477596,0.9028671564353346,65,1.5,0.0,0
64,193,386,-1,38,64,1.2939366091547864,0.89331549114236,65,1.5,0.0,0
64,193,386,0,39,64,1.2961129750703888,0.8954918570579622,65,1.5,0.0,0
64,193,386,2,39,64,1.2961129750703888,0.8954918570579622,65,1.5,0.0,0
64,193,386,3,39,64,1.2961129750703888,0.8954918570579622,65,1.5,0.0,0
64,193,386,4,39,64,1.2961129750703888,0.8954918570579622,65,1.5,0.0,0
64,193,386,-1,39,64,1.2921125822105943,0.8914914641981682,65,1.5,0.0,0
64,193,386,0,40,64,1.2933756177650084,0.8927544997525843,65,1.5,0.0,0
64,193,386,2,40,64,1.2933756177650084,0.8927544997525843,65,1.5,0.0,0
64,193,386,3,40,64,1.2933756177650084,0.8927544997525843,65,1.5,0.0,0
64,193,386,4,40,64,1.2933756177650084,0.8927544997525843,65,1.5,0.0,0
64,193,386,-1,40,64,1.2916470827970064,0.8910259647845749,65,1.5,0.0,0
64,193,386,0,41,64,1.3049781471197184,0.9043570291072882,65,1.5,0.0,0
64,193,386,2,41,64,1.3049781471197184,0.9043570291072882,65,1.5,0.0,0
64,193,386,3,41,64,1.3049781471197184,0.9043570291072882,65,1.5,0.0,0
64,193,386,4,41,64,1.3049781471197184,0.9043570291072882,65,1.5,0.0,0
64,193,386,-1,41,64,1.296893358472672,0.8962722404602488,65,1.5,0.0,0
64,193,386,0,42,64,1.3012978258478496,0.9006767078354159,65,1.5,0.0,0
64,193,386,2,42,64,1.3012978258478496,0.9006767078354159,65,1.5,0.0,0
64,193,386,3,42,64,1.3012978258478496,0.9006767078354159,65,1.5,0.0,0
64,193,386,4,42,64,1.3012978258478496,0.9006767078354159,65,1.5,0.0,0
64,193,386,-1,42,64,1.2896527599841678,0.8890316419717408,65,1.5,0.0,0
64,193,386,0,43,64,1.3000482862547575,0.899427168242326,65,1.5,0.0,0
64,193,386,2,43,64,1.3000482862547575,0.899427168242326,65,1.5,0.0,0
64,193,386,3,43,64,1.3000482862547575,0.899427168242326,65,1.5,0.0,0
64,193,386,4,43,64,1.3000482862547575,0.899427168242326,65,1.5,0.0,0
64,193,386,-1,43,64,1.2962478122199408,0.8956266942075075,65,1.5,0.0,0
64,193,386,0,44,64,1.2822999447636831,0.881678826751255,65,1.5,0.0,0
64,193,386,2,44,64,1.2822999447636831,0.881678826751255,65,1.5,0.0,0
64,193,386,3,44,64,1.2822999447636831,0.881678826751255,65,1.5,0.0,0
64,193,386,4,44,64,1.2822999447636831,0.881678826751255,65,1.5,0.0,0
64,193,386,-1,44,64,1.2947742235910882,0.8941531055786669,65,1.5,0.0,0
64,193,386,0,45,64,1.3048962681390488,0.9042751501266224,65,1.5,0.0,0
64,193,386,2,45,64,1.3048962681390488,0.9042751501266224,65,1.5,0.0,0
64,193,386,3,45,64,1.3048962681390488,0.9042751501266224,65,1.5,0.0,0
64,193,386,4,45,64,1.3048962681390488,0.9042751501266224,65,1.5,0.0,0
64,193,386,-1,45,64,1.2923171634632968,0.8916960454508711,65,1.5,0.0,0
64,193,386,0,46,64,1.2985113151777559,0.8978901971653244,65,1.5,0.0,0
64,193,386,2,46,64,1.2985113151777559,0.8978901971653244,65,1.5,0.0,0
64,193,386,3,46,64,1.2985113151777559,0.8978901971653244,65,1.5,0.0,0
64,193,386,4,46,64,1.2985113151777559,0.8978901971653244,65,1.5,0.0,0
64,193,386,-1,46,64,1.2935893016892828,0.8929681836768566,65,1.5,0.0,0
64,193,386,0,47,64,1.3003869864344502,0.8997658684220227,65,1.5,0.0,0
64,193,386,2,47,64,1.3003869864344502,0.8997658684220227,65,1.5,0.0,0
64,193,386,3,47,64,1.3003869864344502,0.8997658684220227,65,1.5,0.0,0
64,193,386,4,47,64,1.3003869864344502,0.8997658684220227,65,1.5,0.0,0
64,193,386,-1,47,64,1.2958338934905904,0.8952127754781571,65,1.5,0.0,0
64,193,386,0,48,64,1.2925575310601598,0.8919364130477305,65,1.5,0.0,0
64,193,386,2,48,64,1.2925575310601598,0.8919364130477305,65,1.5,0.0,0
64,193,386,3,48,64,1.2925575310601598,0.8919364130477305,65,1.5,0.0,0
64,193,386,4,48,64,1.2925575310601598,0.8919364130477305,65,1.5,0.0,0
64,193,386,-1,48,64,1.288307870443403,0.8876867524309802,65,1.5,0.0,0
64,193,386,0,49,64,1.3100537374013077,0.9094326193888804,65,1.5,0.0,0
64,193,386,2,49,64,1.3100537374013077,0.9094326193888804,65,1.5,0.0,0
64,193,386,3,49,64,1.3100537374013077,0.9094326193888804,65,1.5,0.0,0
64,193,386,4,49,64,1.3100537374013077,0.9094326193888804,65,1.5,0.0,0
64,193,386,-1,49,64,1.2940694011689846,0.8934482831565589,65,1.5,0.0,0
64,193,386,0,50,64,1.2961688171612364,0.8955476991488069,65,1.5,0.0,0
64,193,386,2,50,64,1.2961688171612364,0.8955476991488069,65,1.5,0.0,0
64,193,386,3,50,64,1.2961688171612364,0.8955476991488069,65,1.5,0.0,0
64,193,386,4,50,64,1.2961688171612364,0.8955476991488069,65,1.5,0.0,0
64,193,386,-1,50,64,1.2888436110675063,0.8882224930550819,65,1.5,0.0,0
64,193,386,0,51,64,1.3064972982593657,0.9058761802469348,65,1.5,0.0,0
64,193,386,2,51,64,1.3064972982593657,0.9058761802469348,65,1.5,0.0,0
64,193,386,3,51,64,1.3064972982593657,0.9058761802469348,65,1.5,0.0,0
64,193,386,4,51,64,1.3064972982593657,0.9058761802469348,65,1.5,0.0,0
64,193,386,-1,51,64,1.285532818878614,0.8849117008661835,65,1.5,0.0,0
64,193,386,0,52,64,1.2955058806918125,0.8948847626793821,65,1.5,0.0,0
64,193,386,2,52,64,1.2955058806918125,0.8948847626793821,65,1.5,0.0,0
64,193,386,3,52,64,1.2955058806918125,0.8948847626793821,65,1.5,0.0,0
64,193,386,4,52,64,1.2955058806918125,0.8948847626793821,65,1.5,0.0,0
64,193,386,-1,52,64,1.3009901594995572,0.9003690414871244,65,1.5,0.0,0
64,193,386,0,53,64,1.2978928405003436,0.8972717224879148,65,1.5,0.0,0
64,193,386,2,53,64,1.2978928405003436,0.8972717224879148,65,1.5,0.0,0
64,193,386,3,53,64,1.2978928405003436,0.8972717224879148,65,1.5,0.0,0
64,193,386,4,53,64,1.2978928405003436,0.8972717224879148,65,1.5,0.0,0
64,193,386,-1,53,64,1.3052924748412937,0.9046713568288709,65,1.5,0.0,0
64,193,386,0,54,64,1.2935635266762686,0.892942408663842,65,1.5,0.0,0
64,193,386,2,54,64,1.2935635266762686,0.892942408663842,65,1.5,0.0,0
64,193,386,3,54,64,1.2935635266762686,0.892942408663842,65,1.5,0.0,0
64,193,386,4,54,64,1.2935635266762686,0.892942408663842,65,1.5,0.0,0
64,193,386,-1,54,64,1.2967675349942822,0.8961464169818498,65,1.5,0.0,0
64,193,386,0,55,64,1.2879167830614016,0.8872956650489812,65,1.5,0.0,0
64,193,386,2,55,64,1.2879167830614016,0.8872956650489812,65,1.5,0.0,0
64,193,386,3,55,64,1.2879167830614016,0.8872956650489812,65,1.5,0.0,0
64,193,386,4,55,64,1.2879167830614016,0.8872956650489812,65,1.5,0.0,0
64,193,386,-1,55,64,1.2908265343237566,0.890205416311332,65,1.5,0.0,0
64,193,386,0,56,64,1.2966318760434299,0.8960107580309966,65,1.5,0.0,0
64,193,386,2,56,64,1.2966318760434299,0.8960107580309966,65,1.5,0.0,0
64,193,386,3,56,64,1.2966318760434299,0.8960107580309966,65,1.5,0.0,0
64,193,386,4,56,64,1.2966318760434299,0.8960107580309966,65,1.5,0.0,0
64,193,386,-1,56,64,1.2970943785430165,0.8964732605305841,65,1.5,0.0,0
64,193,386,0,57,64,1.3004130530474636,0.8997919350350401,65,1.5,0.0,0
64,193,386,2,57,64,1.3004130530474636,0.8997919350350401,65,1.5,0.0,0
64,193,386,3,57,64,1.3004130530474636,0.8997919350350401,65,1.5,0.0,0
64,193,386,4,57,64,1.3004130530474636,0.8997919350350401,65,1.5,0.0,0
64,193,386,-1,57,64,1.2911961718845006,0.8905750538720696,65,1.5,0.0,0
64,193,386,0,58,64,1.2898139298475189,0.8891928118350876,65,1.5,0.0,0
64,193,386,2,58,64,1.2898139298475189,0.8891928118350876,65,1.5,0.0,0
64,193,386,3,58,64,1.2898139298475189,0.8891928118350876,65,1.5,0.0,0
64,193,386,4,58,64,1.2898139298475189,0.8891928118350876,65,1.5,0.0,0
64,193,386,-1,58,64,1.2940901382738952,0.8934690202614632,65,1.5,0.0,0
64,193,386,0,59,64,1.3072948388212995,0.9066737208088682,65,1.5,0.0,0
64,193,386,2,59,64,1.3072948388212995,0.9066737208088682,65,1.5,0.0,0
64,193,386,3,59,64,1.3072948388212995,0.9066737208088682,65,1.5,0.0,0
64,193,386,4,59,64,1.3072948388212995,0.9066737208088682,65,1.5,0.0,0
64,193,386,-1,59,64,1.2883881286366938,0.8877670106242732,65,1.5,0.0,0
64,193,386,0,60,64,1.2940619566143863,0.8934408386019612,65,1.5,0.0,0
64,193,386,2,60,64,1.2940619566143863,0.8934408386019612,65,1.5,0.0,0
64,193,386,3,60,64,1.2940619566143863,0.8934408386019612,65,1.5,0.0,0
64,193,386,4,60,64,1.2940619566143863,0.8934408386019612,65,1.5,0.0,0
64,193,386,-1,60,64,1.2853933230735526,0.8847722050611253,65,1.5,0.0,0
64,193,386,0,61,64,1.302508011493442,0.90188689348102,65,1.5,0.0,0
64,193,386,2,61,64,1.302508011493442,0.90188689348102,65,1.5,0.0,0
64,193,386,3,61,64,1.302508011493442,0.90188689348102,65,1.5,0.0,0
64,193,386,4,61,64,1.302508011493442,0.90188689348102,65,1.5,0.0,0
64,193,386,-1,61,64,1.2887011122116394,0.8880799941992166,65,1.5,0.0,0
64,193,386,0,62,64,1.292535534705638,0.8919144166932114,65,1.5,0.0,0
64,193,386,2,62,64,1.292535534705638,0.8919144166932114,65,1.5,0.0,0
64,193,386,3,62,64,1.292535534705638,0.8919144166932114,65,1.5,0.0,0
64,193,386,4,62,64,1.292535534705638,0.8919144166932114,65,1.5,0.0,0
64,193,386,-1,62,64,1.301349844610867,0.9007287265984445,65,1.5,0.0,0
64,193,386,0,63,64,1.301658346346027,0.9010372283335926,65,1.5,0.0,0
64,193,386,2,63,64,1.301658346346027,0.9010372283335926,65,1.5,0.0,0
64,193,386,3,63,64,1.301658346346027,0.9010372283335926,65,1.5,0.0,0
64,193,386,4,63,64,1.301658346346027,0.9010372283335926,65,1.5,0.0,0
64,193,386,-1,63,64,1.2962648313210146,0.895643713308587,65,1.5,0.0,0
128,385,770,0,0,64,1.304166545418356,0.9038550189386001,129,1.5,0.0,0
128,385,770,2,0,64,1.304166545418356,0.9038550189386001,129,1.5,1.3988810110276972e-14,1
128,385,770,3,0,64,1.304166545418356,0.9038550189386001,129,1.5,1.3988810110276972e-14,1
128,385,770,4,0,64,1.304166545418356,0.9038550189386001,129,1.5,0.0,1
128,385,770,-1,0,64,1.2953415358093747,0.8950300093296164,129,1.5,0.0,0
128,385,770,0,1,64,1.3040829657107573,0.9037714392310079,129,1.5,0.0,0
128,385,770,2,1,64,1.3040829657107573,0.9037714392310079,129,1.5,0.0,0
128,385,770,3,1,64,1.3040829657107573,0.9037714392310079,129,1.5,0.0,0
128,385,770,4,1,64,1.3040829657107573,0.9037714392310079,129,1.5,0.0,0
128,385,770,-1,1,64,1.2931564847333097,0.892844958253562,129,1.5,0.0,0
128,385,770,0,2,64,1.2999376501652504,0.8996261236854934,129,1.5,0.0,0
128,385,770,2,2,64,1.2999376501652504,0.8996261236854934,129,1.5,0.0,0
128,385,770,3,2,64,1.2999376501652504,0.8996261236854934,129,1.5,0.0,0
128,385,770,4,2,64,1.2999376501652504,0.8996261236854934,129,1.5,0.0,0
128,385,770,-1,2,64,1.2992316720961254,0.8989201456163585,129,1.5,0.0,0
128,385,770,0,3,64,1.2969426745635233,0.8966311480837703,129,1.5,0.0,0
128,385,770,2,3,64,1.2969426745635233,0.8966311480837703,129,1.5,0.0,0
128,385,770,3,3,64,1.2969426745635233,0.8966311480837703,129,1.5,0.0,0
128,385,770,4,3,64,1.2969426745635233,0.8966311480837703,129,1.5,0.0,0
128,385,770,-1,3,64,1.2950535595678918,0.8947420330881357,129,1.5,0.0,0
128,385,770,0,4,64,1.3025480291737777,0.9022365026940236,129,1.5,0.0,0
128,385,770,2,4,64,1.3025480291737777,0.9022365026940236,129,1.5,0.0,0
128,385,770,3,4,64,1.3025480291737777,0.9022365026940236,129,1.5,0.0,0
128,385,770,4,4,64,1.3025480291737777,0.9022365026940236,129,1.5,0.0,0
128,385,770,-1,4,64,1.2995020016980114,0.899190475218262,129,1.5,0.0,0
128,385,770,0,5,64,1.3007194283613108,0.9004079018815503,129,1.5,0.0,0
128,385,770,2,5,64,1.3007194283613108,0.9004079018815503,129,1.5,0.0,0
128,385,770,3,5,64,1.3007194283613108,0.9004079018815503,129,1.5,0.0,0
128,385,770,4,5,64,1.3007194283613108,0.9004079018815503,129,1.5,0.0,0
128,385,770,-1,5,64,1.294436934231111,0.8941254077513463,129,1.5,0.0,0
128,385,770,0,6,64,1.2994959005413078,0.8991843740615479,129,1.5,0.0,0
128,385,770,2,6,64,1.2994959005413078,0.8991843740615479,129,1.5,0.0,0
128,385,770,3,6,64,1.2994959005413078,0.8991843740615479,129,1.5,0.0,0
128,385,770,4,6,64,1.2994959005413078,0.8991843740615479,129,1.5,0.0,0
128,385,770,-1,6,64,1.2967971340417939,0.8964856075620276,129,1.5,0.0,0
128,385,770,0,7,64,1.3043234538935087,0.9040119274137339,129,1.5,0.0,0
128,385,770,2,7,64,1.3043234538935087,0.9040119274137339,129,1.5,0.0,0
128,385,770,3,7,64,1.3043234538935087,0.9040119274137339,129,1.5,0.0,0
128,385,770,4,7,64,1.3043234538935087,0.9040119274137339,129,1.5,0.0,0
128,385,770,-1,7,64,1.295349152148523,0.8950376256687491,129,1.5,0.0,0
128,385,770,0,8,64,1.3043461278828974,0.90403460140314,129,1.5,0.0,0
128,385,770,2,8,64,1.3043461278828974,0.90403460140314,129,1.5,0.0,0
128,385,770,3,8,64,1.3043461278828974,0.90403460140314,129,1.5,0.0,0
128,385,770,4,8,64,1.3043461278828974,0.90403460140314,129,1.5,0.0,0
128,385,770,-1,8,64,1.29410304677211,0.8937915202923534,129,1.5,0.0,0
128,385,770,0,9,64,1.2992168710027765,0.8989053445230013,129,1.5,0.0,0
128,385,770,2,9,64,1.2992168710027765,0.8989053445230013,129,1.5,0.0,0
128,385,770,3,9,64,1.2992168710027765,0.8989053445230013,129,1.5,0.0,0
128,385,770,4,9,64,1.2992168710027765,0.8989053445230013,129,1.5,0.0,0
128,385,770,-1,9,64,1.2934390335018928,0.8931275070221432,129,1.5,0.0,0
128,385,770,0,10,64,1.2945352221814193,0.8942236957016689,129,1.5,0.0,0
128,385,770,2,10,64,1.2945352221814193,0.8942236957016689,129,1.5,0.0,0
128,385,770,3,10,64,1.2945352221814193,0.8942236957016689,129,1.5,0.0,0
128,385,770,4,10,64,1.2945352221814193,0.8942236957016689,129,1.5,0.0,0
128,385,770,-1,10,64,1.30406392251227,0.9037523960325018,129,1.5,0.0,0
128,385,770,0,11,64,1.2979928716217475,0.89768134514199,129,1.5,0.0,0
128,385,770,2,11,64,1.2979928716217475,0.89768134514199,129,1.5,0.0,0
128,385,770,3,11,64,1.2979928716217475,0.89768134514199,129,1.5,0.0,0
128,385,770,4,11,64,1.2979928716217475,0.89768134514199,129,1.5,0.0,0
128,385,770,-1,11,64,1.2957375220106084,0.895425995530843,129,1.5,0.0,0
128,385,770,0,12,64,1.2995961853260045,0.8992846588462555,129,1.5,0.0,0
128,385,770,2,12,64,1.2995961853260045,0.8992846588462555,129,1.5,0.0,0
128,385,770,3,12,64,1.2995961853260045,0.8992846588462555,129,1.5,0.0,0
128,385,770,4,12,64,1.2995961853260045,0.8992846588462555,129,1.5,0.0,0
128,385,770,-1,12,64,1.299146981535422,0.8988354550556608,129,1.5,0.0,0
128,385,770,0,13,64,1.2977368936928297,0.8974253672130601,129,1.5,0.0,0
128,385,770,2,13,64,1.2977368936928297,0.8974253672130601,129,1.5,0.0,0
128,385,770,3,13,64,1.2977368936928297,0.8974253672130601,129,1.5,0.0,0
128,385,770,4,13,64,1.2977368936928297,0.8974253672130601,129,1.5,0.0,0
128,385,770,-1,13,64,1.2959300339605129,0.8956185074807479,129,1.5,0.0,0
128,385,770,0,14,64,1.2970659449847148,0.8967544185049405,129,1.5,0.0,0
128,385,770,2,14,64,1.2970659449847148,0.8967544185049405,129,1.5,0.0,0
128,385,770,3,14,64,1.2970659449847148,0.8967544185049405,129,1.5,0.0,0
128,385,770,4,14,64,1.2970659449847148,0.8967544185049405,129,1.5,0.0,0
128,385,770,-1,14,64,1.29681356603095,0.8965020395511942,129,1.5,0.0,0
128,385,770,0,15,64,1.2983440208769277,0.8980324943971709,129,1.5,0.0,0
128,385,770,2,15,64,1.2983440208769277,0.8980324943971709,129,1.5,0.0,0
128,385,770,3,15,64,1.2983440208769277,0.8980324943971709,129,1.5,0.0,0
128,385,770,4,15,64,1.2983440208769277,0.8980324943971709,129,1.5,0.0,0
128,385,770,-1,15,64,1.2989029814081432,0.8985914549283791,129,1.5,0.0,0
128,385,770,0,16,64,1.2968296357454785,0.8965181092657133,129,1.5,0.0,0
128,385,770,2,16,64,1.2968296357454785,0.8965181092657133,129,1.5,0.0,0
128,385,770,3,16,64,1.2968296357454785,0.8965181092657133,129,1.5,0.0,0
128,385,770,4,16,64,1.2968296357454785,0.8965181092657133,129,1.5,0.0,0
128,385,770,-1,16,64,1.294892747668999,0.8945812211892417,129,1.5,0.0,0
128,385,770,0,17,64,1.2984522305151798,0.898140704035427,129,1.5,0.0,0
128,385,770,2,17,64,1.2984522305151798,0.898140704035427,129,1.5,0.0,0
128,385,770,3,17,64,1.2984522305151798,0.898140704035427,129,1.5,0.0,0
128,385,770,4,17,64,1.2984522305151798,0.898140704035427,129,1.5,0.0,0
128,385,770,-1,17,64,1.3031712312914405,0.9028597048116751,129,1.5,0.0,0
128,385,770,0,18,64,1.2967326323530344,0.8964211058732587,129,1.5,0.0,0
128,385,770,2,18,64,1.2967326323530344,0.8964211058732587,129,1.5,0.0,0
128,385,770,3,18,64,1.2967326323530344,0.8964211058732587,129,1.5,0.0,0
128,385,770,4,18,64,1.2967326323530344,0.8964211058732587,129,1.5,0.0,0
128,385,770,-1,18,64,1.3000582667688692,0.8997467402891175,129,1.5,0.0,0
128,385,770,0,19,64,1.2981376574499175,0.8978261309701452,129,1.5,0.0,0
128,385,770,2,19,64,1.2981376574499175,0.8978261309701452,129,1.5,0.0,0
128,385,770,3,19,64,1.2981376574499175,0.8978261309701452,129,1.5,0.0,0
128,385,770,4,19,64,1.2981376574499175,0.8978261309701452,129,1.5,0.0,0
128,385,770,-1,19,64,1.3039052148385653,0.9035936883587965,129,1.5,0.0,0
128,385,770,0,20,64,1.2997065168815713,0.8993949904018166,129,1.5,0.0,0
128,385,770,2,20,64,1.2997065168815713,0.8993949904018166,129,1.5,0.0,0
128,385,770,3,20,64,1.2997065168815713,0.8993949904018166,129,1.5,0.0,0
128,385,770,4,20,64,1.2997065168815713,0.8993949904018166,129,1.5,0.0,0
128,385,770,-1,20,64,1.297436149949825,0.8971246234700629,129,1.5,0.0,0
128,385,770,0,21,64,1.2975204013988058,0.8972088749190448,129,1.5,0.0,0
128,385,770,2,21,64,1.2975204013988058,0.8972088749190448,129,1.5,0.0,0
128,385,770,3,21,64,1.2975204013988058,0.8972088749190448,129,1.5,0.0,0
128,385,770,4,21,64,1.2975204013988058,0.8972088749190448,129,1.5,0.0,0
128,385,770,-1,21,64,1.2977417271024358,0.8974302006226651,129,1.5,0.0,0
128,385,770,0,22,64,1.2984077512305474,0.8980962247507875,129,1.5,0.0,0
128,385,770,2,22,64,1.2984077512305474,0.8980962247507875,129,1.5,0.0,0
128,385,770,3,22,64,1.2984077512305474,0.8980962247507875,129,1.5,0.0,0
128,385,770,4,22,64,1.2984077512305474,0.8980962247507875,129,1.5,0.0,0
128,385,770,-1,22,64,1.2976168149558114,0.8973052884760477,129,1.5,0.0,0
128,385,770,0,23,64,1.3001532582508002,0.8998417317710334,129,1.5,0.0,0
128,385,770,2,23,64,1.3001532582508002,0.8998417317710334,129,1.5,0.0,0
128,385,770,3,23,64,1.3001532582508002,0.8998417317710334,129,1.5,0.0,0
128,385,770,4,23,64,1.3001532582508002,0.8998417317710334,129,1.5,0.0,0
128,385,770,-1,23,64,1.2958217767893554,0.8955102503095986,129,1.5,0.0,0
128,385,770,0,24,64,1.2926514205898825,0.8923398941101084,129,1.5,0.0,0
128,385,770,2,24,64,1.2926514205898825,0.8923398941101084,129,1.5,0.0,0
128,385,770,3,24,64,1.2926514205898825,0.8923398941101084,129,1.5,0.0,0
128,385,770,4,24,64,1.2926514205898825,0.8923398941101084,129,1.5,0.0,0
128,385,770,-1,24,64,1.2950513644257315,0.8947398379459628,129,1.5,0.0,0
128,385,770,0,25,64,1.2972206475106849,0.8969091210309159,129,1.5,0.0,0
128,385,770,2,25,64,1.2972206475106849,0.8969091210309159,129,1.5,0.0,0
128,385,770,3,25,64,1.2972206475106849,0.8969091210309159,129,1.5,0.0,0
128,385,770,4,25,64,1.2972206475106849,0.8969091210309159,129,1.5,0.0,0
128,385,770,-1,25,64,1.2975940192695063,0.897282492789742,129,1.5,0.0,0
128,385,770,0,26,64,1.2979819388219052,0.8976704123421371,129,1.5,0.0,0
128,385,770,2,26,64,1.2979819388219052,0.8976704123421371,129,1.5,0.0,0
128,385,770,3,26,64,1.2979819388219052,0.8976704123421371,129,1.5,0.0,0
128,385,770,4,26,64,1.2979819388219052,0.8976704123421371,129,1.5,0.0,0
128,385,770,-1,26,64,1.2938170662573165,0.89350553977755,129,1.5,0.0,0
128,385,770,0,27,64,1.2969532412555131,0.8966417147757397,129,1.5,0.0,0
128,385,770,2,27,64,1.2969532412555131,0.8966417147757397,129,1.5,0.0,0
128,385,770,3,27,64,1.2969532412555131,0.8966417147757397,129,1.5,0.0,0
128,385,770,4,27,64,1.2969532412555131,0.8966417147757397,129,1.5,0.0,0
128,385,770,-1,27,64,1.2944755316524383,0.8941640051726836,129,1.5,0.0,0
128,385,770,0,28,64,1.2949227132363215,0.8946111867565492,129,1.5,0.0,0
128,385,770,2,28,64,1.2949227132363215,0.8946111867565492,129,1.5,0.0,0
128,385,770,3,28,64,1.2949227132363215,0.8946111867565492,129,1.5,0.0,0
128,385,770,4,28,64,1.2949227132363215,0.8946111867565492,129,1.5,0.0,0
128,385,770,-1,28,64,1.300605607573142,0.9002940810933922,129,1.5,0.0,0
128,385,770,0,29,64,1.301335702812181,0.9010241763324132,129,1.5,0.0,0
128,385,770,2,29,64,1.301335702812181,0.9010241763324132,129,1.5,0.0,0
128,385,770,3,29,64,1.301335702812181,0.9010241763324132,129,1.5,0.0,0
128,385,770,4,29,64,1.301335702812181,0.9010241763324132,129,1.5,0.0,0
128,385,770,-1,29,64,1.301626047443976,0.9013145209642062,129,1.5,0.0,0
128,385,770,0,30,64,1.2990715588859587,0.8987600324061873,129,1.5,0.0,0
128,385,770,2,30,64,1.2990715588859587,0.8987600324061873,129,1.5,0.0,0
128,385,770,3,30,64,1.2990715588859587,0.8987600324061873,129,1.5,0.0,0
128,385,770,4,30,64,1.2990715588859587,0.8987600324061873,129,1.5,0.0,0
128,385,770,-1,30,64,1.2981007165273604,0.8977891900476038,129,1.5,0.0,0
128,385,770,0,31,64,1.2972059803743272,0.8968944538945607,129,1.5,0.0,0
128,385,770,2,31,64,1.2972059803743272,0.8968944538945607,129,1.5,0.0,0
128,385,770,3,31,64,1.2972059803743272,0.8968944538945607,129,1.5,0.0,0
128,385,770,4,31,64,1.2972059803743272,0.8968944538945607,129,1.5,0.0,0
128,385,770,-1,31,64,1.3017615114342656,0.9014499849544961,129,1.5,0.0,0
128,385,770,0,32,64,1.2941419931409983,0.8938304666612282,129,1.5,0.0,0
128,385,770,2,32,64,1.2941419931409983,0.8938304666612282,129,1.5,0.0,0
128,385,770,3,32,64,1.2941419931409983,0.8938304666612282,129,1.5,0.0,0
128,385,770,4,32,64,1.2941419931409983,0.8938304666612282,129,1.5,0.0,0
128,385,770,-1,32,64,1.2941454936220904,0.8938339671423421,129,1.5,0.0,0
128,385,770,0,33,64,1.3025628193825343,0.9022512929027755,129,1.5,0.0,0
128,385,770,2,33,64,1.3025628193825343,0.9022512929027755,129,1.5,0.0,0
128,385,770,3,33,64,1.3025628193825343,0.9022512929027755,129,1.5,0.0,0
128,385,770,4,33,64,1.3025628193825343,0.9022512929027755,129,1.5,0.0,0
128,385,770,-1,33,64,1.2954367351214957,0.8951252086417298,129,1.5,0.0,0
128,385,770,0,34,64,1.295436767481481,0.8951252410017219,129,1.5,0.0,0
128,385,770,2,34,64,1.295436767481481,0.8951252410017219,129,1.5,0.0,0
128,385,770,3,34,64,1.295436767481481,0.8951252410017219,129,1.5,0.0,0
128,385,770,4,34,64,1.295436767481481,0.8951252410017219,129,1.5,0.0,0
128,385,770,-1,34,64,1.2942408254610793,0.8939292989813055,129,1.5,0.0,0
128,385,770,0,35,64,1.2987935486530984,0.8984820221733401,129,1.5,0.0,0
128,385,770,2,35,64,1.2987935486530984,0.8984820221733401,129,1.5,0.0,0
128,385,770,3,35,64,1.2987935486530984,0.8984820221733401,129,1.5,0.0,0
128,385,770,4,35,64,1.2987935486530984,0.8984820221733401,129,1.5,0.0,0
128,385,770,-1,35,64,1.2959496536599655,0.8956381271802059,129,1.5,0.0,0
128,385,770,0,36,64,1.2921936651061825,0.8918821386264142,129,1.5,0.0,0
128,385,770,2,36,64,1.2921936651061825,0.8918821386264142,129,1.5,0.0,0
128,385,770,3,36,64,1.2921936651061825,0.8918821386264142,129,1.5,0.0,0
128,385,770,4,36,64,1.2921936651061825,0.8918821386264142,129,1.5,0.0,0
128,385,770,-1,36,64,1.2964318833845512,0.8961203569047882,129,1.5,0.0,0
128,385,770,0,37,64,1.2999153834661743,0.8996038569864027,129,1.5,0.0,0
128,385,770,2,37,64,1.2999153834661743,0.8996038569864027,129,1.5,0.0,0
128,385,770,3,37,64,1.2999153834661743,0.8996038569864027,129,1.5,0.0,0
128,385,770,4,37,64,1.2999153834661743,0.8996038569864027,129,1.5,0.0,0
128,385,770,-1,37,64,1.2983565858554222,0.8980450593756473,129,1.5,0.0,0
128,385,770,0,38,64,1.2993374495974834,0.8990259231177333,129,1.5,0.0,0
128,385,770,2,38,64,1.2993374495974834,0.8990259231177333,129,1.5,0.0,0
128,385,770,3,38,64,1.2993374495974834,0.8990259231177333,129,1.5,0.0,0
128,385,770,4,38,64,1.2993374495974834,0.8990259231177333,129,1.5,0.0,0
128,385,770,-1,38,64,1.2929791391417684,0.8926676126619952,129,1.5,0.0,0
128,385,770,0,39,64,1.2994286607831966,0.8991171343034239,129,1.5,0.0,0
128,385,770,2,39,64,1.2994286607831966,0.8991171343034239,129,1.5,0.0,0
128,385,770,3,39,64,1.2994286607831966,0.8991171343034239,129,1.5,0.0,0
128,385,770,4,39,64,1.2994286607831966,0.8991171343034239,129,1.5,0.0,0
128,385,770,-1,39,64,1.2923692229409123,0.8920576964611371,129,1.5,0.0,0
128,385,770,0,40,64,1.2996992372050933,0.8993877107253354,129,1.5,0.0,0
128,385,770,2,40,64,1.2996992372050933,0.8993877107253354,129,1.5,0.0,0
128,385,770,3,40,64,1.2996992372050933,0.8993877107253354,129,1.5,0.0,0
128,385,770,4,40,64,1.2996992372050933,0.8993877107253354,129,1.5,0.0,0
128,385,770,-1,40,64,1.3010519402539726,0.9007404137742014,129,1.5,0.0,0
128,385,770,0,41,64,1.3019587267686066,0.9016472002888349,129,1.5,0.0,0
128,385,770,2,41,64,1.3019587267686066,0.9016472002888349,129,1.5,0.0,0
128,385,770,3,41,64,1.3019587267686066,0.9016472002888349,129,1.5,0.0,0
128,385,770,4,41,64,1.3019587267686066,0.9016472002888349,129,1.5,0.0,0
128,385,770,-1,41,64,1.295603501992844,0.8952919755130893,129,1.5,0.0,0
128,385,770,0,42,64,1.2966434666684499,0.896331940188702,129,1.5,0.0,0
128,385,770,2,42,64,1.2966434666684499,0.896331940188702,129,1.5,0.0,0
128,385,770,3,42,64,1.2966434666684499,0.896331940188702,129,1.5,0.0,0
128,385,770,4,42,64,1.2966434666684499,0.896331940188702,129,1.5,0.0,0
128,385,770,-1,42,64,1.2956881584603532,0.8953766319805823,129,1.5,0.0,0
128,385,770,0,43,64,1.3018205148590851,0.9015089883793337,129,1.5,0.0,0
128,385,770,2,43,64,1.3018205148590851,0.9015089883793337,129,1.5,0.0,0
128,385,770,3,43,64,1.3018205148590851,0.9015089883793337,129,1.5,0.0,0
128,385,770,4,43,64,1.3018205148590851,0.9015089883793337,129,1.5,0.0,0
128,385,770,-1,43,64,1.2986896197912827,0.8983780933115213,129,1.5,0.0,0
128,385,770,0,44,64,1.2955716700122104,0.8952601435324539,129,1.5,0.0,0
128,385,770,2,44,64,1.2955716700122104,0.8952601435324539,129,1.5,0.0,0
128,385,770,3,44,64,1.2955716700122104,0.8952601435324539,129,1.5,0.0,0
128,385,770,4,44,64,1.2955716700122104,0.8952601435324539,129,1.5,0.0,0
128,385,770,-1,44,64,1.2955960503324997,0.8952845238527516,129,1.5,0.0,0
128,385,770,0,45,64,1.3005325120094793,0.9002209855297281,129,1.5,0.0,0
128,385,770,2,45,64,1.3005325120094793,0.9002209855297281,129,1.5,0.0,0
128,385,770,3,45,64,1.3005325120094793,0.9002209855297281,129,1.5,0.0,0
128,385,770,4,45,64,1.3005325120094793,0.9002209855297281,129,1.5,0.0,0
128,385,770,-1,45,64,1.295442456712843,0.8951309302330799,129,1.5,0.0,0
128,385,770,0,46,64,1.2992317860960303,0.8989202596162613,129,1.5,0.0,0
128,385,770,2,46,64,1.2992317860960303,0.8989202596162613,129,1.5,0.0,0
128,385,770,3,46,64,1.2992317860960303,0.8989202596162613,129,1.5,0.0,0
128,385,770,4,46,64,1.2992317860960303,0.8989202596162613,129,1.5,0.0,0
128,385,770,-1,46,64,1.298068323318641,0.8977567968388769,129,1.5,0.0,0
128,385,770,0,47,64,1.2973762707044907,0.8970647442247355,129,1.5,0.0,0
128,385,770,2,47,64,1.2973762707044907,0.8970647442247355,129,1.5,0.0,0
128,385,770,3,47,64,1.2973762707044907,0.8970647442247355,129,1.5,0.0,0
128,385,770,4,47,64,1.2973762707044907,0.8970647442247355,129,1.5,0.0,0
128,385,770,-1,47,64,1.2950968816089754,0.8947853551292155,129,1.5,0.0,0
128,385,770,0,48,64,1.2955354610490248,0.895223934569259,129,1.5,0.0,0
128,385,770,2,48,64,1.2955354610490248,0.895223934569259,129,1.5,0.0,0
128,385,770,3,48,64,1.2955354610490248,0.895223934569259,129,1.5,0.0,0
128,385,770,4,48,64,1.2955354610490248,0.895223934569259,129,1.5,0.0,0
128,385,770,-1,48,64,1.2949943912799142,0.8946828648001599,129,1.5,0.0,0
128,385,770,0,49,64,1.304103268594993,0.9037917421152315,129,1.5,0.0,0
128,385,770,2,49,64,1.304103268594993,0.9037917421152315,129,1.5,0.0,0
128,385,770,3,49,64,1.304103268594993,0.9037917421152315,129,1.5,0.0,0
128,385,770,4,49,64,1.304103268594993,0.9037917421152315,129,1.5,0.0,0
128,385,770,-1,49,64,1.2972008159348452,0.8968892894550891,129,1.5,0.0,0
128,385,770,0,50,64,1.2932949566065053,0.8929834301267476,129,1.5,0.0,0
128,385,770,2,50,64,1.2932949566065053,0.8929834301267476,129,1.5,0.0,0
128,385,770,3,50,64,1.2932949566065053,0.8929834301267476,129,1.5,0.0,0
128,385,770,4,50,64,1.2932949566065053,0.8929834301267476,129,1.5,0.0,0
128,385,770,-1,50,64,1.3012727210706085,0.9009611945908489,129,1.5,0.0,0
128,385,770,0,51,64,1.2987563372289619,0.8984448107491971,129,1.5,0.0,0
128,385,770,2,51,64,1.2987563372289619,0.8984448107491971,129,1.5,0.0,0
128,385,770,3,51,64,1.2987563372289619,0.8984448107491971,129,1.5,0.0,0
128,385,770,4,51,64,1.2987563372289619,0.8984448107491971,129,1.5,0.0,0
128,385,770,-1,51,64,1.2996887603351748,0.8993772338554038,129,1.5,0.0,0
128,385,770,0,52,64,1.2982124401262434,0.8979009136464811,129,1.5,0.0,0
128,385,770,2,52,64,1.2982124401262434,0.8979009136464811,129,1.5,0.0,0
128,385,770,3,52,64,1.2982124401262434,0.8979009136464811,129,1.5,0.0,0
128,385,770,4,52,64,1.2982124401262434,0.8979009136464811,129,1.5,0.0,0
128,385,770,-1,52,64,1.2935243649614483,0.8932128384816735,129,1.5,0.0,0
128,385,770,0,53,64,1.3007200502544725,0.9004085237747006,129,1.5,0.0,0
128,385,770,2,53,64,1.3007200502544725,0.9004085237747006,129,1.5,0.0,0
128,385,770,3,53,64,1.3007200502544725,0.9004085237747006,129,1.5,0.0,0
128,385,770,4,53,64,1.3007200502544725,0.9004085237747006,129,1.5,0.0,0
128,385,770,-1,53,64,1.2945980050489343,0.8942864785691711,129,1.5,0.0,0
128,385,770,0,54,64,1.300825232913576,0.9005137064338271,129,1.5,0.0,0
128,385,770,2,54,64,1.300825232913576,0.9005137064338271,129,1.5,0.0,0
128,385,770,3,54,64,1.300825232913576,0.9005137064338271,129,1.5,0.0,0
128,385,770,4,54,64,1.300825232913576,0.9005137064338271,129,1.5,0.0,0
128,385,770,-1,54,64,1.2956492257002203,0.8953376992204483,129,1.5,0.0,0
128,385,770,0,55,64,1.2997903499633616,0.8994788234836051,129,1.5,0.0,0
128,385,770,2,55,64,1.2997903499633616,0.8994788234836051,129,1.5,0.0,0
128,385,770,3,55,64,1.2997903499633616,0.8994788234836051,129,1.5,0.0,0
128,385,770,4,55,64,1.2997903499633616,0.8994788234836051,129,1.5,0.0,0
128,385,770,-1,55,64,1.2958660093176135,0.8955544828378379,129,1.5,0.0,0
128,385,770,0,56,64,1.2991411786149876,0.8988296521352197,129,1.5,0.0,0
128,385,770,2,56,64,1.2991411786149876,0.8988296521352197,129,1.5,0.0,0
128,385,770,3,56,64,1.2991411786149876,0.8988296521352197,129,1.5,0.0,0
128,385,770,4,56,64,1.2991411786149876,0.8988296521352197,129,1.5,0.0,0
128,385,770,-1,56,64,1.2995706714827966,0.8992591450030432,129,1.5,0.0,0
128,385,770,0,57,64,1.2988323264018828,0.8985207999221245,129,1.5,0.0,0
128,385,770,2,57,64,1.2988323264018828,0.8985207999221245,129,1.5,0.0,0
128,385,770,3,57,64,1.2988323264018828,0.8985207999221245,129,1.5,0.0,0
128,385,770,4,57,64,1.2988323264018828,0.8985207999221245,129,1.5,0.0,0
128,385,770,-1,57,64,1.2970959968706586,0.8967844703908838,129,1.5,0.0,0
128,385,770,0,58,64,1.3011708052055375,0.9008592787257896,129,1.5,0.0,0
128,385,770,2,58,64,1.3011708052055375,0.9008592787257896,129,1.5,0.0,0
128,385,770,3,58,64,1.3011708052055375,0.9008592787257896,129,1.5,0.0,0
128,385,770,4,58,64,1.3011708052055375,0.9008592787257896,129,1.5,0.0,0
128,385,770,-1,58,64,1.2963123033250037,0.8960007768452556,129,1.5,0.0,0
128,385,770,0,59,64,1.3005779278261136,0.9002664013463573,129,1.5,0.0,0
128,385,770,2,59,64,1.3005779278261136,0.9002664013463573,129,1.5,0.0,0
128,385,770,3,59,64,1.3005779278261136,0.9002664013463573,129,1.5,0.0,0
128,385,770,4,59,64,1.3005779278261136,0.9002664013463573,129,1.5,0.0,0
128,385,770,-1,59,64,1.2971927167010482,0.8968811902212792,129,1.5,0.0,0
128,385,770,0,60,64,1.3043724089357753,0.9040608824560081,129,1.5,0.0,0
128,385,770,2,60,64,1.3043724089357753,0.9040608824560081,129,1.5,0.0,0
128,385,770,3,60,64,1.3043724089357753,0.9040608824560081,129,1.5,0.0,0
128,385,770,4,60,64,1.3043724089357753,0.9040608824560081,129,1.5,0.0,0
128,385,770,-1,60,64,1.299861505235747,0.8995499787559993,129,1.5,0.0,0
128,385,770,0,61,64,1.298232443809093,0.8979209173293441,129,1.5,0.0,0
128,385,770,2,61,64,1.298232443809093,0.8979209173293441,129,1.5,0.0,0
128,385,770,3,61,64,1.298232443809093,0.8979209173293441,129,1.5,0.0,0
128,385,770,4,61,64,1.298232443809093,0.8979209173293441,129,1.5,0.0,0
128,385,770,-1,61,64,1.3037293814727948,0.9034178549930232,129,1.5,0.0,0
128,385,770,0,62,64,1.3010778467825477,0.9007663203027789,129,1.5,0.0,0
128,385,770,2,62,64,1.3010778467825477,0.9007663203027789,129,1.5,0.0,0
128,385,770,3,62,64,1.3010778467825477,0.9007663203027789,129,1.5,0.0,0
128,385,770,4,62,64,1.3010778467825477,0.9007663203027789,129,1.5,0.0,0
128,385,770,-1,62,64,1.2983969319244557,0.8980854054447036,129,1.5,0.0,0
128,385,770,0,63,64,1.2928490215682824,0.8925374950885328,129,1.5,0.0,0
128,385,770,2,63,64,1.2928490215682824,0.8925374950885328,129,1.5,0.0,0
128,385,770,3,63,64,1.2928490215682824,0.8925374950885328,129,1.5,0.0,0
128,385,770,4,63,64,1.2928490215682824,0.8925374950885328,129,1.5,0.0,0
128,385,770,-1,63,64,1.2905573949295925,0.8902458684498242,129,1.5,0.0,0
256,769,1538,0,0,64,1.3007185263422762,0.900562520102028,257,1.5,0.0,0
256,769,1538,2,0,64,1.3007185263422762,0.900562520102028,257,1.5,0.0,1
256,769,1538,3,0,64,1.3007185263422762,0.900562520102028,257,1.5,5.684341886080802e-14,1
256,769,1538,4,0,64,1.3007185263422762,0.900562520102028,257,1.5,0.0,1
256,769,1538,-1,0,64,1.297026582687531,0.8968705764472702,257,1.5,0.0,0
256,769,1538,0,1,64,1.30111171997847,0.9009557137381989,257,1.5,0.0,0
256,769,1538,2,1,64,1.30111171997847,0.9009557137381989,257,1.5,0.0,0
256,769,1538,3,1,64,1.30111171997847,0.9009557137381989,257,1.5,0.0,0
256,769,1538,4,1,64,1.30111171997847,0.9009557137381989,257,1.5,0.0,0
256,769,1538,-1,1,64,1.299773647564583,0.899617641324312,257,1.5,0.0,0
256,769,1538,0,2,64,1.3004331678717036,0.9002771616314362,257,1.5,0.0,0
256,769,1538,2,2,64,1.3004331678717036,0.9002771616314362,257,1.5,0.0,0
256,769,1538,3,2,64,1.3004331678717036,0.9002771616314362,257,1.5,0.0,0
256,769,1538,4,2,64,1.3004331678717036,0.9002771616314362,257,1.5,0.0,0
256,769,1538,-1,2,64,1.29973108252404,0.8995750762837815,257,1.5,0.0,0
256,769,1538,0,3,64,1.295924974139357,0.8957689678990732,257,1.5,0.0,0
256,769,1538,2,3,64,1.295924974139357,0.8957689678990732,257,1.5,0.0,0
256,769,1538,3,3,64,1.295924974139357,0.8957689678990732,257,1.5,0.0,0
256,769,1538,4,3,64,1.295924974139357,0.8957689678990732,257,1.5,0.0,0
256,769,1538,-1,3,64,1.3008574473215346,0.900701441081253,257,1.5,0.0,0
256,769,1538,0,4,64,1.2982195481584962,0.8980635419182477,257,1.5,0.0,0
256,769,1538,2,4,64,1.2982195481584962,0.8980635419182477,257,1.5,0.0,0
256,769,1538,3,4,64,1.2982195481584962,0.8980635419182477,257,1.5,0.0,0
256,769,1538,4,4,64,1.2982195481584962,0.8980635419182477,257,1.5,0.0,0
256,769,1538,-1,4,64,1.2980925648131656,0.8979365585728942,257,1.5,0.0,0
256,769,1538,0,5,64,1.2983094872206404,0.8981534809803975,257,1.5,0.0,0
256,769,1538,2,5,64,1.2983094872206404,0.8981534809803975,257,1.5,0.0,0
256,769,1538,3,5,64,1.2983094872206404,0.8981534809803975,257,1.5,0.0,0
256,769,1538,4,5,64,1.2983094872206404,0.8981534809803975,257,1.5,0.0,0
256,769,1538,-1,5,64,1.3014055265225128,0.9012495202822493,257,1.5,0.0,0
256,769,1538,0,6,64,1.302775241679635,0.9026192354393743,257,1.5,0.0,0
256,769,1538,2,6,64,1.302775241679635,0.9026192354393743,257,1.5,0.0,0
256,769,1538,3,6,64,1.302775241679635,0.9026192354393743,257,1.5,0.0,0
256,769,1538,4,6,64,1.302775241679635,0.9026192354393743,257,1.5,0.0,0
256,769,1538,-1,6,64,1.302001625815335,0.9018456195750559,257,1.5,0.0,0
256,769,1538,0,7,64,1.301730157349429,0.9015741511091733,257,1.5,0.0,0
256,769,1538,2,7,64,1.301730157349429,0.9015741511091733,257,1.5,0.0,0
256,769,1538,3,7,64,1.301730157349429,0.9015741511091733,257,1.5,0.0,0
256,769,1538,4,7,64,1.301730157349429,0.9015741511091733,257,1.5,0.0,0
256,769,1538,-1,7,64,1.299306589717243,0.8991505834769669,257,1.5,0.0,0
256,769,1538,0,8,64,1.298950655721807,0.8987946494815446,257,1.5,0.0,0
256,769,1538,2,8,64,1.298950655721807,0.8987946494815446,257,1.5,0.0,0
256,769,1538,3,8,64,1.298950655721807,0.8987946494815446,257,1.5,0.0,0
256,769,1538,4,8,64,1.298950655721807,0.8987946494815446,257,1.5,0.0,0
256,769,1538,-1,8,64,1.2967178746283865,0.8965618683881189,257,1.5,0.0,0
256,769,1538,0,9,64,1.3003352538303878,0.9001792475901311,257,1.5,0.0,0
256,769,1538,2,9,64,1.3003352538303878,0.9001792475901311,257,1.5,0.0,0
256,769,1538,3,9,64,1.3003352538303878,0.9001792475901311,257,1.5,0.0,0
256,769,1538,4,9,64,1.3003352538303878,0.9001792475901311,257,1.5,0.0,0
256,769,1538,-1,9,64,1.2971119393608754,0.8969559331206369,257,1.5,0.0,0
256,769,1538,0,10,64,1.299724636514795,0.8995686302745298,257,1.5,0.0,0
256,769,1538,2,10,64,1.299724636514795,0.8995686302745298,257,1.5,0.0,0
256,769,1538,3,10,64,1.299724636514795,0.8995686302745298,257,1.5,0.0,0
256,769,1538,4,10,64,1.299724636514795,0.8995686302745298,257,1.5,0.0,0
256,769,1538,-1,10,64,1.2956438178856702,0.8954878116454097,257,1.5,0.0,0
256,769,1538,0,11,64,1.2994230905243551,0.8992670842840766,257,1.5,0.0,0
256,769,1538,2,11,64,1.2994230905243551,0.8992670842840766,257,1.5,0.0,0
256,769,1538,3,11,64,1.2994230905243551,0.8992670842840766,257,1.5,0.0,0
256,769,1538,4,11,64,1.2994230905243551,0.8992670842840766,257,1.5,0.0,0
256,769,1538,-1,11,64,1.3017498061060127,0.9015937998657364,257,1.5,0.0,0
256,769,1538,0,12,64,1.299534394617913,0.89937838837767,257,1.5,0.0,0
256,769,1538,2,12,64,1.299534394617913,0.89937838837767,257,1.5,0.0,0
256,769,1538,3,12,64,1.299534394617913,0.89937838837767,257,1.5,0.0,0
256,769,1538,4,12,64,1.299534394617913,0.89937838837767,257,1.5,0.0,0
256,769,1538,-1,12,64,1.2972631196299453,0.8971071133896658,257,1.5,0.0,0
256,769,1538,0,13,64,1.3034554949757935,0.903299488735513,257,1.5,0.0,0
256,769,1538,2,13,64,1.3034554949757935,0.903299488735513,257,1.5,0.0,0
256,769,1538,3,13,64,1.3034554949757935,0.903299488735513,257,1.5,0.0,0
256,769,1538,4,13,64,1.3034554949757935,0.903299488735513,257,1.5,0.0,0
256,769,1538,-1,13,64,1.2999005919081443,0.899744585667861,257,1.5,0.0,0
256,769,1538,0,14,64,1.2981521994564313,0.8979961932161586,257,1.5,0.0,0
256,769,1538,2,14,64,1.2981521994564313,0.8979961932161586,257,1.5,0.0,0
256,769,1538,3,14,64,1.2981521994564313,0.8979961932161586,257,1.5,0.0,0
256,769,1538,4,14,64,1.2981521994564313,0.8979961932161586,257,1.5,0.0,0
256,769,1538,-1,14,64,1.2959662404954218,0.8958102342551797,257,1.5,0.0,0
256,769,1538,0,15,64,1.2979042220501826,0.8977482158099406,257,1.5,0.0,0
256,769,1538,2,15,64,1.2979042220501826,0.8977482158099406,257,1.5,0.0,0
256,769,1538,3,15,64,1.2979042220501826,0.8977482158099406,257,1.5,0.0,0
256,769,1538,4,15,64,1.2979042220501826,0.8977482158099406,257,1.5,0.0,0
256,769,1538,-1,15,64,1.2988366601828363,0.8986806539425629,257,1.5,0.0,0
256,769,1538,0,16,64,1.2994198122599936,0.8992638060197464,257,1.5,0.0,0
256,769,1538,2,16,64,1.2994198122599936,0.8992638060197464,257,1.5,0.0,0
256,769,1538,3,16,64,1.2994198122599936,0.8992638060197464,257,1.5,0.0,0
256,769,1538,4,16,64,1.2994198122599936,0.8992638060197464,257,1.5,0.0,0
256,769,1538,-1,16,64,1.2963510902095663,0.8961950839693031,257,1.5,0.0,0
256,769,1538,0,17,64,1.3018052049286089,0.9016491986883466,257,1.5,0.0,0
256,769,1538,2,17,64,1.3018052049286089,0.9016491986883466,257,1.5,0.0,0
256,769,1538,3,17,64,1.3018052049286089,0.9016491986883466,257,1.5,0.0,0
256,769,1538,4,17,64,1.3018052049286089,0.9016491986883466,257,1.5,0.0,0
256,769,1538,-1,17,64,1.2982809369290889,0.898124930688823,257,1.5,0.0,0
256,769,1538,0,18,64,1.2968036566641281,0.8966476504238585,257,1.5,0.0,0
256,769,1538,2,18,64,1.2968036566641281,0.8966476504238585,257,1.5,0.0,0
256,769,1538,3,18,64,1.2968036566641281,0.8966476504238585,257,1.5,0.0,0
256,769,1538,4,18,64,1.2968036566641281,0.8966476504238585,257,1.5,0.0,0
256,769,1538,-1,18,64,1.297107951366261,0.8969519451259771,257,1.5,0.0,0
256,769,1538,0,19,64,1.3022339197034047,0.9020779134631312,257,1.5,0.0,0
256,769,1538,2,19,64,1.3022339197034047,0.9020779134631312,257,1.5,0.0,0
256,769,1538,3,19,64,1.3022339197034047,0.9020779134631312,257,1.5,0.0,0
256,769,1538,4,19,64,1.3022339197034047,0.9020779134631312,257,1.5,0.0,0
256,769,1538,-1,19,64,1.2978409658447174,0.8976849596044758,257,1.5,0.0,0
256,769,1538,0,20,64,1.2973306671800202,0.8971746609397542,257,1.5,0.0,0
256,769,1538,2,20,64,1.2973306671800202,0.8971746609397542,257,1.5,0.0,0
256,769,1538,3,20,64,1.2973306671800202,0.8971746609397542,257,1.5,0.0,0
256,769,1538,4,20,64,1.2973306671800202,0.8971746609397542,257,1.5,0.0,0
256,769,1538,-1,20,64,1.2982796943875754,0.8981236881473365,257,1.5,0.0,0
256,769,1538,0,21,64,1.29790500096978,0.8977489947295112,257,1.5,0.0,0
256,769,1538,2,21,64,1.29790500096978,0.8977489947295112,257,1.5,0.0,0
256,769,1538,3,21,64,1.29790500096978,0.8977489947295112,257,1.5,0.0,0
256,769,1538,4,21,64,1.29790500096978,0.8977489947295112,257,1.5,0.0,0
256,769,1538,-1,21,64,1.2978219151780646,0.8976659089378245,257,1.5,0.0,0
256,769,1538,0,22,64,1.2978434962326209,0.8976874899923359,257,1.5,0.0,0
256,769,1538,2,22,64,1.2978434962326209,0.8976874899923359,257,1.5,0.0,0
256,769,1538,3,22,64,1.2978434962326209,0.8976874899923359,257,1.5,0.0,0
256,769,1538,4,22,64,1.2978434962326209,0.8976874899923359,257,1.5,0.0,0
256,769,1538,-1,22,64,1.2993411663244463,0.8991851600841869,257,1.5,0.0,0
256,769,1538,0,23,64,1.297522400287113,0.8973663940468555,257,1.5,0.0,0
256,769,1538,2,23,64,1.297522400287113,0.8973663940468555,257,1.5,0.0,0
256,769,1538,3,23,64,1.297522400287113,0.8973663940468555,257,1.5,0.0,0
256,769,1538,4,23,64,1.297522400287113,0.8973663940468555,257,1.5,0.0,0
256,769,1538,-1,23,64,1.2999479315402602,0.8997919253000077,257,1.5,0.0,0
256,769,1538,0,24,64,1.3012182616554793,0.9010622554152405,257,1.5,0.0,0
256,769,1538,2,24,64,1.3012182616554793,0.9010622554152405,257,1.5,0.0,0
256,769,1538,3,24,64,1.3012182616554793,0.9010622554152405,257,1.5,0.0,0
256,769,1538,4,24,64,1.3012182616554793,0.9010622554152405,257,1.5,0.0,0
256,769,1538,-1,24,64,1.3001259655211892,0.8999699592808952,257,1.5,0.0,0
256,769,1538,0,25,64,1.2999456609338793,0.8997896546936204,257,1.5,0.0,0
256,769,1538,2,25,64,1.2999456609338793,0.8997896546936204,257,1.5,0.0,0
256,769,1538,3,25,64,1.2999456609338793,0.8997896546936204,257,1.5,0.0,0
256,769,1538,4,25,64,1.2999456609338793,0.8997896546936204,257,1.5,0.0,0
256,769,1538,-1,25,64,1.3007162974102033,0.9005602911699384,257,1.5,0.0,0
256,769,1538,0,26,64,1.3009103771349881,0.900754370894731,257,1.5,0.0,0
256,769,1538,2,26,64,1.3009103771349881,0.900754370894731,257,1.5,0.0,0
256,769,1538,3,26,64,1.3009103771349881,0.900754370894731,257,1.5,0.0,0
256,769,1538,4,26,64,1.3009103771349881,0.900754370894731,257,1.5,0.0,0
256,769,1538,-1,26,64,1.2989014099344316,0.8987454036941926,257,1.5,0.0,0
256,769,1538,0,27,64,1.2969185491065385,0.89676254286627,257,1.5,0.0,0
256,769,1538,2,27,64,1.2969185491065385,0.89676254286627,257,1.5,0.0,0
256,769,1538,3,27,64,1.2969185491065385,0.89676254286627,257,1.5,0.0,0
256,769,1538,4,27,64,1.2969185491065385,0.89676254286627,257,1.5,0.0,0
256,769,1538,-1,27,64,1.2972263945732039,0.8970703883329634,257,1.5,0.0,0
256,769,1538,0,28,64,1.3003079396750037,0.9001519334347563,257,1.5,0.0,0
256,769,1538,2,28,64,1.3003079396750037,0.9001519334347563,257,1.5,0.0,0
256,769,1538,3,28,64,1.3003079396750037,0.9001519334347563,257,1.5,0.0,0
256,769,1538,4,28,64,1.3003079396750037,0.9001519334347563,257,1.5,0.0,0
256,769,1538,-1,28,64,1.2983507430592767,0.8981947368189935,257,1.5,0.0,0
256,769,1538,0,29,64,1.3023147461608857,0.9021587399205941,257,1.5,0.0,0
256,769,1538,2,29,64,1.3023147461608857,0.9021587399205941,257,1.5,0.0,0
256,769,1538,3,29,64,1.3023147461608857,0.9021587399205941,257,1.5,0.0,0
256,769,1538,4,29,64,1.3023147461608857,0.9021587399205941,257,1.5,0.0,0
256,769,1538,-1,29,64,1.3027456309466898,0.9025896247064225,257,1.5,0.0,0
256,769,1538,0,30,64,1.302025816077962,0.9018698098377058,257,1.5,0.0,0
256,769,1538,2,30,64,1.302025816077962,0.9018698098377058,257,1.5,0.0,0
256,769,1538,3,30,64,1.302025816077962,0.9018698098377058,257,1.5,0.0,0
256,769,1538,4,30,64,1.302025816077962,0.9018698098377058,257,1.5,0.0,0
256,769,1538,-1,30,64,1.2962072513150622,0.8960512450747729,257,1.5,0.0,0
256,769,1538,0,31,64,1.2972536727126611,0.8970976664724049,257,1.5,0.0,0
256,769,1538,2,31,64,1.2972536727126611,0.8970976664724049,257,1.5,0.0,0
256,769,1538,3,31,64,1.2972536727126611,0.8970976664724049,257,1.5,0.0,0
256,769,1538,4,31,64,1.2972536727126611,0.8970976664724049,257,1.5,0.0,0
256,769,1538,-1,31,64,1.2985777760551775,0.8984217698148882,257,1.5,0.0,0
256,769,1538,0,32,64,1.2993572965535245,0.8992012903132718,257,1.5,0.0,0
256,769,1538,2,32,64,1.2993572965535245,0.8992012903132718,257,1.5,0.0,0
256,769,1538,3,32,64,1.2993572965535245,0.8992012903132718,257,1.5,0.0,0
256,769,1538,4,32,64,1.2993572965535245,0.8992012903132718,257,1.5,0.0,0
256,769,1538,-1,32,64,1.3004515786038624,0.900295572363575,257,1.5,0.0,0
256,769,1538,0,33,64,1.2988137743769503,0.8986577681366725,257,1.5,0.0,0
256,769,1538,2,33,64,1.2988137743769503,0.8986577681366725,257,1.5,0.0,0
256,769,1538,3,33,64,1.2988137743769503,0.8986577681366725,257,1.5,0.0,0
256,769,1538,4,33,64,1.2988137743769503,0.8986577681366725,257,1.5,0.0,0
256,769,1538,-1,33,64,1.3021436545485168,0.9019876483082498,257,1.5,0.0,0
256,769,1538,0,34,64,1.2941490729915799,0.8939930667513067,257,1.5,0.0,0
256,769,1538,2,34,64,1.2941490729915799,0.8939930667513067,257,1.5,0.0,0
256,769,1538,3,34,64,1.2941490729915799,0.8939930667513067,257,1.5,0.0,0
256,769,1538,4,34,64,1.2941490729915799,0.8939930667513067,257,1.5,0.0,0
256,769,1538,-1,34,64,1.2981773153394311,0.8980213090991924,257,1.5,0.0,0
256,769,1538,0,35,64,1.298047299421455,0.8978912931812033,257,1.5,0.0,0
256,769,1538,2,35,64,1.298047299421455,0.8978912931812033,257,1.5,0.0,0
256,769,1538,3,35,64,1.298047299421455,0.8978912931812033,257,1.5,0.0,0
256,769,1538,4,35,64,1.298047299421455,0.8978912931812033,257,1.5,0.0,0
256,769,1538,-1,35,64,1.298871206112885,0.8987151998726404,257,1.5,0.0,0
256,769,1538,0,36,64,1.2990581023488963,0.8989020961086567,257,1.5,0.0,0
256,769,1538,2,36,64,1.2990581023488963,0.8989020961086567,257,1.5,0.0,0
256,769,1538,3,36,64,1.2990581023488963,0.8989020961086567,257,1.5,0.0,0
256,769,1538,4,36,64,1.2990581023488963,0.8989020961086567,257,1.5,0.0,0
256,769,1538,-1,36,64,1.2998641244149782,0.8997081181747149,257,1.5,0.0,0
256,769,1538,0,37,64,1.2967584647859605,0.8966024585457149,257,1.5,0.0,0
256,769,1538,2,37,64,1.2967584647859605,0.8966024585457149,257,1.5,0.0,0
256,769,1538,3,37,64,1.2967584647859605,0.8966024585457149,257,1.5,0.0,0
256,769,1538,4,37,64,1.2967584647859605,0.8966024585457149,257,1.5,0.0,0
256,769,1538,-1,37,64,1.2959742612518113,0.8958182550115339,257,1.5,0.0,0
256,769,1538,0,38,64,1.2995637659821575,0.899407759741905,257,1.5,0.0,0
256,769,1538,2,38,64,1.2995637659821575,0.899407759741905,257,1.5,0.0,0
256,769,1538,3,38,64,1.2995637659821575,0.899407759741905,257,1.5,0.0,0
256,769,1538,4,38,64,1.2995637659821575,0.899407759741905,257,1.5,0.0,0
256,769,1538,-1,38,64,1.299586563200252,0.8994305569599987,257,1.5,0.0,0
256,769,1538,0,39,64,1.301322176346675,0.9011661701064213,257,1.5,0.0,0
256,769,1538,2,39,64,1.301322176346675,0.9011661701064213,257,1.5,0.0,0
256,769,1538,3,39,64,1.301322176346675,0.9011661701064213,257,1.5,0.0,0
256,769,1538,4,39,64,1.301322176346675,0.9011661701064213,257,1.5,0.0,0
256,769,1538,-1,39,64,1.2987869478994263,0.898630941659178,257,1.5,0.0,0
256,769,1538,0,40,64,1.295329568951276,0.8951735627110224,257,1.5,0.0,0
256,769,1538,2,40,64,1.295329568951276,0.8951735627110224,257,1.5,0.0,0
256,769,1538,3,40,64,1.295329568951276,0.8951735627110224,257,1.5,0.0,0
256,769,1538,4,40,64,1.295329568951276,0.8951735627110224,257,1.5,0.0,0
256,769,1538,-1,40,64,1.2965069938339182,0.8963509875936779,257,1.5,0.0,0
256,769,1538,0,41,64,1.3012825007702884,0.9011264945300468,257,1.5,0.0,0
256,769,1538,2,41,64,1.3012825007702884,0.9011264945300468,257,1.5,0.0,0
256,769,1538,3,41,64,1.3012825007702884,0.9011264945300468,257,1.5,0.0,0
256,769,1538,4,41,64,1.3012825007702884,0.9011264945300468,257,1.5,0.0,0
256,769,1538,-1,41,64,1.2972198776889603,0.8970638714487222,257,1.5,0.0,0
256,769,1538,0,42,64,1.2961339394371052,0.895977933196832,257,1.5,0.0,0
256,769,1538,2,42,64,1.2961339394371052,0.895977933196832,257,1.5,0.0,0
256,769,1538,3,42,64,1.2961339394371052,0.895977933196832,257,1.5,0.0,0
256,769,1538,4,42,64,1.2961339394371052,0.895977933196832,257,1.5,0.0,0
256,769,1538,-1,42,64,1.2988428576728221,0.8986868514325579,257,1.5,0.0,0
256,769,1538,0,43,64,1.2989335248802762,0.8987775186400313,257,1.5,0.0,0
256,769,1538,2,43,64,1.2989335248802762,0.8987775186400313,257,1.5,0.0,0
256,769,1538,3,43,64,1.2989335248802762,0.8987775186400313,257,1.5,0.0,0
256,769,1538,4,43,64,1.2989335248802762,0.8987775186400313,257,1.5,0.0,0
256,769,1538,-1,43,64,1.2985657528372776,0.8984097465969967,257,1.5,0.0,0
256,769,1538,0,44,64,1.294351160284036,0.8941951540437572,257,1.5,0.0,0
256,769,1538,2,44,64,1.294351160284036,0.8941951540437572,257,1.5,0.0,0
256,769,1538,3,44,64,1.294351160284036,0.8941951540437572,257,1.5,0.0,0
256,769,1538,4,44,64,1.294351160284036,0.8941951540437572,257,1.5,0.0,0
256,769,1538,-1,44,64,1.3012555754954802,0.9010995692552228,257,1.5,0.0,0
256,769,1538,0,45,64,1.3009299908800511,0.900773984639784,257,1.5,0.0,0
256,769,1538,2,45,64,1.3009299908800511,0.900773984639784,257,1.5,0.0,0
256,769,1538,3,45,64,1.3009299908800511,0.900773984639784,257,1.5,0.0,0
256,769,1538,4,45,64,1.3009299908800511,0.900773984639784,257,1.5,0.0,0
256,769,1538,-1,45,64,1.2977185088248824,0.8975625025846057,257,1.5,0.0,0
256,769,1538,0,46,64,1.2968929224998502,0.896736916259556,257,1.5,0.0,0
256,769,1538,2,46,64,1.2968929224998502,0.896736916259556,257,1.5,0.0,0
256,769,1538,3,46,64,1.2968929224998502,0.896736916259556,257,1.5,0.0,0
256,769,1538,4,46,64,1.2968929224998502,0.896736916259556,257,1.5,0.0,0
256,769,1538,-1,46,64,1.298941433924407,0.8987854276841176,257,1.5,0.0,0
256,769,1538,0,47,64,1.2991714585120202,0.8990154522717262,257,1.5,0.0,0
256,769,1538,2,47,64,1.2991714585120202,0.8990154522717262,257,1.5,0.0,0
256,769,1538,3,47,64,1.2991714585120202,0.8990154522717262,257,1.5,0.0,0
256,769,1538,4,47,64,1.2991714585120202,0.8990154522717262,257,1.5,0.0,0
256,769,1538,-1,47,64,1.3005037059973268,0.9003476997570488,257,1.5,0.0,0
256,769,1538,0,48,64,1.297824492315075,0.8976684860747923,257,1.5,0.0,0
256,769,1538,2,48,64,1.297824492315075,0.8976684860747923,257,1.5,0.0,0
256,769,1538,3,48,64,1.297824492315075,0.8976684860747923,257,1.5,0.0,0
256,769,1538,4,48,64,1.297824492315075,0.8976684860747923,257,1.5,0.0,0
256,769,1538,-1,48,64,1.2968929311925232,0.896736924952279,257,1.5,0.0,0
256,769,1538,0,49,64,1.2984629957759253,0.8983069895356834,257,1.5,0.0,0
256,769,1538,2,49,64,1.2984629957759253,0.8983069895356834,257,1.5,0.0,0
256,769,1538,3,49,64,1.2984629957759253,0.8983069895356834,257,1.5,0.0,0
256,769,1538,4,49,64,1.2984629957759253,0.8983069895356834,257,1.5,0.0,0
256,769,1538,-1,49,64,1.2972230729115628,0.8970670666712977,257,1.5,0.0,0
256,769,1538,0,50,64,1.2998365856810048,0.8996805794407123,257,1.5,0.0,0
256,769,1538,2,50,64,1.2998365856810048,0.8996805794407123,257,1.5,0.0,0
256,769,1538,3,50,64,1.2998365856810048,0.8996805794407123,257,1.5,0.0,0
256,769,1538,4,50,64,1.2998365856810048,0.8996805794407123,257,1.5,0.0,0
256,769,1538,-1,50,64,1.2978097616977526,0.8976537554574975,257,1.5,0.0,0
256,769,1538,0,51,64,1.2984643270328862,0.898308320792637,257,1.5,0.0,0
256,769,1538,2,51,64,1.2984643270328862,0.898308320792637,257,1.5,0.0,0
256,769,1538,3,51,64,1.2984643270328862,0.898308320792637,257,1.5,0.0,0
256,769,1538,4,51,64,1.2984643270328862,0.898308320792637,257,1.5,0.0,0
256,769,1538,-1,51,64,1.2984421779896391,0.898286171749362,257,1.5,0.0,0
256,769,1538,0,52,64,1.3004619920445528,0.9003059858042661,257,1.5,0.0,0
256,769,1538,2,52,64,1.3004619920445528,0.9003059858042661,257,1.5,0.0,0
256,769,1538,3,52,64,1.3004619920445528,0.9003059858042661,257,1.5,0.0,0
256,769,1538,4,52,64,1.3004619920445528,0.9003059858042661,257,1.5,0.0,0
256,769,1538,-1,52,64,1.3009326921246116,0.9007766858843524,257,1.5,0.0,0
256,769,1538,0,53,64,1.3001337909647717,0.8999777847245127,257,1.5,0.0,0
256,769,1538,2,53,64,1.3001337909647717,0.8999777847245127,257,1.5,0.0,0
256,769,1538,3,53,64,1.3001337909647717,0.8999777847245127,257,1.5,0.0,0
256,769,1538,4,53,64,1.3001337909647717,0.8999777847245127,257,1.5,0.0,0
256,769,1538,-1,53,64,1.2967846583910476,0.8966286521508096,257,1.5,0.0,0
256,769,1538,0,54,64,1.2990434566467086,0.8988874504064484,257,1.5,0.0,0
256,769,1538,2,54,64,1.2990434566467086,0.8988874504064484,257,1.5,0.0,0
256,769,1538,3,54,64,1.2990434566467086,0.8988874504064484,257,1.5,0.0,0
256,769,1538,4,54,64,1.2990434566467086,0.8988874504064484,257,1.5,0.0,0
256,769,1538,-1,54,64,1.3002049064427545,0.9000489002024779,257,1.5,0.0,0
256,769,1538,0,55,64,1.3006028850772489,0.9004468788369877,257,1.5,0.0,0
256,769,1538,2,55,64,1.3006028850772489,0.9004468788369877,257,1.5,0.0,0
256,769,1538,3,55,64,1.3006028850772489,0.9004468788369877,257,1.5,0.0,0
256,769,1538,4,55,64,1.3006028850772489,0.9004468788369877,257,1.5,0.0,0
256,769,1538,-1,55,64,1.2987744256228917,0.8986184193826148,257,1.5,0.0,0
256,769,1538,0,56,64,1.2969575041699062,0.8968014979296299,257,1.5,0.0,0
256,769,1538,2,56,64,1.2969575041699062,0.8968014979296299,257,1.5,0.0,0
256,769,1538,3,56,64,1.2969575041699062,0.8968014979296299,257,1.5,0.0,0
256,769,1538,4,56,64,1.2969575041699062,0.8968014979296299,257,1.5,0.0,0
256,769,1538,-1,56,64,1.295115590187946,0.8949595839476956,257,1.5,0.0,0
256,769,1538,0,57,64,1.3015008261176613,0.9013448198774086,257,1.5,0.0,0
256,769,1538,2,57,64,1.3015008261176613,0.9013448198774086,257,1.5,0.0,0
256,769,1538,3,57,64,1.3015008261176613,0.9013448198774086,257,1.5,0.0,0
256,769,1538,4,57,64,1.3015008261176613,0.9013448198774086,257,1.5,0.0,0
256,769,1538,-1,57,64,1.2975774644842675,0.8974214582440254,257,1.5,0.0,0
256,769,1538,0,58,64,1.3003617601912267,0.9002057539509565,257,1.5,0.0,0
256,769,1538,2,58,64,1.3003617601912267,0.9002057539509565,257,1.5,0.0,0
256,769,1538,3,58,64,1.3003617601912267,0.9002057539509565,257,1.5,0.0,0
256,769,1538,4,58,64,1.3003617601912267,0.9002057539509565,257,1.5,0.0,0
256,769,1538,-1,58,64,1.2984814431069969,0.8983254368667417,257,1.5,0.0,0
256,769,1538,0,59,64,1.2989028758967702,0.8987468696565202,257,1.5,0.0,0
256,769,1538,2,59,64,1.2989028758967702,0.8987468696565202,257,1.5,0.0,0
256,769,1538,3,59,64,1.2989028758967702,0.8987468696565202,257,1.5,0.0,0
256,769,1538,4,59,64,1.2989028758967702,0.8987468696565202,257,1.5,0.0,0
256,769,1538,-1,59,64,1.299104645167774,0.898948638927493,257,1.5,0.0,0
256,769,1538,0,60,64,1.296640578716613,0.8964845724763677,257,1.5,0.0,0
256,769,1538,2,60,64,1.296640578716613,0.8964845724763677,257,1.5,0.0,0
256,769,1538,3,60,64,1.296640578716613,0.8964845724763677,257,1.5,0.0,0
256,769,1538,4,60,64,1.296640578716613,0.8964845724763677,257,1.5,0.0,0
256,769,1538,-1,60,64,1.2976977051938925,0.8975416989536029,257,1.5,0.0,0
256,769,1538,0,61,64,1.2980232305506718,0.8978672243104029,257,1.5,0.0,0
256,769,1538,2,61,64,1.2980232305506718,0.8978672243104029,257,1.5,0.0,0
256,769,1538,3,61,64,1.2980232305506718,0.8978672243104029,257,1.5,0.0,0
256,769,1538,4,61,64,1.2980232305506718,0.8978672243104029,257,1.5,0.0,0
256,769,1538,-1,61,64,1.2997237270207884,0.8995677207805102,257,1.5,0.0,0
256,769,1538,0,62,64,1.299774734007402,0.8996187277671197,257,1.5,0.0,0
256,769,1538,2,62,64,1.299774734007402,0.8996187277671197,257,1.5,0.0,0
256,769,1538,3,62,64,1.299774734007402,0.8996187277671197,257,1.5,0.0,0
256,769,1538,4,62,64,1.299774734007402,0.8996187277671197,257,1.5,0.0,0
256,769,1538,-1,62,64,1.3001335057462926,0.8999774995060079,257,1.5,0.0,0
256,769,1538,0,63,64,1.3008596109574997,0.9007036047172505,257,1.5,0.0,0
256,769,1538,2,63,64,1.3008596109574997,0.9007036047172505,257,1.5,0.0,0
256,769,1538,3,63,64,1.3008596109574997,0.9007036047172505,257,1.5,0.0,0
256,769,1538,4,63,64,1.3008596109574997,0.9007036047172505,257,1.5,0.0,0
256,769,1538,-1,63,64,1.2969401552571715,0.8967841490169235,257,1.5,0.0,0
512,1537,3074,0,0,32,1.2997061099009457,0.8996280458884485,513,1.5,0.0,0
512,1537,3074,2,0,32,1.2997061099009457,0.8996280458884485,513,1.5,1.1368683772161603e-13,1
512,1537,3074,3,0,32,1.2997061099009457,0.8996280458884485,513,1.5,1.1368683772161603e-13,1
512,1537,3074,4,0,32,1.2997061099009457,0.8996280458884485,513,1.5,1.1368683772161603e-13,1
512,1537,3074,-1,0,32,1.3007298716253608,0.9006518076129169,513,1.5,0.0,0
512,1537,3074,0,1,32,1.3009326176511786,0.9008545536387373,513,1.5,0.0,0
512,1537,3074,2,1,32,1.3009326176511786,0.9008545536387373,513,1.5,0.0,0
512,1537,3074,3,1,32,1.3009326176511786,0.9008545536387373,513,1.5,0.0,0
512,1537,3074,4,1,32,1.3009326176511786,0.9008545536387373,513,1.5,0.0,0
512,1537,3074,-1,1,32,1.3002865861457644,0.9002085221333118,513,1.5,0.0,0
512,1537,3074,0,2,32,1.2999022850329869,0.8998242210204808,513,1.5,0.0,0
512,1537,3074,2,2,32,1.2999022850329869,0.8998242210204808,513,1.5,0.0,0
512,1537,3074,3,2,32,1.2999022850329869,0.8998242210204808,513,1.5,0.0,0
512,1537,3074,4,2,32,1.2999022850329869,0.8998242210204808,513,1.5,0.0,0
512,1537,3074,-1,2,32,1.298385328527675,0.8983072645152106,513,1.5,0.0,0
512,1537,3074,0,3,32,1.298928188082144,0.8988501240696678,513,1.5,0.0,0
512,1537,3074,2,3,32,1.298928188082144,0.8988501240696678,513,1.5,0.0,0
512,1537,3074,3,3,32,1.298928188082144,0.8988501240696678,513,1.5,0.0,0
512,1537,3074,4,3,32,1.298928188082144,0.8988501240696678,513,1.5,0.0,0
512,1537,3074,-1,3,32,1.299064972793071,0.8989869087805573,513,1.5,0.0,0
512,1537,3074,0,4,32,1.3000252378158512,0.8999471738034117,513,1.5,0.0,0
512,1537,3074,2,4,32,1.3000252378158512,0.8999471738034117,513,1.5,0.0,0
512,1537,3074,3,4,32,1.3000252378158512,0.8999471738034117,513,1.5,0.0,0
512,1537,3074,4,4,32,1.3000252378158512,0.8999471738034117,513,1.5,0.0,0
512,1537,3074,-1,4,32,1.2992042630668947,0.8991261990544217,513,1.5,0.0,0
512,1537,3074,0,5,32,1.2999054174412343,0.8998273534286909,513,1.5,0.0,0
512,1537,3074,2,5,32,1.2999054174412343,0.8998273534286909,513,1.5,0.0,0
512,1537,3074,3,5,32,1.2999054174412343,0.8998273534286909,513,1.5,0.0,0
512,1537,3074,4,5,32,1.2999054174412343,0.8998273534286909,513,1.5,0.0,0
512,1537,3074,-1,5,32,1.299491925851469,0.8994138618389798,513,1.5,0.0,0
512,1537,3074,0,6,32,1.2996532809300327,0.899575216917583,513,1.5,0.0,0
512,1537,3074,2,6,32,1.2996532809300327,0.899575216917583,513,1.5,0.0,0
512,1537,3074,3,6,32,1.2996532809300327,0.899575216917583,513,1.5,0.0,0
512,1537,3074,4,6,32,1.2996532809300327,0.899575216917583,513,1.5,0.0,0
512,1537,3074,-1,6,32,1.2997638468622297,0.8996857828497014,513,1.5,0.0,0
512,1537,3074,0,7,32,1.2990452140872257,0.8989671500747818,513,1.5,0.0,0
512,1537,3074,2,7,32,1.2990452140872257,0.8989671500747818,513,1.5,0.0,0
512,1537,3074,3,7,32,1.2990452140872257,0.8989671500747818,513,1.5,0.0,0
512,1537,3074,4,7,32,1.2990452140872257,0.8989671500747818,513,1.5,0.0,0
512,1537,3074,-1,7,32,1.3000041286347912,0.8999260646222638,513,1.5,0.0,0
512,1537,3074,0,8,32,1.2979062204589713,0.8978281564465078,513,1.5,0.0,0
512,1537,3074,2,8,32,1.2979062204589713,0.8978281564465078,513,1.5,0.0,0
512,1537,3074,3,8,32,1.2979062204589713,0.8978281564465078,513,1.5,0.0,0
512,1537,3074,4,8,32,1.2979062204589713,0.8978281564465078,513,1.5,0.0,0
512,1537,3074,-1,8,32,1.2986624064809766,0.898584342468439,513,1.5,0.0,0
512,1537,3074,0,9,32,1.3002487229744573,0.9001706589619971,513,1.5,0.0,0
512,1537,3074,2,9,32,1.3002487229744573,0.9001706589619971,513,1.5,0.0,0
512,1537,3074,3,9,32,1.3002487229744573,0.9001706589619971,513,1.5,0.0,0
512,1537,3074,4,9,32,1.3002487229744573,0.9001706589619971,513,1.5,0.0,0
512,1537,3074,-1,9,32,1.298802971757328,0.8987249077448496,513,1.5,0.0,0
512,1537,3074,0,10,32,1.2995092617334039,0.8994311977209009,513,1.5,0.0,0
512,1537,3074,2,10,32,1.2995092617334039,0.8994311977209009,513,1.5,0.0,0
512,1537,3074,3,10,32,1.2995092617334039,0.8994311977209009,513,1.5,0.0,0
512,1537,3074,4,10,32,1.2995092617334039,0.8994311977209009,513,1.5,0.0,0
512,1537,3074,-1,10,32,1.2979533151195346,0.8978752511070525,513,1.5,0.0,0
512,1537,3074,0,11,32,1.2989229948294723,0.8988449308169493,513,1.5,0.0,0
512,1537,3074,2,11,32,1.2989229948294723,0.8988449308169493,513,1.5,0.0,0
512,1537,3074,3,11,32,1.2989229948294723,0.8988449308169493,513,1.5,0.0,0
512,1537,3074,4,11,32,1.2989229948294723,0.8988449308169493,513,1.5,0.0,0
512,1537,3074,-1,11,32,1.2971861100180617,0.8971080460055418,513,1.5,0.0,0
512,1537,3074,0,12,32,1.2988048017869196,0.898726737774382,513,1.5,0.0,0
512,1537,3074,2,12,32,1.2988048017869196,0.898726737774382,513,1.5,0.0,0
512,1537,3074,3,12,32,1.2988048017869196,0.898726737774382,513,1.5,0.0,0
512,1537,3074,4,12,32,1.2988048017869196,0.898726737774382,513,1.5,0.0,0
512,1537,3074,-1,12,32,1.2999445088610253,0.8998664448484988,513,1.5,0.0,0
512,1537,3074,0,13,32,1.2980002485259878,0.8979221845135044,513,1.5,0.0,0
512,1537,3074,2,13,32,1.2980002485259878,0.8979221845135044,513,1.5,0.0,0
512,1537,3074,3,13,32,1.2980002485259878,0.8979221845135044,513,1.5,0.0,0
512,1537,3074,4,13,32,1.2980002485259878,0.8979221845135044,513,1.5,0.0,0
512,1537,3074,-1,13,32,1.2993618700073999,0.8992838059948554,513,1.5,0.0,0
512,1537,3074,0,14,32,1.300576331261825,0.9004982672493043,513,1.5,0.0,0
512,1537,3074,2,14,32,1.300576331261825,0.9004982672493043,513,1.5,0.0,0
512,1537,3074,3,14,32,1.300576331261825,0.9004982672493043,513,1.5,0.0,0
512,1537,3074,4,14,32,1.300576331261825,0.9004982672493043,513,1.5,0.0,0
512,1537,3074,-1,14,32,1.3001500589990032,0.900071994986547,513,1.5,0.0,0
512,1537,3074,0,15,32,1.3004274995379033,0.9003494355254134,513,1.5,0.0,0
512,1537,3074,2,15,32,1.3004274995379033,0.9003494355254134,513,1.5,0.0,0
512,1537,3074,3,15,32,1.3004274995379033,0.9003494355254134,513,1.5,0.0,0
512,1537,3074,4,15,32,1.3004274995379033,0.9003494355254134,513,1.5,0.0,0
512,1537,3074,-1,15,32,1.3007998846864248,0.9007218206738798,513,1.5,0.0,0
512,1537,3074,0,16,32,1.2993045076387224,0.8992264436262758,513,1.5,0.0,0
512,1537,3074,2,16,32,1.2993045076387224,0.8992264436262758,513,1.5,0.0,0
512,1537,3074,3,16,32,1.2993045076387224,0.8992264436262758,513,1.5,0.0,0
512,1537,3074,4,16,32,1.2993045076387224,0.8992264436262758,513,1.5,0.0,0
512,1537,3074,-1,16,32,1.2993310266449878,0.899252962632545,513,1.5,0.0,0
512,1537,3074,0,17,32,1.2983525258296966,0.8982744618172092,513,1.5,0.0,0
512,1537,3074,2,17,32,1.2983525258296966,0.8982744618172092,513,1.5,0.0,0
512,1537,3074,3,17,32,1.2983525258296966,0.8982744618172092,513,1.5,0.0,0
512,1537,3074,4,17,32,1.2983525258296966,0.8982744618172092,513,1.5,0.0,0
512,1537,3074,-1,17,32,1.299300989791661,0.8992229257792133,513,1.5,0.0,0
512,1537,3074,0,18,32,1.3002356175264116,0.9001575535139636,513,1.5,0.0,0
512,1537,3074,2,18,32,1.3002356175264116,0.9001575535139636,513,1.5,0.0,0
512,1537,3074,3,18,32,1.3002356175264116,0.9001575535139636,513,1.5,0.0,0
512,1537,3074,4,18,32,1.3002356175264116,0.9001575535139636,513,1.5,0.0,0
512,1537,3074,-1,18,32,1.2994672215913612,0.8993891575788666,513,1.5,0.0,0
512,1537,3074,0,19,32,1.2993077411492717,0.8992296771367592,513,1.5,0.0,0
512,1537,3074,2,19,32,1.2993077411492717,0.8992296771367592,513,1.5,0.0,0
512,1537,3074,3,19,32,1.2993077411492717,0.8992296771367592,513,1.5,0.0,0
512,1537,3074,4,19,32,1.2993077411492717,0.8992296771367592,513,1.5,0.0,0
512,1537,3074,-1,19,32,1.2982011087068315,0.89812304469433,513,1.5,0.0,0
512,1537,3074,0,20,32,1.2999102906482616,0.8998322266357945,513,1.5,0.0,0
512,1537,3074,2,20,32,1.2999102906482616,0.8998322266357945,513,1.5,0.0,0
512,1537,3074,3,20,32,1.2999102906482616,0.8998322266357945,513,1.5,0.0,0
512,1537,3074,4,20,32,1.2999102906482616,0.8998322266357945,513,1.5,0.0,0
512,1537,3074,-1,20,32,1.2997154764629633,0.8996374124504882,513,1.5,0.0,0
512,1537,3074,0,21,32,1.2989193692251497,0.8988413052126134,513,1.5,0.0,0
512,1537,3074,2,21,32,1.2989193692251497,0.8988413052126134,513,1.5,0.0,0
512,1537,3074,3,21,32,1.2989193692251497,0.8988413052126134,513,1.5,0.0,0
512,1537,3074,4,21,32,1.2989193692251497,0.8988413052126134,513,1.5,0.0,0
512,1537,3074,-1,21,32,1.2980403794376536,0.8979623154251613,513,1.5,0.0,0
512,1537,3074,0,22,32,1.2985148290136392,0.8984367650011791,513,1.5,0.0,0
512,1537,3074,2,22,32,1.2985148290136392,0.8984367650011791,513,1.5,0.0,0
512,1537,3074,3,22,32,1.2985148290136392,0.8984367650011791,513,1.5,0.0,0
512,1537,3074,4,22,32,1.2985148290136392,0.8984367650011791,513,1.5,0.0,0
512,1537,3074,-1,22,32,1.2989861958646123,0.8989081318520675,513,1.5,0.0,0
512,1537,3074,0,23,32,1.2997079907075242,0.89962992669507,513,1.5,0.0,0
512,1537,3074,2,23,32,1.2997079907075242,0.89962992669507,513,1.5,0.0,0
512,1537,3074,3,23,32,1.2997079907075242,0.89962992669507,513,1.5,0.0,0
512,1537,3074,4,23,32,1.2997079907075242,0.89962992669507,513,1.5,0.0,0
512,1537,3074,-1,23,32,1.2993687782928656,0.8992907142803688,513,1.5,0.0,0
512,1537,3074,0,24,32,1.3001696986482876,0.9000916346358281,513,1.5,0.0,0
512,1537,3074,2,24,32,1.3001696986482876,0.9000916346358281,513,1.5,0.0,0
512,1537,3074,3,24,32,1.3001696986482876,0.9000916346358281,513,1.5,0.0,0
512,1537,3074,4,24,32,1.3001696986482876,0.9000916346358281,513,1.5,0.0,0
512,1537,3074,-1,24,32,1.2987618273841046,0.8986837633716505,513,1.5,0.0,0
512,1537,3074,0,25,32,1.2995429071367286,0.8994648431242922,513,1.5,0.0,0
512,1537,3074,2,25,32,1.2995429071367286,0.8994648431242922,513,1.5,0.0,0
512,1537,3074,3,25,32,1.2995429071367286,0.8994648431242922,513,1.5,0.0,0
512,1537,3074,4,25,32,1.2995429071367286,0.8994648431242922,513,1.5,0.0,0
512,1537,3074,-1,25,32,1.2982549438869235,0.898176879874427,513,1.5,0.0,0
512,1537,3074,0,26,32,1.2970839459672958,0.897005881954783,513,1.5,0.0,0
512,1537,3074,2,26,32,1.2970839459672958,0.897005881954783,513,1.5,0.0,0
512,1537,3074,3,26,32,1.2970839459672958,0.897005881954783,513,1.5,0.0,0
512,1537,3074,4,26,32,1.2970839459672958,0.897005881954783,513,1.5,0.0,0
512,1537,3074,-1,26,32,1.2995775695360618,0.8994995055235222,513,1.5,0.0,0
512,1537,3074,0,27,32,1.29953069580713,0.8994526317945883,513,1.5,0.0,0
512,1537,3074,2,27,32,1.29953069580713,0.8994526317945883,513,1.5,0.0,0
512,1537,3074,3,27,32,1.29953069580713,0.8994526317945883,513,1.5,0.0,0
512,1537,3074,4,27,32,1.29953069580713,0.8994526317945883,513,1.5,0.0,0
512,1537,3074,-1,27,32,1.299979251894573,0.8999011878820511,513,1.5,0.0,0
512,1537,3074,0,28,32,1.3009921015271952,0.9009140375146671,513,1.5,0.0,0
512,1537,3074,2,28,32,1.3009921015271952,0.9009140375146671,513,1.5,0.0,0
512,1537,3074,3,28,32,1.3009921015271952,0.9009140375146671,513,1.5,0.0,0
512,1537,3074,4,28,32,1.3009921015271952,0.9009140375146671,513,1.5,0.0,0
512,1537,3074,-1,28,32,1.2989976556337,0.8989195916211656,513,1.5,0.0,0
512,1537,3074,0,29,32,1.2988036801942742,0.898725616181764,513,1.5,0.0,0
512,1537,3074,2,29,32,1.2988036801942742,0.898725616181764,513,1.5,0.0,0
512,1537,3074,3,29,32,1.2988036801942742,0.898725616181764,513,1.5,0.0,0
512,1537,3074,4,29,32,1.2988036801942742,0.898725616181764,513,1.5,0.0,0
512,1537,3074,-1,29,32,1.299053581635166,0.8989755176227163,513,1.5,0.0,0
512,1537,3074,0,30,32,1.2988010174858402,0.8987229534733387,513,1.5,0.0,0
512,1537,3074,2,30,32,1.2988010174858402,0.8987229534733387,513,1.5,0.0,0
512,1537,3074,3,30,32,1.2988010174858402,0.8987229534733387,513,1.5,0.0,0
512,1537,3074,4,30,32,1.2988010174858402,0.8987229534733387,513,1.5,0.0,0
512,1537,3074,-1,30,32,1.2988606567977001,0.89878259278521,513,1.5,0.0,0
512,1537,3074,0,31,32,1.2979570469458654,0.8978789829333209,513,1.5,0.0,0
512,1537,3074,2,31,32,1.2979570469458654,0.8978789829333209,513,1.5,0.0,0
512,1537,3074,3,31,32,1.2979570469458654,0.8978789829333209,513,1.5,0.0,0
512,1537,3074,4,31,32,1.2979570469458654,0.8978789829333209,513,1.5,0.0,0
512,1537,3074,-1,31,32,1.2977905396312064,0.8977124756187322,513,1.5,0.0,0
