r,m,d,trial,trials,lambda_min,lambda_max,wmax,heavy_heuristic,heavy_direction_rayleigh
8,25,0,0,96,0.3310683260701269,1.6804854982757123,1.0,1.32,1.1537548342635884
8,25,2,0,96,0.11495324976000793,3.5252133357154,8.102427451528955,3.5927767844892657,2.8466842601003406
8,25,3,0,96,0.07759209596144669,3.521261233658482,9.870982292760978,4.158714333683513,3.2377167780854625
8,25,4,0,96,0.01259712323505699,19.629166500400906,72.12780072007979,24.080896230425534,19.59323506122695
8,25,0,1,96,0.2724406100001273,2.076025521581804,1.0,1.32,0.8807741163391095
8,25,2,1,96,0.12240043614357123,3.6155559193711957,6.8401213411109545,3.1888388291555056,2.1405494055309475
8,25,3,1,96,0.04633762363960599,0.935194070453049,1.999521333705819,1.6398468267858621,0.8561271021023825
8,25,4,1,96,0.019796299147035026,2.2433311172301837,5.064057772319849,2.620498487142352,2.170164883959861
8,25,0,2,96,0.17316707481791607,2.03884675678068,1.0,1.32,1.7634466610197699
8,25,2,2,96,0.06337507357602018,3.1214452087169073,5.001415743523588,2.600453037927548,2.748214908189597
8,25,3,2,96,0.024279512314869415,5.279123688025292,11.257846567350846,4.602510901552271,5.003128997378792
8,25,4,2,96,0.011627428243151612,2.738210474092472,6.7312336853251855,3.1539947793040595,2.094375743126434
8,25,0,3,96,0.3047016995431857,1.896926377409047,1.0,1.32,1.5159604212559588
8,25,2,3,96,0.0679346946416472,2.000370175084365,4.1829463073208775,2.338542818342681,1.8551420721907872
8,25,3,3,96,0.02643739156737365,1.0777349018272278,2.271359640025693,1.7268350848082217,1.0628935548748795
8,25,4,3,96,0.00986382438965181,2.820552298177642,6.760507549175155,3.1633624157360494,2.8148438917101846
8,25,0,4,96,0.41839512845012045,2.0176296874136304,1.0,1.32,0.8792269735101876
8,25,2,4,96,0.38505114258071116,4.1939612675029405,4.4292187817042645,2.4173500101453644,3.978891420990578
8,25,3,4,96,0.07689808991786218,2.4482887952861043,3.727942620232832,2.1929416384745064,2.4160380730131505
8,25,4,4,96,0.030614737306593462,2.7714441893647694,6.537877751965854,3.092120880629073,2.278739389324374
8,25,0,5,96,0.2741014560937659,2.015059876219413,1.0,1.32,1.5219529690340696
8,25,2,5,96,0.04778351674853024,2.3979833951288168,3.622725616781993,2.159272197370238,1.5932620439652507
8,25,3,5,96,0.005706652989512691,3.101462279586129,6.423781804527674,3.0556101774488558,2.2063709073560447
8,25,4,5,96,0.005364126858366586,4.297599236382337,7.798343996032182,3.4954700787302984,3.041757968437815
8,25,0,6,96,0.3331040285036896,1.5948111644324525,1.0,1.32,1.0879649720062845
8,25,2,6,96,0.18746843198834892,2.499414325448167,5.030507629329594,2.6097624413854703,2.4037797320076533
8,25,3,6,96,0.05004379922291702,1.4260341018222338,3.917171762470428,2.253494963990537,1.354326534296441
8,25,4,6,96,0.04688377383496496,2.242144264200447,6.795861351512163,3.174675632483892,2.2003135860514753
8,25,0,7,96,0.23617131020827264,2.4661579299431002,1.0,1.32,1.975158376108358
8,25,2,7,96,0.17250135720232299,2.3926753797535807,5.071497258007963,2.6228791225625483,2.0818747999230607
8,25,3,7,96,0.016894332527134626,1.870618911155562,2.279931665306361,1.7295781328980355,1.7341093636729452
8,25,4,7,96,0.02642884714376386,0.9822859117701556,1.7249398169183303,1.5519807414138658,0.7748172983788946
8,25,0,8,96,0.43463739236374577,2.163594727074703,1.0,1.32,0.9854219774301689
8,25,2,8,96,0.08995279402018501,4.574963895864572,4.454320197051425,2.425382463056456,3.016780790339223
8,25,3,8,96,0.049136741074814756,2.6794387358887035,3.427628216542412,2.0968410292935715,2.510540365920258
8,25,4,8,96,0.007556215923506699,6.988987370304271,7.646343019858387,3.446829766354684,6.4316726870695184
8,25,0,9,96,0.12130329268551072,2.094865038115708,1.0,1.32,0.9072910478513202
8,25,2,9,96,0.059948489213921693,2.119960080941145,2.6721668982861866,1.8550934074515797,1.228577102391201
8,25,3,9,96,0.051562289797207866,4.270329277007587,13.221977981793437,5.2310329541739,4.071482286514662
8,25,4,9,96,0.007585157175910591,5.278072871002469,16.811523311056675,6.379687459538136,5.111355309336445
8,25,0,10,96,0.1962281914203942,2.271202191165638,1.0,1.32,1.2303213500777845
8,25,2,10,96,0.16127536837626175,5.191674668026584,8.222507182409801,3.6312022983711363,5.186395433133183
8,25,3,10,96,0.018925231357401165,4.991899940783744,9.72918328338046,4.113338650681747,4.8925662825195815
8,25,4,10,96,0.00782660169682305,4.2277581534120845,18.082488918541046,6.7863964539331345,3.862700052431805
8,25,0,11,96,0.21537617111438753,2.276266457637333,1.0,1.32,0.9818933842269862
8,25,2,11,96,0.0888250415822826,2.633173503477604,4.324951363136245,2.3839844362035985,1.9778572494240196
8,25,3,11,96,0.11678331503581332,13.025581470269842,22.979265022413337,8.353364807172268,12.935207393448934
8,25,4,11,96,0.09967574925582774,18.86079714827406,35.040308182585605,12.212898618427394,18.8313783446046
8,25,0,12,96,0.3725081478191328,1.6014074877097602,1.0,1.32,0.9539573451126464
8,25,2,12,96,0.23142401626194906,3.1807300768925377,5.960025316216657,2.9072081011893305,2.9465720259702324
8,25,3,12,96,0.14744102153291927,2.1953222148719864,6.030112865172992,2.9296361168553577,1.9085741093762323
8,25,4,12,96,0.03129909793676632,1.7034479311438924,3.739981365313505,2.1967940369003216,1.6357277694154713
8,25,0,13,96,0.22768933659103466,2.5457234808691327,1.0,1.32,1.8085225316026294
8,25,2,13,96,0.05570726556430105,1.8575094974104922,2.514919794658375,1.8047743342906801,1.3673330555665537
8,25,3,13,96,0.023989839727784425,2.277651960558339,4.118753465370912,2.318001108918692,2.0687750440169093
8,25,4,13,96,0.0066185382987149575,2.11485552442688,2.722566177517583,1.8712211768056264,2.052678361375927
8,25,0,14,96,0.1761903106922755,2.411426029752612,1.0,1.32,1.403185824434843
8,25,2,14,96,0.06814834476405374,4.650357707252914,13.211975784728633,5.2278322511131625,3.5632273383160578
8,25,3,14,96,0.11027063370597416,5.465129519118106,10.907054484186254,4.490257434939601,4.71844924013647
8,25,4,14,96,0.017385218912951923,8.544904446299183,12.288436961837153,4.9322998277878884,8.273898590575786
8,25,0,15,96,0.4235446720241195,1.9333353563281752,1.0,1.32,1.2385641749015692
8,25,2,15,96,0.09560072858242766,3.8944809740097335,4.259103133868494,2.362913002837918,3.1353013665351277
8,25,3,15,96,0.013529593929264493,1.8027738537559577,5.486086863096762,2.755547796190964,1.7400708919365322
8,25,4,15,96,0.00795336446044271,0.1974874528664058,0.4840045616595676,1.1548814597310617,0.1351811587793578
8,25,0,16,96,0.21646198801117852,2.3721979948288925,1.0,1.32,1.631163893444521
8,25,2,16,96,0.022339262122120288,4.439309109287705,8.802392635667095,3.8167656434134707,4.230786317015774
8,25,3,16,96,0.009271156952940656,4.566915237941042,10.883133016881906,4.48260256540221,4.425559829763171
8,25,4,16,96,0.003558343220604433,1.784221297759306,2.2935855919757895,1.7339473894322528,1.6634313442684714
8,25,0,17,96,0.3557075340131597,1.7597694620673685,1.0,1.32,0.9125775597777307
8,25,2,17,96,0.12209248634506863,2.317762030982419,4.974095109338411,2.5917104349882916,2.077973188014972
8,25,3,17,96,0.04788661839026883,1.4107305717027674,6.616405423564148,3.1172497355405273,0.8717312152557218
8,25,4,17,96,0.04100301708885133,2.27941225832911,9.891172831869838,4.165175306198348,1.1756999068319802
8,25,0,18,96,0.3495985215470556,1.9890595415502978,1.0,1.32,1.2451883696173547
8,25,2,18,96,0.05602499954746216,2.9432569464918634,2.8875028768911317,1.9240009206051623,2.9374760642936235
8,25,3,18,96,0.005676979812194774,0.9730554989278134,1.854708031362238,1.5935065700359161,0.9633985045772119
8,25,4,18,96,0.0009126686832368816,0.9712347367665565,3.2869968716730162,2.051838998935365,0.9520642196302457
8,25,0,19,96,0.2804609740339935,2.142373718996318,1.0,1.32,1.501070848347975
8,25,2,19,96,0.0736995088762812,1.7218623931297696,3.9121841987418966,2.251898943597407,0.7429368677675928
8,25,3,19,96,0.05778745942411363,1.3074337936927702,2.292569238714595,1.7336221563886705,0.7575888028602848
8,25,4,19,96,0.01825169825520999,1.3115744530075093,6.495754699075068,3.078641503704022,1.1862008619729034
8,25,0,20,96,0.18400503840072704,1.3856724881174372,1.0,1.32,1.2638610507374841
8,25,2,20,96,0.053109717830243805,2.3385481774463868,6.357745761248251,3.0344786435994404,1.899446057573759
8,25,3,20,96,0.09590424483454017,9.035769292011228,39.411746516779445,13.611758885369422,9.002065689226637
8,25,4,20,96,0.02718910008604634,1.535693171077416,2.8137520125179454,1.9004006440057424,0.9454529391710348
8,25,0,21,96,0.25624580034057337,1.9984806262283685,1.0,1.32,1.4786599281160935
8,25,2,21,96,0.08140567782835637,2.5736077015429735,2.8956817924973666,1.9266181735991572,1.7305611427496044
8,25,3,21,96,0.013634171688025064,1.0408175341939887,1.5052880319781372,1.481692170233004,1.0053989428062315
8,25,4,21,96,0.005258335618902308,1.3263153637771983,1.813927352240051,1.5804567527168163,1.3140080487287795
8,25,0,22,96,0.2675817542934747,1.921547931525754,1.0,1.32,1.0903608032990482
8,25,2,22,96,0.19446193271647702,2.779396281802837,5.061778605751341,2.619769153840429,2.580604794360786
8,25,3,22,96,0.07753549588353108,9.63969128821285,24.30420698407034,8.77734623490251,8.420240614939187
8,25,4,22,96,0.028140660921886395,3.4164479344854284,9.663199300088733,4.092223776028394,3.2786882056003304
8,25,0,23,96,0.27132112501865824,1.8863430357428341,1.0,1.32,0.9188964424989919
8,25,2,23,96,0.13232866752128752,2.06479509775719,6.4165124523203465,3.053283984742511,1.3725599871023322
8,25,3,23,96,0.02954928942238724,5.853016486697905,13.996979951088301,5.479033584348256,5.840779204475913
8,25,4,23,96,0.004630277513045553,1.6932799439064627,3.4500572556442886,2.1040183218061723,1.565184425674339
8,25,0,24,96,0.3005448122362041,2.157011225523125,1.0,1.32,1.2787722501823753
8,25,2,24,96,0.13393157309608764,3.5059103888205674,5.115369409466725,2.636918211029352,3.1926865419654127
8,25,3,24,96,0.07110117790375488,4.948394929733379,9.022483641365861,3.8871947652370755,4.300838083334229
8,25,4,24,96,0.011671482925184568,1.7036827534672074,5.845615981262186,2.8705971140038997,1.5632172504571813
8,25,0,25,96,0.22270618366405373,2.5947734244139253,1.0,1.32,1.4677927868080325
8,25,2,25,96,0.1779074751239428,4.416295165825474,10.66518850407451,4.412860321303843,3.8051988925467013
8,25,3,25,96,0.024934426366976535,1.2520391184034936,1.8355383062223776,1.5873722579911609,1.1842753280705052
8,25,4,25,96,0.007056596863467014,3.7630809297380736,7.134349820327369,3.2829919425047582,3.756675535856132
8,25,0,26,96,0.28353472852731804,2.533167159242304,1.0,1.32,1.824033199837341
8,25,2,26,96,0.09728661297595005,2.249067206802696,3.3337886098461693,2.066812355150774,1.9756959486905927
8,25,3,26,96,0.05440098130659893,2.2407304183857435,9.726434200431372,4.112458944138039,1.9285098371908285
8,25,4,26,96,0.019010228092932163,1.3574852839583167,2.946600753781595,1.9429122412101103,1.3055508245690057
8,25,0,27,96,0.27327617939350374,1.980780799416241,1.0,1.32,1.6663668614889477
8,25,2,27,96,0.25740836712660525,5.268738270626283,8.255488070221062,3.64175618247074,4.331221097592021
8,25,3,27,96,0.12638882742617638,12.264805449505799,33.18505992289192,11.619219175325414,11.780351019281316
8,25,4,27,96,0.05851464143846733,8.495427458814286,31.007928435295756,10.922537099294642,8.314807944949917
8,25,0,28,96,0.2442661770636593,1.995394092213485,1.0,1.32,1.0627066761690034
8,25,2,28,96,0.05772496153899873,2.991850754515164,4.547692750411637,2.455261680131724,2.3741721372660654
8,25,3,28,96,0.0337281790186333,4.472825160700599,12.217521953603512,4.909607025153123,4.383964873945974
8,25,4,28,96,0.008111912583542647,3.4644548625943226,10.292249536163647,4.293519851572367,3.199138098920422
8,25,0,29,96,0.20418550187397588,1.8779894280791283,1.0,1.32,0.9385918628214149
8,25,2,29,96,0.10075904688469438,2.4923166159848535,5.367951014912628,2.717744324772041,2.243639025423931
8,25,3,29,96,0.07330468027021422,5.097448117073728,10.45004754748648,4.3440152151956735,4.847249861387675
8,25,4,29,96,0.00528327900193891,1.8446875764556667,3.3680842145481273,2.077786948655401,1.6262271188147686
8,25,0,30,96,0.21171618983561918,2.390728972003729,1.0,1.32,1.5051552340309455
8,25,2,30,96,0.08806017559824371,4.21156665490452,5.879233679729058,2.8813547775132986,3.566750633604011
8,25,3,30,96,0.07939629766748772,8.474846278840339,21.030346647623453,7.7297109272395055,8.070909500437603
8,25,4,30,96,0.007022897975998399,19.211257601574182,53.442761350703265,18.101683632225043,19.179507398008454
8,25,0,31,96,0.08630138863006277,2.21248810077138,1.0,1.32,1.5214212026763232
8,25,2,31,96,0.016530853250788742,3.9562731041888495,5.717307441169637,2.8295383811742836,3.6151729159068187
8,25,3,31,96,0.008281284305332447,19.118926967714454,43.73574448554661,14.995438235374916,19.0348447615365
8,25,4,31,96,0.004205901441493693,122.62842297813576,303.5945884310433,98.15026829793385,122.62576864618978
8,25,0,32,96,0.2536746473565764,2.006146957341678,1.0,1.32,0.898746471537345
8,25,2,32,96,0.15956996752927413,2.9845013718924958,3.9755745207778084,2.2721838466488986,2.440063047462883
8,25,3,32,96,0.057465594519998345,1.7009754484850617,2.8279096997963453,1.9049311039348304,1.5699093831686266
8,25,4,32,96,0.018078676982436884,1.4919345698047262,2.6917950784213676,1.8613744250948376,0.48549087793022977
8,25,0,33,96,0.13610575976080522,2.1597762982039908,1.0,1.32,1.524498109458394
8,25,2,33,96,0.07778429408058715,2.772746682219829,5.493078924285326,2.7577852557713047,2.400030711056035
8,25,3,33,96,0.04308539411897065,5.277307659195839,13.734274422535012,5.394967815211204,5.2690702500442805
8,25,4,33,96,0.01621130067289134,2.2259831261755725,6.090599182381861,2.9489917383621957,1.0268288563755161
8,25,0,34,96,0.3889019569844111,1.8151329357871,1.0,1.32,1.491492126142114
8,25,2,34,96,0.15731414817432954,2.7115282951555058,5.21908696856876,2.6701078299420034,2.2909688540025495
8,25,3,34,96,0.04639672044933706,0.972657474004472,2.528391427660968,1.80908525685151,0.9063498516519531
8,25,4,34,96,0.009938277968902488,0.5224745173469307,0.6316206073380802,1.2021185943481858,0.4346475206065133
8,25,0,35,96,0.3704947351083383,2.296377350494263,1.0,1.32,1.1162562105884029
8,25,2,35,96,0.3133190469839616,2.3394121022794754,2.9984315718844425,1.9594981030030216,1.416300877167723
8,25,3,35,96,0.1394867796221904,1.5816199070504209,2.565874994698248,1.8210799983034396,1.4540723426465296
8,25,4,35,96,0.017429433709290704,2.409006953762203,4.131964805545759,2.322228737774643,2.287797690588399
8,25,0,36,96,0.13221515719597862,2.1071941452740064,1.0,1.32,1.1546148881309426
8,25,2,36,96,0.04725351898134599,2.100210705855711,4.613538540999671,2.4763323331198945,1.7994007092745143
8,25,3,36,96,0.023399181851387472,2.9532415310956486,4.309131357157597,2.378922034290431,2.946163654432675
8,25,4,36,96,0.00371848778215505,0.29359781955608916,1.333510940552705,1.4267235009768657,0.23238530861196366
8,25,0,37,96,0.1943691459576214,1.6915661673780782,1.0,1.32,0.9503105925976665
8,25,2,37,96,0.03603313388857702,1.7450774585058482,5.177340827443319,2.656749064781862,1.5835646227188698
8,25,3,37,96,0.008118913641814713,3.2596678992338095,12.508160592211366,5.002611389507638,3.255076719444144
8,25,4,37,96,0.0017110677014974837,3.368727106655238,12.87265950301571,5.119251040965027,3.356087709742917
8,25,0,38,96,0.3787976902020519,2.2774348429827285,1.0,1.32,1.7301033798375747
8,25,2,38,96,0.16306452567151006,4.4005067987230815,4.568371985501883,2.4618790353606026,3.9972937851752754
8,25,3,38,96,0.047468528465945535,2.149447399446233,3.185048755152492,2.0192156016487974,2.011404767626476
8,25,4,38,96,0.016850825136380355,3.398528945514255,5.86173166229694,2.875754131935021,3.342173681533255
8,25,0,39,96,0.3320810469991091,1.7578223847672134,1.0,1.32,0.6451537990699273
8,25,2,39,96,0.1464514047986342,1.0619714195140597,4.382736325503804,2.4024756241612173,0.7099005340942088
8,25,3,39,96,0.08380165080112986,1.7966141265864075,9.35066150717255,3.992211682295216,1.5302697328582329
8,25,4,39,96,0.04504487115624691,3.237492043785638,15.694275128736516,6.022168041195685,3.2230608023886838
8,25,0,40,96,0.3263326842644478,2.075744061821562,1.0,1.32,1.618195081142741
8,25,2,40,96,0.07666604904411221,3.065173995285746,5.0555284439018715,2.617769102048599,2.464406552704776
8,25,3,40,96,0.029358348354228538,11.017710781565494,29.39497261654584,10.406391237294669,10.586730028791397
8,25,4,40,96,0.005221419472997081,11.726554928162988,30.211346710359557,10.66763094731506,9.914608720440274
8,25,0,41,96,0.22869379282868918,1.8430123932259483,1.0,1.32,0.9369064633207514
8,25,2,41,96,0.07638988893801915,3.0394797743477113,4.667345072711099,2.4935504232675516,2.8911043857503125
8,25,3,41,96,0.03878176437570777,1.8073578145443927,7.3442196374956925,3.3501502839986217,1.328761997490266
8,25,4,41,96,0.022638672674569878,1.718999198810447,3.332393646371299,2.0663659668388155,1.6676062583313138
8,25,0,42,96,0.2384993776209608,2.2770983168266987,1.0,1.32,0.6863817104429151
8,25,2,42,96,0.13153626794741793,2.7309148046475964,5.919023630506395,2.8940875617620465,1.4128784536304633
8,25,3,42,96,0.05082673475013063,9.584178746402465,17.91344041124333,6.732300931597865,9.338406396475783
8,25,4,42,96,0.01068493083283585,2.737990241812236,6.361553634556434,3.035697163058059,2.27648488632496
8,25,0,43,96,0.33872020824595817,2.1003930157024953,1.0,1.32,1.0331404476473833
8,25,2,43,96,0.30310234362902216,6.6153612197151315,10.085703234063201,4.227425034900225,5.957460915051952
8,25,3,43,96,0.2140200230890088,6.598402078360494,14.366837036268109,5.597387851605795,6.540679271735553
8,25,4,43,96,0.042887346397628666,13.743933133084074,30.46584922905784,10.749071753298509,13.72973129398979
8,25,0,44,96,0.2527623017390435,2.2420061832383795,1.0,1.32,2.0997212898474924
8,25,2,44,96,0.043061480224855474,2.8543948399656287,5.7357617411053905,2.835443757153725,1.9460617891220937
8,25,3,44,96,0.007646517104114182,1.1658722438022047,3.6885584313481523,2.1803386980314086,1.073454964503119
8,25,4,44,96,0.0053666635829969275,0.7009852825708289,1.2000206756096135,1.3840066161950764,0.6807575849352028
8,25,0,45,96,0.2919155009219045,1.906990307044451,1.0,1.32,1.0517213731603556
8,25,2,45,96,0.057768035358613024,2.4718021372112684,7.3061277609897175,3.33796088351671,2.1812503044998603
8,25,3,45,96,0.044857585932421465,1.2329905982708746,3.524183864779923,2.1277388367295753,0.971887050980966
8,25,4,45,96,0.015155490707024087,1.4770543959513038,4.678236957355302,2.497035826353697,1.457256167034829
8,25,0,46,96,0.32850832769640603,1.4987991002643544,1.0,1.32,1.1825742477547145
8,25,2,46,96,0.14757857830761492,2.926518934039661,4.424277093690285,2.415768669980891,2.885791024159914
8,25,3,46,96,0.03500704891019302,2.994506572116987,5.237909833259114,2.6761311466429163,1.0655972181223103
8,25,4,46,96,0.015457776317252382,1.8606830893439201,4.080398022891364,2.3057273673252365,1.7161981380602152
8,25,0,47,96,0.18868349734060105,1.9824432802677001,1.0,1.32,1.0777434371346957
8,25,2,47,96,0.05175827468434253,1.98881146176098,4.190537667686156,2.34097205365957,1.8037302415863883
8,25,3,47,96,0.03286937328550985,2.1637656836335766,10.048250076193007,4.2154400243817625,1.8703556549467846
8,25,4,47,96,0.012525407851189692,4.724382418837314,44.10013580405197,15.112043457296632,4.715324387999318
8,25,0,48,96,0.3513803089768187,2.1947807460676345,1.0,1.32,1.3958081332283265
8,25,2,48,96,0.2980725067124282,4.409945208874751,8.830107017786235,3.825634245691595,3.907032841293271
8,25,3,48,96,0.05236736415790877,5.471674993294864,15.952447016319876,6.10478304522236,5.443754781361972
8,25,4,48,96,0.00840278733664189,4.232530146495721,15.244037860202278,5.878092115264729,4.2159556831374365
8,25,0,49,96,0.389791211521717,2.1248024266646883,1.0,1.32,1.5317443883921846
8,25,2,49,96,0.2226864938030916,4.57929289745507,8.077367514895622,3.584757604766599,2.879798463217808
8,25,3,49,96,0.03892462438993616,5.912314588703624,7.740955026807469,3.4771056085783902,4.492989135039419
8,25,4,49,96,0.017661250576696333,2.9997327746259397,6.145550460673388,2.966576147415484,2.618027179079419
8,25,0,50,96,0.13466747415766758,2.2065581167162147,1.0,1.32,0.8569138492859868
8,25,2,50,96,0.06849352457515473,3.6892353120585426,3.516595808331682,2.1253106586661383,1.5850910788699448
8,25,3,50,96,0.08308520189350761,4.531381111303348,5.859076176358992,2.874904376434878,3.9770655905801537
8,25,4,50,96,0.020608881210311562,3.9389034669503005,11.459237632318262,4.666956042341844,1.7815562553801743
8,25,0,51,96,0.3654844608553708,2.524475022335743,1.0,1.32,1.3851213408230205
8,25,2,51,96,0.2593130653964618,4.513437332560562,6.885384558346732,3.203323058670954,2.6733795064564054
8,25,3,51,96,0.11338660366234511,9.482519365842094,13.441859017123729,5.301394885479594,3.7929949167355983
8,25,4,51,96,0.0360461100346999,8.142171889233836,37.97856302134702,13.153140166831047,7.933436422030085
8,25,0,52,96,0.3133948670116464,1.7618089370447914,1.0,1.32,1.2131650130324942
8,25,2,52,96,0.0841562751157456,4.248895712182839,6.358677681269185,3.0347768580061394,3.904020527364209
8,25,3,52,96,0.06134052837440578,3.9495932791772477,8.005337834040516,3.561708106892965,3.871841661351596
8,25,4,52,96,0.031238810460669172,5.054873934352414,14.626399695420963,5.680447902534708,5.014249578178471
8,25,0,53,96,0.27794798155549005,2.2344001500481228,1.0,1.32,1.6221104675492244
8,25,2,53,96,0.1391238422991953,2.540234391929131,3.261046164040968,2.0435347724931097,1.495491831769775
8,25,3,53,96,0.0632081983390684,3.59403894779377,7.372984633186204,3.3593550826195853,2.229708377854055
8,25,4,53,96,0.005858994887193737,9.35819722145525,14.835473739772876,5.74735159672732,9.07354718110909
8,25,0,54,96,0.2417673928854878,2.6315622936314806,1.0,1.32,1.3560217540975534
8,25,2,54,96,0.06436578724664131,3.6368456858057803,5.184183343728513,2.658938669993124,2.7990409913936394
8,25,3,54,96,0.026375117866350637,6.2854532577774,9.22813185214681,3.953002192686979,4.205546781966909
8,25,4,54,96,0.012019042126275638,12.758459041054335,13.996628087164542,5.4789209878926535,12.744810073502304
8,25,0,55,96,0.24726488022062898,1.6988497630960788,1.0,1.32,0.8507773487297898
8,25,2,55,96,0.1385295975734415,2.9541804116695536,5.371554578424584,2.718897465095867,2.2514451686856694
8,25,3,55,96,0.08310485182277964,2.7500802345842446,3.8113984959447027,2.219647518702305,2.7268438988039083
8,25,4,55,96,0.03308294159728726,0.7977499023706499,2.0236297657531046,1.6475615250409934,0.6227425191718929
8,25,0,56,96,0.24378652956146546,2.195720488363043,1.0,1.32,1.4227001959029644
8,25,2,56,96,0.17546618834332642,3.276100506779605,5.070614237493654,2.622596555997969,1.597797271884657
8,25,3,56,96,0.04298736078730931,4.230729317229633,32.68304415285307,11.458574128912984,4.045890281822274
8,25,4,56,96,0.018258954312488477,15.469944592774358,31.51187833231806,11.08380106634178,15.461782097947346
8,25,0,57,96,0.2806275948203066,2.2220693423573152,1.0,1.32,1.221167262555066
8,25,2,57,96,0.07661684102329022,1.313004377380023,2.379826006157657,1.7615443219704503,1.233948814329126
8,25,3,57,96,0.037228391841474716,3.5399834771439274,8.269242257714442,3.6461575224686213,3.466803108392167
8,25,4,57,96,0.022345265012315613,16.734816603493936,45.00212470293115,15.400679904937968,16.731144236784775
8,25,0,58,96,0.2583233789323106,2.2262182732600433,1.0,1.32,0.9295689612956801
8,25,2,58,96,0.05215546224865755,3.4770699905833085,8.131119924460819,3.6019583758274623,2.457808740682546
8,25,3,58,96,0.013084308776675171,5.836064587230792,10.184504464527524,4.259041428648808,5.833606748781034
8,25,4,58,96,0.0034621444881518903,1.1863008035487974,2.3309862032348985,1.7459155850351675,1.185671636983967
8,25,0,59,96,0.4288383789561044,2.001420093151605,1.0,1.32,1.6864025580695983
8,25,2,59,96,0.312572283270264,2.6713547455844413,4.9627606502846024,2.588083408091073,1.8502366682337028
8,25,3,59,96,0.03571583693150176,3.0103078572455026,14.243724221433524,5.5579917508587275,2.297591632678938
8,25,4,59,96,0.022724233116796395,4.6542557781207545,10.416895589945193,4.333406588782462,4.6171302376761965
8,25,0,60,96,0.29301605106267814,2.5471670738467402,1.0,1.32,1.8354306001024208
8,25,2,60,96,0.1298038517459087,2.663229157887555,3.1554464530360495,2.009742864971536,2.2987376771394326
8,25,3,60,96,0.054634125160093736,7.965318357309703,17.79783486987265,6.695307158359248,7.932001802697938
8,25,4,60,96,0.02906668700008364,6.4241650287669785,14.518315914779963,5.6458610927295885,6.404790135185752
8,25,0,61,96,0.24639017114791742,1.9027975449487105,1.0,1.32,0.8789332693476714
8,25,2,61,96,0.12095118666668365,3.680065686197249,5.272963318914839,2.6873482620527485,2.7774351677032003
8,25,3,61,96,0.07082244385588969,6.299810508418455,15.091896691388905,5.82940694124445,6.264986089913322
8,25,4,61,96,0.05080947655496377,1.8867570250363217,3.7092285830823326,2.1869531465863465,1.6870351110079793
8,25,0,62,96,0.35751977551433983,2.0007436056178927,1.0,1.32,1.1832473890658268
8,25,2,62,96,0.16407900458104557,3.3454849546218255,3.4354278607340216,2.099336915434887,3.2357045218360185
8,25,3,62,96,0.03540944799124404,2.8023537742457623,5.194070558141785,2.6621025786053716,2.6698880515237935
8,25,4,62,96,0.01330176780309963,2.997129032873386,4.961195474665166,2.587582551892853,2.7784919358918514
8,25,0,63,96,0.2828609520929449,2.5037745812209367,1.0,1.32,1.5687366126683877
8,25,2,63,96,0.16071461904063986,1.0160806315845932,1.6323115358574039,1.5223396914743692,0.4158564159011027
8,25,3,63,96,0.07027445081846757,1.879152944474174,2.902119595744253,1.9286782706381609,1.6507823000528847
8,25,4,63,96,0.00816347662328266,0.6976781747761698,3.7281183819510026,2.192997882224321,0.6391501224214728
8,25,0,64,96,0.3741215150126647,2.0597252364900442,1.0,1.32,1.4384867144716185
8,25,2,64,96,0.11712000812397133,2.848072676316853,5.214493911112472,2.668638051555991,2.666991823838007
8,25,3,64,96,0.02970166221895985,9.74076758515952,22.922642245613474,8.335245518596313,9.727253779521995
8,25,4,64,96,0.019062987467006524,1.2692390988744773,3.8144979677097126,2.220639349667108,0.9357606987248711
8,25,0,65,96,0.14342065078585342,2.0368152679302916,1.0,1.32,1.342621974777364
8,25,2,65,96,0.10599913066676697,6.854823625712966,7.819968236864997,3.5023898357967993,6.010865903074756
8,25,3,65,96,0.035856771217942285,9.791346492294638,14.46713681182188,5.629483779783002,9.645223308844908
8,25,4,65,96,0.003084923139416746,2.4131506985240665,3.7192548947214537,2.190161566310865,2.390188361050144
8,25,0,66,96,0.2160428286410987,2.2319367956692076,1.0,1.32,1.0025566713621066
8,25,2,66,96,0.11859967042956458,3.6444176635294028,4.3065565815976985,2.3780981061112634,3.4031280068183736
8,25,3,66,96,0.03140426297822599,0.982442818445462,3.3538668991568956,2.0732374077302067,0.8419971176436011
8,25,4,66,96,0.004912760151442621,1.72407756799252,8.341706362933333,3.6693460361386667,1.500012483430336
8,25,0,67,96,0.14586963860806257,1.9749835322162088,1.0,1.32,1.1096117781343613
8,25,2,67,96,0.05018560635280372,2.3392692121886665,3.8204862185156965,2.222555589925023,2.0401549271015806
8,25,3,67,96,0.01231897029000293,4.088508260980372,9.600544747809053,4.072174319298897,3.9775819461515187
8,25,4,67,96,0.004617083893126692,12.014675805848048,33.525191107293594,11.72806115433395,12.01353509488694
8,25,0,68,96,0.1775997817444985,1.7902811319726364,1.0,1.32,1.4114079014042853
8,25,2,68,96,0.07114006887944256,2.2203992082848067,4.002038564403458,2.2806523406091066,1.8642232281682007
8,25,3,68,96,0.016329846945244676,2.2773322081792493,6.58911671318687,3.1085173482197983,2.1657427847131654
8,25,4,68,96,0.006209483732707235,0.8500762619395844,1.5766616583862816,1.5045317306836101,0.8334460949265861
8,25,0,69,96,0.26707983263921864,1.5188786675625328,1.0,1.32,0.8343039353976488
8,25,2,69,96,0.07913715393196294,3.463814467730929,8.479956787775032,3.7135861720880103,3.4302991465773673
8,25,3,69,96,0.038989277586388635,1.3505102643098608,5.3287958563203,2.7052146740224963,1.3403364888433904
8,25,4,69,96,0.009484543410184901,1.4847121451085883,5.881787569698634,2.882172022303563,1.4441338901636964
8,25,0,70,96,0.3021887781042678,1.9618300511557862,1.0,1.32,1.5977483815324502
8,25,2,70,96,0.10254837392094891,1.8089174391541305,3.1656048818960776,2.012993562206745,1.4781922675659818
8,25,3,70,96,0.04520625552689096,2.6113147477735565,10.56229299077311,4.379933757047395,1.4046208787266372
8,25,4,70,96,0.008145058256430556,2.1477814482376694,7.083719680165634,3.266790297653003,0.8140404759381059
8,25,0,71,96,0.15364402394782972,1.5269290480175233,1.0,1.32,0.7973356744916597
8,25,2,71,96,0.13455626823683559,3.610732201259243,5.8505915392670955,2.8721892925654706,2.671890880494376
8,25,3,71,96,0.07611227261294642,7.64967365097994,16.6299146034453,6.321572673102496,6.051461558971443
8,25,4,71,96,0.006656994740228932,9.840535637063528,19.253652114746092,7.1611686767187495,9.225514317144379
8,25,0,72,96,0.3100425488867729,1.92732413805909,1.0,1.32,0.8839398454995421
8,25,2,72,96,0.1631392416376576,2.976064260121767,4.694946731693808,2.5023829541420186,2.7250877339379826
8,25,3,72,96,0.04261699527564643,0.5330725283610718,1.7499200188390045,1.5599744060284815,0.49875950822567894
8,25,4,72,96,0.021751924654816613,0.6382409309737173,2.322035334540229,1.7430513070528733,0.5003468251613229
8,25,0,73,96,0.24213520830463917,2.0064546459871306,1.0,1.32,1.2825598187434966
8,25,2,73,96,0.12632154466689935,3.240890578371722,5.210901440034342,2.6674884608109894,2.7236205829112463
8,25,3,73,96,0.06834279830517062,4.455045645543652,13.715256100383844,5.38888195212283,3.023204334303575
8,25,4,73,96,0.010606367476539258,2.979533599426489,5.7320553039964395,2.8342576972788605,2.8500352507393707
8,25,0,74,96,0.2843672032046891,1.8613024443212032,1.0,1.32,1.2405425054328365
8,25,2,74,96,0.15132047532997114,3.194573114765156,5.577229640034583,2.7847134848110664,3.0540672279991186
8,25,3,74,96,0.08695668405088486,14.062258002108138,16.970819394414306,6.4306622062125784,13.959952345889638
8,25,4,74,96,0.02790895893694577,5.507956711633899,13.256480496049571,5.242073758735863,5.428114130894821
8,25,0,75,96,0.3382175954963686,2.383899247520212,1.0,1.32,1.2355589541697483
8,25,2,75,96,0.1607947437284918,1.276086807530991,3.3341761638271263,2.0669363724246805,0.9976719670500062
8,25,3,75,96,0.016830356098083803,2.2470342510117534,12.73370496805368,5.074785589777178,2.182543260238675
8,25,4,75,96,0.01266460119556522,0.7384635522803342,1.8535730212676524,1.593143366805649,0.40808708908756036
8,25,0,76,96,0.29168820648166005,1.7188582635113474,1.0,1.32,1.3012658797238643
8,25,2,76,96,0.19650756706471442,3.7639366324610046,9.212230781956128,3.947913850225961,2.7648822727860822
8,25,3,76,96,0.12129649332478407,2.9076364571555215,10.751115518348284,4.440356965871451,1.6808513246270662
8,25,4,76,96,0.07099287107037396,3.3344034419044712,12.761945218834626,5.08382247002708,2.7438771772372275
8,25,0,77,96,0.16321921719895718,2.0010850067012154,1.0,1.32,1.2080611095839364
8,25,2,77,96,0.12757721351285778,4.657317680255844,5.364603849737004,2.7166732319158413,4.22779030213138
8,25,3,77,96,0.03545475373960645,2.5629847285234253,4.161291535763876,2.3316132914444405,1.4006088676606925
8,25,4,77,96,0.007708894922074114,2.650996998269535,11.079803521407255,4.545537126850322,2.1356654585048087
8,25,0,78,96,0.19119985764520026,1.6403557355318779,1.0,1.32,1.237201336534682
8,25,2,78,96,0.07945062170002117,1.7865192724059797,4.164162935875259,2.332532139480083,1.1484264965563658
8,25,3,78,96,0.10631051860303918,3.703457608519716,15.740851600049986,6.037072512015995,3.6785603920279164
8,25,4,78,96,0.03832913360932848,2.104205041273339,4.415243928155587,2.412878057009788,1.0794377107764064
8,25,0,79,96,0.28092821364768283,2.4061951246353264,1.0,1.32,1.4005695689000521
8,25,2,79,96,0.1382155205831655,4.9634144893094305,6.767400142351304,3.1655680455524173,4.754892479197337
8,25,3,79,96,0.06175133437697686,3.330746464917615,4.168873312177385,2.334039459896763,2.4081319819139533
8,25,4,79,96,0.008001674689273545,2.214062652208018,4.052222432512789,2.2967111784040926,2.0851862768206115
8,25,0,80,96,0.3751589044342547,2.222851306345462,1.0,1.32,1.554518836695866
8,25,2,80,96,0.15609942825969494,2.2846598129247044,4.54382576927447,2.4540242461678305,1.5628986683651584
8,25,3,80,96,0.037391439708554096,1.4180380158082866,2.585527318934546,1.8273687420590545,0.7357709192497843
8,25,4,80,96,0.023374710876485013,1.5780269235194513,6.2926944159230835,3.0136622130953867,1.4123735689022061
8,25,0,81,96,0.20320865751726952,2.5900616910230125,1.0,1.32,1.3152788155066022
8,25,2,81,96,0.1760784339979079,2.41183530655016,2.8241534616817874,1.903729107738172,1.8743151072123339
8,25,3,81,96,0.03607688416036206,1.3250813929165806,3.9132521142151204,2.2522406765488387,1.2587247920480122
8,25,4,81,96,0.0075656337259473,1.0920248158507733,2.82111948384343,1.9027582348298977,0.9041920074366689
8,25,0,82,96,0.35021478201675627,2.2832911959187805,1.0,1.32,1.2886543185562207
8,25,2,82,96,0.08090702623926654,6.9201355680934515,9.641929172406417,4.085417335170053,6.869932348807466
8,25,3,82,96,0.01748990873533376,2.5616436707855503,3.7861460126684827,2.2115667240539145,2.359424654562363
8,25,4,82,96,0.0032723822722706733,4.653295368985225,8.598834068020723,3.7516269017666315,2.7718418122505493
8,25,0,83,96,0.2200085609884569,2.1176021184844407,1.0,1.32,1.3186862288551873
8,25,2,83,96,0.0476401893415975,5.4633457568748405,4.926560231140407,2.57649927396493,4.259958329105813
8,25,3,83,96,0.03390016984308306,7.726454868243033,14.134111030723721,5.522915529831591,7.698882542325084
8,25,4,83,96,0.016058962207007702,1.8237984176625324,7.385475567381114,3.3633521815619565,1.7208149543525506
8,25,0,84,96,0.34917397053684335,2.0489597180510377,1.0,1.32,1.3660370792894443
8,25,2,84,96,0.1247254197198558,4.773798370355966,5.470684647605548,2.7506190872337752,4.514369740132076
8,25,3,84,96,0.14648937198805495,3.7657548512378267,4.82126893699119,2.542806059837181,2.9332712636028733
8,25,4,84,96,0.04483398024689973,1.3823149760032265,3.194226400687117,2.0221524482198774,0.9367429386886458
8,25,0,85,96,0.23366753715876815,1.9976191955863052,1.0,1.32,1.1565190542996266
8,25,2,85,96,0.061074656050312134,1.6499262106343244,5.7367043723479645,2.8357453991513486,1.5482506720583897
8,25,3,85,96,0.010682540285123228,4.572895066345567,21.3016837309391,7.816538793900512,4.523279946645803
8,25,4,85,96,0.0006668576304416627,4.345741034488799,22.17428526640391,8.095771285249251,4.3374437599296
8,25,0,86,96,0.24876671289683255,2.152399941581061,1.0,1.32,1.339726425062413
8,25,2,86,96,0.10278157957913481,2.2505977381177638,3.2195465775324803,2.030254904810394,1.857629148345193
8,25,3,86,96,0.021844201560671236,4.22507642700748,10.557464983163218,4.3783887946122295,4.170474579949426
8,25,4,86,96,0.01365669411577417,4.035099576849869,11.640704296758297,4.725025374962655,3.7969181042767532
8,25,0,87,96,0.2912355888479739,2.52628036948747,1.0,1.32,1.7551409950931844
8,25,2,87,96,0.1570561496673745,3.712301404942024,11.010189338090308,4.523260588188899,2.284482606232277
8,25,3,87,96,0.05101313140353348,5.357527957353969,8.957010589788233,3.8662433887322347,5.010746684727788
8,25,4,87,96,0.040583218383869184,5.9900769344850655,11.023025579553227,4.527368185457033,5.2339980101960775
8,25,0,88,96,0.3640408402457108,2.1575442012836694,1.0,1.32,1.4649678974459732
8,25,2,88,96,0.10996858345644618,1.5382810688479656,5.666013550486839,2.8131243361557887,1.3873507931146427
8,25,3,88,96,0.06844628748591869,1.0687049154567303,4.649484736693054,2.4878351157417775,0.947737528668994
8,25,4,88,96,0.015785213507561055,2.760345324550671,16.365337776846715,6.236908088590949,2.758447749670513
8,25,0,89,96,0.23988525166017868,2.343376842603404,1.0,1.32,1.0468039371987772
8,25,2,89,96,0.08708429384229721,5.859235320831976,11.514345535520784,4.684590571366651,4.743159122076299
8,25,3,89,96,0.13078783208836658,11.544065680358752,12.522521353829193,5.007206833225342,7.9364758750354225
8,25,4,89,96,0.008782770359393318,8.445702408147149,30.91221812613408,10.891909800362905,8.365730846556948
8,25,0,90,96,0.21098931981086994,2.0249348677892813,1.0,1.32,1.3063085724561878
8,25,2,90,96,0.07881159809135255,3.2989950435719964,4.452988686818767,2.4249563797820053,3.2418417475354273
8,25,3,90,96,0.05983376112995972,2.5783006590016537,3.6425877785194225,2.165628089126215,2.564771690983822
8,25,4,90,96,0.0496897170137262,5.881673026485409,8.624933538211181,3.759978732227578,5.860975476933612
8,25,0,91,96,0.21386811528707037,1.7344528952030585,1.0,1.32,1.0432216496637594
8,25,2,91,96,0.10912440844433323,2.529710654825914,6.227172758652844,2.99269528276891,2.4125506258106073
8,25,3,91,96,0.07161552443158598,5.009334858036421,11.642822511444292,4.725703203662174,4.62941673887952
8,25,4,91,96,0.05509179421886505,5.070079720444793,11.435125557380195,4.659240178361662,4.578753705745948
8,25,0,92,96,0.23493684861735772,2.434807087706285,1.0,1.32,1.6047931442058962
8,25,2,92,96,0.05687108190700634,3.553646128234046,5.7812850887747045,2.8500112284079053,3.538330794437767
8,25,3,92,96,0.013851491259853878,2.909983603928806,3.715354596651558,2.1889134709284983,2.7946810181481005
8,25,4,92,96,0.002341323594176601,2.894113037897197,4.215755737135435,2.349041835883339,2.8825736800858555
8,25,0,93,96,0.18897191631625518,2.0002954818954266,1.0,1.32,1.5164818317961188
8,25,2,93,96,0.06006331737931501,4.5589748806418955,6.207693259427467,2.9864618430167895,4.193063462857362
8,25,3,93,96,0.024250651830590685,3.479323710496095,6.616392298283416,3.117245535450693,3.3121107192584116
8,25,4,93,96,0.001578337419444221,4.9255588781216115,10.662082885039617,4.4118665232126775,4.840213779617631
8,25,0,94,96,0.33780122219689473,1.8761791570479947,1.0,1.32,1.0001366842393589
8,25,2,94,96,0.11371116420883215,3.0603812464748787,6.598599949500046,3.1115519838400147,2.70853618274642
8,25,3,94,96,0.08779505164186416,7.336076910574167,21.302037962472173,7.816652147991095,7.292628438931963
8,25,4,94,96,0.015334832861727375,5.601597031254766,10.853349421341388,4.473071814829244,5.503994421921594
8,25,0,95,96,0.45637703762271276,2.4286969570199837,1.0,1.32,1.9987964236198186
8,25,2,95,96,0.20459754555379464,3.182380144924238,4.412366725499871,2.411957352159959,2.517351202287623
8,25,3,95,96,0.1153417120276433,3.7802059803222994,7.151864394747936,3.2885966063193397,3.3044630476990644
8,25,4,95,96,0.07602527326806727,3.0028395109112576,6.758709022249432,3.162786887119818,2.6478180895487275
16,49,0,0,96,0.2567765905583579,2.1694882608936945,1.0,1.3265306122448979,1.148930665202357
16,49,2,0,96,0.09264097523891261,3.6674309991805765,7.392095860185886,3.413745586999473,3.2376163803840328
16,49,3,0,96,0.021541456155916183,5.584399456104364,11.310031791555586,4.693071605405905,4.762916812424219
16,49,4,0,96,0.007910600096024933,7.684548609073444,17.910700202713993,6.848391902927018,7.162527512595811
16,49,0,1,96,0.30730970120303547,2.3275968632528987,1.0,1.3265306122448979,1.1290753748283513
16,49,2,1,96,0.18125800083897048,3.572410406771657,5.21099918456617,2.7015507541440553,2.49028212990289
16,49,3,1,96,0.06143618637826458,5.069033205335419,7.836137848124712,3.558738889183579,4.510053536142715
16,49,4,1,96,0.016426131183757277,1.6744568016466637,3.472420487617949,2.133851587793616,1.3259129458740222
16,49,0,2,96,0.21316988981011126,2.0499902215474224,1.0,1.3265306122448979,1.4223821893314503
16,49,2,2,96,0.04945163493406969,4.258757184546763,8.213165757677126,3.681850043323143,4.044749858813514
16,49,3,2,96,0.03369313015182803,8.539731333961011,30.534009850048754,10.970288930628163,8.484311826374867
16,49,4,2,96,0.015198994838347716,5.723423824599711,18.90658422232479,7.173578521575441,5.195941812693468
16,49,0,3,96,0.24233704275532167,2.3987866951157737,1.0,1.3265306122448979,1.5451422646259902
16,49,2,3,96,0.1759283899035133,4.389326699026384,5.131739199007342,2.6756699425330095,3.9765752320810086
16,49,3,3,96,0.08793182644999516,6.945013796873155,14.309972676623676,5.67264413930569,6.181714567957737
16,49,4,3,96,0.03229644926776371,6.358325344352044,11.349223347286818,4.705868848093655,6.193006871213552
16,49,0,4,96,0.14242133885700434,2.0076376034194823,1.0,1.3265306122448979,0.9701457916210782
16,49,2,4,96,0.03724230052524456,2.3786011982811255,5.08112054905512,2.6591414037731003,1.4184533962182426
16,49,3,4,96,0.008581126230264231,1.8065819580825502,5.142056461122931,2.679038844448304,1.79150447580879
16,49,4,4,96,0.005012852091271183,1.4204786001053056,4.559103346301757,2.488686806955676,1.1800160702633704
16,49,0,5,96,0.1823956168248102,2.3200582390988918,1.0,1.3265306122448979,1.2195740997966504
16,49,2,5,96,0.06524143493254396,3.255303492341106,5.4028492476718775,2.7641956727091843,2.7938486342860864
16,49,3,5,96,0.02018730388061845,3.706672486962878,9.603080178334743,4.135699650068487,3.6354033939695016
16,49,4,5,96,0.02265878921675959,5.595702102790938,24.670549835315924,9.055689742143974,4.5259266533924825
16,49,0,6,96,0.2649474253281775,2.3636760003037365,1.0,1.3265306122448979,1.3553935398452095
16,49,2,6,96,0.12058354002006864,6.137302168044087,8.89815678455607,3.9055205827121857,5.639492475930707
16,49,3,6,96,0.026691173674836668,11.567349859406256,33.48970112329619,11.935412611688552,11.484906632788933
16,49,4,6,96,0.01422263351571928,8.027519905141878,20.54748757008507,7.709383696354308,7.467470230473603
16,49,0,7,96,0.22946702952843306,2.2254342972283254,1.0,1.3265306122448979,1.546561113220693
16,49,2,7,96,0.10895005949326608,5.231355540151956,8.598131194227241,3.8075530430129763,4.539617507803421
16,49,3,7,96,0.08542421294948291,3.4920594551781776,8.114000922282427,3.6494696889085474,3.1894473537121653
16,49,4,7,96,0.01703741053396574,2.4998059088186255,4.942690728964329,2.6139398298659033,2.3905530955056844
16,49,0,8,96,0.22414390702143813,2.5127281694758605,1.0,1.3265306122448979,0.8264309034882988
16,49,2,8,96,0.10551865277915526,3.494293346436221,4.552110854868296,2.4864035444467905,2.3175577796849653
16,49,3,8,96,0.039315520389384226,2.9224004566738104,5.1855994138936525,2.6932569514754783,1.9456020752037677
16,49,4,8,96,0.008405789193780322,7.866241435157253,12.439735590030963,5.061954478377457,7.65809084669421
16,49,0,9,96,0.27060587486887955,2.253642749138945,1.0,1.3265306122448979,1.2652581352795744
16,49,2,9,96,0.1376711117007112,4.751713481096104,8.599347208525096,3.8079501089061534,4.357722403163248
16,49,3,9,96,0.06017960271229164,7.477735560053019,12.16877598888457,4.973477873921492,6.837873814216339
16,49,4,9,96,0.01663910157729318,3.988991398088605,6.790039443499482,3.217155736652892,3.0601330391733126
16,49,0,10,96,0.21726783697361227,2.108352501732597,1.0,1.3265306122448979,1.0628819729824552
16,49,2,10,96,0.11885039677648711,2.9769869930061033,4.673875741345409,2.526163507378093,1.7432614873435341
16,49,3,10,96,0.05746480115893493,13.147937293797035,25.456318343384126,9.312267214166244,12.639456096045162
16,49,4,10,96,0.015720958944644866,13.244590838839105,33.42190054845025,11.91327364847355,12.128504639637747
16,49,0,11,96,0.25890922857378584,2.475214091899166,1.0,1.3265306122448979,1.8418165517050078
16,49,2,11,96,0.11854469193580137,2.207944837006311,3.8243700103270526,2.2487738809231193,1.518909422376487
16,49,3,11,96,0.03600877020058063,4.768407986905698,5.314872813516653,2.735468673801356,4.593680099395079
16,49,4,11,96,0.007480541979120099,17.967945142684666,24.001733288158412,8.837300665521113,17.922191685948516
16,49,0,12,96,0.2700743058748187,2.2830629193922634,1.0,1.3265306122448979,1.4085680730477859
16,49,2,12,96,0.10015444831574813,4.633208676805969,11.50046102553163,4.75525257976543,2.955967230872848
16,49,3,12,96,0.03490519027138127,15.780780323993984,26.5051007372032,9.654726771331656,6.311937449232411
16,49,4,12,96,0.011607205184985616,2.3772448737269447,6.209352443642305,3.027543655066875,1.9600347021235156
16,49,0,13,96,0.2974691504478371,2.498396131351569,1.0,1.3265306122448979,1.2046100411684175
16,49,2,13,96,0.07223289468090117,2.7085146332354686,4.10758261616145,2.3412514665016975,2.021960684317872
16,49,3,13,96,0.02704479978971673,5.737565680288021,16.246473534350674,6.3049709499920565,4.22876381908963
16,49,4,13,96,0.0028895944844103774,9.833478549310152,42.66718596104286,14.932142354626238,8.886079194567614
16,49,0,14,96,0.26252700090657416,2.0130499022662813,1.0,1.3265306122448979,0.9308005276641756
16,49,2,14,96,0.10397765647654049,5.882742725536994,7.797007966126441,3.5459617848576133,4.740231323228878
16,49,3,14,96,0.04750379012837008,4.460273711092126,8.778501454270394,3.8664494544556387,4.378925778206896
16,49,4,14,96,0.0074476182229144166,4.435624912363793,9.979688025373918,4.258673640938422,3.8129189051666255
16,49,0,15,96,0.19131684658560616,2.2144990609419244,1.0,1.3265306122448979,1.2704277485078277
16,49,2,15,96,0.05685745837497608,2.363014844644939,3.9881997842903325,2.302269317319292,2.0882956445738503
16,49,3,15,96,0.015112037706099531,3.7921760322128897,9.115224381646852,3.9763997980887678,3.6096703600448197
16,49,4,15,96,0.007738603421103724,11.558717740807449,32.56693790976904,11.63410217461846,11.401071770302346
16,49,0,16,96,0.3092487601603322,2.156962869516307,1.0,1.3265306122448979,1.312236669572552
16,49,2,16,96,0.08347272722233615,2.8290038503604773,4.0571292925387,2.324776911849371,2.570141818704125
16,49,3,16,96,0.02176039207501137,11.36746338651606,23.867245638050623,8.793386330792039,11.026788217389539
16,49,4,16,96,0.004379546854116294,2.6073500014316204,8.146829288242852,3.6601891553446047,2.037709906482424
16,49,0,17,96,0.25423229524478164,2.41138021596598,1.0,1.3265306122448979,1.4645823866492722
16,49,2,17,96,0.07296789712291206,3.1060715309089577,4.577410904880749,2.494664785267183,2.6587851853362268
16,49,3,17,96,0.013397927783585383,14.352130733917914,31.335546581028655,11.232015210131806,14.274034412118816
16,49,4,17,96,0.007134253593176856,18.047419892482957,36.61643268036607,12.95638618134402,16.633691219545174
16,49,0,18,96,0.23979688519657968,2.3813749729109954,1.0,1.3265306122448979,1.2379282952851267
16,49,2,18,96,0.12713339610068022,3.5383249045483938,5.939769827368383,2.93951667832437,3.2520413985267247
16,49,3,18,96,0.05207515021730412,5.873583238153044,19.834071417384738,7.476431483227669,5.790766601921752
16,49,4,18,96,0.028913209650097693,10.29926729851542,34.35640525117338,12.218418041199469,9.9701988367093
16,49,0,19,96,0.2509024817154859,2.227945382166102,1.0,1.3265306122448979,1.427170439800385
16,49,2,19,96,0.09880164717887699,3.3880855656443445,7.467757935703023,3.4384515708418033,2.945475962778831
16,49,3,19,96,0.019810849944484704,2.758669124258129,7.2230980510902025,3.358562628927413,2.6672074964758856
16,49,4,19,96,0.005266502163399371,9.016339763455004,26.024910850557298,9.497930073651363,8.966074699460316
16,49,0,20,96,0.23310719272206995,2.033295102792917,1.0,1.3265306122448979,1.2221825529595518
16,49,2,20,96,0.09660492763431745,2.9819402163959143,5.917948768688348,2.932391434673746,2.7794612941957793
16,49,3,20,96,0.060636287342095994,3.4663806404501987,8.032694024192587,3.6229204976955383,3.336500073715215
16,49,4,20,96,0.008944593569491632,12.336197217987483,52.38998591154178,18.106934175197313,10.802463413041606
16,49,0,21,96,0.2473561193264841,1.898277702333291,1.0,1.3265306122448979,1.5115730218762966
16,49,2,21,96,0.1650780507040593,3.801492499463162,4.644165501031291,2.5164622044183806,3.1009362299996854
16,49,3,21,96,0.06309276115508575,7.012920826781973,17.337141148249056,6.661107313713977,6.5569235184483246
16,49,4,21,96,0.03552014675987776,12.083701706645854,20.72977079113408,7.768904748125413,11.981449435551424
16,49,0,22,96,0.2158510111578111,2.0930264532195224,1.0,1.3265306122448979,1.3503333380976488
16,49,2,22,96,0.06928911458183201,2.408971087043884,4.290505094654967,2.4009812553975403,1.3242799344723848
16,49,3,22,96,0.03490247914816277,3.7917119798596035,7.367762703233273,3.405800066361885,3.6878564913009924
16,49,4,22,96,0.010097100865077759,9.920591955311039,22.442258990298207,8.328084568260639,9.910636651206028
16,49,0,23,96,0.19440246886963808,2.143182662423263,1.0,1.3265306122448979,1.3543434193909671
16,49,2,23,96,0.15764679591742387,4.1446449569990955,4.740852722993842,2.548033542202071,3.6358143684979916
16,49,3,23,96,0.06202311520723241,7.447811262412119,34.044230891576746,12.116483556433222,7.373351059789282
16,49,4,23,96,0.01671772694480856,31.168792491212535,155.38683508488833,51.738558395065574,31.163727813924066
16,49,0,24,96,0.28319389345821955,2.1769065282300226,1.0,1.3265306122448979,1.3778229989246256
16,49,2,24,96,0.09308093622040091,3.2259741628740475,4.468533166017086,2.4591128705361913,2.527448974642911
16,49,3,24,96,0.016848144684030595,3.6506548874900266,14.42866033109919,5.71139929178749,3.498703108046985
16,49,4,24,96,0.003345188187605005,24.018564825520045,110.10958930747098,36.954151610602764,23.953935778389525
16,49,0,25,96,0.19763280380992204,2.143494073950394,1.0,1.3265306122448979,1.205005401319575
16,49,2,25,96,0.08510567704777608,5.210991929225123,10.916757829243979,4.564655617712319,4.849568640796231
16,49,3,25,96,0.04336320244131222,7.636462691129222,26.161144941745427,9.54241467485565,7.189006165063408
16,49,4,25,96,0.008032962203789804,1.9111994210655698,5.926407919473309,2.9351536063586314,1.6104524490417789
16,49,0,26,96,0.2782239609913812,2.319572144741971,1.0,1.3265306122448979,1.3980631036921334
16,49,2,26,96,0.03960952272304022,2.8129524647473545,4.56079031627943,2.489237654295324,2.2948303439273667
16,49,3,26,96,0.02009742828314892,7.773533732846472,9.230085325200422,4.013905412310342,7.708736840515817
16,49,4,26,96,0.014218022922645531,3.751474548225875,5.783662343598747,2.88854280607306,2.2924490882963102
16,49,0,27,96,0.3041236909190739,2.1561267630809184,1.0,1.3265306122448979,1.2880053131678673
16,49,2,27,96,0.20672063647163189,4.509251180226809,6.110247377448714,2.9951828171261106,4.356560344261988
16,49,3,27,96,0.0512695877971227,2.6743913685117735,4.978052438660016,2.625486510582862,2.4566704964927353
16,49,4,27,96,0.016841756609294833,3.571791232012651,11.71691594449084,4.8259317369766,3.4964040073183313
16,49,0,28,96,0.16382572444776697,2.1900519162687138,1.0,1.3265306122448979,1.4849131186126754
16,49,2,28,96,0.04591524207115451,2.4409745858590197,4.958864838346145,2.6192211717048632,2.2929149636281765
16,49,3,28,96,0.01595116467217789,18.13035956867009,50.521194891969856,17.496716699418727,18.106043591717366
16,49,4,28,96,0.0060052269562098776,1.4209988250528336,2.4625802573924584,1.8041078391485579,1.230853285831657
16,49,0,29,96,0.2755622731618936,2.2424660888297048,1.0,1.3265306122448979,1.1976080576005725
16,49,2,29,96,0.11704357351553095,3.636701196948355,4.920263017910677,2.6066164956443023,2.7784755582876666
16,49,3,29,96,0.03875253267935713,13.652797632809257,34.180448592477106,12.16096280570681,13.617046194799187
16,49,4,29,96,0.006513066405022093,3.8122586484536423,10.56553427100223,4.44997037420481,2.5635805861086736
16,49,0,30,96,0.3591118663009154,2.005924889381152,1.0,1.3265306122448979,1.399749064910476
16,49,2,30,96,0.1068757451933406,3.1002836670362512,6.183444453723642,3.0190839032566994,2.9766586529287085
16,49,3,30,96,0.036307944131901304,4.977380404832676,15.954919961250999,6.209769783265632,4.813507974814039
16,49,4,30,96,0.006388811396829812,2.6374147118149702,7.042372327621399,3.299550147794742,2.297441094649168
16,49,0,31,96,0.2152923112179571,2.386097368186077,1.0,1.3265306122448979,0.800206586192302
16,49,2,31,96,0.1124569897978212,3.1655229064965766,7.97943495413266,3.6055297809412767,2.051271267922059
16,49,3,31,96,0.05748929555110399,6.03919979631761,28.586348606489892,10.334317912323229,5.820441682550928
16,49,4,31,96,0.015654837017462734,16.115704801813994,52.15814362406101,18.031230571121963,16.07418582024132
16,49,0,32,96,0.26356537570167793,2.7621551002831723,1.0,1.3265306122448979,1.9553159712504284
16,49,2,32,96,0.09615643255307482,2.1323393252505602,3.7800071264659003,2.2342880412949877,1.8299937113886198
16,49,3,32,96,0.04327734073955973,4.517410833290812,11.99039057683705,4.9152295761100575,3.2793837989951937
16,49,4,32,96,0.018111631293443172,7.629615344414445,20.96310723885304,7.845096241258135,7.411665427947041
16,49,0,33,96,0.11970715367936628,2.0843778965523936,1.0,1.3265306122448979,1.373535282123396
16,49,2,33,96,0.07521913672927055,2.4859635847804875,3.5389656521696926,2.155580621116634,1.223783992535116
16,49,3,33,96,0.013285346582493893,4.048153350406252,5.028008088864208,2.6417985596291294,3.8802668719917297
16,49,4,33,96,0.011469900549971029,23.48334742894598,34.310035261265,12.203276820004897,23.369841337720615
16,49,0,34,96,0.21953463700354794,2.2296596047613786,1.0,1.3265306122448979,1.1950724328301336
16,49,2,34,96,0.06136129475658886,2.404880532508569,7.797553967599373,3.5461400710528563,1.846931696705674
16,49,3,34,96,0.024950733317489374,6.119181076406992,32.57769599530771,11.637615018875985,6.045488888388202
16,49,4,34,96,0.007844964780205915,2.326595166043667,4.121328299732234,2.3457398529737903,1.9626852404210098
16,49,0,35,96,0.2549748622764817,2.050306356021245,1.0,1.3265306122448979,1.2867570509054147
16,49,2,35,96,0.13857558905843503,3.015398746642838,4.382999307718641,2.4311834474183316,1.8997907543985166
16,49,3,35,96,0.05003502813252405,5.4517660118990605,10.74621691741259,4.508968789359213,4.097814158155451
16,49,4,35,96,0.010143298127273303,5.430140244201329,9.74553055384371,4.182214058397946,5.341077062529898
16,49,0,36,96,0.2028518766862977,2.260685133397983,1.0,1.3265306122448979,1.5211501347694658
16,49,2,36,96,0.0539546649305759,4.6882188995015595,4.994096282472429,2.630725316725691,1.7325217658460863
16,49,3,36,96,0.02496681034570029,6.835905468919288,9.620253812497388,4.141307367346085,5.96312230251791
16,49,4,36,96,0.006134492929606548,11.473110629186174,26.32620284095538,9.596311131740531,10.420449442345934
16,49,0,37,96,0.30527970513448865,2.314680924273569,1.0,1.3265306122448979,1.623231737996483
16,49,2,37,96,0.13020460913381382,4.064568583773907,9.14660921809763,3.9866479079502466,3.7025685947283957
16,49,3,37,96,0.07320882933278412,29.191195846319033,80.87433516024703,27.407946174774537,29.162475889699433
16,49,4,37,96,0.03272418632991912,21.468311376240308,57.38039716114951,19.736456215885553,21.234523214468553
16,49,0,38,96,0.22576833794092052,2.2266270699898443,1.0,1.3265306122448979,0.9530646277744468
16,49,2,38,96,0.0407738404047499,2.7016742442133252,4.944896716960322,2.61466015247684,2.594529558205459
16,49,3,38,96,0.025725179036032123,4.468643348014585,9.850746587965043,4.216570314437565,2.1420755087163412
16,49,4,38,96,0.009857871286567827,3.9793940671748307,18.187500964277547,6.938775825070219,3.4312518281313995
16,49,0,39,96,0.2787133111388978,1.927358828506434,1.0,1.3265306122448979,1.160917598607307
16,49,2,39,96,0.09951406763470318,9.819311556473863,11.904886437612488,4.887309857179588,9.700166552520516
16,49,3,39,96,0.030509202558606723,3.25589575842719,6.93393355278575,3.264141568256571,2.5638737178765396
16,49,4,39,96,0.014690380072621032,4.687632650896139,8.899237573535821,3.9058734933994517,3.543705965333647
16,49,0,40,96,0.33786553864341334,2.7971498410603277,1.0,1.3265306122448979,1.5725050689740723
16,49,2,40,96,0.1291823438348607,2.714064444614607,4.2618525218977945,2.3916253132727494,1.6725032271553546
16,49,3,40,96,0.030008552325237824,2.9496959570820875,17.253388760539963,6.633759595278355,1.992906631055038
16,49,4,40,96,0.014615362331372405,2.752543196480479,30.68421156525504,11.019334388654705,2.7464622148020097
16,49,0,41,96,0.2873310190410723,2.6021842736149963,1.0,1.3265306122448979,1.3307376022649893
16,49,2,41,96,0.12518690847216507,3.28665267709696,6.773864949784044,3.2118742693172386,2.0476692238805505
16,49,3,41,96,0.03410833096297534,5.431980327647542,16.991106669065758,6.548116463368411,5.317918483190398
16,49,4,41,96,0.02267564633063376,3.303989692037175,9.216047204512233,4.00932153616726,3.048705565582753
16,49,0,42,96,0.23243613402267793,2.1239614894759025,1.0,1.3265306122448979,1.135770253130291
16,49,2,42,96,0.1358961921741168,2.7550079230614917,4.380488393583397,2.430363557088456,1.1396048157364445
16,49,3,42,96,0.03692886223149928,2.0572131305231744,4.461498363126611,2.4568157920413425,1.6456560778844058
16,49,4,42,96,0.012213457301603836,2.2995856524227163,5.031001445815218,2.6427759823070103,2.054080004830599
16,49,0,43,96,0.3056633243110727,2.239823850681379,1.0,1.3265306122448979,1.296958288338641
16,49,2,43,96,0.08765844798290162,3.5570130942928437,6.997536776752888,3.2849099679193103,3.0762846643838917
16,49,3,43,96,0.029823745779682647,2.5168354087133613,5.205989969275509,2.6999150920083297,1.558410006909236
16,49,4,43,96,0.010202017618806479,3.123540178630586,12.212880641966798,4.98787939329528,3.0737464292790944
16,49,0,44,96,0.1985471508407404,2.516499836501002,1.0,1.3265306122448979,1.224772393770614
16,49,2,44,96,0.1284693091235623,4.306345627986834,6.4027588766048895,3.0906967760342496,3.147075618757754
16,49,3,44,96,0.03287825818000752,7.634643017740119,16.590445932767846,6.417288467842561,6.453733324112495
16,49,4,44,96,0.0061260428215658465,5.366650382757643,21.06765749485936,7.87923510036224,5.282575134916662
16,49,0,45,96,0.25815037927793827,2.0308916865307967,1.0,1.3265306122448979,1.2571665019644005
16,49,2,45,96,0.10571371869673145,5.250245169566415,11.9989645558911,4.918029242739951,5.101379759375411
16,49,3,45,96,0.06598512892949931,4.905008413719352,11.558766203336654,4.774291005171152,4.856836864500177
16,49,4,45,96,0.020943337445875076,2.284976623651837,6.065212475035028,2.9804775428685804,2.028080360052997
16,49,0,46,96,0.1748244922286183,2.2890360323392427,1.0,1.3265306122448979,1.4142775429004444
16,49,2,46,96,0.06181603170168899,2.7451537507205788,4.489206198905378,2.4658632486221643,2.582148929192686
16,49,3,46,96,0.012672070407223639,5.747912273070988,12.987395215436996,5.2407821111631,5.70071089531677
16,49,4,46,96,0.007848233571578772,25.183337022210946,63.42983519805644,21.711782921814347,25.149713713594434
16,49,0,47,96,0.1370478490221127,2.3727658350328196,1.0,1.3265306122448979,1.418732763222525
16,49,2,47,96,0.13361689329135892,3.6314743298266356,5.364825744392966,2.751779834903825,2.9986241768804613
16,49,3,47,96,0.02453477273725186,7.605009917379963,16.53877921785515,6.4004177037894365,5.949831425166683
16,49,4,47,96,0.012901575882901578,12.427169071507521,18.828909841575125,7.14821545847351,12.212948551942018
16,49,0,48,96,0.3422663494846789,2.3606030138748175,1.0,1.3265306122448979,1.6481484808005764
16,49,2,48,96,0.11371843077030264,3.305475792849177,3.8993665242956386,2.2732625385455147,2.733193849208478
16,49,3,48,96,0.026982604760116345,4.880637293487819,8.70679703360994,3.843035766076715,4.5440247558798905
16,49,4,48,96,0.005289131333816075,5.305521819094437,13.171138507962176,5.300779920967241,2.629886033502718
16,49,0,49,96,0.2113972885568175,2.0222869259349188,1.0,1.3265306122448979,1.407312622229463
16,49,2,49,96,0.09233196657113095,2.1814756760706846,4.859798159942727,2.586872868552727,1.9912146623024558
16,49,3,49,96,0.02984298579098978,5.060650714206916,10.693902034493181,4.491886378610018,4.980715099831459
16,49,4,49,96,0.004559266408686095,5.7671206708277545,18.402441893760233,7.008960618370688,5.714764295480519
16,49,0,50,96,0.21470924739286107,2.1752808448736602,1.0,1.3265306122448979,1.68487951748235
16,49,2,50,96,0.06786075518389402,3.9537053811695717,10.152831752858477,4.315210368280319,3.856767266433285
16,49,3,50,96,0.050091926566810795,16.03814555523039,49.39843103399262,17.130099929466976,15.982273154085819
16,49,4,50,96,0.008866793613889977,40.39666306659641,129.5178201644602,43.29153311492578,40.37112007592781
16,49,0,51,96,0.2224214086991762,2.2333878873362663,1.0,1.3265306122448979,1.5168016777147133
16,49,2,51,96,0.050450291512276355,2.5013426539273507,5.0366251101227295,2.6446122808564017,1.877456289150787
16,49,3,51,96,0.01391344866301151,9.710175039564703,28.98445503193333,10.464311847161902,9.131239352093449
16,49,4,51,96,0.003270994123075002,15.82963785350945,23.89763996419979,8.803311008718298,15.75742992389531
16,49,0,52,96,0.19482010187894683,1.9708958393632152,1.0,1.3265306122448979,1.4361657494651503
16,49,2,52,96,0.07587579399311437,4.325876652819336,5.463140134059833,2.783882492754231,3.270203273273074
16,49,3,52,96,0.017469743216628687,3.3492181194108355,6.520357910376126,3.1290964605309797,3.2927178394789998
16,49,4,52,96,0.00792193881336246,2.338060261660305,4.8438948318131985,2.5816799450818606,1.852454395904138
16,49,0,53,96,0.21893621877593708,2.408281570802602,1.0,1.3265306122448979,1.3366995347032136
16,49,2,53,96,0.045338973692857644,5.008464697979855,8.023685196723193,3.6199788397463486,3.338211389741127
16,49,3,53,96,0.030935600389222797,2.793920054165797,4.440549025399601,2.4499751919672166,2.6963652312342403
16,49,4,53,96,0.002207472240230686,4.7722786813325335,6.9761389240555625,3.2779229139773265,4.242373474106298
16,49,0,54,96,0.13704918554272955,2.504316191766873,1.0,1.3265306122448979,1.3417882582401894
16,49,2,54,96,0.0553214825343811,4.8911981318253686,8.475155869144157,3.7673978348225816,3.379679886198488
16,49,3,54,96,0.020089872447965233,3.907255295301564,8.03074881072691,3.622285325951644,3.6176791464955556
16,49,4,54,96,0.013509255584850265,6.095881408159432,11.032663249089445,4.6025022854169615,3.624711393568062
16,49,0,55,96,0.18796091633796416,2.442082752975717,1.0,1.3265306122448979,1.9734116421092776
16,49,2,55,96,0.07030138762384888,4.565497350127977,7.419055306799266,3.4225486716079234,4.39485329733604
16,49,3,55,96,0.022673719685225798,6.09579890129365,11.99833868399325,4.917824876405959,6.040781731428619
16,49,4,55,96,0.004879698483902954,3.69884168384014,7.371944252063713,3.4071654700616203,3.686374269313994
16,49,0,56,96,0.18750183338378607,2.1390431818761177,1.0,1.3265306122448979,1.7207774168762695
16,49,2,56,96,0.09427512601076928,5.2343827751025565,7.794523954214805,3.545150678927283,5.101897114925479
16,49,3,56,96,0.02018445805664206,4.18714481650533,7.442899612696501,3.4303345674111023,3.8748403399765223
16,49,4,56,96,0.004583260939593467,16.811454630129944,26.729581046305192,9.728026464099655,16.809637591329057
16,49,0,57,96,0.2027162465811587,2.059825731973615,1.0,1.3265306122448979,1.5665735060461632
16,49,2,57,96,0.06325870505398347,2.213480113699674,4.16848430477334,2.3611377321708864,1.4999323319658209
16,49,3,57,96,0.02656793228235612,3.194471899661959,10.558796171400044,4.447770178416341,3.0642831795271475
16,49,4,57,96,0.005834946034008588,4.162593044300918,15.978284731355485,6.217399095952811,4.126188385628735
16,49,0,58,96,0.15793518889546013,2.0603510233405107,1.0,1.3265306122448979,0.8707381489311219
16,49,2,58,96,0.08848301129915007,2.618164329169015,6.214359790666692,3.0291787071564706,1.7541377283985078
16,49,3,58,96,0.04653586104897985,6.365363444594829,10.44302699300483,4.409967997715863,5.34137631182192
16,49,4,58,96,0.027768808684400657,3.2219407609764805,10.567507208541366,4.450614598707385,2.7686879583260784
16,49,0,59,96,0.23096749648373358,2.096827041594724,1.0,1.3265306122448979,1.256893399729496
16,49,2,59,96,0.11991414178009566,4.418559971137819,7.713119227934798,3.518569543815444,4.299698940961596
16,49,3,59,96,0.07582526172864584,4.417060935407097,6.31588062537601,3.0623283674697173,3.423570488756341
16,49,4,59,96,0.014931220706541097,2.5580184393889542,4.846483677075953,2.582525282310515,2.376373837318122
16,49,0,60,96,0.18970202224640753,2.0505137605854387,1.0,1.3265306122448979,1.5528118651660938
16,49,2,60,96,0.10085417297869277,3.161503371822163,3.860310058583061,2.260509406884265,2.5828035811409875
16,49,3,60,96,0.029686831582650893,3.948514895333333,4.8928696916094845,2.5976717360357497,2.688301873297487
16,49,4,60,96,0.013637525448371575,2.3558051606969825,3.8664721375059936,2.2625215142876716,2.3061044775321737
16,49,0,61,96,0.29101262146599494,2.1715778477088095,1.0,1.3265306122448979,1.3754368583057701
16,49,2,61,96,0.13206829217866103,4.377067737052391,9.492887219423602,4.099718275730156,3.0274741460921817
16,49,3,61,96,0.035963682177120024,6.941401955134749,32.2227221100748,11.521705178799934,6.538932060848061
16,49,4,61,96,0.014737063932069758,6.42999704589994,20.903291299219177,7.825564505867486,6.345788469182726
16,49,0,62,96,0.21580326954709914,1.8674045670975494,1.0,1.3265306122448979,1.1203991333301608
16,49,2,62,96,0.13248144003104176,3.4034967998660264,6.848771708823032,3.2363336192075205,3.0367719880965374
16,49,3,62,96,0.04151594313226407,5.563633067841851,14.120631257530135,5.6108183698057585,5.379714429172907
16,49,4,62,96,0.021291630041801356,3.777507650882277,14.05299512440183,5.588733101845495,3.3719539482626013
16,49,0,63,96,0.23234340963720718,2.027347229318514,1.0,1.3265306122448979,0.8968573454286728
16,49,2,63,96,0.12134185055919723,3.960068126823723,3.926400308271324,2.282089896578391,3.734143359340496
16,49,3,63,96,0.033460622762711875,3.104063086541686,6.38430138788683,3.084669840942638,2.9807844108286337
16,49,4,63,96,0.014084438312380458,5.4680480075933975,8.622005434486203,3.815348713301617,5.394141712891484
16,49,0,64,96,0.22784928924504358,2.2346787784496716,1.0,1.3265306122448979,1.592802221232672
16,49,2,64,96,0.10349589685093494,3.391829109153409,6.0566198977132135,2.9776718033349265,2.563621656853313
16,49,3,64,96,0.04408536549846289,7.610681962573864,17.494393240898553,6.712454935803609,5.7024700055819935
16,49,4,64,96,0.011667653210233348,9.135464462324206,25.931337896793572,9.46737563976933,8.395523112521886
16,49,0,65,96,0.2607451323235416,2.3665781677753643,1.0,1.3265306122448979,1.5650838165558885
16,49,2,65,96,0.15005844118557202,3.0364641405396617,7.827915725371533,3.556054114407031,2.3747538770766865
16,49,3,65,96,0.04528493254452151,5.145773625124818,11.484600881977407,4.7500737573803775,3.109431444814746
16,49,4,65,96,0.017605000666297718,5.102820115973636,15.915779284926137,6.196989154261595,4.120087234431708
16,49,0,66,96,0.21597705050236404,2.283856174213267,1.0,1.3265306122448979,1.3647674978225248
16,49,2,66,96,0.09579500035910342,2.096857062819626,3.637551994676337,2.187772079894314,1.972485313714743
16,49,3,66,96,0.03009966710777514,2.8287509024686592,6.20255819287736,3.0253251242048522,2.712069831867526
16,49,4,66,96,0.010994793357608635,19.77727159294119,50.781612055493596,17.581750875263214,19.770586745534413
16,49,0,67,96,0.2680922414966198,2.2402277747575154,1.0,1.3265306122448979,1.5340154895800635
16,49,2,67,96,0.13195355263229092,3.705223380996474,5.959577002229279,2.94598432725854,3.0039812452430414
16,49,3,67,96,0.07056408016424967,4.784945090847879,7.56850997227789,3.471350195029515,4.710949221301518
16,49,4,67,96,0.015715964401456475,12.507995158633381,24.688550429504087,9.061567487185007,12.44774825749001
16,49,0,68,96,0.2126961170565493,2.1681523549835418,1.0,1.3265306122448979,1.6036714759752204
16,49,2,68,96,0.0586182754858514,4.322989006789279,8.377407722733214,3.7354800727292123,3.7830047032080776
16,49,3,68,96,0.02888099922937476,1.6229156332382138,2.5924058481676924,1.8464998687894505,1.2783747731212294
16,49,4,68,96,0.010747256825555022,2.4808636287910852,7.250744633726884,3.3675900844822477,2.429727978625845
16,49,0,69,96,0.17195338599880214,2.01675124533609,1.0,1.3265306122448979,1.325985550348017
16,49,2,69,96,0.09790374532738355,5.3246049174363606,8.510042093969972,3.778789255173868,5.129133882068858
16,49,3,69,96,0.0352713980086785,2.9439094758494457,9.535984187387319,4.113790755065247,2.395495430854894
16,49,4,69,96,0.008989646369030688,3.950310238133775,15.781370884168949,6.153100696871493,3.693089309150234
16,49,0,70,96,0.24414266262603324,2.413222467851962,1.0,1.3265306122448979,1.3619824891028005
16,49,2,70,96,0.15987031384854833,5.437215813565963,10.660605215359848,4.4810139478726025,4.906663442194936
16,49,3,70,96,0.04075063844425481,16.744970434446124,23.698042419589388,8.738136300274085,15.894473861030745
16,49,4,70,96,0.017120957175681288,25.475016684671694,69.57196360344824,23.71737587051371,25.39841177467679
16,49,0,71,96,0.2329505532552221,2.1953034703791086,1.0,1.3265306122448979,0.7228152259828629
16,49,2,71,96,0.04360947769523117,3.5678984375875724,6.9867270031753,3.2813802459347916,3.069839712719064
16,49,3,71,96,0.022765272466153674,6.271642685676326,12.60200742815822,5.114941201031256,5.78161537051727
16,49,4,71,96,0.007128185482285561,26.53068522370902,45.33274408200326,15.802528679837797,26.4651990465825
16,49,0,72,96,0.2261134699610326,1.9736308514867542,1.0,1.3265306122448979,1.0270008043048346
16,49,2,72,96,0.06660792766632494,4.658589052559163,9.24533186958309,4.018883875782233,3.5964663776815735
16,49,3,72,96,0.00960847769614531,12.051324797686402,26.24034875258878,9.568277143702458,10.848406214366255
16,49,4,72,96,0.0023909345047804322,15.89506600116422,44.28703816791115,15.461073687481191,15.819731008412848
16,49,0,73,96,0.197114631549297,2.0628075110404755,1.0,1.3265306122448979,0.9074964921955013
16,49,2,73,96,0.10429308119208221,3.277159705292555,3.2519202142156174,2.061851498519385,3.111723419607907
16,49,3,73,96,0.10946538476551493,5.028369222605498,5.635734292474801,2.8402397689713634,2.861692104231982
16,49,4,73,96,0.018938875011514013,13.20885337479502,29.686207626684233,10.693455551570361,10.837160279402582
16,49,0,74,96,0.25465316473193267,2.3675476781248586,1.0,1.3265306122448979,1.261547443020551
16,49,2,74,96,0.12622403149578576,2.9961606544658466,4.276378961623404,2.396368640530091,1.943459512540858
16,49,3,74,96,0.061447752443999554,3.9133670669993528,15.810362589716696,6.162567376234023,3.86103675080952
16,49,4,74,96,0.012012663487136359,7.7576395190998095,33.012305530430325,11.779528336467044,7.733377876114192
16,49,0,75,96,0.17909619235266921,1.9112541274330455,1.0,1.3265306122448979,1.3353599805255385
16,49,2,75,96,0.11907372523429118,2.651649876250172,5.175712020432501,2.690028414835102,1.6847068842082753
16,49,3,75,96,0.02021819136334186,2.8452026881010544,6.075544497473362,2.9838512644810975,2.25579879838667
16,49,4,75,96,0.00897181126304681,12.062731867690175,33.65082381957442,11.98802410435083,12.054736777033721
16,49,0,76,96,0.1358323709086126,1.9560455693844978,1.0,1.3265306122448979,1.410001043761149
16,49,2,76,96,0.08121436246957375,2.6733291666053303,5.021579626774547,2.6396994699671987,2.2211956206643584
16,49,3,76,96,0.039593874376129386,4.564524698853306,9.127091622095302,3.9802748153780576,4.450881215309703
16,49,4,76,96,0.01315833768120839,4.22197648250455,11.706604264100509,4.822564657665472,3.8927321612061836
16,49,0,77,96,0.21335596676065813,2.3048946511751938,1.0,1.3265306122448979,1.681378269929304
16,49,2,77,96,0.11667539498560339,3.5299609468263493,7.857032418022117,3.5655616058847728,2.404532132508607
16,49,3,77,96,0.03255739385772374,5.422868370063963,13.24938459176323,5.326329662616565,5.3732272744114855
16,49,4,77,96,0.005509902811000918,3.5212613927139875,8.7918203129935,3.870798469548898,3.500794949353319
16,49,0,78,96,0.23965286638003408,2.1081730423654945,1.0,1.3265306122448979,1.2480690110013284
16,49,2,78,96,0.05804356440085042,2.579455379017849,3.207923914263474,2.0474853597595013,1.8490148717193764
16,49,3,78,96,0.026994931241692575,4.116493067628984,6.209134344692279,3.027472439083193,3.1725117821131654
16,49,4,78,96,0.017967317687665105,7.52217830873584,22.34015750432109,8.294745307533418,6.841954280406699
16,49,0,79,96,0.1780081981519812,2.304982602879652,1.0,1.3265306122448979,1.1639617172311183
16,49,2,79,96,0.08520972111964227,3.393100826539661,6.9271515045379415,3.26192702188994,3.2615697896505482
16,49,3,79,96,0.03604920256842116,4.0777530124894845,12.056364398887958,4.936772048616476,3.583308171507672
16,49,4,79,96,0.005482794191898075,4.165272420564923,7.197459700570199,3.3501909226351665,4.150671052874872
16,49,0,80,96,0.19799660628592808,2.0342288970037306,1.0,1.3265306122448979,1.2578132493652743
16,49,2,80,96,0.06325680173966529,3.4771227510964624,7.159194481352506,3.337696157176328,3.0591760264639642
16,49,3,80,96,0.028292759925222837,4.397935759681394,14.037999453932418,5.583836556386095,4.100483736960719
16,49,4,80,96,0.009100272811161719,4.137862361729232,6.445499170081671,3.1046527902307495,4.108786575327371
16,49,0,81,96,0.28210164429145984,2.270965263809357,1.0,1.3265306122448979,1.303289392990286
16,49,2,81,96,0.17296610790750158,4.2056086983492245,6.982952521745519,3.2801477622026183,3.607700090610659
16,49,3,81,96,0.05150912590590053,2.0414675259932045,4.146194216412204,2.3538593359713316,1.835038769974549
16,49,4,81,96,0.01549017732371612,5.290375440500743,18.457912981606377,7.027073626646979,4.504632018855164
16,49,0,82,96,0.19523000968534848,2.70675417530259,1.0,1.3265306122448979,1.10917377326857
16,49,2,82,96,0.2102769713291978,4.935482187875582,5.2224391783605135,2.7052862623218,3.5632109150285833
16,49,3,82,96,0.0630276246332179,5.887693259672796,15.689409706236052,6.123072557138302,4.273608791658359
16,49,4,82,96,0.022435544956463698,19.60760340654486,49.33452386365445,17.109232282009614,19.55455276673053
16,49,0,83,96,0.19631848205433727,2.069889203000571,1.0,1.3265306122448979,1.3408022994463558
16,49,2,83,96,0.061244486735428656,4.256595686172338,4.380400465019094,2.4303348457205205,4.058571522596937
16,49,3,83,96,0.017673461686548,12.30591222974121,20.580200923064613,7.720065607531302,12.281074562669165
16,49,4,83,96,0.005276493457326903,6.433307714213139,12.354032566568502,5.033969817655021,6.306345043096326
16,49,0,84,96,0.30179284063368805,2.231886416054137,1.0,1.3265306122448979,0.9975913853470658
16,49,2,84,96,0.08663309687711812,2.8953702785641617,3.397619528373919,2.109426784775157,2.5862841393368545
16,49,3,84,96,0.038688997537195534,5.487620651391506,12.554232738028395,5.099341302213353,5.250616828881557
16,49,4,84,96,0.011958118905244222,7.283421434564762,18.507483039518416,7.0432597680060125,7.231202429613837
16,49,0,85,96,0.22879339457285208,1.9815543831262885,1.0,1.3265306122448979,1.17919740957361
16,49,2,85,96,0.07382271115971915,2.895407634641929,4.826191127420701,2.5758991436475758,2.4895435323108193
16,49,3,85,96,0.023378440763171665,3.5930516716551533,7.68440560894418,3.509193668226671,3.517008182550459
16,49,4,85,96,0.01982899146836297,10.768658316152681,24.565747189753687,9.021468470123652,10.709702067862063
16,49,0,86,96,0.14901680521343955,2.362175446016022,1.0,1.3265306122448979,1.3668315050888544
16,49,2,86,96,0.08778522979588628,3.815281004996823,5.5698603545234615,2.81872991168113,2.7808119383332417
16,49,3,86,96,0.02548490402227207,2.840004300180671,4.593702315912957,2.4999844296858633,2.2617812718004475
16,49,4,86,96,0.01814413889601473,4.44267011924719,9.772672869593501,4.191076855377469,4.264320546530511
16,49,0,87,96,0.23705561498303468,2.685192643802222,1.0,1.3265306122448979,1.3009359637743023
16,49,2,87,96,0.13227302831535873,4.83168644783718,5.713872815597621,2.86575438876657,4.360980189720674
16,49,3,87,96,0.040680394235451896,3.335544499247594,7.360638453361546,3.403473780689484,2.0226784093459926
16,49,4,87,96,0.008863408326564414,10.08437718785283,17.82305717057743,6.819773769984467,9.49884972260498
16,49,0,88,96,0.19755904595520166,2.184406064002867,1.0,1.3265306122448979,0.9937760008457658
16,49,2,88,96,0.06428236084034983,2.8330449149501566,5.725454157048414,2.8695360512811146,2.15702412818929
16,49,3,88,96,0.03156757495548025,3.9040801312869124,12.518770378800264,5.087761756342943,3.7774082948048844
16,49,4,88,96,0.004418677972293922,2.347144661545618,7.391257741182602,3.4134719154881963,2.2873967987433823
16,49,0,89,96,0.23460524897126128,1.8309079701436297,1.0,1.3265306122448979,0.9452118289205677
16,49,2,89,96,0.08036950907521548,4.171895178546591,6.66641708813181,3.17678925326753,3.5125827745475227
16,49,3,89,96,0.017243973790980475,3.5673002685867257,6.715575215064529,3.1928408865516826,2.85538680071007
16,49,4,89,96,0.0043601843530695185,5.868409599894125,16.60634117282481,6.422478750310141,5.6344832742184305
16,49,0,90,96,0.2232078939455481,2.344677818058186,1.0,1.3265306122448979,1.244475904900135
16,49,2,90,96,0.06724748958778377,4.596705830775869,5.90228085717915,2.927275381936049,3.0909477874296787
16,49,3,90,96,0.03722907466651057,3.579316258939916,5.808926941744956,2.896792470773863,3.0458692579280555
16,49,4,90,96,0.01517502804275887,4.491590667853599,14.664817133087634,5.788511716926574,3.587334915584002
16,49,0,91,96,0.2501274328910512,2.1397926162613277,1.0,1.3265306122448979,1.004741081128555
16,49,2,91,96,0.06393426828088318,2.539007656896586,4.86779283885435,2.5894833759524407,2.2557810547392307
16,49,3,91,96,0.010611938145289792,3.2595184476659984,5.6051645593752815,2.830257815306214,3.16816249075185
16,49,4,91,96,0.0028947638355272132,1.7544688550902832,5.907416789713474,2.92895242113093,1.5354093234200017
16,49,0,92,96,0.2002071160859504,2.25858595789869,1.0,1.3265306122448979,1.6047907994232748
16,49,2,92,96,0.06366633453212728,2.32741957773266,2.844295413203997,1.928749522678856,1.401308498872006
16,49,3,92,96,0.028635307464745786,4.7750146300717144,9.211609078464216,4.00787235215158,3.9356158657800777
16,49,4,92,96,0.009377399602853198,3.7525764127317807,10.001250904678665,4.265714581119564,3.3435016419149903
16,49,0,93,96,0.19700279530828732,2.3145157972326547,1.0,1.3265306122448979,1.3945994208720036
16,49,2,93,96,0.0800676789150608,3.8511436655222617,5.512289714381599,2.799931335308277,2.6971466892473193
16,49,3,93,96,0.0219935390656509,7.14053114777985,12.95247880942305,5.229380835729975,6.110851415638876
16,49,4,93,96,0.017221965796935867,3.9827840983915577,6.7668111324722116,3.2095709820317424,2.3137815978389042
16,49,0,94,96,0.21336838553633816,2.323006487586,1.0,1.3265306122448979,1.2275773779080101
16,49,2,94,96,0.06846175844649457,3.7569213755137802,4.802767238175029,2.56825052675103,2.243269164031839
16,49,3,94,96,0.022836642051843388,4.851565072674374,9.461334123936147,4.0894152241424155,3.8008882004289504
16,49,4,94,96,0.005959705507174097,2.5174097207845563,5.184422673896445,2.692872709843737,1.9076909377970568
16,49,0,95,96,0.1879144911061696,2.2069019192793373,1.0,1.3265306122448979,1.2880094918453473
16,49,2,95,96,0.0839649190765247,3.342810757125045,7.809273267658553,3.549966781276262,2.491390639486099
16,49,3,95,96,0.028546905978055447,4.623721330320961,8.867422529451288,3.8954849075759306,2.920473650976211
16,49,4,95,96,0.005080581957014408,5.871725308482417,10.07190057618776,4.2887838616123295,4.937943312621449
32,97,0,0,96,0.23980469009148195,2.430387673065704,1.0,1.3298969072164948,1.1153843785501598
32,97,2,0,96,0.07985118760040814,5.101809250104802,9.309769634572204,4.071264209343408,2.78955588016548
32,97,3,0,96,0.028561087750995036,4.0260057312111535,8.15833664419731,3.69141002695169,2.6836610764406013
32,97,4,0,96,0.014270198531651656,5.677644662418441,12.159900631250713,5.011513610309513,5.578185396949775
32,97,0,1,96,0.16443587010576063,2.473029504202451,1.0,1.3298969072164948,0.9922971033474002
32,97,2,1,96,0.039897378471038525,3.829452657657621,6.916036506385644,3.2815790536529956,3.2612794442521036
32,97,3,1,96,0.019371850508127623,23.25965484559049,59.4579545680729,20.61499532142611,22.98201939213541
32,97,4,1,96,0.009413258690336697,14.375045640443432,37.15659339269067,13.257845242949498,14.329750840949181
32,97,0,2,96,0.2030115801204112,2.4175140637721544,1.0,1.3298969072164948,1.4727167541905826
32,97,2,2,96,0.07612825435389557,4.726511181642575,8.359601007864724,3.7578065180584654,4.176367256400074
32,97,3,2,96,0.021923999643598705,6.166037470090913,11.335849293419715,4.739661622571452,3.6025950878967317
32,97,4,2,96,0.00981740685224993,7.341448124283211,17.46824117209823,6.762718737187045,7.177555275736316
32,97,0,3,96,0.19155765910867706,2.2154576950527143,1.0,1.3298969072164948,1.4469236966324142
32,97,2,3,96,0.07782951755259636,5.0910439663328715,8.895558951383144,3.934617386023305,4.491631589271364
32,97,3,3,96,0.03296914573842418,3.7789413568795616,6.980842446707791,3.3029583329345287,2.8969874247239744
32,97,4,3,96,0.011599102708297684,7.267338423227184,16.832452933890522,6.552974163757698,4.903191427379716
32,97,0,4,96,0.19485369098290048,2.5297318991053452,1.0,1.3298969072164948,1.3681608104615992
32,97,2,4,96,0.07137946215449356,5.01297400500352,5.895600971837115,2.9449405267916253,2.9013973740869665
32,97,3,4,96,0.025671391521751488,9.03111651529683,25.780063908666733,9.504763351312736,8.502445197201268
32,97,4,4,96,0.007853349699443707,10.652442407188946,27.21805324913752,9.979151587344337,10.367144084302469
32,97,0,5,96,0.14583491398206636,2.362644407347986,1.0,1.3298969072164948,1.4589786073877697
32,97,2,5,96,0.05474353742877504,4.8068724249259835,8.461371435442,3.7913802673623094,3.890401100025929
32,97,3,5,96,0.025342745781287916,5.853533310170974,11.649950340444509,4.843282586538395,5.55842578229166
32,97,4,5,96,0.007273328035863104,4.597673272428267,15.339929885482698,6.060595426138622,4.496405920436917
32,97,0,6,96,0.20040965149732692,2.504597423693651,1.0,1.3298969072164948,1.8331563304410952
32,97,2,6,96,0.0701080902259461,5.092925362708023,8.0050147785192,3.6408296176558186,4.7384488397142235
32,97,3,6,96,0.022582794604715333,5.904789142609745,11.921231286635344,4.932777331673515,5.746484001363818
32,97,4,6,96,0.0042769580477288955,3.76295020321365,7.50396096543464,3.4755335143701904,3.591557042051499
32,97,0,7,96,0.2241968493671344,2.270731015978818,1.0,1.3298969072164948,1.2600965106687094
32,97,2,7,96,0.06707607697663381,3.1366620212800624,5.448196572780782,2.7973431992678868,1.7377934232532586
32,97,3,7,96,0.024430901366879133,11.74957049185505,21.68925731362497,8.155218907587619,11.698416194190267
32,97,4,7,96,0.010276022488128065,14.05498468422254,26.2055806392024,9.645140004685327,13.97081028150902
32,97,0,8,96,0.1688143815383792,2.5293586049620633,1.0,1.3298969072164948,1.1450359034829565
32,97,2,8,96,0.058103801558052635,6.126267041543974,12.590669052806781,5.1536227803073915,4.594378489973178
32,97,3,8,96,0.02123217252407729,9.878890506300394,30.374532031622557,11.020464175380637,8.797474709680873
32,97,4,8,96,0.007436055753642625,6.948139677571815,21.773420022869697,8.182983925070415,6.233152886964728
32,97,0,9,96,0.2081139012596545,2.6898167681294405,1.0,1.3298969072164948,0.9874422971520279
32,97,2,9,96,0.04854092508278016,4.4081238406140635,7.188293477485359,3.3713957863869224,4.084872283445957
32,97,3,9,96,0.021784721277168743,6.820264331671194,22.630395384931873,8.465697446575463,5.37859368541281
32,97,4,9,96,0.0061948079321098234,5.2849352626210475,21.291243811920282,8.023915484344835,5.140939499284762
32,97,0,10,96,0.20686566741225296,2.3527849376499623,1.0,1.3298969072164948,1.4557249762801454
32,97,2,10,96,0.06742490733499447,8.222476606199013,16.395673997967172,6.408882143659273,8.131059476282328
32,97,3,10,96,0.026772189753974485,5.8809823986970695,17.80778253496421,6.874732382668606,5.49218338187885
32,97,4,10,96,0.013854732305374916,11.855052539942442,25.632806306960674,9.45618352394579,11.834260126161995
32,97,0,11,96,0.17570397962179352,2.380150630028231,1.0,1.3298969072164948,1.442628797485326
32,97,2,11,96,0.09828958751337928,5.065110559861559,8.39203671053831,3.7685069560538755,4.035776997626028
32,97,3,11,96,0.018643330339306687,7.198459644932885,19.194344114311512,7.332154759360499,6.739402192480681
32,97,4,11,96,0.004283339456026675,16.981257240269144,75.02672038699312,25.75108301426577,16.947022458184826
32,97,0,12,96,0.19173652724280693,2.58937325926836,1.0,1.3298969072164948,1.560549771861501
32,97,2,12,96,0.07027175551911982,4.745501958936437,5.971451587562164,2.969963410329786,4.457948483654276
32,97,3,12,96,0.03477993155195983,3.91564617590566,5.704724063256653,2.8819708249918854,2.515048390014205
32,97,4,12,96,0.007903645877091331,3.879629528622056,9.446050561623185,4.116222865690123,2.8211116011105206
32,97,0,13,96,0.18249975609699076,2.497498039369279,1.0,1.3298969072164948,1.5764775708122414
32,97,2,13,96,0.0898335142061487,4.215594692960181,5.9775771343118524,2.9719842092575184,2.308527985987147
32,97,3,13,96,0.02630746968358777,12.442324352436518,22.09976974602613,8.290645689410681,12.163799249502267
32,97,4,13,96,0.011505612423382749,6.554647124291609,20.731261703595667,7.839179118711972,6.516250343582415
32,97,0,14,96,0.21471923361261971,2.350849770024026,1.0,1.3298969072164948,1.355558409222188
32,97,2,14,96,0.07525539059908692,4.5389849497999215,6.800713115097579,3.2435342235373454,3.20126161117686
32,97,3,14,96,0.030262688776607725,6.097730952983614,16.578403481803104,6.469164035234013,5.92913161857259
32,97,4,14,96,0.005008785105635362,23.243086609430527,62.666652687087264,21.673534907080334,22.138297495447773
32,97,0,15,96,0.20036773986885686,2.0618374723353505,1.0,1.3298969072164948,1.2265614870206034
32,97,2,15,96,0.07309527038670093,3.8252007783114834,8.073597640416121,3.663454891683669,3.6638569875967
32,97,3,15,96,0.021104700300257545,3.345890932108251,7.761323347639163,3.560436568293332,2.36644513145052
32,97,4,15,96,0.005785480804283517,4.444975121109525,12.368598008113109,5.080362229480613,3.4459688328320612
32,97,0,16,96,0.21080499006735778,2.243176365377562,1.0,1.3298969072164948,1.358374500157364
32,97,2,16,96,0.07988570666090573,4.946291244891044,7.9918269388792025,3.6364789901457164,4.233579336212845
32,97,3,16,96,0.03991448483080867,5.313934151981084,14.885899943903249,5.910812352627876,4.128798879091715
32,97,4,16,96,0.011137305306377675,17.29187936035686,66.32878904801356,22.881662366354988,17.208540661777995
32,97,0,17,96,0.1977286879012164,2.0437168725946506,1.0,1.3298969072164948,1.3095168716478218
32,97,2,17,96,0.0640760592612255,3.632236901450025,5.457081099117619,2.8002741770284927,3.1276675483683922
32,97,3,17,96,0.03662691189436664,6.158997155077923,15.431960821179404,6.090956147193205,3.8651108710690325
32,97,4,17,96,0.012629530450023298,9.156732839562633,16.211790912755205,6.348219682558418,9.129760554271114
32,97,0,18,96,0.19775921431314852,2.2261355719322156,1.0,1.3298969072164948,1.6404559109864174
32,97,2,18,96,0.04798069884751981,2.6131596515939894,6.577337000385953,3.169843134147943,2.4186209979718094
32,97,3,18,96,0.01814498236311459,26.571244929657404,89.42224481493362,30.500122000802843,26.562041799890174
32,97,4,18,96,0.008025247868752682,10.915052328609338,36.30648715843211,12.97739782546214,10.898576834285414
32,97,0,19,96,0.19555836727176307,2.4652363158287582,1.0,1.3298969072164948,1.1735244693332127
32,97,2,19,96,0.05941663403698453,4.3886108209173615,8.376361600384099,3.7633357856937235,3.757285599731492
32,97,3,19,96,0.0239751618196808,4.927727875072042,14.372732973061943,5.7415201560616715,4.081883053763916
32,97,4,19,96,0.007998252838139966,17.338181795478704,68.38789618355474,23.56095544199744,17.285682780496234
32,97,0,20,96,0.20295551661976433,2.33236819881081,1.0,1.3298969072164948,1.228969302710413
32,97,2,20,96,0.08107974894629473,4.124278938944258,8.376791295234167,3.7634775406958076,3.402404409992713
32,97,3,20,96,0.02235758177788983,7.249058633916198,22.592869218846104,8.453317680444076,6.971321442236128
32,97,4,20,96,0.007919916633569245,4.216215473628033,13.961594433544988,5.605886823437522,3.967189354422126
32,97,0,21,96,0.23350184527656234,2.4351336366301877,1.0,1.3298969072164948,1.5565706990747117
32,97,2,21,96,0.07204520575399946,4.930668805424765,9.077555906539502,3.9946576186522065,4.258252226570297
32,97,3,21,96,0.031827158968002756,9.40760920370035,23.648457736900546,8.801553067843479,9.093773075434354
32,97,4,21,96,0.006424063076671257,7.446608754377021,19.837623276565996,7.544370565465071,5.158405250500768
32,97,0,22,96,0.2085842696566124,2.2810258249942263,1.0,1.3298969072164948,1.421123444444491
32,97,2,22,96,0.07659684736401375,4.909110026903427,12.350821298869795,5.0744977480807565,4.2588568323329605
32,97,3,22,96,0.03206516281177039,25.238118212548706,59.88321166200306,20.755286321485546,25.17920308776542
32,97,4,22,96,0.009348194374008184,132.68101689753365,326.4656785096705,108.7000176526748,132.65220803972508
32,97,0,23,96,0.20328674042520037,2.2792125828975824,1.0,1.3298969072164948,1.112374530390812
32,97,2,23,96,0.09092288031878158,4.750213490159841,11.528454731560254,4.803201560927095,4.357804063069825
32,97,3,23,96,0.042123683876887766,12.433393738391892,38.19572243683563,13.600650700811753,12.274212747405192
32,97,4,23,96,0.00910836434933807,34.84096819618584,117.10233486085667,39.631698098426945,34.80190302241993
32,97,0,24,96,0.2097913016655557,2.247427704264208,1.0,1.3298969072164948,0.9938706069978037
32,97,2,24,96,0.04637729402753585,3.9166225451686687,6.31565469029184,3.0835149493746274,3.2721947022618707
32,97,3,24,96,0.019838530363664644,5.922486300236974,10.945338983357173,4.610833479045665,5.084524339923008
32,97,4,24,96,0.007203776971928641,8.22465387830417,13.019964601671832,5.2952460541597794,7.841692120849518
32,97,0,25,96,0.23283299858696124,2.5294768182863363,1.0,1.3298969072164948,1.285615388277581
32,97,2,25,96,0.08680029142984197,5.028754362918862,11.89502646179352,4.924132441004048,4.595591823731832
32,97,3,25,96,0.02644325293932954,8.020145190002708,20.933037619296332,7.905744369252398,7.610948069810624
32,97,4,25,96,0.00740792163183861,9.310569228624754,18.29334636362764,7.034918388000872,7.051785389773316
32,97,0,26,96,0.24291851418039884,2.402579822539021,1.0,1.3298969072164948,1.447010767483627
32,97,2,26,96,0.09759053666257705,4.846805600354229,9.023517140011247,3.976830396704741,2.644294036210687
32,97,3,26,96,0.028675516988098067,10.791531946733226,34.17140801097282,12.273041818052889,10.710689091847048
32,97,4,26,96,0.004770442704041862,5.110900344282051,16.0308762441269,6.288536492907843,4.879904082264153
32,97,0,27,96,0.19077313593551504,2.3990736724892896,1.0,1.3298969072164948,1.0617155016450395
32,97,2,27,96,0.049819017933220605,3.7157078389012757,8.88133042096791,3.9299234378450834,3.465008561972913
32,97,3,27,96,0.018577232567977275,3.6740653538239356,10.008237984909297,4.301686757908222,3.5940724433484843
32,97,4,27,96,0.005219256159937058,3.1586898095741334,7.485738382368363,3.46952194057513,2.113794016857991
32,97,0,28,96,0.21602699567487316,2.194630275568227,1.0,1.3298969072164948,1.4921788501215967
32,97,2,28,96,0.0693782843053848,4.550676229856185,7.91246624137732,3.6102981414853015,3.329746066528278
32,97,3,28,96,0.033435054418550665,8.134235549587483,19.58015247662854,7.459431744867148,8.0512119446746
32,97,4,28,96,0.012833814485931353,7.0877858822327156,15.578312970956478,6.139237268769147,4.176870436233185
32,97,0,29,96,0.2028469659259144,2.6755038268458966,1.0,1.3298969072164948,1.4553249018748813
32,97,2,29,96,0.07776001943328767,5.132803213539848,9.419569245589035,4.107486761431434,4.719505051090813
32,97,3,29,96,0.04552670646395543,9.825509383679982,14.505141868419287,5.785201441128012,9.685429914679702
32,97,4,29,96,0.008282876569952267,8.50451781026685,13.328994796402599,5.39719415963797,8.434292157151262
32,97,0,30,96,0.20667861107221153,2.2747027192174554,1.0,1.3298969072164948,1.458928178208185
32,97,2,30,96,0.08829711776672511,4.469333624421969,10.070845272014537,4.3223407082934555,3.724207426349021
32,97,3,30,96,0.029699890938211192,9.417656927154855,16.22886973378409,6.353853932794752,6.4396800290633855
32,97,4,30,96,0.010699414454884166,12.741511563011606,24.083414167387872,8.945043849035173,12.206926803054765
32,97,0,31,96,0.18404904210351172,2.328633796531896,1.0,1.3298969072164948,1.2731889078988956
32,97,2,31,96,0.09903322377387033,4.573200326671676,7.957884525620966,3.62528149298836,3.482304984577055
32,97,3,31,96,0.02488295479707951,5.160618369349573,15.452839979587283,6.097844116977248,5.076008491324627
32,97,4,31,96,0.007184179505193395,5.106082058696028,18.16011981672053,6.9909673622170825,4.72931200606426
32,97,0,32,96,0.19546853885569757,2.2809769879026414,1.0,1.3298969072164948,1.4001983172799681
32,97,2,32,96,0.05294505144080993,4.450948513522849,8.868591225511604,3.925720816663622,3.8300959084297888
32,97,3,32,96,0.024859651542555896,5.616148163687227,14.718318553924535,5.855527770366857,5.316472879479703
32,97,4,32,96,0.016768345816615984,14.127456710764651,42.003404079606874,14.85679309842701,13.947873937217443
32,97,0,33,96,0.1698990930788497,2.343896474662552,1.0,1.3298969072164948,1.3251262110382227
32,97,2,33,96,0.03190545372609449,2.6052558406896726,6.622356777900108,3.1846950195134376,1.447759713051912
32,97,3,33,96,0.014321795976579342,3.0183141646008522,9.82411004091257,4.240943518651569,2.452416108881505
32,97,4,33,96,0.005579474821399728,3.2111257637335098,10.456498628225171,4.449566557765005,2.9900170359783895
32,97,0,34,96,0.21286583552152455,2.4804868452854363,1.0,1.3298969072164948,1.0529531891087238
32,97,2,34,96,0.08321594018642825,4.666760817833514,10.58250678348026,4.491136258467715,4.4166580120071215
32,97,3,34,96,0.04436066986141825,11.768248286168426,22.93010577821104,8.5645709783789,8.951045507716312
32,97,4,34,96,0.016787148338028617,26.887614845680943,106.4124011499323,36.105122028843645,26.834972410777485
32,97,0,35,96,0.2091526635753129,2.3696773794103834,1.0,1.3298969072164948,1.293173024716456
32,97,2,35,96,0.06493096000133257,3.674248829260539,5.332161552649769,2.759063604997862,2.7699535602156096
32,97,3,35,96,0.022180201235998512,15.544968025371599,41.807430456331595,14.792142006212485,15.311841138674586
32,97,4,35,96,0.007685403616543516,10.428345885008905,30.048019600502837,10.912748734186502,10.264665495565163
32,97,0,36,96,0.23675115337808295,2.4600408535189624,1.0,1.3298969072164948,0.8896864784843395
32,97,2,36,96,0.0975029601217178,4.8076462573617365,8.016444166180474,3.644600137296651,2.9176326423625762
32,97,3,36,96,0.02023081997729697,3.113741785761422,7.528342481288622,3.483576901043669,2.617648420302844
32,97,4,36,96,0.007808238815161043,4.645194231708215,9.347897585555348,4.083842502451249,4.476224248695289
32,97,0,37,96,0.21537918450969593,2.413880212232797,1.0,1.3298969072164948,1.4379760188272621
32,97,2,37,96,0.14045936081947477,5.150299925046967,10.189656402942608,4.361536132929521,3.7964295794581617
32,97,3,37,96,0.02649110943942569,10.9519943422058,35.81615250553254,12.815637939969498,10.789326934959991
32,97,4,37,96,0.010610040233253442,21.86059750944193,72.27541606797735,24.843436228611083,21.323337338880204
32,97,0,38,96,0.194978650863105,2.273266807237333,1.0,1.3298969072164948,1.3486508992259523
32,97,2,38,96,0.05787611356743964,3.1175786913890717,5.421484824394505,2.788531076088909,1.8993107406114946
32,97,3,38,96,0.02102978932587264,12.13976432655187,36.502728073269886,13.042137096336457,11.914456215040154
32,97,4,38,96,0.004928061906155952,8.944098120764046,24.504444462662416,9.083940441290693,8.74925173042006
32,97,0,39,96,0.2374201802786213,2.4039932239219963,1.0,1.3298969072164948,1.2533151694585485
32,97,2,39,96,0.08337914666673624,4.325010987289001,9.11845892967404,4.008151399480095,4.142443732632976
32,97,3,39,96,0.03365440202796155,18.88878531891298,51.38463947768307,17.95163364212225,18.85485253323416
32,97,4,39,96,0.008357007903091608,4.46828526287536,9.152903851143938,4.01951467254233,3.2988515299203596
32,97,0,40,96,0.2122362682146535,2.287203100324473,1.0,1.3298969072164948,1.3169769240766305
32,97,2,40,96,0.07408391050333693,4.093985138064673,5.5653166447497355,2.8359807487834177,3.4683448620186756
32,97,3,40,96,0.022845552413018725,6.492754838461851,16.062981650283916,6.299127967103972,5.462826030214658
32,97,4,40,96,0.008036605424931354,12.284292356660941,46.531032383893745,16.350443673037113,12.241574077643955
32,97,0,41,96,0.1747692866316889,2.3866359079742967,1.0,1.3298969072164948,1.3205891466403217
32,97,2,41,96,0.05559184541314069,4.025650158791674,9.27209309495758,4.0588348354499235,3.4833233533421195
32,97,3,41,96,0.02498650452240105,5.593303085294773,11.800385403949802,4.892910648725708,5.122283277999512
32,97,4,41,96,0.012455716105616084,5.745709927315905,19.0721739844408,7.291851211361913,4.4139919074888425
32,97,0,42,96,0.22964249730333502,2.4299801633162876,1.0,1.3298969072164948,1.4609088700141923
32,97,2,42,96,0.07853526280424922,3.5385008943452183,5.840589694498639,2.926792476535633,3.188548686324561
32,97,3,42,96,0.04296010346523338,3.9398735728343652,9.912364422493782,4.270058366183516,3.803648402057708
32,97,4,42,96,0.027899931211082377,14.341829027926478,35.41965404118987,12.684834322866761,12.735461077584594
32,97,0,43,96,0.20788300462874082,2.319532341100596,1.0,1.3298969072164948,1.1000374485688955
32,97,2,43,96,0.049982630045881646,3.04270950594754,6.397765940808848,3.1106031969678676,2.690107686532936
32,97,3,43,96,0.018087834066205302,6.1740909200913485,14.962720311306397,5.936155154245409,6.0987458346892955
32,97,4,43,96,0.00418925947062849,17.503746057257814,44.14786605793167,15.564244472719727,17.39381863598999
32,97,0,44,96,0.16769146277090613,2.3488349238467467,1.0,1.3298969072164948,1.0942994261067132
32,97,2,44,96,0.0662049192878331,4.594813177541857,10.123761636339403,4.33979765322537,3.6933787315248714
32,97,3,44,96,0.021975079496189293,6.391739541038373,11.567038566050654,4.8159302485940305,3.4089079858098295
32,97,4,44,96,0.00915225761963007,9.103671368533039,14.203559040203906,5.685710198830154,4.860419901656757
32,97,0,45,96,0.23090332324256263,2.282002263500748,1.0,1.3298969072164948,1.3823170919880257
32,97,2,45,96,0.05534040620707149,2.9973538984178956,3.9373726062626027,2.2989270453649824,2.4937123165378106
32,97,3,45,96,0.011256657209820038,5.979011678328591,13.604508411987531,5.488085249315474,5.862983312556087
32,97,4,45,96,0.0034283016180508908,3.3430998278195316,8.296038566107741,3.7368374651077083,3.3076123066550553
32,97,0,46,96,0.21528793129895885,2.4266816588712556,1.0,1.3298969072164948,1.4507236692962622
32,97,2,46,96,0.07031564452421413,4.978858889903693,10.471743981997127,4.454595952823794,4.155032168740401
32,97,3,46,96,0.025103177379184462,6.805453881182997,13.000446975887748,5.288807249777401,4.355064881583644
32,97,4,46,96,0.009635039501498513,2.803100726031955,6.58000494973953,3.1707232823882987,2.5068886343540346
32,97,0,47,96,0.19831852968831173,2.148715068223715,1.0,1.3298969072164948,1.6509002913784556
32,97,2,47,96,0.04591093437949957,4.142575478230123,8.406280358602876,3.773205891497856,4.05544503968561
32,97,3,47,96,0.013813847193716755,4.742365790274535,8.388274372997449,3.7672657725352408,4.329024687237124
32,97,4,47,96,0.005236831197762309,5.017021049578867,10.562339209046353,4.48448303803591,4.938639895691856
32,97,0,48,96,0.2003168922377378,2.435222606523363,1.0,1.3298969072164948,1.2888131400662666
32,97,2,48,96,0.06879593517104553,7.353882337014367,11.167817630258225,4.684228496580033,7.155964564471168
32,97,3,48,96,0.03371515660681222,10.48405751087559,16.421444642488915,6.4173837995839715,10.04252505453729
32,97,4,48,96,0.005298193635883954,10.864053118143808,21.07330797477082,7.95201912569759,10.83909672635142
32,97,0,49,96,0.21935860964025664,2.417626179841797,1.0,1.3298969072164948,1.3567200844967073
32,97,2,49,96,0.07222682546200526,3.350799626818252,4.26679364650615,2.407602027713369,2.7625226013496835
32,97,3,49,96,0.02737515671868152,3.235900104126471,10.261007755156035,4.385074723350444,3.137076592442435
32,97,4,49,96,0.010222222966851092,10.884980819802898,38.27337212871025,13.626267094007504,10.86166087527292
32,97,0,50,96,0.21532443258075665,2.224300603850088,1.0,1.3298969072164948,1.5043416350538976
32,97,2,50,96,0.07201856980241887,4.368840559344893,6.816271623165386,3.2486669272298183,3.177791035683609
32,97,3,50,96,0.0351745246548985,10.656628272526179,23.58321246618825,8.780028854824991,9.360268083122147
32,97,4,50,96,0.012103814774950327,5.32420651598136,11.412674013364875,4.765005860079134,4.984456855251204
32,97,0,51,96,0.2158763987769749,2.3598791321844472,1.0,1.3298969072164948,1.4618553269967027
32,97,2,51,96,0.10248800828800864,4.852545027421223,6.770668159346499,3.233622485557608,2.969529722937226
32,97,3,51,96,0.03979296741954636,4.845596849990329,16.160733257061548,6.331375919855356,4.605182544240631
32,97,4,51,96,0.01608381584930268,6.729440951172354,24.712796277024065,9.152675060461547,6.646337023862302
32,97,0,52,96,0.19491019350574315,2.2975881849131374,1.0,1.3298969072164948,1.3000788977458781
32,97,2,52,96,0.08667874339788993,4.743057987212755,8.588170595032457,3.833210917948852,4.1355008650160325
32,97,3,52,96,0.060402061812709636,7.354344376790012,16.203679120054925,6.345543627234615,6.850898285653227
32,97,4,52,96,0.014434396267067105,8.044631493262122,35.433982359143776,12.68956119064537,7.4580863045257795
32,97,0,53,96,0.23090159513881228,2.407585593665024,1.0,1.3298969072164948,1.0178997006610704
32,97,2,53,96,0.05171654371327846,3.31063010965579,6.0386532113666345,2.992133018182807,3.026134335778502
32,97,3,53,96,0.02134848562981815,14.303477061636169,32.741578358243125,11.801345437770928,13.946028851123375
32,97,4,53,96,0.008013080678469597,12.076637258554253,22.36150289974636,8.376990647339005,11.87455157049287
32,97,0,54,96,0.17708839538305526,2.3766501682286294,1.0,1.3298969072164948,1.6307178079367648
32,97,2,54,96,0.06804882336217312,2.777351224327255,6.599754901942259,3.1772387305376526,2.706484054312236
32,97,3,54,96,0.026209977196837802,4.462007526298812,11.98226650155927,4.952912660308213,4.427523219744577
32,97,4,54,96,0.007523464491290164,6.763704781667196,24.490277746601393,9.079266885476748,6.744525548189516
32,97,0,55,96,0.18437219754050038,2.3243812319162567,1.0,1.3298969072164948,1.0508450310209936
32,97,2,55,96,0.10160245056549104,3.4717126117839947,7.81514340547975,3.5781916389211545,2.5640456258751017
32,97,3,55,96,0.05900506665414007,5.07357358302839,10.115322050278378,4.33701345988565,3.969277064290283
32,97,4,55,96,0.006671063091144723,3.8546255987525697,7.760948422754217,3.56031288173335,3.6648313813316755
32,97,0,56,96,0.2430528797519676,2.1241292849187565,1.0,1.3298969072164948,1.459573001594785
32,97,2,56,96,0.07730866163124356,3.6760647059669025,5.3738592849955324,2.7728195579366703,2.0821407305554356
32,97,3,56,96,0.039026816515853296,4.55027601900325,8.71673670297865,3.875624479333163,4.377779567364335
32,97,4,56,96,0.011574800465585412,6.981606136740881,12.806285283398967,5.224753907925432,6.918146972722022
32,97,0,57,96,0.22357393535864523,2.3226724253439595,1.0,1.3298969072164948,1.516423473426175
32,97,2,57,96,0.09446534585605561,3.4097224139621676,6.141456009746415,3.0260473434214976,2.551169800995113
32,97,3,57,96,0.02202631701435093,3.615873220466009,7.454185049542561,3.459112593663525,3.1218865670868876
32,97,4,57,96,0.00757697492233136,3.9462924323577573,9.118221300572472,4.008073006374424,3.823340187976132
32,97,0,58,96,0.2199536823659884,2.2566180912434946,1.0,1.3298969072164948,1.3829756581543504
32,97,2,58,96,0.06396726792723263,4.76932184906306,8.038191523726066,3.651774523291073,4.509326588023915
32,97,3,58,96,0.02371597430800559,6.873847122300415,22.277080612434965,8.349139995854834,6.625708047839409
32,97,4,58,96,0.0059259330842051415,10.533715116968036,31.505475468011454,11.39355891728213,10.455538656922315
32,97,0,59,96,0.24160283947243788,2.2926079441768485,1.0,1.3298969072164948,1.4764255288001482
32,97,2,59,96,0.07083950369093373,5.154800901324385,8.148135146356527,3.6880445843650396,4.065585069315219
32,97,3,59,96,0.029272412354782475,8.074903134920158,20.278740409014183,7.689893743179937,6.759958217827448
32,97,4,59,96,0.005475038236677712,38.875190523392256,120.22819941507474,40.662911147241154,38.84491186440456
32,97,0,60,96,0.22104882525806077,2.3451844796411137,1.0,1.3298969072164948,1.7041931622546507
32,97,2,60,96,0.041988050754281664,4.1223723732917135,10.208554439940471,4.367770536887578,3.583930834030362
32,97,3,60,96,0.0174782403823815,7.3783069822851886,16.591822316647463,6.473590867347617,6.883325413227086
32,97,4,60,96,0.0047464123954932234,6.163732342057669,13.561971377713304,5.474052413266245,6.035942708521019
32,97,0,61,96,0.231912878054246,2.346691797750848,1.0,1.3298969072164948,1.2617381709017776
32,97,2,61,96,0.08319474971258665,4.459243077297447,7.671074098664762,3.5306636201780655,3.092150170386633
32,97,3,61,96,0.030186295394155214,8.745245532234922,21.426669359222814,8.068591953558041,8.400326275353098
32,97,4,61,96,0.010800643115494833,8.707954268926471,28.259377925042394,10.322681377333573,8.656262908792655
32,97,0,62,96,0.20649083593130058,2.1081039938642343,1.0,1.3298969072164948,1.0919039620235154
32,97,2,62,96,0.11246745767675488,5.536684181416328,10.623199020276743,4.504560501534596,5.178929476332511
32,97,3,62,96,0.031922267677857684,14.984942195094792,41.68291623494132,14.751065149671362,10.517026159194293
32,97,4,62,96,0.01297409597444403,60.68859189444541,167.1058223237735,56.127693962481985,60.65795119280011
32,97,0,63,96,0.2141891969903485,2.280360664463689,1.0,1.3298969072164948,1.0091211982593613
32,97,2,63,96,0.09439256447682677,3.586331697832099,5.922194486347795,2.953713644980716,2.728448021808237
32,97,3,63,96,0.040590686121311864,5.445308237227787,11.053839211178797,4.646627368636304,4.420521358537885
32,97,4,63,96,0.012174410685866539,9.379207810009738,19.179576964171716,7.327283122200979,7.971068739509519
32,97,0,64,96,0.21112334664297885,2.4966769326327913,1.0,1.3298969072164948,1.5594154686499695
32,97,2,64,96,0.13363913817430065,6.913628626981515,8.92205057931945,3.9433568921466224,6.458123151564737
32,97,3,64,96,0.06580271379856775,10.55514592596682,21.833975956295042,8.202961140221046,10.452903161727106
32,97,4,64,96,0.0180275934218296,41.948851615960734,98.85205546518371,33.61098736995751,41.9323838096186
32,97,0,65,96,0.23717899108647927,2.468838986596542,1.0,1.3298969072164948,1.2809237873227068
32,97,2,65,96,0.08469306077560956,3.5488653316813115,5.191010173408233,2.7124982015367367,3.138240793890657
32,97,3,65,96,0.02827214621831759,14.132928403306277,30.184513128948097,10.957777527075661,13.95870091182034
32,97,4,65,96,0.007589704844455176,34.41581491389897,75.48257703258338,25.901468711780083,33.93691022072673
32,97,0,66,96,0.18253326869235348,2.2829885989188297,1.0,1.3298969072164948,1.3152127738067643
32,97,2,66,96,0.08737174733068923,2.9279871371240573,4.8688863975617105,2.6062305641440693,2.733495027727429
32,97,3,66,96,0.0266306113127745,6.3350321538771475,11.741159833947425,4.873372316353789,6.143712421335822
32,97,4,66,96,0.005209659805424306,5.321176214037475,12.294536985264983,5.055929727097727,3.729167934469043
32,97,0,67,96,0.2190552451120502,2.3893941068345077,1.0,1.3298969072164948,1.369498336007976
32,97,2,67,96,0.07584781518265761,4.588324553468057,6.804453995884506,3.2447683285392186,4.333652087041716
32,97,3,67,96,0.0337182481778151,7.57564641454697,15.168654951678523,6.004092355192915,5.774150033984665
32,97,4,67,96,0.009303162043040835,6.6559908089943445,14.15134368966706,5.6684845161788235,6.529908600425176
32,97,0,68,96,0.184648036813061,2.1827123140103715,1.0,1.3298969072164948,1.2460401779587114
32,97,2,68,96,0.0799516418679249,4.663485499832376,8.813848331290659,3.907661305168052,3.3056591542026377
32,97,3,68,96,0.02221587893479798,6.497404222120559,23.53669371192377,8.764682461665574,6.245085195453534
32,97,4,68,96,0.013900586329022743,8.33835697249215,16.925734033793375,6.583747310117402,6.14179249912167
32,97,0,69,96,0.21115349367547734,2.304344517209218,1.0,1.3298969072164948,1.3551526066842468
32,97,2,69,96,0.0830033415641954,4.742366626639985,8.982285968548386,3.9632283607582304,4.526342767038632
32,97,3,69,96,0.024094709395957724,3.9281543114159545,13.383920685466862,5.415314040566387,3.5243227497144916
32,97,4,69,96,0.00951099726595409,12.101526444616088,27.677824835936445,10.130828811855322,8.051833059009272
32,97,0,70,96,0.19151929761878678,2.6000357018729585,1.0,1.3298969072164948,1.702264677820476
32,97,2,70,96,0.1039703263948476,4.4950182793603135,10.300398022104588,4.398069450591205,4.222358718143312
32,97,3,70,96,0.04197353845406714,7.467495366124732,19.92183518380855,7.572151813215192,7.164386520020741
32,97,4,70,96,0.01858100939582343,4.324321412464095,9.799129512653147,4.232702519638152,3.2904389318228873
32,97,0,71,96,0.22085188351091928,2.323536170794464,1.0,1.3298969072164948,1.551321109947689
32,97,2,71,96,0.1010678259581429,3.7062069640128357,7.073735361483072,3.3336034182212195,3.284395893835916
32,97,3,71,96,0.036328493791597624,12.382675843330624,26.849199257490046,9.857467796285375,12.36750722407079
32,97,4,71,96,0.009904127899783968,9.466100530848085,20.174873703068716,7.6556284381257615,9.383902560074175
32,97,0,72,96,0.15885392885715743,2.228235356446699,1.0,1.3298969072164948,1.40968279955931
32,97,2,72,96,0.0939283556365144,7.207609920710324,12.628788143807325,5.166198150534376,6.978539870672178
32,97,3,72,96,0.03704825425866506,7.506544973440721,13.116764527090973,5.327180050174341,7.036175982511883
32,97,4,72,96,0.007308521525634541,14.785296307712596,37.82384264819519,13.47796870868295,14.622004574321329
32,97,0,73,96,0.20682559009479506,2.524890229454531,1.0,1.3298969072164948,1.3746311674130125
32,97,2,73,96,0.0854709656558102,3.77331434520678,9.030964625371343,3.979287299091577,3.2008961105068194
32,97,3,73,96,0.029508811503642044,9.20827599056479,18.30930140604241,7.040181907148012,8.769174661946428
32,97,4,73,96,0.007721381191935232,28.953371915846667,62.86760650567262,21.739828950324988,27.950703274386044
32,97,0,74,96,0.1903795871741009,2.2739372395209925,1.0,1.3298969072164948,1.2441163654929541
32,97,2,74,96,0.05207513277674875,2.9817444959492354,6.763858381357522,3.2313759608602135,2.6543450208344064
32,97,3,74,96,0.016408809217072984,6.961669402963286,15.217064405290337,6.020062484219492,6.856112955609855
32,97,4,74,96,0.004393147685644481,8.528846611655148,17.551529628570325,6.790195341384025,8.487443864888517
32,97,0,75,96,0.21463741086486657,2.4126139803028117,1.0,1.3298969072164948,1.4021599167347945
32,97,2,75,96,0.08613346336380194,4.462276068295302,9.433594050467347,4.112113501185104,3.8717750692016186
32,97,3,75,96,0.031079084097019025,20.450849296311084,62.786592742273456,21.713102760337634,20.41443659955305
32,97,4,75,96,0.009108387512661398,10.96597191533348,33.19162025467815,11.949812867522688,10.918184617873582
32,97,0,76,96,0.19685070036198715,2.3014206832991246,1.0,1.3298969072164948,1.4123414314951026
32,97,2,76,96,0.06871309132256392,6.291444687956028,12.04576745700604,4.973861429115395,6.125542551370761
32,97,3,76,96,0.022140099668781846,7.362486130746381,15.311281338166044,6.051144358982612,6.726550477592366
32,97,4,76,96,0.01799269225924299,9.277531478606683,27.05398372986238,9.92502556036697,9.251454327600735
32,97,0,77,96,0.19369554527305746,2.1484301633101817,1.0,1.3298969072164948,1.1406657319334155
32,97,2,77,96,0.06931561665775818,2.7755515823530463,5.891574894097174,2.943612336197006,2.409903711935337
32,97,3,77,96,0.01908741644176893,5.0720003664126345,11.803702338941049,4.894004895320759,4.8265164277762675
32,97,4,77,96,0.006207811229050195,9.3257818985617,21.17594788407854,7.985879714335188,8.196611597316034
32,97,0,78,96,0.19472278731465414,2.133447684079662,1.0,1.3298969072164948,1.4111323219480376
32,97,2,78,96,0.07763717662631675,4.10720261713565,7.922737378392074,3.6136865578200656,2.998172186170171
32,97,3,78,96,0.02361319510983163,7.560579404969184,18.438590683592682,7.082834039948101,7.510331243279351
32,97,4,78,96,0.004680028439389135,7.366331628542408,17.61028131909957,6.809577342383363,7.236961143962484
32,97,0,79,96,0.18694371215927114,2.1020719999676802,1.0,1.3298969072164948,1.0653446636997699
32,97,2,79,96,0.06871811401037722,3.456128478643529,6.43367196551623,3.1224484834692716,2.4685707914919233
32,97,3,79,96,0.027198074377388495,4.835600136135077,10.400982469800017,4.431251948800005,4.6939878299916415
32,97,4,79,96,0.006974875546208558,3.217970780334163,5.8451698603777915,2.9283034590937045,2.4893199211653183
32,97,0,80,96,0.206336855113246,2.2682986107554743,1.0,1.3298969072164948,1.2405196476606037
32,97,2,80,96,0.07012392391612035,3.6107787217128218,6.650866624458398,3.194100329718234,2.1558557301265058
32,97,3,80,96,0.01191200752034317,8.074286653486492,16.62697625576546,6.485188043139121,6.998959753576397
32,97,4,80,96,0.003730475478365878,6.645726211978843,21.263941033514058,8.014908382190205,6.347182317890352
32,97,0,81,96,0.18131587441573566,2.219582800023678,1.0,1.3298969072164948,1.6263037650384207
32,97,2,81,96,0.053390208768792684,5.001486314594922,8.714855201861141,3.875003777933572,4.616566849506809
32,97,3,81,96,0.019722169358820107,4.672530625447006,6.931425934771096,3.2866559784811864,2.2425679568833083
32,97,4,81,96,0.00662243752257966,4.535737804607899,8.922238826106346,3.943418994179413,2.699128231701098
32,97,0,82,96,0.17923040367498055,2.2657883446731133,1.0,1.3298969072164948,1.3596955615150148
32,97,2,82,96,0.059400762893079634,5.960631424293453,13.31467470501315,5.392470005777534,5.626748187776104
32,97,3,82,96,0.01896460975980165,6.482704031828337,12.384586169722812,5.0856366745477315,2.8246370390876177
32,97,4,82,96,0.00783869129980115,6.0967063749964705,11.392481537357517,4.758344424695263,5.979803222404381
32,97,0,83,96,0.23877008052797835,2.2302432410020714,1.0,1.3298969072164948,1.160850785757224
32,97,2,83,96,0.06418666735368055,3.4419593148115304,11.21680150991504,4.700388126982281,2.7330418022405016
32,97,3,83,96,0.03472115508911662,5.472954537587924,23.169857953822433,8.643664479611523,4.679282547558035
32,97,4,83,96,0.010793891913123806,24.521204562387922,61.96000651755404,21.44041452125494,24.490173366063967
32,97,0,84,96,0.23299392802085347,2.417296599313121,1.0,1.3298969072164948,1.2186281395530798
32,97,2,84,96,0.07309612161899921,5.568783044043224,6.522230242240434,3.1516635850690093,4.804082201542977
32,97,3,84,96,0.04012812214202093,6.804574199923039,17.773749720916552,6.863505062570408,5.693455250265076
32,97,4,84,96,0.014721114634911032,10.261439578814354,15.35607675103152,6.065922227144418,10.18964298316693
32,97,0,85,96,0.21930563385932839,2.1673418778123144,1.0,1.3298969072164948,1.2397832493112506
32,97,2,85,96,0.11238476712844547,3.6653126141932315,8.096903672717398,3.6711434796593476,2.9223486417901925
32,97,3,85,96,0.0453500945266862,3.7836260022150805,13.030710146835816,5.298790976275733,3.6639764754643793
32,97,4,85,96,0.014962790023099928,2.9151997696143663,9.05829635159669,3.988303951042207,2.7444931622661097
32,97,0,86,96,0.24369554611075595,2.3763210780725323,1.0,1.3298969072164948,1.2834295683816883
32,97,2,86,96,0.11934936891456782,3.575052554845023,7.820125945279662,3.5798353633912283,2.9757897856383715
32,97,3,86,96,0.0329836933545745,4.7653507572222535,8.3803484363684,3.764651030554524,3.4179232724932844
32,97,4,86,96,0.012112777013806848,5.7257652871914235,13.362825733316527,5.4083548810941116,3.147441679074091
32,97,0,87,96,0.21084965939970404,2.470579744173347,1.0,1.3298969072164948,1.4081163259063472
32,97,2,87,96,0.09166836898934771,4.386583128155169,6.55325096549948,3.161897225731787,3.174317521276162
32,97,3,87,96,0.033697479041760355,15.47350344213228,26.99898918160997,9.906883028984733,15.316906814584392
32,97,4,87,96,0.022766904160205374,5.795192776995288,12.5879153257197,5.152714334258046,5.039051630567619
32,97,0,88,96,0.17879419853041092,2.355716542622185,1.0,1.3298969072164948,1.129374267744386
32,97,2,88,96,0.07057373879245267,3.7901505024630344,5.730423299131997,2.890448923424989,3.5032129475182905
32,97,3,88,96,0.019707247479490146,3.9077918960406404,7.27194307359986,3.3989915294350053,3.806991860032293
32,97,4,88,96,0.006288632897155456,5.4431681546743,12.631632816252838,5.167136599176194,4.953755072399227
32,97,0,89,96,0.2371003956271734,2.05595095305074,1.0,1.3298969072164948,1.2062030908055428
32,97,2,89,96,0.05525760699961529,4.318355181536861,9.109658497788619,4.005248164218926,3.598451606021591
32,97,3,89,96,0.016426179305200884,11.010103543464531,27.589285333653898,10.101619903885823,10.467157311663078
32,97,4,89,96,0.006383981577649543,8.167247081626101,28.285465754818087,10.331287671692564,7.423627511648932
32,97,0,90,96,0.1726462129224004,2.36505208618857,1.0,1.3298969072164948,1.570493529345223
32,97,2,90,96,0.07296628464418933,4.048095992769384,10.087232130180169,4.327746682121292,3.833846894518228
32,97,3,90,96,0.030220945794825368,7.477909951346721,15.114040680419615,5.986075276014718,7.318821998885077
32,97,4,90,96,0.014560063169461962,15.572006365296716,40.66489074347236,14.415221688568202,12.233751559578144
32,97,0,91,96,0.24638495916865785,2.4593502378883403,1.0,1.3298969072164948,1.1652067256513066
32,97,2,91,96,0.0849684768604497,3.8869235775853292,7.780934599669181,3.566906259684678,3.476021304948015
32,97,3,91,96,0.04047060405674581,17.826743149068648,56.48805860289835,19.63523582776028,17.377162864079374
32,97,4,91,96,0.008273217052952456,15.8151702796286,37.855993445390425,13.488575157242202,15.746031926724248
32,97,0,92,96,0.18751848320215697,2.3374719658837595,1.0,1.3298969072164948,1.4841360435223419
32,97,2,92,96,0.11795157508495603,3.9957119012741984,7.499575512881487,3.4740867671361606,3.7619886087288323
32,97,3,92,96,0.02696904914998186,9.504684928885261,22.036775703043496,8.269864149457648,9.367930648831502
32,97,4,92,96,0.007472411431180634,3.0450287417687827,11.178858956600392,4.687870995991881,2.288212788182637
32,97,0,93,96,0.21525168653195517,2.3703983706106,1.0,1.3298969072164948,1.539374341156468
32,97,2,93,96,0.08929990315070874,4.6166077889725035,9.851913691618917,4.250115857028921,3.2186044268934144
32,97,3,93,96,0.0321343277577674,7.7819610426318775,23.503356589204127,8.753684647984866,7.507936585206721
32,97,4,93,96,0.012704699887421837,8.071272961928493,21.274396883888695,8.018357734891115,7.7827355019548
32,97,0,94,96,0.1852798147903754,2.3125843913955006,1.0,1.3298969072164948,1.3964063975084962
32,97,2,94,96,0.058036347534314366,4.329247118671784,7.648212198585489,3.5231215500488213,3.593468081912088
32,97,3,94,96,0.022557037464106637,6.993108494137685,13.524617009103928,5.461729322590986,6.76583522898705
32,97,4,94,96,0.009572221643065202,7.998098662448145,22.403904296770207,8.390978737078832,7.138980668617497
32,97,0,95,96,0.22560951671504662,2.5324700236681705,1.0,1.3298969072164948,1.4786015018164362
32,97,2,95,96,0.04430021402090938,3.74556515680896,7.903004460870066,3.607176729359197,3.312800889690579
32,97,3,95,96,0.01439311629757003,7.185839653941672,14.477247456403674,5.775999160875439,5.374014660597007
32,97,4,95,96,0.004323540615933905,15.295145942803714,40.297312413903306,14.293958734483565,15.247701049966125
64,193,0,0,96,0.18286140090901606,2.2651232610874805,1.0,1.3316062176165804,1.3116944434919633
64,193,2,0,96,0.06606856515723385,3.854945123215334,6.00216943985485,2.9903567054440954,3.331443805818392
64,193,3,0,96,0.01835781953446026,6.0713999907522,12.368462459795083,5.101459054025312,4.855383416304991
64,193,4,0,96,0.003921961450004445,3.997249877523285,10.064490421300812,4.337447600845865,3.4985119865420136
64,193,0,1,96,0.19332955852631237,2.4058136659586635,1.0,1.3316062176165804,1.074186599500738
64,193,2,1,96,0.05639597010763959,3.8388237848663813,9.007789942334394,3.9870391518621826,3.4236905243490456
64,193,3,1,96,0.02162509671502711,4.50718557718826,12.981179871252598,5.304639957306561,4.388654839101961
64,193,4,1,96,0.005391522416217789,6.405642460141595,16.978314844035378,6.630114766934011,6.130651640092482
64,193,0,2,96,0.17224976351146698,2.42188183277288,1.0,1.3316062176165804,1.3924458401638242
64,193,2,2,96,0.07062071671921827,4.7132992369795375,9.095309455915658,4.016061166728509,4.17236025672855
64,193,3,2,96,0.027881843183294147,8.203707736185649,29.24714143163544,10.698533946241804,8.000453541385918
64,193,4,2,96,0.006824467235263162,7.591667548755825,18.652230039031256,7.185195453357515,6.971961234597936
64,193,0,3,96,0.16811231178363736,2.3178314696194096,1.0,1.3316062176165804,1.315203328274169
64,193,2,3,96,0.07863703599521167,4.497215479106201,8.29345607988214,3.7501616016189483,3.528765639551982
64,193,3,3,96,0.027135327273314934,12.8774695704609,30.337610597150356,11.060140301645713,12.718934917636448
64,193,4,3,96,0.008406020320509846,5.659973283506812,10.381680300382977,4.442629736914562,4.067887935267037
64,193,0,4,96,0.20040055169852308,2.332771004074919,1.0,1.3316062176165804,1.2245714209291618
64,193,2,4,96,0.08073093981339757,4.128572531344852,7.7591498524773055,3.5729823345002463,3.4507012592666113
64,193,3,4,96,0.02625541259538206,7.791106545848718,19.44087308638529,7.4467143913402,7.5995648546268875
64,193,4,4,96,0.010894984262078885,11.813553937808884,28.254347669713106,10.369317361977403,11.752616081358271
64,193,0,5,96,0.21428920509420143,2.5617969714103497,1.0,1.3316062176165804,1.3218700499614484
64,193,2,5,96,0.078305345150927,5.393478981233647,14.805582344224618,5.909623160779148,4.830037783688579
64,193,3,5,96,0.01709197960968142,8.624831168567297,20.232883531595345,7.70934997938913,8.502453083960138
64,193,4,5,96,0.00516815623998351,12.529168011845496,29.63554495297394,10.827330968861826,12.125151606268696
64,193,0,6,96,0.1994888944230003,2.4115173418826643,1.0,1.3316062176165804,1.2144543301049058
64,193,2,6,96,0.07287153073174601,5.7528420590567055,12.889797497748608,5.274336994072078,5.1842831636593685
64,193,3,6,96,0.03359449966870985,7.107538062932061,16.19718392622388,6.3710868978151725,6.599134051286893
64,193,4,6,96,0.009631134316791365,11.75501954190318,35.833066537320626,12.882467660044146,11.665476010395361
64,193,0,7,96,0.18886453038818823,2.3290151394513305,1.0,1.3316062176165804,1.332646789835396
64,193,2,7,96,0.056728881153609176,2.8547668098061143,5.862874796956944,2.9441657357784683,2.099995883419494
64,193,3,7,96,0.016411780741481884,7.755907011736292,19.938305599811805,7.611666105637076,7.15898748184202
64,193,4,7,96,0.005312649270710722,26.525109436533576,79.02784041641068,27.206123246892663,25.81321005432485
64,193,0,8,96,0.19491236076447271,2.366537059852013,1.0,1.3316062176165804,1.2668747857136673
64,193,2,8,96,0.06728626187934775,3.6739631885563084,8.004809914130822,3.6544447383646252,3.0657823486652913
64,193,3,8,96,0.027278419764552808,9.400602514644376,32.36167149864653,11.731331481416467,9.312245574285695
64,193,4,8,96,0.004976710143203122,11.325075207430267,28.530083066685467,10.460752934030415,7.362260954250828
64,193,0,9,96,0.19968257282957222,2.410736862294426,1.0,1.3316062176165804,1.3876319135783302
64,193,2,9,96,0.08314291369645588,5.285481644076018,11.531063787898862,4.823772447800659,4.944914978388654
64,193,3,9,96,0.02592023915280764,12.475999673615732,30.590979557880384,11.144159024374844,12.249998388071067
64,193,4,9,96,0.008240436921785747,25.272443149604243,65.48163485372523,22.71411725719386,25.211858549902924
64,193,0,10,96,0.1982465360331252,2.24079939842741,1.0,1.3316062176165804,1.3634047051208185
64,193,2,10,96,0.06714746978150637,5.0404817404250934,7.2003173691423,3.3876700084202445,4.062327102955415
64,193,3,10,96,0.021197077143514882,12.248600510708062,27.085651590324797,9.98177047554812,11.86280985561754
64,193,4,10,96,0.006313800417211311,4.734140482549744,14.41144700663859,5.778925432253211,4.26752758115881
64,193,0,11,96,0.19210126007901918,2.2941294740779443,1.0,1.3316062176165804,1.3371554870003448
64,193,2,11,96,0.08283867390338835,4.029809386200409,5.990680715894202,2.9865469731462637,3.270561432023801
64,193,3,11,96,0.027357140467264045,10.784742571959875,23.885178960919202,8.92047385232554,10.608688553191596
64,193,4,11,96,0.008231531238850325,13.576387732900418,27.200952443508307,10.020004955360267,13.403203671462595
64,193,0,12,96,0.20767091868910048,2.5487858757333433,1.0,1.3316062176165804,1.2696784225619868
64,193,2,12,96,0.08746761569296711,3.9814280444660453,5.916392382110435,2.961912499767191,2.5292169916024254
64,193,3,12,96,0.029253783967322665,7.19964388072329,21.11506274358756,8.001886091137845,6.914451286426574
64,193,4,12,96,0.005829774992077089,10.722402557327737,34.17168675903337,12.331543795741636,10.563533044277596
64,193,0,13,96,0.1723239223452436,2.411847862321698,1.0,1.3316062176165804,1.4104585352589611
64,193,2,13,96,0.07216286839621569,5.369742166151116,8.989113235688054,3.980845839813655,5.030857211002055
64,193,3,13,96,0.036633022578698785,9.422980772910744,19.86616789949451,7.587744795687299,9.261894999807476
64,193,4,13,96,0.008843159028061572,7.277417466605094,29.69503049535892,10.84705674457498,7.05983946444825
64,193,0,14,96,0.18504122742252116,2.4638175604715995,1.0,1.3316062176165804,1.4804888717157452
64,193,2,14,96,0.06627347101651879,5.350850571044269,8.622275297630916,3.8592000986962622,4.950012875867177
64,193,3,14,96,0.02529921546651259,14.905357562127387,29.277012680849296,10.708439438209094,10.97053719732636
64,193,4,14,96,0.013027679489727245,23.25899199158978,68.70916850932954,23.78438748495902,23.131857562505893
64,193,0,15,96,0.1977680345121233,2.3292254219582307,1.0,1.3316062176165804,1.2297512355829179
64,193,2,15,96,0.07180678029483505,4.294790572079853,9.194228117812436,4.048863210051792,3.740602844533371
64,193,3,15,96,0.02255022825254727,6.1645272679502146,15.870105669775816,6.262625714329804,5.884022647134712
64,193,4,15,96,0.010127780056824387,6.117372238123259,15.193873726764009,6.038382997476148,4.338098729857171
64,193,0,16,96,0.18525250243050465,2.3439596963932514,1.0,1.3316062176165804,1.360066645345686
64,193,2,16,96,0.057342045961446805,4.60305494684763,8.196279674726615,3.717937301463748,3.601602723579451
64,193,3,16,96,0.023652759446229396,10.56945267002266,21.41013226533665,8.099732979178992,8.82270829310243
64,193,4,16,96,0.010592016975220933,16.812317608741207,45.0430135075133,15.936543339279023,16.74227518386871
64,193,0,17,96,0.1972179402511319,2.443404597723136,1.0,1.3316062176165804,1.2466804484910419
64,193,2,17,96,0.08037581388851955,4.465197791428579,8.73736735073174,3.897365339102753,4.231457628132844
64,193,3,17,96,0.03622177571964891,14.54380506081095,33.496169049600745,12.107537923183667,14.408395990638255
64,193,4,17,96,0.008425772880130593,17.04053411358464,35.61404822509263,12.809839825937454,16.9050177331405
64,193,0,18,96,0.1742772632841346,2.3425481409422484,1.0,1.3316062176165804,1.305790346286827
64,193,2,18,96,0.05557198747395571,5.394371357571776,9.58840773587718,4.17957562225979,4.88248403712266
64,193,3,18,96,0.016452093570377864,5.493520766465663,11.606803464232533,4.8488881953931715,4.760169712137894
64,193,4,18,96,0.0063280255441905625,13.378103339783376,30.559623467264885,11.133761149766594,11.600473213427572
64,193,0,19,96,0.19370691782255445,2.4023143248618215,1.0,1.3316062176165804,1.3717284959921086
64,193,2,19,96,0.07914312170371443,4.61159794854661,8.111810372130169,3.68992675552503,3.6028383947536895
64,193,3,19,96,0.023749280554412035,12.759692362618495,20.030239007571087,7.6421517952567335,12.651208688643656
64,193,4,19,96,0.009953465496470958,17.330019119695187,43.57620552590638,15.450140692528542,17.039690776279205
64,193,0,20,96,0.21710245723677976,2.4883232017603047,1.0,1.3316062176165804,1.3481050199270899
64,193,2,20,96,0.06271767963359723,3.676482585574979,5.004780923540917,2.659616472055019,2.7970089599390966
64,193,3,20,96,0.01509564827175431,8.565131119085272,21.104972649456766,7.9985401531877365,8.296219320458398
64,193,4,20,96,0.006097028256075398,9.41113141829545,22.929563609258548,8.60358586006501,9.049601826121256
64,193,0,21,96,0.21214894811005996,2.471261961017393,1.0,1.3316062176165804,1.3145365730687297
64,193,2,21,96,0.05677978541905661,4.3632441228303644,7.591900682451018,3.517521469828317,3.487973144306732
64,193,3,21,96,0.022946188973981138,5.682886227017404,14.715721492306775,5.879824743562868,5.462559993642363
64,193,4,21,96,0.011930230303163186,6.932218670554599,19.66023730489362,7.519456930120165,5.328643065425615
64,193,0,22,96,0.2095350280666214,2.445283527822705,1.0,1.3316062176165804,1.2258772358103942
64,193,2,22,96,0.04735670800542554,3.147352378146563,10.373187456719501,4.439813457150509,2.811108868279265
64,193,3,22,96,0.01468986431311731,4.442985135000116,10.218038114893174,4.388364970741778,3.3264922679795577
64,193,4,22,96,0.00368683469330433,14.346515792640663,33.579933773640285,12.135314826492115,14.272052371997443
64,193,0,23,96,0.20812105855423643,2.296176587373706,1.0,1.3316062176165804,1.3182868710129727
64,193,2,23,96,0.08071104976653112,3.2788443234128684,5.2987058943760115,2.7570838198967085,2.540286588297267
64,193,3,23,96,0.026569927625273007,3.9037876141479235,7.371730074959766,3.444511527447798,3.5928521238116136
64,193,4,23,96,0.008735191681676044,11.417590115796889,33.777762327694816,12.200916005038696,10.971916384172504
64,193,0,24,96,0.20763421714476205,2.4402137667735655,1.0,1.3316062176165804,1.301478910873966
64,193,2,24,96,0.08795918411230853,5.49435344544297,8.323502681265888,3.7601252414560458,4.489970188455185
64,193,3,24,96,0.04097636401380228,13.227372809790857,25.08365966358813,9.317897505024042,11.678966873213973
64,193,4,24,96,0.011934429422651683,16.67842843015963,55.688597188809936,19.46668507815459,14.226683319585085
64,193,0,25,96,0.17466616418102765,2.3805942648396923,1.0,1.3316062176165804,1.355822520700099
64,193,2,25,96,0.0669097549040608,4.094559549188889,6.618678894918503,3.1947950739626125,3.7832228682458826
64,193,3,25,96,0.025021690615841058,6.215232800626113,14.382267698675175,5.7692493923067945,5.735703838145275
64,193,4,25,96,0.0057329452500533415,16.351466647902427,45.60688858252223,16.123527820111,16.004462821175544
64,193,0,26,96,0.21484900959119285,2.4072651231429774,1.0,1.3316062176165804,1.3939839538265706
64,193,2,26,96,0.08045724186692575,4.329379901022211,11.093491242118347,4.678670670961525,3.999258967281326
64,193,3,26,96,0.0333887883491445,7.907525125031009,25.72902479813997,9.531904596274394,7.629648293311112
64,193,4,26,96,0.016052018951215236,37.80087685193493,138.25406545708324,46.84590771633849,37.53386079830741
64,193,0,27,96,0.19343993403884838,2.4219093833600867,1.0,1.3316062176165804,1.411367114903842
64,193,2,27,96,0.06871704534222285,5.882103600882349,11.623142477178135,4.854306313675651,5.694142228203461
64,193,3,27,96,0.02754809488829243,14.071877715113558,47.9230878009642,16.89159388218502,11.484627198983814
64,193,4,27,96,0.010873566829353419,15.583006126366652,62.35737849678956,21.678094423805863,14.662399855524656
64,193,0,28,96,0.18530574588183635,2.4710285096451523,1.0,1.3316062176165804,1.5725513949842458
64,193,2,28,96,0.04773694455384507,4.55854061258029,9.582073419286033,4.177475123493814,3.9533443261899275
64,193,3,28,96,0.019832746947786455,4.588291346378625,7.704343665731048,3.554808262211332,2.976590035822374
64,193,4,28,96,0.006375260498940737,15.453281704307223,49.282082876500105,17.342245098943042,15.401054054961302
64,193,0,29,96,0.16754322678261438,2.377539456059204,1.0,1.3316062176165804,1.4310852587320035
64,193,2,29,96,0.0786977539850081,5.190407091881305,8.92958908280776,3.96110726062019,4.689699845708096
64,193,3,29,96,0.02227714109104779,7.751775259768441,16.695659116562954,6.536384370259218,7.513841517537782
64,193,4,29,96,0.0061302671823640345,10.081087091293135,22.972725264152942,8.617898533190612,9.857660947748508
64,193,0,30,96,0.16699311656372953,2.2763067135120396,1.0,1.3316062176165804,1.222698486980872
64,193,2,30,96,0.058414296587325706,3.309084161547391,6.286070708839383,3.084500131428604,2.4953568216757254
64,193,3,30,96,0.013998947655327875,3.9200263153776667,12.276580996744347,5.07099058959398,3.815530549059202
64,193,4,30,96,0.0054967038495706425,16.932286946745037,59.31552935298624,20.66939833466901,16.888914411629788
64,193,0,31,96,0.16239282506243963,2.3284490131347177,1.0,1.3316062176165804,1.4682731148897423
64,193,2,31,96,0.05654514058497729,3.6375665462670375,9.305928215450221,4.0859036569368605,3.3034454593851152
64,193,3,31,96,0.01995830121191358,5.279333366629077,15.94467889499409,6.287354659479905,5.186002416546083
64,193,4,31,96,0.007638425016712707,12.517244582054465,38.52006744483938,13.773493867718757,12.110382582094507
64,193,0,32,96,0.19417986906436457,2.3570061524991996,1.0,1.3316062176165804,1.3237799182554142
64,193,2,32,96,0.06932061339314011,4.703182563605274,9.306929018711104,4.086235529520781,3.62244764893554
64,193,3,32,96,0.020125170317059675,11.511705172096512,28.468684262817806,10.440392708913677,11.406479712948755
64,193,4,32,96,0.006108779282935081,16.15413522731435,41.35831361964251,14.71467394640995,16.08607220961606
64,193,0,33,96,0.21370390955339164,2.493337353308428,1.0,1.3316062176165804,1.3963929208484749
64,193,2,33,96,0.09094543791320883,4.841795587740215,9.04070887672813,3.997955275184458,4.090083101113186
64,193,3,33,96,0.02904919883459705,10.758596993527274,25.05440050457498,9.30819498597305,10.170803794363255
64,193,4,33,96,0.009262323109957048,28.355616840578755,76.01601205032823,26.207382234305737,28.104685328671273
64,193,0,34,96,0.2012428261754382,2.4445737348011374,1.0,1.3316062176165804,1.4246114574879454
64,193,2,34,96,0.07158481186585844,4.7879511166188635,7.662553915596197,3.540950521233972,3.855485489973264
64,193,3,34,96,0.02505316635242645,12.854892808467334,27.678223973169988,10.178271162087457,12.621483347169669
64,193,4,34,96,0.009732387490539464,26.400611539002096,68.95141418656232,23.86471765772015,26.352702618049914
64,193,0,35,96,0.19767242191406662,2.495790062286148,1.0,1.3316062176165804,1.446389863897799
64,193,2,35,96,0.08842671914244132,8.158777074981376,20.23553052313727,7.710227738242412,7.461144765512009
64,193,3,35,96,0.027851443110766753,9.06022144296038,18.03501170707296,6.98052201685321,7.4168602093669715
64,193,4,35,96,0.006836052130683784,22.10876768963736,46.916614709416535,16.557841147164034,21.997470075228712
64,193,0,36,96,0.17940347595633005,2.414219352172352,1.0,1.3316062176165804,1.4193855957576982
64,193,2,36,96,0.07974426608330173,3.31674750621326,6.538032787749218,3.1680523233987046,2.609554922790935
64,193,3,36,96,0.022297719458520302,6.860593031813771,14.76086442331853,5.894794420167803,6.791235270203451
64,193,4,36,96,0.010999857911767753,16.864405869580885,52.2458123069198,18.325036205403457,16.792294503513585
64,193,0,37,96,0.1740739354913,2.4162153910766504,1.0,1.3316062176165804,1.2118874231108492
64,193,2,37,96,0.05475955021722871,5.337219341888089,10.326216367349511,4.424237551867195,4.752596781045081
64,193,3,37,96,0.018139727198069194,9.081318007069774,23.052560166554056,8.644372283209634,8.94347787978452
64,193,4,37,96,0.008213085474298151,15.246551278105091,44.041597113375396,15.604467436559718,15.142314420005903
64,193,0,38,96,0.16733847226090284,2.2870785033000276,1.0,1.3316062176165804,1.330633384523158
64,193,2,38,96,0.05024654074419241,4.282188485135888,7.874804569507941,3.6113341577642917,3.6331272109926354
64,193,3,38,96,0.02010855495064202,7.536621469719451,22.1134520883899,8.332958205476444,5.059747548197026
64,193,4,38,96,0.00941576201952251,22.231538492147052,54.33864720402183,19.019033269727448,19.98342995471896
64,193,0,39,96,0.19011897635455788,2.464076168221225,1.0,1.3316062176165804,1.369276526852465
64,193,2,39,96,0.06249273073926302,3.6691527377805473,5.708777136388268,2.8930659934137264,2.3477857359017222
64,193,3,39,96,0.021372391647088023,8.091260242119763,17.909241540055703,6.938815847479612,7.8023839442549825
64,193,4,39,96,0.007165246325674994,14.958160141052215,42.33920222927229,15.03994270815247,14.884569945772615
64,193,0,40,96,0.19812579362472074,2.677895732215413,1.0,1.3316062176165804,1.3235675158028088
64,193,2,40,96,0.05880985694814619,4.031396957946616,8.993953567909749,3.9824509240736994,3.787420564887973
64,193,3,40,96,0.023184376858034237,10.010466499706057,29.286472908039915,10.711576508365567,9.801020922584359
64,193,4,40,96,0.006091992880618402,14.161656230182048,45.7664624199826,16.176443496781797,14.0285773755088
64,193,0,41,96,0.2044381719778029,2.3481269058016543,1.0,1.3316062176165804,1.28731641651441
64,193,2,41,96,0.09171726136364433,4.235431706125852,7.822819390230877,3.5940955490921045,3.1930014649844294
64,193,3,41,96,0.021552834508588387,10.093266806527655,26.4718496025527,9.778229920017477,9.884202574683055
64,193,4,41,96,0.005968375836289553,7.6239948253928045,20.51649161172244,7.803396182125576,7.512234366088149
64,193,0,42,96,0.20917495829220406,2.2759059156404238,1.0,1.3316062176165804,1.2767599774648608
64,193,2,42,96,0.06177456855803511,3.556864001987922,7.252946479691684,3.405122148706051,3.133818556303139
64,193,3,42,96,0.017274838824820952,3.6580122372877604,7.2856811508137085,3.415977169181748,2.864250886627216
64,193,4,42,96,0.005256734034739205,4.806415378254398,15.767566706371946,6.228623156517123,4.664303876144691
64,193,0,43,96,0.20987497558921148,2.4028317845115685,1.0,1.3316062176165804,1.2090654016214226
64,193,2,43,96,0.06621526181039085,5.785144511000329,12.312521860597396,5.0829088035141625,5.73804653051312
64,193,3,43,96,0.021784895213941245,14.545108289449143,35.48045200862071,12.765538489905314,14.463989134752964
64,193,4,43,96,0.01012698148734591,3.6914722764403205,8.382474898094447,3.779680795223029,3.6045919135610616
64,193,0,44,96,0.19282573436101502,2.4544009077002475,1.0,1.3316062176165804,1.2648498651607163
64,193,2,44,96,0.08106468604298198,4.420870881793801,6.239756202726966,3.069141953235885,3.5420960904877323
64,193,3,44,96,0.028816262645999603,9.19673752029741,24.662052467797075,9.178089937507838,7.952674915322687
64,193,4,44,96,0.00861103474547995,28.10698812323683,95.34447753966899,32.61682156755863,27.80296812940914
64,193,0,45,96,0.18287118954724063,2.441456192194259,1.0,1.3316062176165804,1.2762406544717522
64,193,2,45,96,0.08584905681927181,5.628481125498487,9.713157268701046,4.220943342988948,5.365232867431509
64,193,3,45,96,0.02991645749848795,9.064311270041557,23.277915223010123,8.719101421101803,9.005466801527602
64,193,4,45,96,0.008740526220432239,10.986537370926552,28.702680099988545,10.51798718341589,10.928004505560853
64,193,0,46,96,0.1927385341949735,2.2514873444923458,1.0,1.3316062176165804,1.1204958883821592
64,193,2,46,96,0.07350198299178286,3.7504733372301127,6.940279395600682,3.3014397995774285,2.596517352930913
64,193,3,46,96,0.02623476336205696,11.407155343334,29.63478675150768,10.827079544541407,10.855534216735421
64,193,4,46,96,0.005551865928210809,15.530059488581207,42.099220824774505,14.960363382308644,14.674491569562612
64,193,0,47,96,0.23147167225269316,2.18959227018946,1.0,1.3316062176165804,1.358336091710823
64,193,2,47,96,0.07557957897788911,5.389450355343323,9.879752055952244,4.276187210263957,3.744959537363507
64,193,3,47,96,0.021851003206263448,10.406751808164369,23.693813563989348,8.857015896866933,10.205047936607707
64,193,4,47,96,0.0062141170469019475,32.569162365239876,78.96695442283738,27.185933072857992,32.41914587636906
64,193,0,48,96,0.1914829535941352,2.352017490755509,1.0,1.3316062176165804,1.2881042144591546
64,193,2,48,96,0.06758676637817389,4.4494253642347825,8.445809488801679,3.8006829392917485,3.4364587978869303
64,193,3,48,96,0.021431241754979027,9.948792212113318,26.20478738818499,9.68967042924269,9.850270309022138
64,193,4,48,96,0.009868716174481106,12.159426983693063,31.445587470020303,11.427552321664765,11.260959533173473
64,193,0,49,96,0.18092210684924886,2.299240485434145,1.0,1.3316062176165804,1.2818358568155988
64,193,2,49,96,0.08521479083482852,4.72535981029054,8.714844998468406,3.889896787056881,4.19013027222851
64,193,3,49,96,0.022583718446238348,6.068504803137623,15.156287181760613,6.025919065454296,5.54064156207899
64,193,4,49,96,0.004883396038945769,15.108779567952304,65.2283457954468,22.630125030614483,15.077893273325538
64,193,0,50,96,0.17453486212592775,2.4040089544480248,1.0,1.3316062176165804,1.2084632010263752
64,193,2,50,96,0.07023937287285899,4.861663223484246,9.563257672215059,4.171235704775978,4.506301879292521
64,193,3,50,96,0.024234637824480893,7.471203414211745,20.065228404664477,7.653754496883558,7.389957148829
64,193,4,50,96,0.0064153076353949375,15.05050743887588,46.17619916813801,16.31231475005613,14.895201404449173
64,193,0,51,96,0.2059524446709525,2.3551333009756683,1.0,1.3316062176165804,1.377756013953251
64,193,2,51,96,0.0873052493712413,4.183789849574804,6.34175814860268,3.102966432697262,3.7342275155016798
64,193,3,51,96,0.03259291985078909,6.727207740470211,15.918757550400821,6.278758980443796,6.084400816626984
64,193,4,51,96,0.009001305598756755,7.182582184774974,18.38249089807828,7.095748277082953,6.022812744407524
64,193,0,52,96,0.18476043206717385,2.5201365225573285,1.0,1.3316062176165804,1.20049553371342
64,193,2,52,96,0.08517088076743716,5.020152755889283,12.20969978456098,5.048812363792242,4.71932341686948
64,193,3,52,96,0.03137459848856981,10.294648067948916,21.447555459543153,8.112142743060943,10.0676045134857
64,193,4,52,96,0.004338087639851364,9.439641735768312,20.59216989297439,7.828491570727259,9.31079494607784
64,193,0,53,96,0.1823876000369658,2.2393907776294384,1.0,1.3316062176165804,1.1042348770422583
64,193,2,53,96,0.0646322816215817,4.0609915464823665,9.457434054294652,4.13614393510289,3.9112758671886803
64,193,3,53,96,0.019677912250672513,12.265722411665315,34.624388648737146,12.481662557094184,12.183577377807696
64,193,4,53,96,0.0061673959147414865,10.294293214656857,28.801983023879377,10.550916650405597,9.468596799791037
64,193,0,54,96,0.19436979194689138,2.375251978805391,1.0,1.3316062176165804,1.1335659740978152
64,193,2,54,96,0.06712974093975799,3.5596097687128596,6.386381371388904,3.1177637708232635,2.7163098644186148
64,193,3,54,96,0.022429774527480933,11.743491594090798,30.827494606883395,11.22258888518413,9.8991462996155
64,193,4,54,96,0.004699942459263708,27.529763072272253,62.962504308796426,21.878757905507623,27.3627284842444
64,193,0,55,96,0.17972923027150312,2.4804327520523826,1.0,1.3316062176165804,1.3453902814678056
64,193,2,55,96,0.06903600561719785,4.158559111784594,7.237766669968853,3.4000884294197236,3.14551222240142
64,193,3,55,96,0.02248593964784593,4.364794279054831,13.18692898664671,5.37286764324036,4.132213790655253
64,193,4,55,96,0.004555594993271872,4.13522582360995,10.562393807804831,4.502555459582949,4.070419679496558
64,193,0,56,96,0.18166243234345703,2.428376484461645,1.0,1.3316062176165804,1.1886737354352335
64,193,2,56,96,0.0714487206335968,5.249662566279287,7.870004698209215,3.6097424905978746,4.559682420691115
64,193,3,56,96,0.017725390322186885,6.517941454379334,17.117319873554973,6.676209699002685,6.34652227147936
64,193,4,56,96,0.005531310426106872,8.229841491138448,23.124963310215055,8.668381615822609,8.13612612673493
64,193,0,57,96,0.18775953435828918,2.307135254313383,1.0,1.3316062176165804,1.5007878248395652
64,193,2,57,96,0.07320418901124347,4.352570668996202,9.921810813871693,4.290134155895276,3.65126518189705
64,193,3,57,96,0.026341155158215925,11.201035468295736,24.966623088216014,9.279087448942098,10.811358087136531
64,193,4,57,96,0.014246267322097026,17.387067888295796,47.67903066273717,16.810663017695227,16.40032682166314
64,193,0,58,96,0.18666189866695596,2.2810129256834473,1.0,1.3316062176165804,1.5611656695462792
64,193,2,58,96,0.05623081893778359,5.50830519887003,9.334452353987974,4.095362438628136,3.5865649652108
64,193,3,58,96,0.022258248574703838,5.032358940062913,15.101948228959149,6.007899930846557,4.7534205158616265
64,193,4,58,96,0.0059048319020178685,7.7526256356539065,18.495666382214008,7.133277971304127,7.3314668431924455
64,193,0,59,96,0.18673318072712378,2.4570712190412713,1.0,1.3316062176165804,1.3359848775593606
64,193,2,59,96,0.06867997065865654,6.310656058343289,11.560929933868318,4.8336762475003745,5.97907470494556
64,193,3,59,96,0.02384963059667072,7.6618540097711065,25.425379823644608,9.431214034783704,7.000955588054301
64,193,4,59,96,0.0073548756793780055,6.463582402844446,21.72967704513523,8.205696014967124,5.763439783596606
64,193,0,60,96,0.19069160430880044,2.403207620598635,1.0,1.3316062176165804,1.0749700237770046
64,193,2,60,96,0.07466315110281664,4.1340175541454816,7.9036590118796335,3.620902470260604,3.5949670020874187
64,193,3,60,96,0.027557900342412057,4.635994192704593,10.988725746143375,4.643929781104539,4.1601050663272074
64,193,4,60,96,0.010959506281469989,4.061509901525172,8.764814545795192,3.906466999641929,3.4523824317610283
64,193,0,61,96,0.1765214970713841,2.315131766790572,1.0,1.3316062176165804,1.3969500509726553
64,193,2,61,96,0.06345504788480757,4.568640735145287,7.659130272674104,3.5398152199541073,3.8912102731361764
64,193,3,61,96,0.0203643373069481,7.648713365450227,19.95666819932374,7.617755257806836,7.405579397036468
64,193,4,61,96,0.011074944956243959,5.2340969979383765,17.027699566236187,6.646491047871067,5.121828574682839
64,193,0,62,96,0.16983110761929687,2.3867942453835065,1.0,1.3316062176165804,1.3543168277083528
64,193,2,62,96,0.07087136424896134,4.426895704885803,7.828563970612639,3.596000487664295,4.020400336702209
64,193,3,62,96,0.035848966997655746,10.247238387464648,21.447311549933897,8.112061861117976,8.259528190054938
64,193,4,62,96,0.0096006341484041,13.04312930155918,38.8883017466102,13.895602651725664,12.865138469403185
64,193,0,63,96,0.21108375063768245,2.5807193054056743,1.0,1.3316062176165804,1.4531426455279117
64,193,2,63,96,0.0784188678562519,4.377362606916009,7.4017497881690835,3.4544662509990745,3.653323901147293
64,193,3,63,96,0.027436214867434673,6.3447282581885975,11.830070427665792,4.9229249086560145,5.812122110833524
64,193,4,63,96,0.01148399402423455,6.280825386738702,16.68817871062233,6.5339038211390115,5.590294937671997
64,193,0,64,96,0.22262854558026934,2.39748287909718,1.0,1.3316062176165804,1.3339664931696682
64,193,2,64,96,0.08049379975840128,4.709125372988167,8.219486996782736,3.7256329937517885,3.681600514096553
64,193,3,64,96,0.02728361326226768,12.290801913559514,26.72028423075921,9.860612387402018,12.217083711062209
64,193,4,64,96,0.012029645161495064,39.048223463297106,87.50199743234954,30.016206402437156,39.01264571958457
64,193,0,65,96,0.176633313095853,2.35233910839318,1.0,1.3316062176165804,1.255631446137059
64,193,2,65,96,0.059387807903933006,3.7707954799337,7.579623718280631,3.5134503521759606,3.377325689294269
64,193,3,65,96,0.02016398574739993,11.644304809602957,30.64767804669019,11.162960595793638,11.555090094231455
64,193,4,65,96,0.005760374309917499,13.512035941674498,35.471867341882074,12.762691761038615,13.352431374575422
64,193,0,66,96,0.1576051532516809,2.41242680803332,1.0,1.3316062176165804,1.3965193505444147
64,193,2,66,96,0.06083332883294407,4.57221403241426,8.051580835849961,3.66995426681035,3.429480326092915
64,193,3,66,96,0.019306875282307203,8.689049100488766,17.24680845077856,6.719148916320352,8.2967525196779
64,193,4,66,96,0.007050763286574674,6.214404469305009,15.259554889993819,6.060163279583443,5.036328315600795
64,193,0,67,96,0.16979586278686237,2.4187149994081163,1.0,1.3316062176165804,1.4821906735238988
64,193,2,67,96,0.05319509201172473,4.223463910969207,9.809872819260148,4.253014820894557,3.2205666333530742
64,193,3,67,96,0.02289626116243321,15.61154072278998,38.10514747780182,13.635903826835838,15.421177252159591
64,193,4,67,96,0.005593835486867942,32.640216203337175,81.28075710216444,27.95320442766075,32.260539824931804
64,193,0,68,96,0.18581041972754894,2.4033364275964972,1.0,1.3316062176165804,1.2788662233344752
64,193,2,68,96,0.06447493392402508,4.384267773439431,8.431438118984518,3.795917303704711,3.7286962822943
64,193,3,68,96,0.022739181476516046,10.388292470388468,22.657893939402513,8.513498508402906,10.183092771940233
64,193,4,68,96,0.004159719068470425,9.342003190317644,27.008179214409367,9.956080154001034,9.276013554063924
64,193,0,69,96,0.19275103352647532,2.3520508433487217,1.0,1.3316062176165804,1.413315644237663
64,193,2,69,96,0.05068016006721802,4.3508203934043586,7.9667427197072005,3.641821420006533,3.7067616915794206
64,193,3,69,96,0.026414964050416778,6.592006929702248,16.57179326101267,6.4953096824083465,6.228419034587858
64,193,4,69,96,0.007572661233037649,14.298921670257922,30.32826098642765,11.057039912597771,14.166580730836042
64,193,0,70,96,0.22034857066958927,2.3784641293182203,1.0,1.3316062176165804,1.4416481858582124
64,193,2,70,96,0.05814268737711183,3.396494843246621,5.865651588101791,2.945086536987122,2.8550487751204017
64,193,3,70,96,0.02046476145130653,4.643335596210749,10.483018631204496,4.476234157497864,4.356913273627992
64,193,4,70,96,0.005077391441738394,4.240297981629908,12.390447622586574,5.108749470702284,3.856308324949077
64,193,0,71,96,0.2048122978850727,2.42045555701371,1.0,1.3316062176165804,1.2308857107823081
64,193,2,71,96,0.09041650184924307,4.066273976725533,8.096976354149543,3.6850077029304185,3.8864472524850835
64,193,3,71,96,0.022114724720566834,8.344801129776819,20.618175722453145,7.837115265476691,8.246812143098294
64,193,4,71,96,0.007986010841335418,13.390931129136302,39.4292755982277,14.074992944490013,13.095917777988337
64,193,0,72,96,0.22345293203350813,2.555943902576316,1.0,1.3316062176165804,1.2562049346039774
64,193,2,72,96,0.10501264973425628,5.047051627188646,8.60845983864062,3.8546188065958535,4.186966759548466
64,193,3,72,96,0.037316517355103454,6.6803287857049085,15.944152759337788,6.287180189624967,6.197451227244506
64,193,4,72,96,0.008565383133192658,10.696775793491415,32.211538490704065,11.681546442513266,7.789110702605207
64,193,0,73,96,0.2163021854710824,2.4614273534677302,1.0,1.3316062176165804,1.121563657393
64,193,2,73,96,0.07991095022198395,5.476994275448947,7.789220001040625,3.5829537827284974,5.0762159510701075
64,193,3,73,96,0.0230857421803793,6.735632381875849,15.324036406284467,6.081545751306766,6.228428358963851
64,193,4,73,96,0.006733775797702037,18.614051928901354,35.082077115102024,12.633434898272174,18.526184921462978
64,193,0,74,96,0.2023122808285806,2.5809424678018607,1.0,1.3316062176165804,1.1941375195777737
64,193,2,74,96,0.059547078381143696,3.7720983403022466,7.591714245472244,3.517459646166962,2.751074130645771
64,193,3,74,96,0.018384340677179548,6.3341054160087555,16.78162892211164,6.564892492306451,5.050886710012061
64,193,4,74,96,0.005375800635909896,25.17197195193195,93.62342796430305,32.04611082754091,24.986458860020093
64,193,0,75,96,0.19169473011701915,2.3753440107443273,1.0,1.3316062176165804,1.27505110991337
64,193,2,75,96,0.07273027945537473,3.5536490819399345,5.366008520964035,2.7794017893352243,3.071494987461097
64,193,3,75,96,0.027535205977792472,7.660144047793329,20.919719303749403,7.937108991916901,6.170246468454331
64,193,4,75,96,0.006192232299899123,5.942199751692144,16.742281401406107,6.551844609792699,5.788647100268214
64,193,0,76,96,0.188540860303122,2.3259275746516037,1.0,1.3316062176165804,1.512307096798761
64,193,2,76,96,0.062240727516753455,5.863258396045289,15.22566666921919,6.048925734870613,5.362251220375472
64,193,3,76,96,0.016371490124912107,6.947243677852894,16.835399758239504,6.582723235892892,6.454210795882272
64,193,4,76,96,0.006932490311355659,5.2477493356121805,12.8831547795642,5.272134227420253,4.594683118271046
64,193,0,77,96,0.16436949174637025,2.5819725799808806,1.0,1.3316062176165804,1.3387223943992002
64,193,2,77,96,0.0675685143612716,3.814220720773923,8.135189496525415,3.6976794185369255,3.4621042327833726
64,193,3,77,96,0.019865113133362273,6.001234841832758,15.851641464719489,6.256502869129779,5.812011694964811
64,193,4,77,96,0.007055388678356853,14.420821966865233,41.63174535637425,14.805345610403897,14.048046356752753
64,193,0,78,96,0.18959141707953808,2.5384730963977686,1.0,1.3316062176165804,1.2649973562067696
64,193,2,78,96,0.04992713263795309,5.9658344763329225,13.619568923874256,5.5163337364142615,5.736763293683907
64,193,3,78,96,0.01335142812226316,5.2938067497141095,12.169517216812691,5.03548757448711,4.927236855890218
64,193,4,78,96,0.0045276930616663606,8.258055731874112,19.18500077043357,7.361865540454656,7.65783224634412
64,193,0,79,96,0.2172194039009968,2.3505939851391413,1.0,1.3316062176165804,1.3818418337449359
64,193,2,79,96,0.09227991299323707,4.710392027771524,8.113569732946631,3.6905101705108003,3.591249023741657
64,193,3,79,96,0.023512445858717996,11.015254496091394,25.912100141531962,9.592613518435469,10.948040193486124
64,193,4,79,96,0.008620614620390139,15.171885963085607,35.92193070145242,12.911935569393549,15.081679440985532
64,193,0,80,96,0.18730627718375165,2.301313652002148,1.0,1.3316062176165804,1.4295613586713187
64,193,2,80,96,0.07546658217737913,7.237935178748062,16.89239074110482,6.601621800159111,6.997594268276179
64,193,3,80,96,0.02610134366070957,13.716005221281701,38.341806948068744,13.714381578634196,13.56269630886829
64,193,4,80,96,0.008058131502740996,14.825185335996988,37.173699531963194,13.327029896609558,14.403371450591845
64,193,0,81,96,0.2068869588058177,2.3779013509533153,1.0,1.3316062176165804,1.1628945184391064
64,193,2,81,96,0.061302622162499716,4.300746563235123,7.42241620870569,3.461319364544892,3.409875937069899
64,193,3,81,96,0.021090471825466237,6.806429197101439,20.185737538938756,7.6937160750885,5.901306066448385
64,193,4,81,96,0.010144749828995126,23.87668631754204,61.33390364757728,21.33870380023288,23.263763521961415
64,193,0,82,96,0.218851253479622,2.3264215683189864,1.0,1.3316062176165804,1.4117808587283533
64,193,2,82,96,0.06475759912429402,5.5387028256612645,9.71480380148391,4.221489343497256,5.234242132035226
64,193,3,82,96,0.022391616902916526,11.72722132190319,26.592761478599364,9.818325049898235,11.304571851903175
64,193,4,82,96,0.01067722603113085,22.73908983253157,60.28760277464698,20.99174392527154,22.652461504514488
64,193,0,83,96,0.20146655797401222,2.373947888302634,1.0,1.3316062176165804,1.428587340723568
64,193,2,83,96,0.062381287173120574,4.659931472354669,8.58260237734221,3.8460443116575207,4.3092266556489545
64,193,3,83,96,0.020100913529285083,6.519987362859398,14.683483252568843,5.8691343428207565,6.215198587145626
64,193,4,83,96,0.005938673876975977,12.363029123387918,27.40126699964086,10.086430507652928,12.34031584489651
64,193,0,84,96,0.17809147007762188,2.3318190272496007,1.0,1.3316062176165804,1.4899856324457446
64,193,2,84,96,0.07554477059786646,6.89338160153811,16.6017179503259,6.505232895444858,6.767371381398945
64,193,3,84,96,0.0322084097123436,7.923699185572087,17.380120155540418,6.76335590650045,7.717741370896713
64,193,4,84,96,0.01274322193382844,9.289045350048248,23.073891075529126,8.65144574525318,8.873787526345001
64,193,0,85,96,0.18457030179272152,2.552676329350107,1.0,1.3316062176165804,1.2064901943949256
64,193,2,85,96,0.05443211551127702,4.3598412379469265,8.608455760024443,3.8546174541013696,3.8040087846971957
64,193,3,85,96,0.026989944843989536,7.906020953755812,18.43237302597805,7.112289500842462,6.095294667199185
64,193,4,85,96,0.009129081984713006,11.353616178501856,37.25481956546342,13.353929804091498,11.13419312249868
64,193,0,86,96,0.15945033851432389,2.3484578414427064,1.0,1.3316062176165804,1.2022957970690822
64,193,2,86,96,0.06297866779173197,3.449509293181201,5.938881328668482,2.9693699742734863,2.705137214621621
64,193,3,86,96,0.022973535418546707,6.869819108264957,18.797051040558777,7.233218997905501,5.74852995713026
64,193,4,86,96,0.008954343063101057,22.827404889740983,77.09714750010502,26.565893471537418,22.230118526046596
64,193,0,87,96,0.2063557036267667,2.441206763951707,1.0,1.3316062176165804,1.3418966000543933
64,193,2,87,96,0.10203568553879279,4.7088126621614865,7.911674081380207,3.623560317141623,3.388942303594052
64,193,3,87,96,0.036459248976841004,7.676781599211475,18.440041003659022,7.114832249918018,6.185396360999296
64,193,4,87,96,0.010603790356206908,34.02938174149689,95.88356113660655,32.79558504011823,34.001478327724044
64,193,0,88,96,0.18905402767553403,2.3576519828976665,1.0,1.3316062176165804,1.1824183898498888
64,193,2,88,96,0.05095261420309355,4.2189051539760625,7.513732595674084,3.4916004462338934,3.6073619854457664
64,193,3,88,96,0.02675840022739266,9.064320002093503,25.588075565853256,9.485164954479837,8.670608741592016
64,193,4,88,96,0.008157514605911948,11.70082435982695,35.56990755298467,12.795202504616677,11.391788682694672
64,193,0,89,96,0.19938386916390416,2.377661515456199,1.0,1.3316062176165804,1.5721499643278314
64,193,2,89,96,0.05773608812038182,5.650629467225448,12.25604714707678,5.0641814373726115,5.3999130004015035
64,193,3,89,96,0.01718631042197507,11.452508563463038,28.199356347138025,10.351081897496547,10.933970526739976
64,193,4,89,96,0.007237830469254183,5.894666672869805,15.652508845883705,6.190469254593561,5.787614315839255
64,193,0,90,96,0.18650416379687657,2.3121617196079485,1.0,1.3316062176165804,1.2424564180800866
64,193,2,90,96,0.06486384064977901,6.460567447186923,12.366465699795015,5.100796915994202,5.8817761460167315
64,193,3,90,96,0.022145172905174468,11.76968907103046,23.188504573431253,8.689452293780313,5.874287486270843
64,193,4,90,96,0.00999063622804923,13.64992404966359,32.94686262192387,11.925384496389263,13.240938037737356
64,193,0,91,96,0.19442017006309106,2.3852320039580963,1.0,1.3316062176165804,1.3137174289163387
64,193,2,91,96,0.048954833564521724,8.613527811850314,14.80892131224662,5.910730383335666,8.545583237592687
64,193,3,91,96,0.021519865345791533,6.147867078292764,18.967049859901206,7.289591663386928,5.755889951201796
64,193,4,91,96,0.008527140805575102,7.559491097285051,21.289365002857362,8.059685804056327,7.477758470338698
64,193,0,92,96,0.19736308688766493,2.3242912252661725,1.0,1.3316062176165804,1.3369290978781991
64,193,2,92,96,0.054416787337085916,4.3650218647134515,7.973109489139926,3.643932680336556,3.343793574660717
64,193,3,92,96,0.015512659490770339,6.900259914906281,18.225893541278115,7.043819619905697,5.314213757287845
64,193,4,92,96,0.005431139479062177,11.777250725888706,28.203600796817852,10.352489383400739,11.596799968038614
64,193,0,93,96,0.19690130319406313,2.375001210147436,1.0,1.3316062176165804,1.511518027230634
64,193,2,93,96,0.058023414830382036,4.148851784502046,6.236533673758163,3.0680733425933804,2.742803800553984
64,193,3,93,96,0.022924419157249423,9.764013999388112,30.4347305371768,11.092345877613033,9.56090918036574
64,193,4,93,96,0.008052044889632966,7.2849387496031035,23.731042313243258,8.86936118159362,7.243531398565916
64,193,0,94,96,0.19222299891406447,2.3112468648284494,1.0,1.3316062176165804,1.19072415131715
64,193,2,94,96,0.06482530137390506,5.230974139525525,9.838091842132853,4.2623724243342105,4.371803481388655
64,193,3,94,96,0.0213138739290428,10.811665176171054,29.461176767321763,10.769509394345041,10.416485048372225
64,193,4,94,96,0.00808442636066361,32.52210737358024,99.30394688331505,33.929806220373905,32.481397597724744
64,193,0,95,96,0.1911291010381065,2.5286404611706477,1.0,1.3316062176165804,1.3522252132306294
64,193,2,95,96,0.08751288592807459,4.017482110557223,5.211439704751355,2.7281458088294652,3.215556492085179
64,193,3,95,96,0.03589382661839184,5.63324699901586,12.797778004182023,5.243822757863469,5.426431110832366
64,193,4,95,96,0.007512045463512587,25.232250635151786,54.59185192533839,19.10299752964589,25.187580095670103
128,385,0,0,96,0.1959355811103615,2.4323126443628627,1.0,1.3324675324675326,1.4398410112231348
128,385,2,0,96,0.066382320625007,4.9557269414313065,10.061925727667974,4.345263618549352,3.4972023923558826
128,385,3,0,96,0.02155283802564614,24.63088210485968,55.560089890584266,19.471925989596848,24.39258446973901
128,385,4,0,96,0.005744597639465027,18.47175695768384,43.01585194942281,15.301374154613297,18.036516203880836
128,385,0,1,96,0.18759948119040132,2.4659665770555685,1.0,1.3324675324675326,1.1617131567275956
128,385,2,1,96,0.06966980155183719,3.960327574124899,7.908875072682421,3.629444180008701,3.306057340810014
128,385,3,1,96,0.0205537076002336,6.267096215596064,15.465608742052426,6.141812776578469,4.850432231817216
128,385,4,1,96,0.0058506195985236755,14.70880798939861,44.42685680639598,15.770487457710871,14.338014596771208
128,385,0,2,96,0.18817964972142331,2.461930634452484,1.0,1.3324675324675326,1.4265584480419702
128,385,2,2,96,0.07796072170617467,4.9814293236957905,10.73378306749788,4.568634370492802,4.456086562488682
128,385,3,2,96,0.029170156035546284,10.607868908157954,33.72640728661455,12.212935409575747,10.30348658177427
128,385,4,2,96,0.008057049273939581,15.952515521752895,43.82016220813553,15.568781201665837,15.54521016911058
128,385,0,3,96,0.2050333944897449,2.4529272006169913,1.0,1.3324675324675326,1.3039212929023798
128,385,2,3,96,0.06747448326914522,5.039127199051806,14.127095340527436,5.696800528798732,4.633058898282301
128,385,3,3,96,0.026521867074079414,6.05838200608898,17.827301128327,6.926998816690535,5.471865130979378
128,385,4,3,96,0.007603382337165491,15.699895095870108,56.38148057680973,19.74501172423804,15.638468950503439
128,385,0,4,96,0.1952012762385686,2.4415229204213365,1.0,1.3324675324675326,1.298991336153909
128,385,2,4,96,0.07709479502556764,7.745074046869124,15.270804187829532,6.077046587122545,7.55370219203152
128,385,3,4,96,0.01803146296809884,19.50570079703523,45.28719116942281,16.05652070048343,19.191564918990053
128,385,4,4,96,0.006718970845988481,39.318128988443846,119.25196100409283,40.64740521694515,39.12252001774229
128,385,0,5,96,0.20056943694098514,2.4711890064334847,1.0,1.3324675324675326,1.3330927800427705
128,385,2,5,96,0.06778879940065302,6.086601298529715,12.916565748026574,5.294338742201043,5.257132193793009
128,385,3,5,96,0.02418205228199291,14.618920149307083,35.334956446438234,12.747725779595049,14.360282121291016
128,385,4,5,96,0.009321866280591857,102.61703863562818,269.37009132390847,90.55680958301373,102.52118859545095
128,385,0,6,96,0.16947369605425866,2.529034245228533,1.0,1.3324675324675326,1.2778648798791357
128,385,2,6,96,0.06587263415727426,4.883475345575993,9.282382836721146,4.086090917143654,4.1164176447931995
128,385,3,6,96,0.032615669725905384,15.690993726542265,42.00576288036242,14.965552334250363,15.381324720139299
128,385,4,6,96,0.010890879168652395,13.984167197055708,44.64864626304982,15.844225251091888,12.588538330419645
128,385,0,7,96,0.17305228777012274,2.3910986398522214,1.0,1.3324675324675326,1.291137877509828
128,385,2,7,96,0.06421055097939238,4.364654985030151,8.56613900746912,3.8479630985871363,3.633729617598165
128,385,3,7,96,0.019955324629038543,8.930559814960557,22.870600071595618,8.603731971855167,8.617665242014011
128,385,4,7,96,0.006099266118953243,20.434521872823197,56.825602760688874,19.89266793082643,20.343524451713275
128,385,0,8,96,0.18440766920967364,2.4287263326667405,1.0,1.3324675324675326,1.3702692528211247
128,385,2,8,96,0.06021594882268331,5.576916369273059,9.049705268984216,4.008733180337609,5.293169891945952
128,385,3,8,96,0.023634243188284974,8.350147677161235,16.445915262416694,6.46773286646581,7.514481233723225
128,385,4,8,96,0.008844492392501136,16.241970086982356,37.59097131108051,13.497777474852741,15.826820939740353
128,385,0,9,96,0.19391628959628307,2.452066987442816,1.0,1.3324675324675326,1.5250386097773243
128,385,2,9,96,0.06637436629400932,4.953572523000231,10.36090671934022,4.444665091105319,4.351752030995657
128,385,3,9,96,0.02805748845599088,9.875785988624315,26.62948166290279,9.853438059354694,9.526435788195306
128,385,4,9,96,0.010805445757747232,24.686978292704914,67.52770598285262,23.45076978131204,24.56275094540486
128,385,0,10,96,0.1847044319272733,2.403051848784575,1.0,1.3324675324675326,1.382099440730538
128,385,2,10,96,0.05897542504942056,5.875741660282605,13.642027852848441,5.535531338089871,5.490450869219347
128,385,3,10,96,0.02103974828057001,6.143741357517628,15.486193811591358,6.14865664385375,5.835636106549148
128,385,4,10,96,0.007559514103159278,15.34438356985537,43.129865221585646,15.339279865877826,14.82729123098756
128,385,0,11,96,0.18029121748865393,2.423819329151578,1.0,1.3324675324675326,1.1864107118576972
128,385,2,11,96,0.07212228241518866,4.709878403116118,10.19907966197843,4.390862848657764,4.418202876866467
128,385,3,11,96,0.025421674686167166,13.449766054550523,45.51224454427083,16.13134364069264,12.98439552809223
128,385,4,11,96,0.009419762894639295,11.837243581300303,31.917359104076088,11.61148562421231,10.756849129609277
128,385,0,12,96,0.19604063391405957,2.427927856147085,1.0,1.3324675324675326,1.258040181879061
128,385,2,12,96,0.06294522886662599,4.047199600547119,7.485702055318178,3.488752891118771,2.9846635667805206
128,385,3,12,96,0.023396580620551603,9.161629552485685,26.48879177864473,9.806663240692274,8.861374346342394
128,385,4,12,96,0.006394436695196604,42.1588109140894,135.12599639053965,45.925006592179415,42.02406688956952
128,385,0,13,96,0.20185829035664318,2.5094781044115697,1.0,1.3324675324675326,1.3203266105577558
128,385,2,13,96,0.07943388470043714,4.672606426898008,8.627102877719146,3.868231606098833,3.496469883570943
128,385,3,13,96,0.024058993648001764,11.633026678866226,25.644919537354227,9.526103118912575,11.356518371932726
128,385,4,13,96,0.008143204565480408,29.459756860812796,85.68434938467689,29.48726421100946,29.321555245748165
128,385,0,14,96,0.18486559542805003,2.42246096749136,1.0,1.3324675324675326,1.43570954021789
128,385,2,14,96,0.062080540057500466,4.3320856462851545,9.367905737257106,4.114524504854311,3.4982008560659184
128,385,3,14,96,0.01716054345164048,7.591167225694765,20.546940482523596,7.831190601981871,7.4656617634683204
128,385,4,14,96,0.006765472482925966,16.746240206242078,46.7712482632805,16.549921500519233,16.311892546179816
128,385,0,15,96,0.19193623229745488,2.47612796656946,1.0,1.3324675324675326,1.2817287240732402
128,385,2,15,96,0.06275435776972163,5.729310133644477,12.29783170002148,5.088629760007141,5.511308818213286
128,385,3,15,96,0.025529402576051137,18.689369681792066,46.196133895884,16.358714645904293,18.49129276417215
128,385,4,15,96,0.007058025412279149,55.77543746379588,160.9516836034692,54.51120909414041,54.97776017692652
128,385,0,16,96,0.1874162058639335,2.4244892089153094,1.0,1.3324675324675326,1.2998043988472592
128,385,2,16,96,0.05977410043221607,5.523793319127355,10.53568209767657,4.502772229876886,5.328986909932868
128,385,3,16,96,0.023393817081469526,10.23390074502681,21.474534332991663,8.139585440579047,9.785664324282983
128,385,4,16,96,0.00782519002355323,8.248954073138027,19.462764524590924,7.470737296487372,6.6146265754081455
128,385,0,17,96,0.18957144957740762,2.430010208336359,1.0,1.3324675324675326,1.4000988291295506
128,385,2,17,96,0.07207658045017142,4.457274370382706,7.974987482472847,3.6514244097572064,3.814645458010386
128,385,3,17,96,0.019277593452498215,23.153539547244748,53.95434322394237,18.93806735757045,23.016791744330977
128,385,4,17,96,0.0066318851409454364,8.57450801553481,19.77963013039175,7.576084822571803,7.177299678338927
128,385,0,18,96,0.2027742174822561,2.448865012451197,1.0,1.3324675324675326,1.277625342409275
128,385,2,18,96,0.06955828513506579,4.573469665866639,8.189189314661638,3.722639564355038,4.233314499231551
128,385,3,18,96,0.02902487469416634,9.824930319905539,25.47665177991503,9.470159552802919,9.764643765468346
128,385,4,18,96,0.008181750623346551,25.513078496507262,58.7921231637256,20.54647211677111,25.480552925471837
128,385,0,19,96,0.1827352995145935,2.388305391644462,1.0,1.3324675324675326,1.3827696593721723
128,385,2,19,96,0.07647059227874106,4.467494442927601,8.402558897067703,3.7935780229212104,3.9938825990342854
128,385,3,19,96,0.02411403389327255,11.144201220252384,38.83348862486107,13.91087414021355,10.930645823666692
128,385,4,19,96,0.007556105576893487,12.770192377275258,41.8832785197597,14.924830261114913,12.648222018723958
128,385,0,20,96,0.19683028939089992,2.389961163767751,1.0,1.3324675324675326,1.5283729857575001
128,385,2,20,96,0.07275456015189673,4.546975178801132,8.392255364004434,3.7901524327079676,3.4538556379068246
128,385,3,20,96,0.025829399813080814,7.156323039209719,15.187892925607997,6.0494812843579835,6.5665812294002475
128,385,4,20,96,0.009371467969443296,15.189979118590385,40.95583869070056,14.61648662963551,11.31009301687917
128,385,0,21,96,0.18978467673876448,2.407698949869073,1.0,1.3324675324675326,1.3233822819056948
128,385,2,21,96,0.06889730553785606,4.959685002642416,12.938141135587676,5.301511858065513,4.481405025763781
128,385,3,21,96,0.023173877487224284,7.374959797428536,13.762682312124412,5.575645028446558,5.996176815015692
128,385,4,21,96,0.005682554622130042,19.30333987162372,43.927568230276805,15.6044902168193,19.094740711233403
128,385,0,22,96,0.19537931455385787,2.4329476670023054,1.0,1.3324675324675326,1.2990803458879883
128,385,2,22,96,0.08068994286418324,4.455961586075965,8.890239536959733,3.955716001898301,3.5845774672607686
128,385,3,22,96,0.02497297636140475,6.619606440727651,18.304078605165394,7.085511847951092,6.269997216542863
128,385,4,22,96,0.009265651580142222,12.095304257653362,29.748772089408625,10.890500850504687,11.534227027381457
128,385,0,23,96,0.17646748993253247,2.407759380749393,1.0,1.3324675324675326,1.250458118721592
128,385,2,23,96,0.06416467538318442,4.794994991939113,9.106847284854272,4.027731045354148,4.00654249612868
128,385,3,23,96,0.022858982599383213,8.197986565046877,22.60309473539565,8.514795132806865,7.82550036213832
128,385,4,23,96,0.008363157532737723,28.21257018766444,95.20440465281993,32.65237349496351,27.821640150582795
128,385,0,24,96,0.18163332343447855,2.355971843666336,1.0,1.3324675324675326,1.35688934666418
128,385,2,24,96,0.08079922163666756,4.896831252400819,9.00639290314516,3.9943332249417676,3.992593999655421
128,385,3,24,96,0.02221834375127974,8.602145698836434,21.142451522767647,8.029178688088983,8.409142401800912
128,385,4,24,96,0.008045456018559716,11.84110496560207,33.904559867076536,12.272165358404667,10.4405177744871
128,385,0,25,96,0.16895891399084018,2.4582359922412524,1.0,1.3324675324675326,1.3421593766945572
128,385,2,25,96,0.0638775158912788,5.247872784533518,12.687427917478676,5.218157853083819,4.939689900780136
128,385,3,25,96,0.02348569690768661,9.836833671406666,22.35062000234083,8.43085548129773,9.520947613657809
128,385,4,25,96,0.005554403782827012,17.24639175014311,46.36441672802196,16.414663223861844,17.18891750570499
128,385,0,26,96,0.19759933203471367,2.3838588516078696,1.0,1.3324675324675326,1.3045502973184053
128,385,2,26,96,0.07322359594758301,4.305095092646472,7.0113365220489205,3.3310417527850955,3.39652512655726
128,385,3,26,96,0.023109818857523265,12.45940134732502,34.72511899831257,12.544974628010412,12.350727823049242
128,385,4,26,96,0.008109780909118453,35.64098019318922,109.68204150672233,37.465717695741446,35.60786307189238
128,385,0,27,96,0.1867023031447449,2.44421022312162,1.0,1.3324675324675326,1.3970836036363965
128,385,2,27,96,0.08398046124015764,4.81715164878981,8.094092548206397,3.691022977066023,3.5989333986019076
128,385,3,27,96,0.026615814549252288,15.725851464428938,43.24105405155479,15.376246541815618,15.548801807921652
128,385,4,27,96,0.008746508092517338,35.3055115836689,104.67328175973202,35.80046770193688,35.22066849400638
128,385,0,28,96,0.16702198842959354,2.3522832215649268,1.0,1.3324675324675326,1.3478527292382192
128,385,2,28,96,0.0550399890753962,4.81900456731082,10.74029844028131,4.570800520405214,4.153241942392442
128,385,3,28,96,0.02038851081354899,6.657390179415099,16.30766601190193,6.42176947928168,5.84133597138708
128,385,4,28,96,0.005699187027069655,12.464980203628562,34.88649473156599,12.598626819845316,11.129471339180428
128,385,0,29,96,0.2022362393712503,2.4654219905003383,1.0,1.3324675324675326,1.3777018411505426
128,385,2,29,96,0.06473392439314264,4.011690260471124,6.8376334710550415,3.273291128039079,2.8301303722616282
128,385,3,29,96,0.023103610984909085,13.007635554877641,29.148864048590994,10.691050904466616,11.98331022760184
128,385,4,29,96,0.006800810796842628,14.23729717680315,35.541262778087614,12.816315936610946,13.604503313751476
128,385,0,30,96,0.1847367821220132,2.4240368270093455,1.0,1.3324675324675326,1.1930380379357892
128,385,2,30,96,0.06804039173139005,5.161228209885687,9.349070958742011,4.108262552516825,4.041624774680407
128,385,3,30,96,0.018217090379915778,22.602682578064673,77.94513456900877,26.91422655800811,22.545225920376446
128,385,4,30,96,0.007793208684422237,31.599155464212927,109.35494686627862,37.356969347749775,31.419892613527203
128,385,0,31,96,0.1843937126175133,2.4223965579029754,1.0,1.3324675324675326,1.2298263416939876
128,385,2,31,96,0.06221188618536537,4.938575856271827,8.940245638018279,3.972341406925558,4.066805790779925
128,385,3,31,96,0.020520657638767276,9.13761725672377,26.026872527260192,9.653090086985207,8.47109733472366
128,385,4,31,96,0.005781559470785199,28.27165901200452,81.367452594156,28.05203618714797,27.786200409167048
128,385,0,32,96,0.1910989691835979,2.4241146107352964,1.0,1.3324675324675326,1.4612525864605672
128,385,2,32,96,0.06248838510691798,4.121946132920729,7.418734582413921,3.466488380646706,2.9499151545748856
128,385,3,32,96,0.017109987353949883,4.774763372311298,12.669819888450053,5.212303755121057,4.261286036996882
128,385,4,32,96,0.005744830238677062,13.504588373631584,47.355285203417836,16.74409482087658,13.19996693655813
128,385,0,33,96,0.1910060514000677,2.3979266109857083,1.0,1.3324675324675326,1.3266222927082358
128,385,2,33,96,0.07077102500875906,5.11442990204862,10.055364042349433,4.3430820712226685,4.443718585461899
128,385,3,33,96,0.021403313596332907,14.292637937073028,46.253801141674884,16.377887132816586,13.911456523499117
128,385,4,33,96,0.005606857612187229,20.662629432182328,67.98327239224434,23.6022308213176,20.086753246484875
128,385,0,34,96,0.18475932462850553,2.478184636646545,1.0,1.3324675324675326,1.3074895892427407
128,385,2,34,96,0.06580688415859688,5.175583710284613,11.646561756242638,4.8721036488287215,4.713841250531034
128,385,3,34,96,0.021871484179509546,6.796900949947478,16.62280188229,6.526541924501609,5.896765173026492
128,385,4,34,96,0.006690695288344407,10.465852351206056,28.254820859014288,10.393810571308647,10.143074904750627
128,385,0,35,96,0.1868776724708937,2.496062892994268,1.0,1.3324675324675326,1.3051818668928423
128,385,2,35,96,0.06130373075225613,4.719737561712014,10.814176402582268,4.595362544235144,4.464401031217871
128,385,3,35,96,0.022603624231597754,8.717818091663023,23.752193069920818,8.896833020648998,8.495109849702228
128,385,4,35,96,0.0082654684410541,20.664590219207643,49.230066531511056,17.367398742943937,20.54246230894759
128,385,0,36,96,0.18483372666365466,2.490746064289739,1.0,1.3324675324675326,1.232574045534781
128,385,2,36,96,0.06389762334277496,4.87344789264041,9.554142958867395,4.176442334376692,4.192113873628876
128,385,3,36,96,0.020383101451991452,8.375067828650621,20.89757873113983,7.947766435288048,7.362896240631499
128,385,4,36,96,0.006853587729467111,36.437914622117155,111.17211703398537,37.96111942948085,36.078359046950105
128,385,0,37,96,0.18337513006516398,2.421101452728367,1.0,1.3324675324675326,1.284432230720203
128,385,2,37,96,0.06136413717890923,4.345997973825845,8.165384422590735,3.714725210627569,3.6428317983845417
128,385,3,37,96,0.024558460632450794,11.020198861886794,23.8906156869146,8.94285404655862,9.910790236970863
128,385,4,37,96,0.008747917973925512,13.362693539444741,37.97848435221779,13.626612979438642,11.99472975529448
128,385,0,38,96,0.19693069989878592,2.4872136514145513,1.0,1.3324675324675326,1.2878854096713046
128,385,2,38,96,0.07137882302705266,6.852819442334995,15.43586059855187,6.131922484713349,6.540785824388122
128,385,3,38,96,0.02846682767096188,35.98493996473425,90.7577584569008,31.174008006450137,35.855172009991485
128,385,4,38,96,0.00725029786005948,25.869280866107967,82.22994347704129,28.338786402756583,25.441981451578183
128,385,0,39,96,0.20259746750574606,2.437660585246777,1.0,1.3324675324675326,1.3311573357320257
128,385,2,39,96,0.06882840310715985,3.4188876187661186,6.100013633337865,3.0280564806941475,2.606340940274737
128,385,3,39,96,0.023245579862756507,10.725242683470224,27.359837845627453,10.096257777247569,10.179430763649735
128,385,4,39,96,0.007958130704251621,14.687052158533053,41.02375707378778,14.639067286869702,13.845375878988902
128,385,0,40,96,0.19813532038493128,2.4616784009131596,1.0,1.3324675324675326,1.4125863449547098
128,385,2,40,96,0.06479936916453784,4.185098436131261,8.314655290746886,3.7643529278327312,3.711310685921477
128,385,3,40,96,0.023743624311535573,7.5999238431667955,16.827598190530352,6.594630047760741,6.507650628790685
128,385,4,40,96,0.008568073898547844,22.612110739376178,73.23154230516315,25.347110168989307,20.055546898838884
128,385,0,41,96,0.19456804465924676,2.494852043688147,1.0,1.3324675324675326,1.3443390756790896
128,385,2,41,96,0.07209102555844503,5.273031708189676,9.523530720211356,4.1662647589274115,4.536448304471377
128,385,3,41,96,0.026382263276696218,7.760112957104514,25.076122640370937,9.33699661809735,7.4177856356784835
128,385,4,41,96,0.008546672058530236,17.73094980329992,63.97403481473431,22.26928949684673,17.620292120888116
128,385,0,42,96,0.189197692790263,2.378289530331835,1.0,1.3324675324675326,1.339395240782007
128,385,2,42,96,0.05718410453668232,4.322023199950134,8.369796122481226,3.7826854640976544,3.2141021378599888
128,385,3,42,96,0.021189176805521428,10.59259217435223,24.128424789040057,9.021917851940591,10.369099652193533
128,385,4,42,96,0.006054349858897918,25.0641680197811,63.2571555480966,22.030950415990556,24.93365914624487
128,385,0,43,96,0.18437148845403162,2.4005322505911297,1.0,1.3324675324675326,1.3103263070420084
128,385,2,43,96,0.06889509354053241,4.286196478088669,8.163873695147961,3.714222942802439,3.464969641750002
128,385,3,43,96,0.022103678501047837,7.50538246636959,21.28673698986606,8.077148921306119,6.92260561351006
128,385,4,43,96,0.007025320085003281,20.593740089332673,66.09761252120754,22.975310136920946,19.45235709135505
128,385,0,44,96,0.16559765417091404,2.3695915021117138,1.0,1.3324675324675326,1.2982552958062177
128,385,2,44,96,0.07438397763302265,4.465239211033927,8.884629675467153,3.953850905090378,3.6489919727075413
128,385,3,44,96,0.01871351070956407,31.91479020344247,98.24839866177167,33.66440267196565,31.881700315671445
128,385,4,44,96,0.0065793468396322385,22.561281904210666,68.90203960241261,23.907691088594323,22.496488062081934
128,385,0,45,96,0.18467176543029937,2.4524549316153945,1.0,1.3324675324675326,1.2405678973129692
128,385,2,45,96,0.06101791169660887,4.904834319342065,11.790011920527107,4.91979617098044,4.6233976872295015
128,385,3,45,96,0.022399819320044277,14.401471808267164,40.76374848139076,14.55262287173511,14.25447409114636
128,385,4,45,96,0.0088434383609084,12.731268232541527,36.20626726283991,13.037408336736386,12.298996137907832
128,385,0,46,96,0.19406513086181207,2.379270716461887,1.0,1.3324675324675326,1.342632104057432
128,385,2,46,96,0.06277277324326609,4.627906942829702,13.100275253338868,5.355416188123052,4.285456605993089
128,385,3,46,96,0.01883047044754012,15.023485456282943,47.12770155252694,16.66843064603493,14.772200460977635
128,385,4,46,96,0.006095739672159733,57.892895513604415,194.32922785874212,65.60815887251685,57.86039374868271
128,385,0,47,96,0.19621992923974632,2.429563206574403,1.0,1.3324675324675326,1.6184606998283506
128,385,2,47,96,0.07514334138645742,4.923959755793611,8.415881480330585,3.7980073493047137,4.404730940334086
128,385,3,47,96,0.02518971215506345,8.999347606883205,18.773043460414915,7.241427436189894,7.11333538674384
128,385,4,47,96,0.006529352166002792,11.628812498296405,28.670060621545385,10.531864310539765,11.523877450183909
128,385,0,48,96,0.17817443387447984,2.4440766840506845,1.0,1.3324675324675326,1.2438883117680364
128,385,2,48,96,0.05556060887231558,4.581696782851875,9.51899614731996,4.164757160667415,4.1312987737601885
128,385,3,48,96,0.023735173505814,9.988192105794282,22.133998785729236,8.358835959930758,8.437820161218417
128,385,4,48,96,0.009548023277296409,11.452891497786814,36.129388031521785,13.011848488402048,10.952948977856206
128,385,0,49,96,0.20886794366761052,2.562146394172866,1.0,1.3324675324675326,1.4119632743120794
128,385,2,49,96,0.07676627494164515,4.5671977683218365,8.625255750766673,3.86761749635879,3.5529759590048284
128,385,3,49,96,0.024440375449451004,11.702203402715611,33.49220479958058,12.135070686613803,11.361521531099736
128,385,4,49,96,0.007178682029740345,19.486343107130594,49.713618343948,17.52816402084505,16.25324932142977
128,385,0,50,96,0.18708663696070396,2.3997188093223385,1.0,1.3324675324675326,1.3876514896183743
128,385,2,50,96,0.04482691438390201,5.2171725490298915,9.485002362861591,4.153455331029308,5.001521176031312
128,385,3,50,96,0.014910690643641655,19.163284122552966,61.89570516520932,21.578312366615048,19.11000869327718
128,385,4,50,96,0.004688835954723949,10.4449226141979,32.168921634687294,11.695121998025906,10.38320974717424
128,385,0,51,96,0.1659785906943946,2.4151460421863433,1.0,1.3324675324675326,1.3729305322946328
128,385,2,51,96,0.056693520474513315,5.072344103256018,9.58994233120958,4.188344463363185,4.183396139886114
128,385,3,51,96,0.020041609228915222,10.256524858704815,21.52225180156094,8.15544994960987,9.438629198667408
128,385,4,51,96,0.005953668022520124,14.019064418041946,47.516503958865236,16.797694822687664,13.62184945057398
128,385,0,52,96,0.19351706424318202,2.373051009019951,1.0,1.3324675324675326,1.3943168821002971
128,385,2,52,96,0.06474093059997224,4.653949902793602,9.720170463661546,4.231641089217345,4.295789050059212
128,385,3,52,96,0.027697796576697676,12.827855437166985,34.37496032272927,12.428558237167135,12.414891926282886
128,385,4,52,96,0.010630376158050035,11.97643294480945,32.81711637652768,11.910625704404007,11.785709043564994
128,385,0,53,96,0.19102019215704097,2.424316427957377,1.0,1.3324675324675326,1.404420077586932
128,385,2,53,96,0.06869271618060394,4.862756485927031,10.520468708591522,4.497714271947311,4.397478153906851
128,385,3,53,96,0.021939377701450317,14.186041890687669,31.86666530207121,11.59463158094835,13.594660870820194
128,385,4,53,96,0.006191716096972734,24.068940208852034,56.74622717312669,19.866278125091473,23.104273521951832
128,385,0,54,96,0.2055274909827483,2.3982572265746867,1.0,1.3324675324675326,1.2736285485745813
128,385,2,54,96,0.0670144117859899,5.003089700515405,10.644025035003214,4.538792738910159,4.270322817193377
128,385,3,54,96,0.024727051014729905,10.17303480998682,24.21972729271522,9.05227297004558,9.608020002759694
128,385,4,54,96,0.007918588262888045,23.864416639031752,54.58958979346413,19.149266217047813,23.70054480790732
128,385,0,55,96,0.19175929092996946,2.496980205689054,1.0,1.3324675324675326,1.2618664752129904
128,385,2,55,96,0.06703285075125172,5.550786455097574,9.57319233744224,4.182775634266511,4.8837822546841245
128,385,3,55,96,0.025307108458653072,9.176222369812145,19.74789623068222,7.565534331239802,8.184650552886776
128,385,4,55,96,0.006775239051319339,8.237470016980502,19.94845581690702,7.632213881984672,7.292703244394593
128,385,0,56,96,0.19254551110963639,2.434977408695726,1.0,1.3324675324675326,1.3120126420216975
128,385,2,56,96,0.06740521820998933,5.317229024661577,11.866660538384602,4.945279347826569,4.805186366247318
128,385,3,56,96,0.023191269249736874,8.520814249697057,17.43060279262189,6.79510949988468,6.878905354701233
128,385,4,56,96,0.006915562225928718,15.098994458528972,39.2774455299578,14.058475396972984,13.834363186774214
128,385,0,57,96,0.2016112910065551,2.4279106004098736,1.0,1.3324675324675326,1.4004850187628122
128,385,2,57,96,0.05655660016289079,4.445818933327487,8.469350644176536,3.8157841102716796,3.5210091096059166
128,385,3,57,96,0.018766830841066416,10.284187290103691,27.71553644658272,10.21451601340932,9.592343211036509
128,385,4,57,96,0.00647718216176956,36.09101217135603,109.67481968432207,37.46331667426812,35.97011259445352
128,385,0,58,96,0.18938511767598287,2.4707174012265867,1.0,1.3324675324675326,1.520548360761403
128,385,2,58,96,0.06897360199393623,5.972873989095152,12.228002121051476,5.065413692193737,5.422219711359017
128,385,3,58,96,0.031913233543217734,11.302609573595753,28.912878404218976,10.61259333958449,10.649853019468267
128,385,4,58,96,0.010811935711837528,15.285146222386379,39.05640729277642,13.984987359676316,14.25230375090287
128,385,0,59,96,0.1728740701856273,2.4922414083887463,1.0,1.3324675324675326,1.2537664341669015
128,385,2,59,96,0.05203697201058922,4.447156807255391,9.012844563824487,3.996478192648141,4.1239513364067975
128,385,3,59,96,0.0155796478030115,9.631461545096066,26.482619780778432,9.80461125179127,9.467147976591571
128,385,4,59,96,0.004980034430765124,19.051805061189803,53.37013488835122,18.743837053789495,18.469856623359338
128,385,0,60,96,0.18353974284389235,2.428527076150762,1.0,1.3324675324675326,1.340485487602047
128,385,2,60,96,0.08038528964017798,6.256547155257055,13.947552440823294,5.63710834396203,5.731581776196057
128,385,3,60,96,0.023719063772560917,8.777311285857575,23.178434720908687,8.706076998120292,8.386904674998943
128,385,4,60,96,0.006465636392560683,12.155092975771037,30.543310079125305,11.154658935397505,10.907301986286319
128,385,0,61,96,0.1933670827797215,2.374892702931392,1.0,1.3324675324675326,1.309639093712913
128,385,2,61,96,0.06337393036286441,4.211127850106227,7.978360226433006,3.652545737619285,3.4399361232734393
128,385,3,61,96,0.02040426899638852,14.590527874147847,37.34131665798159,13.414775408367904,14.020476563971641
128,385,4,61,96,0.008394889120031203,11.745517609345615,24.979079064299263,9.304732779818975,7.208442430691982
128,385,0,62,96,0.19486310352702688,2.3091456513924093,1.0,1.3324675324675326,1.2555894692014102
128,385,2,62,96,0.060076148056477374,5.385211442910139,10.695834512159665,4.556017707938798,3.997082362916874
128,385,3,62,96,0.02615893521185537,9.709638552096376,24.10575508729945,9.014380912141116,9.415110715072348
128,385,4,62,96,0.011003009705261625,25.491682988916644,60.98102642656023,21.274211383375867,25.31611605177225
128,385,0,63,96,0.18923965684324567,2.3810954490579004,1.0,1.3324675324675326,1.4969101381585659
128,385,2,63,96,0.07807927562970489,5.253074288529469,13.077229033543563,5.347754068295003,5.000440980913511
128,385,3,63,96,0.02446639668374459,13.528954119082764,33.594708591333514,12.169149869326468,13.143248374662639
128,385,4,63,96,0.007317253425472778,15.997551927816769,39.61241868719373,14.169843096002072,15.380892982822683
128,385,0,64,96,0.17569111308490468,2.47728726249528,1.0,1.3324675324675326,1.352563886618991
128,385,2,64,96,0.060497277077119604,4.871666734474722,8.843732754038642,3.9402540065375224,3.251404856951011
128,385,3,64,96,0.0201574494262754,14.150034173655946,40.237374421491175,14.377620586885378,13.808074964725074
128,385,4,64,96,0.006257939563428993,19.477379428659688,65.38419003555565,22.73812032350941,19.432197556780604
128,385,0,65,96,0.19128948922711653,2.413567311597762,1.0,1.3324675324675326,1.3621432192748484
128,385,2,65,96,0.053922340332383925,3.6654737594525764,9.116105423011446,4.030809075702507,3.174972736407865
128,385,3,65,96,0.019690829892628346,10.98104778732592,30.901469969208687,11.273735470282368,10.523276349185267
128,385,4,65,96,0.005772217438818931,18.75298137927743,45.48535348582746,16.12240323684653,18.474924107366284
128,385,0,66,96,0.17973750493874527,2.402620629938248,1.0,1.3324675324675326,1.3784639094693507
128,385,2,66,96,0.05893389458216268,4.038673138607872,8.57291971664162,3.8502174642340967,2.8929760531822817
128,385,3,66,96,0.021811996162418995,6.885285235443986,17.527966257591764,6.827479690835704,6.547890941865474
128,385,4,66,96,0.00608140201779104,7.594203788205765,18.1392210843136,7.030702074784782,7.021635201796224
128,385,0,67,96,0.1848379623625322,2.4940955394352287,1.0,1.3324675324675326,1.4119229101793263
128,385,2,67,96,0.06145821972846804,3.9479616574873146,7.503124749934892,3.4945453714069252,2.688494114769873
128,385,3,67,96,0.01564395532177646,19.206138910351996,42.77106022162704,15.219988852904574,19.12792966682363
128,385,4,67,96,0.005266576814693354,27.34109475240395,73.52855475459238,25.44585716516318,26.556685790790436
128,385,0,68,96,0.18973104847699884,2.4387244006047775,1.0,1.3324675324675326,1.4130637265940054
128,385,2,68,96,0.063394348538265,4.436330388205249,8.989851784990119,3.988833840204507,3.834644974290403
128,385,3,68,96,0.0157497930049595,9.503005836186817,26.94649890286569,9.958835998874827,8.89748564014105
128,385,4,68,96,0.006108906279705521,14.495345164719838,37.02720500373609,13.31034348176161,14.162318923479353
128,385,0,69,96,0.1875515676241032,2.4741686529060862,1.0,1.3324675324675326,1.487043977474581
128,385,2,69,96,0.07503706906902369,6.15868022616454,10.690016329699352,4.554083351172771,5.722293685618318
128,385,3,69,96,0.023639912982585946,10.806415795044973,28.605089425233363,10.510263497220443,10.646501960037435
128,385,4,69,96,0.008731273942544271,26.660384409512076,68.09963350914687,23.640917114729348,26.49602851209305
128,385,0,70,96,0.1832041573180999,2.35675765344621,1.0,1.3324675324675326,1.383782656365097
128,385,2,70,96,0.07455640773398273,5.164459934170722,9.43838481978249,4.137956511512101,4.8236786126016575
128,385,3,70,96,0.027654494649093496,9.971500524701671,30.939496073504216,11.286377915346856,9.736196123867051
128,385,4,70,96,0.008050009222612946,8.671234317281687,22.184608075208384,8.375661905523827,8.424877587286304
128,385,0,71,96,0.1958583718733754,2.44386830130093,1.0,1.3324675324675326,1.3545776476428264
128,385,2,71,96,0.06566411114956833,3.925320194936358,7.753148018362146,3.577669990520402,3.2430129391450433
128,385,3,71,96,0.03195135662077349,9.922166669567403,28.022749362473387,10.316654333497645,9.554286959930657
128,385,4,71,96,0.00993079577141677,11.077744897656316,31.7033151051127,11.54032294403747,10.41554037859465
128,385,0,72,96,0.19210488512947282,2.416361105520325,1.0,1.3324675324675326,1.3429954330847842
128,385,2,72,96,0.06974970914039279,4.886916065074818,9.159472101687825,4.045227088353355,4.276637045474647
128,385,3,72,96,0.023313251308288832,15.833831425576893,40.34402498587689,14.413078436862968,15.634774649488365
128,385,4,72,96,0.00916157463013415,29.795640899258856,86.29033146643451,29.688733578450954,29.08040355987516
128,385,0,73,96,0.19467926138008912,2.2972012344268182,1.0,1.3324675324675326,1.3259520251706178
128,385,2,73,96,0.06518284023416912,4.815674667003853,9.061569820463044,4.012677758491609,3.685095026848671
128,385,3,73,96,0.01780987527829011,9.93225355985348,24.239979362541074,9.059006125727942,8.760771271587542
128,385,4,73,96,0.006800226997724063,26.343638945361228,75.03505191333197,25.94671855819868,24.801915154038007
128,385,0,74,96,0.18747192551473824,2.4947095543398436,1.0,1.3324675324675326,1.2883908378850935
128,385,2,74,96,0.05995489758030975,5.288787044038887,9.68377330399812,4.219540215355218,4.6763564253771435
128,385,3,74,96,0.022148560020110522,8.096284431370112,19.199056360254396,7.383062893798864,7.580374551149879
128,385,4,74,96,0.006788170393624902,22.630541387323504,72.18600265086572,24.99950218002808,22.510400440303407
128,385,0,75,96,0.16962585267886332,2.4516628726573715,1.0,1.3324675324675326,1.3881334059430779
128,385,2,75,96,0.05712403703204477,5.767182339593912,9.5158210748329,4.1637015521522365,5.3191470760371935
128,385,3,75,96,0.02777789684085411,12.298246123729985,25.323517421699393,9.419247350590966,9.488062970731333
128,385,4,75,96,0.008952447602610183,35.419593224177746,83.46960615434779,28.750933994172772,35.28517329121219
128,385,0,76,96,0.19728153575501065,2.31041473500596,1.0,1.3324675324675326,1.2837790285719612
128,385,2,76,96,0.06922334667028751,4.465963045051522,7.087080354264945,3.356224117781592,3.8829711564100444
128,385,3,76,96,0.016427304381260433,18.38605610715178,53.758743459589326,18.873036786564764,18.309623563185365
128,385,4,76,96,0.004649336964093477,24.72504127337443,72.91852840871123,25.243043211207887,24.551605237457384
128,385,0,77,96,0.18028244033219035,2.4351886051894063,1.0,1.3324675324675326,1.4786365242509723
128,385,2,77,96,0.058588810625394984,6.1946927344901095,16.00668689976682,6.3217036965458515,5.8023806886680696
128,385,3,77,96,0.019043743612549416,10.258706367811763,29.470884544008452,10.79811226398203,9.003088466983256
128,385,4,77,96,0.006724955513570669,11.10159578987875,25.41469415485297,9.449560654080987,9.185315027386764
128,385,0,78,96,0.1852646833838123,2.354398386238032,1.0,1.3324675324675326,1.304097270023277
128,385,2,78,96,0.07370755854683737,4.663769675535038,9.737679826193729,4.237462383773499,3.71710212241378
128,385,3,78,96,0.022767514355522846,6.593434058099482,16.174265580085905,6.377418166885703,6.293278859710255
128,385,4,78,96,0.006858466281142258,15.270416409809824,39.370116339928444,14.089285432495691,15.035528166630185
128,385,0,79,96,0.19024095415566789,2.456300661753554,1.0,1.3324675324675326,1.3085654835844067
128,385,2,79,96,0.07065577358663516,4.523365166162321,10.142871804781642,4.37217556107026,4.191054542052463
128,385,3,79,96,0.022143962135784373,10.282310006295969,24.000673314895785,8.979444634562753,9.509436110106522
128,385,4,79,96,0.006034447548402825,11.124568058278893,29.878693683523156,10.933695562314192,8.765690924763158
128,385,0,80,96,0.19914003914589093,2.441473001372265,1.0,1.3324675324675326,1.4809533192958773
128,385,2,80,96,0.07666083403221859,4.275512804071576,7.2990974253090055,3.4267129102326046,3.296052772669204
128,385,3,80,96,0.027151363349055928,8.246764559932544,18.179251741816593,7.0440109687078545,7.303473960281565
128,385,4,80,96,0.009074314729058888,12.790060153230229,35.69588533964595,12.867722918116055,12.199497910973665
128,385,0,81,96,0.1875156783145358,2.473078113744214,1.0,1.3324675324675326,1.405514110818599
128,385,2,81,96,0.061942486669600505,5.355994285318953,8.839349808034031,3.938796819294431,4.663784174216838
128,385,3,81,96,0.01811950635964383,9.676223494096039,23.377577360676106,8.772285460172835,9.246699936620226
128,385,4,81,96,0.0052265417331362005,12.013407966117082,40.83745347463986,14.577127388971174,11.669744724360656
128,385,0,82,96,0.18285208906503986,2.4188799921879895,1.0,1.3324675324675326,1.233003479941133
128,385,2,82,96,0.06343098922244048,3.6827097518913954,6.593932445352477,3.1922684493639406,3.200685821797743
128,385,3,82,96,0.02007812641789088,19.11717029586562,57.51806844515782,20.122890288260262,19.021111886721055
128,385,4,82,96,0.008381032768135304,23.430388555266823,67.99127326677957,23.60489085233191,22.452251228372315
128,385,0,83,96,0.2037000560737819,2.4006934726670455,1.0,1.3324675324675326,1.3661667599193457
128,385,2,83,96,0.06029775852670044,4.714676617691136,8.500018191889856,3.825980074186757,4.223333597971297
128,385,3,83,96,0.02121982332612969,9.84406944692791,27.54873627408125,10.159060371642598,9.633082740940589
128,385,4,83,96,0.007499041323417423,11.635013462736111,31.239624717040652,11.386160944886242,11.458587617754906
128,385,0,84,96,0.1835082392532029,2.531851272831358,1.0,1.3324675324675326,1.2786664792680646
128,385,2,84,96,0.08046920632905157,5.301528098122324,10.22025096556582,4.397901619720584,4.25173267291755
128,385,3,84,96,0.02332779969141412,7.390740232149305,15.964063913554613,6.307532937493481,6.323255930770267
128,385,4,84,96,0.007821465671384205,15.115127472935535,55.58489431871497,19.48017265661173,14.981132455477447
128,385,0,85,96,0.19698904232913125,2.416039229160358,1.0,1.3324675324675326,1.3907749398290559
128,385,2,85,96,0.06327365994401243,4.315521616001298,8.845867784074171,3.9409638347051787,3.612881871853127
128,385,3,85,96,0.020531912684609105,19.545628733175466,58.66644355399181,20.504687727041432,19.03070523621854
128,385,4,85,96,0.00664243528897995,39.008422160947404,124.18754280477755,42.288325919510456,38.98098884907381
128,385,0,86,96,0.2087511239050219,2.4066479642160137,1.0,1.3324675324675326,1.3811451779449146
128,385,2,86,96,0.0723725341482473,4.929903658693879,9.175837341285538,4.0506679991806465,4.313350094423394
128,385,3,86,96,0.023182140922110232,14.764916495068002,45.16032901134516,16.014343151823844,14.245958392713352
128,385,4,86,96,0.008830735234395188,19.117809740122627,52.20638584402131,18.356928280609683,16.16253311921247
128,385,0,87,96,0.20164419953794555,2.3891519919734945,1.0,1.3324675324675326,1.3551047670439444
128,385,2,87,96,0.07222502943544715,5.279558631788531,8.564841361925268,3.847531673575154,3.778781842854334
128,385,3,87,96,0.02404895637333408,11.921009054881965,32.68246696765856,11.865859147689081,11.563288337990802
128,385,4,87,96,0.007584544894777648,31.193094284007557,93.082390959515,31.9468728384881,30.9941642978917
128,385,0,88,96,0.19758051612699576,2.467786077883675,1.0,1.3324675324675326,1.3986596667496327
128,385,2,88,96,0.061545217607887955,5.712158711257851,11.273342497549406,4.74802036282162,5.070434238013568
128,385,3,88,96,0.020825592161438637,8.134079902913946,18.442494956237034,7.13153079064504,7.6038805376349545
128,385,4,88,96,0.00671061379734794,13.844414798520305,35.31858780101849,12.742283736442511,13.73276296002498
128,385,0,89,96,0.1771500812125217,2.4458910875571545,1.0,1.3324675324675326,1.47602448510236
128,385,2,89,96,0.06377499996624045,4.504095334440416,9.582041130820324,4.185717570766237,3.998340257330574
128,385,3,89,96,0.017664435265929375,9.972367593417065,26.416359398614336,9.782581826032818,9.321362110496832
128,385,4,89,96,0.00757941914793052,16.651722630554893,44.034733062383594,15.640119044117142,16.445488046192583
128,385,0,90,96,0.18516900166340355,2.450373637693957,1.0,1.3324675324675326,1.3820098024772633
128,385,2,90,96,0.06292895092589874,4.51589900545601,9.759277844149926,4.244643023509585,3.4090071442139784
128,385,3,90,96,0.01867539142373457,6.535588290694095,17.204938078619108,6.720083309255184,6.232193375922284
128,385,4,90,96,0.006505828591147594,14.587304626855015,46.21236686155216,16.364111579944613,14.133341022183776
128,385,0,91,96,0.1794209342147075,2.4501826196758616,1.0,1.3324675324675326,1.3195809785123587
128,385,2,91,96,0.061868421094427965,4.718334123843906,8.889062978653225,3.955324834461332,4.267278788549027
128,385,3,91,96,0.016084941467201706,8.260874665427709,15.786350917738778,6.248449136287178,6.2444856694798005
128,385,4,91,96,0.00531806343438746,20.6139130402166,45.400612784631804,16.094229705020446,16.470163010140226
128,385,0,92,96,0.20596099501656498,2.4696363837716357,1.0,1.3324675324675326,1.2962595914901636
128,385,2,92,96,0.07158464492937135,5.205702036466109,9.67781401345235,4.217558944732209,4.690811524400647
128,385,3,92,96,0.015885853456997306,5.42602823503702,13.41621845538287,5.460457044906512,4.829582763498574
128,385,4,92,96,0.004757507952121668,7.230433430020288,15.184994640181209,6.048517698553753,5.585592507066907
128,385,0,93,96,0.19103614548404615,2.518539584223262,1.0,1.3324675324675326,1.3205857101422946
128,385,2,93,96,0.05118421026121762,3.8748632669687364,7.377974525008285,3.4529369849378195,2.990537842124029
128,385,3,93,96,0.01670502013097021,5.8381787216193555,14.542554092520088,5.83492707491577,5.279366349585017
128,385,4,93,96,0.005186376780650737,6.700962487016715,18.20235128924835,7.051690818243608,5.2609573579573015
128,385,0,94,96,0.194712501864925,2.4606930476510165,1.0,1.3324675324675326,1.4158012908486457
128,385,2,94,96,0.0665825225326263,5.359454329156868,10.20644625049731,4.39331200016534,5.113104667028505
128,385,3,94,96,0.022229336424488783,7.7057819962110345,19.728655675222463,7.559137471242793,7.533477448662908
128,385,4,94,96,0.0050995902288248586,7.847906674616246,16.785340061336033,6.580580591820811,5.9038526288008795
128,385,0,95,96,0.19215888663875727,2.4574444139015474,1.0,1.3324675324675326,1.358850437047727
128,385,2,95,96,0.07453603775769133,4.974205961422122,10.591695683532237,4.521394928550977,4.510018986622646
128,385,3,95,96,0.024548026775528715,23.808732961076473,61.45034523612622,21.430244649932874,23.705643356899625
128,385,4,95,96,0.009521647696457065,12.06685340430165,28.71786002080618,10.547756058865431,11.530051787178866
256,769,0,0,96,0.19885329586812017,2.484790109971372,1.0,1.3328998699609884,1.2791933708007077
256,769,2,0,96,0.06573160799822657,4.487175779478665,8.488369306081086,3.825777038175238,3.8396741884606
256,769,3,0,96,0.02382762737177993,16.70915626305102,41.01859819773753,14.655086006008853,16.17718689508231
256,769,4,0,96,0.008786050837503886,33.32365555059219,100.31471890472025,34.39475687855447,33.16523745607729
256,769,0,1,96,0.1942688686159885,2.462856781990904,1.0,1.3328998699609884,1.3378484730075844
256,769,2,1,96,0.06602810618496918,10.465548844047294,24.039270944406958,9.00267017135004,10.374706337890046
256,769,3,1,96,0.021992824251327574,11.893236163950757,38.65688246292392,13.868871145004581,11.689897673569247
256,769,4,1,96,0.008018810970085862,12.550641657401021,34.5172150339398,12.490776396214029,11.40431909781822
256,769,0,2,96,0.17664932685415852,2.5177428167639526,1.0,1.3328998699609884,1.2552192448299346
256,769,2,2,96,0.0653024605586241,5.487709123302579,11.173730840960904,4.71973354393497,4.456503987931797
256,769,3,2,96,0.025170376311383504,10.65990576109463,26.354692820891486,9.773473812936567,8.969795319059452
256,769,4,2,96,0.00836378250056284,58.84947969631031,199.38641084807895,67.37571024331368,58.80519524411961
256,769,0,3,96,0.19368032945213318,2.4368077422929355,1.0,1.3328998699609884,1.3028629040834991
256,769,2,3,96,0.06226434238546099,5.060979629281411,10.850857370687896,4.6122490076672324,4.651670046626222
256,769,3,3,96,0.019325946508015147,15.330975595650493,37.39650419401679,13.449291383183743,15.117357875979872
256,769,4,3,96,0.006503035264553251,25.813012540205804,88.45073082806952,30.445236790618726,25.64921261650384
256,769,0,4,96,0.18719040752986008,2.486049350055829,1.0,1.3328998699609884,1.3254950549315048
256,769,2,4,96,0.064083282263599,6.220800685209692,12.888244688639272,5.290494980873412,5.936325058679065
256,769,3,4,96,0.023350596345547824,11.676652060282269,31.7200307160261,11.559594100523643,11.512045974111384
256,769,4,4,96,0.007402251385126283,12.39595164390026,34.056845324742575,12.337519379888295,12.138320602969822
256,769,0,5,96,0.17821298009677486,2.457969283087725,1.0,1.3328998699609884,1.3337545494061203
256,769,2,5,96,0.0682286445241434,4.6862428885809155,10.425047353703137,4.47049690838492,4.398637902279317
256,769,3,5,96,0.020421951688759894,16.078478526258245,39.93730114417113,14.295122357487399,15.89854923260788
256,769,4,5,96,0.006304834079005787,79.58433014612311,209.04296009036165,70.59037423034145,79.49493907634357
256,769,0,6,96,0.17869879589783175,2.436279210472216,1.0,1.3328998699609884,1.2942370067384628
256,769,2,6,96,0.06426004848447053,4.550124578829923,8.24229143204361,3.743857745907886,3.9429784369588825
256,769,3,6,96,0.02086999090311526,12.870996862377293,37.40422899465433,13.451862968311456,12.686629165247211
256,769,4,6,96,0.007355425389244737,25.25237237725376,76.445443607832,26.44867823615734,24.859312828174204
256,769,0,7,96,0.18749459664234416,2.503326438973916,1.0,1.3328998699609884,1.2353323094336695
256,769,2,7,96,0.07013500940313072,4.952227539086138,11.89102615076041,4.958521059290852,4.382974301590614
256,769,3,7,96,0.021190601880751957,10.943444635361995,28.419930445820473,10.460991149713967,10.332996095897093
256,769,4,7,96,0.006879519361233765,10.737132120819137,27.949152525588598,10.304269241288273,9.930333215875349
256,769,0,8,96,0.17564081758973515,2.5326898812585505,1.0,1.3328998699609884,1.2639097004952897
256,769,2,8,96,0.06452147839557912,4.955535972214873,9.829237798341559,4.272151984883536,4.300664833383322
256,769,3,8,96,0.023170617326786314,7.653257456580799,18.785619388078942,7.253730251428101,7.2812812295017615
256,769,4,8,96,0.007812523120191827,47.450181452948,135.5046433572786,46.109478152748146,47.39876131368123
256,769,0,9,96,0.17859303568107987,2.4547161065766825,1.0,1.3328998699609884,1.3693235573077303
256,769,2,9,96,0.06090162399785232,5.606965838876306,15.516841123185223,6.165554392113677,5.312895810941401
256,769,3,9,96,0.02106649587907904,10.454544842923948,25.014673928781814,9.32738169800799,9.36602016323579
256,769,4,9,96,0.007495521601747238,41.12177940812572,132.87371409220106,45.23364214252727,40.71395184916511
256,769,0,10,96,0.16847950738787715,2.3961451826524343,1.0,1.3328998699609884,1.3505268910842463
256,769,2,10,96,0.0715133824386324,5.862527723626413,14.534349344114128,5.838483006623169,5.527954736677488
256,769,3,10,96,0.024278426506673063,21.68430731852048,66.77236376858411,23.22851121554946,21.626489401773796
256,769,4,10,96,0.00740325013634479,14.598244585565686,41.82091091470555,14.922175805155554,13.6765989678748
256,769,0,11,96,0.1895584277271912,2.463131458775168,1.0,1.3328998699609884,1.3882480989480928
256,769,2,11,96,0.06545311884287845,5.19112298111671,11.577840367663672,4.854261552824317,4.580142555874886
256,769,3,11,96,0.019994347125081274,12.364911304150947,35.94440014609659,12.965886134461284,12.062537609910443
256,769,4,11,96,0.009386737549900081,30.596845580026166,85.88852524688895,29.592278885830392,30.173253533913897
256,769,0,12,96,0.18338158207063962,2.480893140633137,1.0,1.3328998699609884,1.2995335215361947
256,769,2,12,96,0.07172556963187181,6.193278776422049,11.295579596460737,4.760296978795772,5.3687938825877515
256,769,3,12,96,0.027043260020280787,15.538219017538964,40.97242883684133,14.639716231770326,14.808263940642515
256,769,4,12,96,0.009280702108913373,29.836260039305422,81.71270758577757,28.202149729465614,28.664325384921312
256,769,0,13,96,0.18728953091742206,2.399975007056317,1.0,1.3328998699609884,1.3358514119825529
256,769,2,13,96,0.0621926648550173,5.597351680026313,13.21254567950866,5.398454738562051,5.1309634503349395
256,769,3,13,96,0.019551827097732042,16.274504880769378,50.11354787351485,17.682793570376855,15.641233638469524
256,769,4,13,96,0.005831847089098794,13.20358828447284,32.91960959352455,11.958933752850825,12.591781433580243
256,769,0,14,96,0.18852555025045228,2.4579465849915536,1.0,1.3328998699609884,1.2702864001618084
256,769,2,14,96,0.06429234544776347,5.805464746197201,11.332572151260676,4.772611795478197,5.33054866767573
256,769,3,14,96,0.022017993409514193,16.00474678116049,37.983226721300205,13.644611236219575,15.432206272572733
256,769,4,14,96,0.007106383336562707,70.37894844229886,196.30978955471468,66.3515034148335,65.54047543510192
256,769,0,15,96,0.1834733964384935,2.460760764563193,1.0,1.3328998699609884,1.2633697533112107
256,769,2,15,96,0.06770563511371765,4.5250070169530465,9.598970931788731,4.195496174951775,4.02156797474777
256,769,3,15,96,0.022404624427667243,11.508332778025313,29.139837647403294,10.700648163504868,10.640378151038654
256,769,4,15,96,0.0071072289133956934,22.586961112275787,57.1665067177049,20.030722652447924,22.16167884295267
256,769,0,16,96,0.17793545170009278,2.491302413110052,1.0,1.3328998699609884,1.349529887810398
256,769,2,16,96,0.07640535299080774,4.6271128023217845,7.649652394372485,3.546568287333363,3.4957037214401288
256,769,3,16,96,0.021380867001472844,16.705950019528096,53.29906721361301,18.743252544453746,16.54430756096332
256,769,4,16,96,0.00815737944084685,34.15841020162753,107.72990617378139,36.863271756161296,34.04953391149787
256,769,0,17,96,0.1861092957619754,2.5015080170087174,1.0,1.3328998699609884,1.274312900849284
256,769,2,17,96,0.06236260928180952,5.567240383498124,11.867684997320275,4.950750792345891,5.258476304894643
256,769,3,17,96,0.02067404307669727,11.250746511378535,30.29046905692095,11.083693210106325,10.993958529002766
256,769,4,17,96,0.007649083215694477,33.0678578652178,95.53099325538169,32.802255231960615,32.69947039919336
256,769,0,18,96,0.1854274583988417,2.4697097076342063,1.0,1.3328998699609884,1.3850038340162893
256,769,2,18,96,0.05926983570717605,4.4884559511354905,8.269254039482394,3.752833594418066,3.8101522595448936
256,769,3,18,96,0.020252925161951058,14.141241329772642,43.52677926322899,15.490059156549572,13.688778627994498
256,769,4,18,96,0.00619048736295592,17.916610811889733,49.73060119233446,17.555310670009913,15.497328492006314
256,769,0,19,96,0.17765699177929928,2.518712636989247,1.0,1.3328998699609884,1.3530982957057056
256,769,2,19,96,0.07004713984072987,7.054385185966276,17.368767193647084,6.782060340147794,6.870387849949803
256,769,3,19,96,0.029148398129358037,10.181305425629084,27.002955200640194,9.989280274855513,9.65281269403138
256,769,4,19,96,0.0075619475871544295,33.07001688006267,100.09238418577878,34.32074167953104,32.79841572456245
256,769,0,20,96,0.1888982791475471,2.4114473385801913,1.0,1.3328998699609884,1.419960300502243
256,769,2,20,96,0.07447549440523553,6.081207553319411,13.923659992185302,5.635184600779502,5.739927393749006
256,769,3,20,96,0.021331235878839786,22.227943417528877,61.67982248315107,21.533204883857834,21.444855399480698
256,769,4,20,96,0.00798511407218369,13.54564822515901,34.02216265334032,12.325973523088583,10.808364502404693
256,769,0,21,96,0.18008078574997483,2.4110635866189423,1.0,1.3328998699609884,1.3785010424098105
256,769,2,21,96,0.057768316174263666,4.545095811807327,9.127230791047555,4.03845394344366,4.112298458579843
256,769,3,21,96,0.020287531070285813,14.38416428991082,33.948990897058195,12.301614654937449,13.30789615255504
256,769,4,21,96,0.0055216622289375435,25.59319202543039,69.59401924927728,24.167839958146924,25.42811692885712
256,769,0,22,96,0.19781895427122873,2.486310959686249,1.0,1.3328998699609884,1.2586778379397952
256,769,2,22,96,0.06438108442664123,6.0568404120101915,15.381208807977723,6.120402412018592,5.793072934486022
256,769,3,22,96,0.022272991993925285,11.528275073245899,38.99883054457443,13.982705616919446,10.900508377101005
256,769,4,22,96,0.006800758931906339,32.623903910582285,98.43054219825103,33.76751469798734,32.30007597083119
256,769,0,23,96,0.18222809498163625,2.4622790635008283,1.0,1.3328998699609884,1.2506714288861072
256,769,2,23,96,0.07066205690986281,4.553471674022081,7.844928593643265,3.6115757086770817,3.5008687306261708
256,769,3,23,96,0.024270965539094323,13.602638815619606,32.02955758888711,11.662635556248505,12.994720142446623
256,769,4,23,96,0.007099755641133654,12.098441535462293,35.37255520229635,12.775519027032335,11.896418045577132
256,769,0,24,96,0.18475450034387655,2.4342624641800317,1.0,1.3328998699609884,1.4157903061234247
256,769,2,24,96,0.059847734307778726,4.83553130414209,11.20045099806872,4.728628680761498,4.1662936159876915
256,769,3,24,96,0.02306679644435844,13.431388664358934,36.099805969531474,13.017620712873937,13.251208150126601
256,769,4,24,96,0.007817942816216818,29.570306134430282,83.1251735650692,28.672359470296122,29.333905786723623
256,769,0,25,96,0.18758912897899688,2.4770270471136087,1.0,1.3328998699609884,1.4530605414249287
256,769,2,25,96,0.07341158691462726,6.108083923711154,13.74674233358027,5.576288735236085,5.7176128537234545
256,769,3,25,96,0.022996495353651083,22.852911231541825,54.0091048063909,18.979623966756918,22.744358286295874
256,769,4,25,96,0.009456735461772421,34.281860585384635,93.32342383937913,32.06735566044351,34.0577754579961
256,769,0,26,96,0.187781390865549,2.4331221537544723,1.0,1.3328998699609884,1.4263249547706276
256,769,2,26,96,0.0637252407141084,5.647702172693472,11.519714865811324,4.834911580816254,5.0398033279267835
256,769,3,26,96,0.019616957186577414,8.428010821984246,21.62851496492932,8.20012981927426,7.984291347141215
256,769,4,26,96,0.007021171009138124,11.975367962812673,32.605018528496444,11.85420642821208,11.50723333330138
256,769,0,27,96,0.19103018720240303,2.447368504273562,1.0,1.3328998699609884,1.2854982802123924
256,769,2,27,96,0.06508697746078228,5.137435120117598,9.728748338244976,4.238699056684934,4.518610259041589
256,769,3,27,96,0.01812553382956375,9.500533251847548,26.932290192366256,9.965755902790328,8.913074654850526
256,769,4,27,96,0.005709529615324639,27.663397724985746,95.25445516511817,32.710195737672635,27.512886411058016
256,769,0,28,96,0.18560787203259235,2.4582891820726576,1.0,1.3328998699609884,1.3839712979011767
256,769,2,28,96,0.05996731564218004,5.916299123327315,13.114193718324133,5.365713383473313,5.664420456279685
256,769,3,28,96,0.022882925866318873,11.961047609541666,31.73461349883668,11.564448707024955,10.129663046550938
256,769,4,28,96,0.007706439972273342,18.033524217605134,55.4195775561588,19.44917016173817,17.911469976125396
256,769,0,29,96,0.19180457766810047,2.4343252294797333,1.0,1.3328998699609884,1.1894910816705033
256,769,2,29,96,0.06538958493263647,5.695063049803602,13.65381088851231,5.545351869257675,5.383546235554113
256,769,3,29,96,0.02132878392156942,13.576090671147965,37.17834545808946,13.376666368362681,13.331563571944315
256,769,4,29,96,0.007918900781346109,16.891463367593445,45.443084155177516,16.12799680588484,16.77629625319045
256,769,0,30,96,0.18341186411918134,2.4378483904230945,1.0,1.3328998699609884,1.3616924410885862
256,769,2,30,96,0.06863998815013449,5.587150234280834,12.271281310514661,5.0851079525250364,4.9583431766071016
256,769,3,30,96,0.023960330598172673,15.77359744434675,47.73996269065702,16.892627371662158,15.571922038168838
256,769,4,30,96,0.008020303006673184,35.666268713050606,123.0004824066634,41.94684459831707,35.25545169275842
256,769,0,31,96,0.18216979382395176,2.4264855286310114,1.0,1.3328998699609884,1.2667240306002434
256,769,2,31,96,0.06803371967388304,5.857861706586596,13.056230309558329,5.346417372232682,5.450038925117719
256,769,3,31,96,0.01991569802077485,10.190652696245216,25.82837020287513,9.598261081841397,9.663796388835458
256,769,4,31,96,0.007191780527383612,23.81835968243918,69.84385328474343,24.251009676065433,23.640109062484974
256,769,0,32,96,0.1901174821259741,2.473758114911178,1.0,1.3328998699609884,1.2280522994272856
256,769,2,32,96,0.07387772756694125,5.972508364040308,11.562469056162074,4.849144445224306,5.499311456154371
256,769,3,32,96,0.02611259630824637,10.40612092138258,28.625363691441525,10.52937985046688,10.068005210103939
256,769,4,32,96,0.008924693886938723,13.807444347501153,37.900265619588275,13.616993496247852,13.531268977252289
256,769,0,33,96,0.1789128855728942,2.474239372171777,1.0,1.3328998699609884,1.3271766250585693
256,769,2,33,96,0.06594266004822738,5.225096513412855,10.97466496871221,4.653464540949708,4.80597021182828
256,769,3,33,96,0.023943593919666637,19.06294685898998,48.380893268982305,17.105993077840665,17.48386475681301
256,769,4,33,96,0.008103344891670085,57.837530698467575,136.6914630770534,46.50457028312832,57.62779905859109
256,769,0,34,96,0.18969261872084914,2.4844211604848954,1.0,1.3328998699609884,1.313761456272648
256,769,2,34,96,0.06242752268454973,5.2035923502803945,11.876352433792965,4.953636180820546,4.883453780872996
256,769,3,34,96,0.019300145112358356,8.257318230857345,19.94135961866042,7.638476023897358,7.642841043221661
256,769,4,34,96,0.006622836270727614,17.528042065259932,48.53403967778639,17.156975497416536,16.585642065894234
256,769,0,35,96,0.19170980422544392,2.466533644494282,1.0,1.3328998699609884,1.4059863830418626
256,769,2,35,96,0.05892457225033149,5.552018679245043,12.73683529712634,5.240090814127885,5.256304279185547
256,769,3,35,96,0.02160049306896211,10.592885646463468,27.09406418656245,10.019610444421309,10.153938178725996
256,769,4,35,96,0.00609569941825628,19.719700829089575,48.988952142683395,17.30841579782438,18.33881692299825
256,769,0,36,96,0.183565786254367,2.4437891676318246,1.0,1.3328998699609884,1.304112452771203
256,769,2,36,96,0.06987935456013478,5.905241500796603,12.145479403574242,5.043228514063727,5.581994058352537
256,769,3,36,96,0.02669405187044313,18.465934977956884,45.44665523759261,16.129185618756445,17.972859940087794
256,769,4,36,96,0.007854358490285512,36.233482021946116,101.1779528793813,34.68212735646504,35.75118915457753
256,769,0,37,96,0.183403941900412,2.482862852106332,1.0,1.3328998699609884,1.3472871979160794
256,769,2,37,96,0.06574386405637601,5.829970031728816,14.359542438137423,5.7802898103552405,5.570821768552708
256,769,3,37,96,0.02023613649131166,7.696835668829402,22.116013709187914,8.362418087844091,7.424190721137476
256,769,4,37,96,0.006341467937252005,31.23430780195914,104.44827127632708,35.77081592553932,31.203557599996707
256,769,0,38,96,0.18701121150300395,2.4311564857099057,1.0,1.3328998699609884,1.3283176402312875
256,769,2,38,96,0.06226934841602228,4.73355898359814,8.208148826539915,3.7324916769755765,4.170660085588685
256,769,3,38,96,0.021349146000373187,8.819221556515746,22.55732978652167,8.50933215260019,8.382096337500492
256,769,4,38,96,0.00740569766364552,20.96056113492492,56.39688861233356,19.774516885250186,20.319641747529882
256,769,0,39,96,0.1860694811113344,2.4628940556951653,1.0,1.3328998699609884,1.3085605125656985
256,769,2,39,96,0.07457569122706237,5.010741912582226,10.237880461658092,4.408189074362122,4.322614991223483
256,769,3,39,96,0.024549662131243197,17.136304136129603,46.88088709267245,16.606641216806434,17.036998873317085
256,769,4,39,96,0.007608149346942172,14.52855824196811,40.50801721262803,14.485113662461348,14.021496809302116
256,769,0,40,96,0.19520525775678213,2.482597033002585,1.0,1.3328998699609884,1.3109284741158127
256,769,2,40,96,0.06817081138019891,6.750650455244785,14.536313997017716,5.839137039319292,6.567901555782609
256,769,3,40,96,0.02378841245099251,9.54506558070726,22.971649862415898,8.647259251987608,8.9425865429609
256,769,4,40,96,0.009037539038005814,22.313029643198618,66.25900576346424,23.057614402401622,22.165661507454516
256,769,0,41,96,0.178412139322324,2.4135087196234934,1.0,1.3328998699609884,1.3633593839375375
256,769,2,41,96,0.060961613403908314,4.794341651816421,10.530693530804887,4.505666507003967,4.407770382523177
256,769,3,41,96,0.023450528238045915,11.767011701947327,35.689984577325085,12.8811912247012,10.557658658873324
256,769,4,41,96,0.00860979429183146,29.361126466618174,105.61533585386701,36.15933157163843,29.118841154417886
256,769,0,42,96,0.19104918779395783,2.459927389348042,1.0,1.3328998699609884,1.3075533470700986
256,769,2,42,96,0.06603042720006354,4.694870801994568,8.065743195930782,3.6850848610640834,3.519932123320441
256,769,3,42,96,0.02190545707157757,14.625376669467048,36.77488117316389,13.242353160377057,11.544126414752029
256,769,4,42,96,0.007408892790098109,23.691797703092973,63.06546661711699,21.994485635867296,23.186231143400956
256,769,0,43,96,0.18988130654480762,2.4699597468106824,1.0,1.3328998699609884,1.307867585972214
256,769,2,43,96,0.06889480533935807,5.752348915822406,11.81139750704613,4.932012694153198,5.312389771997443
256,769,3,43,96,0.01978923658060244,10.262835558189298,26.00629608684216,9.657492585476714,10.016104998930306
256,769,4,43,96,0.005743086548984866,47.50616949303571,129.12712966600952,43.986404674250245,47.44742588319088
256,769,0,44,96,0.18470695083652314,2.395134097126161,1.0,1.3328998699609884,1.4096117874723897
256,769,2,44,96,0.07074424572072624,4.862911960157543,9.206302973302597,4.064777062633894,3.644380152954244
256,769,3,44,96,0.018408927652640118,14.026937156378073,36.52876132664431,13.160419895475869,13.86855166808278
256,769,4,44,96,0.006923900821807987,26.328293070027144,67.93067926701066,23.614114294349452,26.213384468231123
256,769,0,45,96,0.1928010124976201,2.3958764826205248,1.0,1.3328998699609884,1.308885511987769
256,769,2,45,96,0.0656961906877171,4.50057309290855,8.468838620719403,3.8192752755580845,3.6209555885966314
256,769,3,45,96,0.02423034052064338,34.88132263364825,101.02135752919675,34.6299967847521,34.81753976666181
256,769,4,45,96,0.007731843085610761,21.172865079336724,59.13511427755094,20.68607185312489,20.663101543089176
256,769,0,46,96,0.1860434798709033,2.4988253149727697,1.0,1.3328998699609884,1.366081317036036
256,769,2,46,96,0.06044171223660291,5.832783515509259,12.677836054191609,5.220449973827115,5.261023752900859
256,769,3,46,96,0.02326105438014356,21.721407507850763,60.63746211470024,21.186203252748065,21.567227639245278
256,769,4,46,96,0.008605599676917845,26.45665374068249,74.63108582713791,25.844678766901566,26.06677243042081
256,769,0,47,96,0.17679865252106858,2.4379540305470164,1.0,1.3328998699609884,1.3143223034580678
256,769,2,47,96,0.05916719912008837,4.649766029198208,9.877095517267268,4.288083813290534,4.077042089082249
256,769,3,47,96,0.02163502702296841,11.875914368394577,36.60937809732101,13.187257207950818,11.752917542900947
256,769,4,47,96,0.007712786156909796,22.551354791478317,60.021865960218776,20.9812713729727,21.632516779870897
256,769,0,48,96,0.1793036526826849,2.4046459294663145,1.0,1.3328998699609884,1.3834817494898835
256,769,2,48,96,0.062431793925609984,5.177879116397001,10.731987188813703,4.572677139579074,4.313240602333068
256,769,3,48,96,0.022764205053526994,18.371353331172706,52.56187210653919,18.497840389172996,18.264400772885843
256,769,4,48,96,0.008416759147520655,15.871514200239366,41.95116016985036,14.965535765255778,15.37800193085164
256,769,0,49,96,0.17835198766446436,2.4001123023241666,1.0,1.3328998699609884,1.4601412304316854
256,769,2,49,96,0.06318362680904731,5.819377499520947,11.750041307149077,4.911587223186169,5.566626974123489
256,769,3,49,96,0.021272296254962464,8.046802172075425,19.07118259686448,7.348794206498449,7.224545618080182
256,769,4,49,96,0.007529804989123727,40.4090782714287,137.77787651298323,46.86623717467322,40.34897882184163
256,769,0,50,96,0.18610349601924747,2.4855341838521854,1.0,1.3328998699609884,1.3770057142373417
256,769,2,50,96,0.05787964869612597,4.804619148666261,10.681751448914259,4.555953668299155,4.481072004061399
256,769,3,50,96,0.021821550558242097,12.641689558748702,34.61196465690903,12.52231853337934,12.228536150997554
256,769,4,50,96,0.006529287972535256,20.739508378716863,47.10699349395956,16.68191200839226,19.86698212101695
256,769,0,51,96,0.17724535716900397,2.516361451956726,1.0,1.3328998699609884,1.3759356481206981
256,769,2,51,96,0.06536808536340419,5.138511068122768,11.942791793626492,4.975753835069417,4.660591791752928
256,769,3,51,96,0.022707647255487177,9.971987559786752,23.897881332634636,8.955601587977199,8.74280529696342
256,769,4,51,96,0.0069661000435367396,40.47078333614918,116.6380591857108,39.828794735425184,39.9532645751597
256,769,0,52,96,0.18128300655330476,2.414771936458869,1.0,1.3328998699609884,1.3307948523376854
256,769,2,52,96,0.068962807817998,5.617762441304675,10.746579430576533,4.5775348949643595,5.063902991150877
256,769,3,52,96,0.02294905455156872,24.94461005652282,67.2424775828859,23.385012043197385,24.82188123677155
256,769,4,52,96,0.009253986041505506,23.043515835846847,65.41291749171799,22.775951726761775,22.85041288030238
256,769,0,53,96,0.1721288826550689,2.4359715467620386,1.0,1.3328998699609884,1.30906865627721
256,769,2,53,96,0.05940898806540549,4.552489383288327,10.977329450361724,4.654351546544345,3.890517346386525
256,769,3,53,96,0.02042467973660006,6.357114574160862,16.576465737201996,6.518303288327322,6.060553574147585
256,769,4,53,96,0.006326216593133532,10.882080790625498,35.560876753412956,12.838211246909905,10.729973193804096
256,769,0,54,96,0.1758028334603598,2.436230617128042,1.0,1.3328998699609884,1.3336756899153486
256,769,2,54,96,0.06267328785101674,5.0757499054691575,9.413272725371218,4.133677266183397,4.198454281962688
256,769,3,54,96,0.022429993447277658,10.096679821251787,24.06111319270983,9.009941452969722,8.814914112639437
256,769,4,54,96,0.007767564144831102,14.696950394019698,34.826970287226274,12.59389387975283,14.291017828790205
256,769,0,55,96,0.18305238760675874,2.391776228288141,1.0,1.3328998699609884,1.3046566633898635
256,769,2,55,96,0.06088389419500124,5.726255501597389,12.629072986591881,5.204216754964268,4.7565638994512645
256,769,3,55,96,0.022900153599893946,15.622367835818684,39.260513600996525,14.069819872373357,15.27981617961258
256,769,4,55,96,0.007150830111276604,37.3080451106745,98.8561049457357,33.90918448128522,36.94760389058527
256,769,0,56,96,0.18670386657263682,2.44578069836394,1.0,1.3328998699609884,1.3166462308264195
256,769,2,56,96,0.065858012019688,6.631834132003516,13.901508290851085,5.627810302285927,6.199471484543524
256,769,3,56,96,0.021337929319588597,23.463903668753424,60.268802857370765,21.06347663392317,23.287138356410075
256,769,4,56,96,0.007091600248506115,44.82779062582128,134.20954007204844,45.67833843750898,44.521680574530464
256,769,0,57,96,0.1935704440183187,2.4457983125269385,1.0,1.3328998699609884,1.334722846237999
256,769,2,57,96,0.056743427206013074,6.159670097441722,13.560449375032158,5.5142718335607706,5.742598958824394
256,769,3,57,96,0.016583645227795398,29.630897978723063,91.620615426219,31.500490961134027,29.581459916564317
256,769,4,57,96,0.005495365182557214,94.11965092180534,296.1469665963445,99.58728666926423,94.04530868887234
256,769,0,58,96,0.18009819936677254,2.408195802269072,1.0,1.3328998699609884,1.277868657337974
256,769,2,58,96,0.06915253391843358,6.035977313387562,12.493360268423764,5.159038008734049,5.247203461561119
256,769,3,58,96,0.023633301770367984,10.906619989110354,27.242181425342967,10.068918653950325,10.376372198235202
256,769,4,58,96,0.008570740834219263,56.151137664525734,159.45704108377012,54.08322824115104,56.096374589808576
256,769,0,59,96,0.17623935122541795,2.4333007668133,1.0,1.3328998699609884,1.4079947669418251
256,769,2,59,96,0.07200432822059763,5.798831415296094,12.22181201645751,5.0686396309663495,5.003489322910865
256,769,3,59,96,0.027022830273824558,15.541521579993093,37.314613519479195,13.42202998827916,13.240154373139625
256,769,4,59,96,0.0073102045937489145,8.515910054132906,20.44739004613629,7.806933487400378,7.626646774357004
256,769,0,60,96,0.17959440059463638,2.436040859836874,1.0,1.3328998699609884,1.363665260671138
256,769,2,60,96,0.07199319623683512,5.982936364607732,13.773799816279787,5.585296167708226,5.462024257426555
256,769,3,60,96,0.02419853639636654,11.424594290307068,29.15095768799279,10.704350023571072,10.942891203688285
256,769,4,60,96,0.007709384223585375,23.755577840026092,69.28702395783715,24.065641265547868,23.645738915113604
256,769,0,61,96,0.17938994434439498,2.4855105689403,1.0,1.3328998699609884,1.2560776055196443
256,769,2,61,96,0.07199885745135516,8.464459203288449,20.21724950464566,7.7303197310653955,8.299727002340456
256,769,3,61,96,0.025902618246897754,18.09117375691769,47.58835160392727,16.842156060605177,15.089793989985278
256,769,4,61,96,0.008250585747571112,52.253560467784524,131.1301927548607,44.653224116052456,52.18638027069163
256,769,0,62,96,0.1791491521764862,2.4089337554219403,1.0,1.3328998699609884,1.3660002734332441
256,769,2,62,96,0.08229292172269087,5.956518182698492,13.562304287539769,5.514889333693343,5.44655568484586
256,769,3,62,96,0.023807360338745295,19.796141820561054,57.70981332715739,20.211589352083607,19.627423962904558
256,769,4,62,96,0.0065946422538062125,31.1008364312258,79.57312604530628,27.489883312871793,30.644120600356707
256,769,0,63,96,0.17872688099557663,2.458756455642847,1.0,1.3328998699609884,1.3093850364237385
256,769,2,63,96,0.06599488654332662,5.173244696180886,10.483819845483687,4.490062263255948,4.211597636797733
256,769,3,63,96,0.016438446943317486,11.083814396317564,28.715797637778348,10.559485299442468,10.279081533498722
256,769,4,63,96,0.006418878390315653,11.093268556703897,31.78716587543691,11.581943386361312,10.80506426237737
256,769,0,64,96,0.17659327721384493,2.436058651513635,1.0,1.3328998699609884,1.3913361411653504
256,769,2,64,96,0.0577633397924612,4.158607539670514,7.821673573935519,3.6038341156404328,3.8576985234715786
256,769,3,64,96,0.0166041437815524,12.43256103546717,34.496833683024235,12.483991447144609,12.150081781288508
256,769,4,64,96,0.00496596585281964,11.030406246688171,32.229191343277144,11.72909360712477,10.644875659130038
256,769,0,65,96,0.18592391021890745,2.464221308233074,1.0,1.3328998699609884,1.3079131149846484
256,769,2,65,96,0.066819917422371,5.050222442331,9.813355872823045,4.266864893943692,4.212186125732126
256,769,3,65,96,0.0236569740894887,17.53231111783093,44.10762062192177,15.683421169326362,17.143594060133527
256,769,4,65,96,0.005978886422378659,15.280379254861671,39.226753215527374,14.058581044440842,13.686776119646016
256,769,0,66,96,0.1780884827420057,2.483331994791483,1.0,1.3328998699609884,1.3631404572730508
256,769,2,66,96,0.06478673520547192,4.972090523403173,10.00608595525797,4.331024713323849,4.158359425457072
256,769,3,66,96,0.020161159672794728,10.336693043568072,27.80239354996132,10.255413197386343,9.93159353902366
256,769,4,66,96,0.006773195333715258,20.037564329245257,60.30511393753912,21.075564587789355,19.916233366876092
256,769,0,67,96,0.1876674239338716,2.4558748855072805,1.0,1.3328998699609884,1.3472769645324556
256,769,2,67,96,0.07019892523719672,5.3466506408947785,11.215997128875738,4.733803985685551,4.843824801643095
256,769,3,67,96,0.02221665573685498,10.688980773515421,28.84488965563741,10.60246001540075,10.53620616134359
256,769,4,67,96,0.007910084960029767,23.534291632758816,60.637846243275185,21.18633112910071,23.349810642670676
256,769,0,68,96,0.18482904091732894,2.492545553375024,1.0,1.3328998699609884,1.387827560791226
256,769,2,68,96,0.06879832285379772,4.949427790681041,10.897211413723152,4.6276802625658355,4.131518343516656
256,769,3,68,96,0.025282151070067663,13.53571470976524,34.19888264031871,12.384803583773198,13.345783971334965
256,769,4,68,96,0.007480892988669139,23.0321220502979,58.05435194861269,20.326286214362614,22.866027371243213
256,769,0,69,96,0.187667595878359,2.443649908446913,1.0,1.3328998699609884,1.35961790257477
256,769,2,69,96,0.06493924285731588,4.829324816305421,8.447294993753514,3.8121034049426523,4.389169467046244
256,769,3,69,96,0.019671602287964517,11.343637123482292,31.122224317524495,11.360584428200612,11.149514385133934
256,769,4,69,96,0.005504162519178834,16.939653224543022,44.650594326448264,15.864177044955468,16.707417832499793
256,769,0,70,96,0.18818550778754164,2.4053774303467566,1.0,1.3328998699609884,1.4145242316282798
256,769,2,70,96,0.06825241766022448,4.483999215032442,6.786688041322201,3.259287566421955,3.477519394673838
256,769,3,70,96,0.02128999608970462,10.744491527184326,26.941091068482645,9.968685713305016,10.349076255663936
256,769,4,70,96,0.006274934135503616,17.46231111847742,45.49820006523323,16.14634488517517,16.72270631963527
256,769,0,71,96,0.1823896276244951,2.486196265914619,1.0,1.3328998699609884,1.361334047561522
256,769,2,71,96,0.06407623551746786,4.901098708588236,8.386960861908214,3.792018180297143,4.299031065655857
256,769,3,71,96,0.01778175566654263,14.723674737024039,33.751974749436286,12.2360280050139,14.487496669122296
256,769,4,71,96,0.006146969050527772,23.151755616228392,62.598887304050066,21.839161443220828,23.055506871826008
256,769,0,72,96,0.1804815311959129,2.41543159813173,1.0,1.3328998699609884,1.2755643991564019
256,769,2,72,96,0.06514039682796752,6.730870415139947,13.759414505386635,5.580507299582547,6.347419137323837
256,769,3,72,96,0.02549782881357305,13.507956136777718,31.511488946684274,11.490170572628315,12.19244830161629
256,769,4,72,96,0.007823492445966205,10.06077097257567,26.094051317551873,9.686706290368374,8.887170564670171
256,769,0,73,96,0.19087576631391406,2.4216244954647843,1.0,1.3328998699609884,1.2871774391848718
256,769,2,73,96,0.06685742151858615,4.750940250698552,9.368636067474895,4.118817728574218,4.082232771676394
256,769,3,73,96,0.021805481094075117,5.046802066052271,12.603583237116997,5.1957312206787405,4.753500681299699
256,769,4,73,96,0.006799503812807913,16.11941739215915,46.51559963889573,16.485037070945783,16.02024133122521
256,769,0,74,96,0.17737950892669,2.4390861799555954,1.0,1.3328998699609884,1.4542889734066984
256,769,2,74,96,0.06051987184517508,5.501484777406182,10.917254815856731,4.634352708529679,4.9440213926455625
256,769,3,74,96,0.020453319569873788,14.872011114811352,41.53542621032438,14.827137984191213,14.34614989137539
256,769,4,74,96,0.006647163005285981,13.95656905785464,32.02136444302885,11.659908059057718,13.190499194741585
256,769,0,75,96,0.19000721704523668,2.4435629236072116,1.0,1.3328998699609884,1.2419969053699624
256,769,2,75,96,0.05828831316262714,4.987826966080297,10.447065640654822,4.4778267932479,4.3740738470679394
256,769,3,75,96,0.019407232454629244,15.00169036440106,41.24450870636011,14.73029158495213,14.820650371318026
256,769,4,75,96,0.0071855166706013066,89.10727769671126,258.7613504310606,87.14161990942979,89.08418189909405
256,769,0,76,96,0.18807877060646677,2.4050741689527926,1.0,1.3328998699609884,1.3257434341221506
256,769,2,76,96,0.06237619409687915,7.852048358098961,18.427260037323244,7.134432470162224,7.684423195783264
256,769,3,76,96,0.022537895501629882,28.001139516100096,74.17830907814593,25.69394944604078,27.8594770339208
256,769,4,76,96,0.006926844680746337,27.10078779613385,70.78794263160658,24.565296896867732,26.98583108292373
256,769,0,77,96,0.18231663643949683,2.437998684551068,1.0,1.3328998699609884,1.3408915654580462
256,769,2,77,96,0.0709234407997194,4.870793168942642,9.589514225148,4.192348038540816,4.135692355658999
256,769,3,77,96,0.027233924430636235,10.007529436194975,22.777491681315972,8.58262401874758,8.85477979769538
256,769,4,77,96,0.009816341844133929,26.372077225328553,72.25251317368667,25.052852239874884,24.93344929168241
256,769,0,78,96,0.1804572506461414,2.4869161965473148,1.0,1.3328998699609884,1.3157319001142096
256,769,2,78,96,0.06217667032955654,4.688160235766441,8.843837550179362,3.944112370410815,3.650470571954787
256,769,3,78,96,0.02097305883697041,9.915723886849062,23.37030685585079,8.77997211326112,9.516141774829793
256,769,4,78,96,0.0064420638171262855,12.89086197629003,36.866865261390515,13.27297465138618,12.326691787682261
256,769,0,79,96,0.19661544090332353,2.448837918154973,1.0,1.3328998699609884,1.4735874893446457
256,769,2,79,96,0.0711925492750929,5.578352752689913,11.252388250572277,4.745918585366064,4.96397599598985
256,769,3,79,96,0.02321506513910988,11.327569586765758,28.897293958556588,10.61990540102794,10.978149316306228
256,769,4,79,96,0.008101106350220507,31.479765954355074,83.86038589270905,28.91711155856114,28.79230040011951
256,769,0,80,96,0.1848474037577413,2.4010410779353215,1.0,1.3328998699609884,1.2847324846860693
256,769,2,80,96,0.06358650445542652,4.744284706220129,9.194741888590096,4.060928379036495,3.9654683992680897
256,769,3,80,96,0.019668482889969738,11.550664103388659,26.983707553172433,9.982872735516441,11.051912913711865
256,769,4,80,96,0.007171704530715258,16.293653007901312,40.684517937141194,14.5438707306998,12.9468229115199
256,769,0,81,96,0.18526159032467387,2.4708608578268088,1.0,1.3328998699609884,1.4077419813439531
256,769,2,81,96,0.06879969909215822,5.448924632318985,9.74673020035703,4.244685216243693,4.2777254968409055
256,769,3,81,96,0.02329395054274968,9.109926214295298,23.387949408115425,8.785845316615799,8.713758486336566
256,769,4,81,96,0.007088438945705186,19.727086176343526,51.29388485532336,18.075727598131056,19.65197796246567
256,769,0,82,96,0.1819519667700221,2.438619725879188,1.0,1.3328998699609884,1.4151423536230034
256,769,2,82,96,0.0756639362566477,5.902294175987878,15.331034784876596,6.103699486252808,5.650403274822244
256,769,3,82,96,0.023425465825349365,10.11432612008145,24.422995693418784,9.13041209039689,9.824301689089951
256,769,4,82,96,0.006829631827534279,34.67405071400408,92.77304021416356,31.88413302318059,34.63018425572015
256,769,0,83,96,0.19240920692904978,2.4252646136737166,1.0,1.3328998699609884,1.409904275057031
256,769,2,83,96,0.06391569450624243,6.226013764507604,13.241416870158783,5.408065954175096,5.780372903188391
256,769,3,83,96,0.018218883014666988,8.308597206510209,18.708465488054163,7.2280457281428685,7.622668815892639
256,769,4,83,96,0.0064478979603782086,8.069892399158988,20.181895547912408,7.718550403466289,7.545569018143653
256,769,0,84,96,0.19087911620004225,2.472666874870318,1.0,1.3328998699609884,1.292422125322176
256,769,2,84,96,0.06189612646665204,4.926356095966989,9.350287509374068,4.112709495968481,4.396454546876841
256,769,3,84,96,0.023287860113506705,16.901765801966825,42.52009818164602,15.154935155398416,16.590123878315598
256,769,4,84,96,0.006948198210021691,55.34439856934834,152.80959607670587,51.870294662726536,55.263851684304704
256,769,0,85,96,0.18335486225794728,2.489912206247195,1.0,1.3328998699609884,1.3015703127129232
256,769,2,85,96,0.07013976345026,5.0529317077255325,10.158054711226924,4.381615092424047,4.3489567130608995
256,769,3,85,96,0.021907961110325024,10.138985863810163,26.371435968527923,9.779047604607475,9.795147899868434
256,769,4,85,96,0.0069219335765291394,37.55551878614337,109.63533510973683,37.49758880116077,37.27991123167603
256,769,0,86,96,0.17903871379022607,2.5677455037833306,1.0,1.3328998699609884,1.328009890256069
256,769,2,86,96,0.07874363413926044,5.072637181078349,13.575707136759199,5.519351140455599,4.7523615871462095
256,769,3,86,96,0.029711911949930767,8.08767853748396,17.543279428344558,6.8401554403851845,5.226467651106132
256,769,4,86,96,0.00991246518843664,12.035471910065187,28.86632900694439,10.609597172662893,9.620025827642053
256,769,0,87,96,0.187766521651988,2.44688783473163,1.0,1.3328998699609884,1.299717948316082
256,769,2,87,96,0.06337585826172315,7.20762220046804,17.917205786111165,6.964635476260674,7.03491974528231
256,769,3,87,96,0.021768638607999383,16.485807319518216,45.26484052510809,16.06865952461336,16.289636672982745
256,769,4,87,96,0.006365544305374319,25.096318743526112,68.97876460927891,23.96302176849857,24.471133952811496
256,769,0,88,96,0.1767586088393665,2.4711980186179625,1.0,1.3328998699609884,1.3784755457792062
256,769,2,88,96,0.05426813392738169,4.381478265725267,7.972006045635428,3.6538797759202466,3.517768141438912
256,769,3,88,96,0.019098210942927754,12.981641759874263,37.342999127739304,13.431479553577715,12.42042842434817
256,769,4,88,96,0.005771124000725036,20.102291530067983,52.250257442944644,18.394103908184434,19.32410754528897
256,769,0,89,96,0.17736598873760517,2.4754584997602818,1.0,1.3328998699609884,1.3697680847095797
256,769,2,89,96,0.06616054412859344,4.814129048396273,8.381131297372734,3.7900775190213523,3.987000082246334
256,769,3,89,96,0.020181384540137445,14.449806303302072,37.435303853903314,13.462207784914497,12.897248973903096
256,769,4,89,96,0.005097875511556771,26.81646247298615,67.39544620770815,23.435935278508826,26.51415949095127
256,769,0,90,96,0.18690561777225279,2.4065868589153965,1.0,1.3328998699609884,1.3512596760410898
256,769,2,90,96,0.06710851515065776,5.800016488096063,11.808740923281592,4.931128317763443,5.342657288593408
256,769,3,90,96,0.017514374653944623,13.86677344566638,38.066961314968594,13.672486471563017,13.555464804716493
256,769,4,90,96,0.006787711081042618,43.999291003312266,134.75072425950705,45.85849858313889,43.70596964479594
256,769,0,91,96,0.17305721900996232,2.4787534139073513,1.0,1.3328998699609884,1.2920736022590908
256,769,2,91,96,0.06295401346307741,4.670051442607023,11.143231212548347,4.709580221602571,4.16683614867067
256,769,3,91,96,0.020487609072414464,17.061874955161706,45.30448284501346,16.081856447754806,16.959828139419947
256,769,4,91,96,0.006382279751621109,17.299684223711537,52.25744514240836,18.39649669240122,16.84060792288863
256,769,0,92,96,0.18615189625442674,2.456051168292045,1.0,1.3328998699609884,1.371122472001067
256,769,2,92,96,0.07200644302480282,5.060138362867611,9.45018457678426,4.1459652167188175,4.3359462054552
256,769,3,92,96,0.021141137194714287,10.266431883457173,25.861525235872886,9.609298388014901,9.63953090533111
256,769,4,92,96,0.006632330935048586,15.335662329501108,48.888265161394386,17.274897114846507,14.407880983912003
256,769,0,93,96,0.18110115245443306,2.5009386287500446,1.0,1.3328998699609884,1.4145479438111153
256,769,2,93,96,0.06123279325104457,4.77215660243157,9.528929377022678,4.172179350478291,3.944473659419219
256,769,3,93,96,0.024954175050994076,14.165210919427148,38.62967705933593,13.859814469687905,13.789942982994605
256,769,4,93,96,0.010487064773336368,16.834796799584737,47.79193563390602,16.90992915771124,15.466064353244334
256,769,0,94,96,0.19084818914441273,2.4812882631740063,1.0,1.3328998699609884,1.2809434693547075
256,769,2,94,96,0.06081565609148981,5.307604384882248,10.570937516651131,4.519063724658894,5.034727873285918
256,769,3,94,96,0.02073885342988265,10.423176234431956,27.678427324277255,10.214144856976564,10.015246111859103
256,769,4,94,96,0.006132499261548771,13.535674682407008,34.97867745684579,12.644397176791315,12.326587256824368
256,769,0,95,96,0.17814891509962444,2.421286291196852,1.0,1.3328998699609884,1.3513472781495184
256,769,2,95,96,0.06046640894543667,4.866628587099054,10.829787019660346,4.6052346905501285,4.198655904179429
256,769,3,95,96,0.02368409245891402,7.38311189789925,19.404234770745628,7.459667231873707,6.750089054442592
256,769,4,95,96,0.0074302447415066225,10.651900557576699,29.287686493361115,10.749867025098109,10.251559813890147
512,1537,0,0,96,0.17932643820882968,2.460904272365255,1.0,1.3331164606376058,1.3125420732074609
512,1537,2,0,96,0.06316415818101699,4.869459618998825,10.700999382764213,4.564679039671619,4.347793941997864
512,1537,3,0,96,0.021521819868163858,11.792403795251294,30.14816586297109,11.042850306988418,11.33332292273157
512,1537,4,0,96,0.007363764530108392,32.22188272707791,86.0000883163336,29.648045034458562,31.790776943067968
512,1537,0,1,96,0.18011724148348685,2.4318285677755567,1.0,1.3331164606376058,1.2896683396803374
512,1537,2,1,96,0.06599480303320401,5.8189124089226,11.229687385765944,4.740793716013119,5.261816429968325
512,1537,3,1,96,0.023560152422676464,26.88314772591737,79.19794828901394,27.382140223796448,26.68500019541699
512,1537,4,1,96,0.007485869834292319,41.397078067520056,124.7516982216676,42.55684417013261,41.26131829774914
512,1537,0,2,96,0.1815717095744394,2.4646186365181904,1.0,1.3331164606376058,1.324058922168284
512,1537,2,2,96,0.061999062416094264,5.593333930214347,11.65613040468664,4.882848905139597,5.120600168788137
512,1537,3,2,96,0.018523212485030333,13.813209077775833,39.487903419788765,14.154070625199642,13.412250967703441
512,1537,4,2,96,0.007445124856305271,60.61437411820289,187.78576496711872,63.55452938397189,60.49662619853782
512,1537,0,3,96,0.19085435821589944,2.4603794615191403,1.0,1.3331164606376058,1.3382319128459426
512,1537,2,3,96,0.06301987478898616,5.088881495974903,9.936171870799422,4.309902405887641,4.385166368752504
512,1537,3,3,96,0.02383379551125572,17.17367406091473,47.74739390499486,16.905442862301477,16.65285835678291
512,1537,4,3,96,0.007224893419553883,30.473186928880132,80.79722664138811,27.91488616811367,30.34039626561189
512,1537,0,4,96,0.17854540638805727,2.4616157644375636,1.0,1.3331164606376058,1.314483281005849
512,1537,2,4,96,0.06029304632155823,5.142820970683903,12.430773951711329,5.140895421780222,4.701802508712718
512,1537,3,4,96,0.02047715462922537,21.360402795652135,57.28753897850031,20.0834222231569,21.279297272253476
512,1537,4,4,96,0.007245106559345507,36.819785906939984,99.83292541861651,34.2559907705476,36.54313497768463
512,1537,0,5,96,0.1801908760128286,2.4517127435848436,1.0,1.3331164606376058,1.2792547253702955
512,1537,2,5,96,0.06514565928033905,7.696944948172433,18.87503753761201,7.287585698931261,7.360590644719402
512,1537,3,5,96,0.019393329343733563,54.33168985639584,162.17305938277735,55.02251555236305,54.181786893346015
512,1537,4,5,96,0.006169789204985501,115.49890544113774,349.67249880137064,117.48166518302003,115.35174419198849
512,1537,0,6,96,0.18072660489941178,2.44349968797499,1.0,1.3331164606376058,1.3523899283287613
512,1537,2,6,96,0.06983049437570628,7.4472635362097375,17.548688581069346,6.845757028957388,7.212863055789567
512,1537,3,6,96,0.023262393804993654,16.676726870524526,48.06989224989705,17.01287236951678,16.3988681088417
512,1537,4,6,96,0.0076119174925281165,60.36256666989162,175.8952337908831,59.593597723443175,60.26601326220744
512,1537,0,7,96,0.18193404584552683,2.5182221299301886,1.0,1.3331164606376058,1.3831034000673692
512,1537,2,7,96,0.0620037335578966,6.230168187141924,12.785134760894136,5.258938840323877,5.957943732293259
512,1537,3,7,96,0.02058789306582609,13.91066725671547,41.41163126400946,14.79489603589645,13.609142421838182
512,1537,4,7,96,0.007556934506040622,44.356659980428525,122.90283406309341,41.94095708542864,43.44178388433163
512,1537,0,8,96,0.18023988914605926,2.473145364717325,1.0,1.3331164606376058,1.4229090193144929
512,1537,2,8,96,0.06614866621910193,5.025546942104366,10.113649062445301,4.369022979812618,4.557022033839367
512,1537,3,8,96,0.02581602817938599,13.893125649538158,36.44962315437834,13.141969456761034,13.635688199583994
512,1537,4,8,96,0.008231555305183182,23.158524256682178,65.15766396985633,22.70509040505299,22.94917690384755
512,1537,0,9,96,0.18144560423855022,2.4724114796779446,1.0,1.3331164606376058,1.3095133747605756
512,1537,2,9,96,0.06544077176570322,5.0434886321305985,9.954318635455142,4.315947391901778,4.254075696213448
512,1537,3,9,96,0.021857531242897847,11.094671719410245,29.974280871605757,10.984926354106799,10.624040339483644
512,1537,4,9,96,0.006164297403304497,18.855780849180277,55.06286254521797,19.342345883637996,18.503772018825458
512,1537,0,10,96,0.17896230824151227,2.441909508310367,1.0,1.3331164606376058,1.287041267068021
512,1537,2,10,96,0.06502147287603063,5.99834076027216,13.160253500564874,5.383897067201832,5.63971518967956
512,1537,3,10,96,0.02144078398632084,15.854533789435568,43.439920795535954,15.470552665786863,15.313279810222694
512,1537,4,10,96,0.00734882892294906,37.133070374067096,102.5461329676667,35.15980486626243,35.259048981905686
512,1537,0,11,96,0.18027511608577043,2.4987336947229197,1.0,1.3331164606376058,1.335648781987168
512,1537,2,11,96,0.0666261608710718,5.4622213167602816,10.306868850449392,4.433387671717689,4.2691899355702825
512,1537,3,11,96,0.020770528373636077,11.257681098312855,26.059595720164086,9.68088029194796,9.611574386625751
512,1537,4,11,96,0.006427383063976411,25.21400564487138,64.43920756849737,22.46576075150986,24.685702301861944
512,1537,0,12,96,0.18107921862363585,2.4626971859761184,1.0,1.3331164606376058,1.3982804832422648
512,1537,2,12,96,0.0606769318286821,5.912024595788113,11.640303045465282,4.877576551254538,5.0751364793102685
512,1537,3,12,96,0.02253741015770167,25.195860914936993,66.28015333040442,23.079010087942137,25.095646075390437
512,1537,4,12,96,0.0073178635142116906,52.80420384244888,149.55300452434258,50.81856754486884,52.66594649761388
512,1537,0,13,96,0.17441494853550243,2.4757044039554152,1.0,1.3331164606376058,1.3536465662845107
512,1537,2,13,96,0.06335825324788276,4.722800665663682,9.815009998719841,4.269541391896265,3.6753663207015985
512,1537,3,13,96,0.01970210036094461,15.749093542597818,41.99969978985163,14.99079134183737,15.545298407718162
512,1537,4,13,96,0.006679274293304691,63.981219208000695,180.01592264119708,60.96626700864861,63.9210477483619
512,1537,0,14,96,0.18310610000323344,2.467698527758793,1.0,1.3331164606376058,1.298204696561523
512,1537,2,14,96,0.06237134900145419,5.54852908974594,10.983987434215688,4.658947017773866,4.82920174826941
512,1537,3,14,96,0.02006840514990545,29.946248489337187,70.5378791257681,24.497328635259123,29.764658524570713
512,1537,4,14,96,0.006601505328381167,160.45413204848302,388.51779021808846,130.42167117219344,160.33564959825935
512,1537,0,15,96,0.18349902740390386,2.446945743757896,1.0,1.3331164606376058,1.3013588645302117
512,1537,2,15,96,0.0629048831854846,7.840112836351997,19.12817422775366,7.371909697208767,7.644210660109703
512,1537,3,15,96,0.018480878277881536,12.087794584170743,35.312810382098355,12.763278409651502,10.971956671608671
512,1537,4,15,96,0.0061929821877233495,25.794383087849276,76.32762401109194,26.42598795945288,24.816008308237233
512,1537,0,16,96,0.1834487410583836,2.457856069146853,1.0,1.3331164606376058,1.3388326412481555
512,1537,2,16,96,0.06879135791627655,5.278011784031197,11.893537971467163,4.961933273514111,4.5756387020383595
512,1537,3,16,96,0.023991088395144505,11.375244978755243,32.19995303957878,11.726334389241599,10.627873198204073
512,1537,4,16,96,0.006424396213669055,23.166120725338526,64.60976331973228,22.522575679702623,22.990835778307456
512,1537,0,17,96,0.1769341636046073,2.436911118180587,1.0,1.3331164606376058,1.315459188292904
512,1537,2,17,96,0.06199837751982776,6.24770630924191,13.750800833121207,5.580618104461977,5.936348822198094
512,1537,3,17,96,0.023075369268804498,13.459045355984937,35.5901207262568,12.85565504999576,12.565282974864681
512,1537,4,17,96,0.006781382028764608,21.821196642742986,57.98554408391681,20.315939213380226,20.76358070769425
512,1537,0,18,96,0.17742345336597967,2.455292627404586,1.0,1.3331164606376058,1.3306952158838685
512,1537,2,18,96,0.06425433190196903,5.439560830670061,10.91763517676546,4.6368439886167305,4.689721502595864
512,1537,3,18,96,0.02293663241695289,22.65478040461445,63.250018360180036,22.069622251406752,22.503536258043205
512,1537,4,18,96,0.006988415939667386,24.47449137897204,65.32285484746323,22.760118205531022,23.851707442069376
512,1537,0,19,96,0.17882946403246835,2.47790683118835,1.0,1.3331164606376058,1.2770709120585853
512,1537,2,19,96,0.06834964672334636,5.020804743989098,10.487877246246796,4.493684547871412,4.179504324635191
512,1537,3,19,96,0.02319699286440324,15.298585133703282,43.65415581181377,15.54191787615397,14.600722249868848
512,1537,4,19,96,0.007834306582372667,28.288133441914173,75.56136081899683,26.170733076985282,27.483521624420643
512,1537,0,20,96,0.18011999749706323,2.47981017952272,1.0,1.3331164606376058,1.3184311084339497
512,1537,2,20,96,0.06712962124710288,5.568568023415802,13.599470470985546,5.530207469840338,5.307601837506149
512,1537,3,20,96,0.023815323902514115,11.49291054201633,29.222858470007303,10.73461518324251,11.189559821988652
512,1537,4,20,96,0.0072529078449207075,21.63030233039978,65.62953905702773,22.862279763954586,21.09737155484215
512,1537,0,21,96,0.1849372253663059,2.4610120832711844,1.0,1.3331164606376058,1.3112259343364827
512,1537,2,21,96,0.06592417182705483,5.537301845905054,10.186943597863374,4.393438596035164,4.336736823224784
512,1537,3,21,96,0.022570097947047604,13.503172727497057,34.78323387243017,12.586867757114021,13.197099942996266
512,1537,4,21,96,0.00780500198845439,33.04404697696911,102.25383965899228,35.06243715380875,32.592875084823305
512,1537,0,22,96,0.18596699563729546,2.4604482663878793,1.0,1.3331164606376058,1.359227483838306
512,1537,2,22,96,0.06812529050659764,5.086307302453125,10.602777629459151,4.531959756853016,4.526759440596293
512,1537,3,22,96,0.022434247952335066,15.280080711831946,41.649207731069815,14.874036667734384,14.946289278811571
512,1537,4,22,96,0.007791093265698037,28.109576797239008,77.74787371843688,26.89909651518522,27.06919936267756
512,1537,0,23,96,0.18162734021728344,2.4574222395874954,1.0,1.3331164606376058,1.3232490555539944
512,1537,2,23,96,0.0681054682174046,5.440706659884622,10.74212549852684,4.578378825794237,4.818603694765302
512,1537,3,23,96,0.02240771729494448,12.882695458801475,37.01161819418217,13.329179255316378,12.497696991577486
512,1537,4,23,96,0.00911703011177857,42.01901290756609,123.02020131040078,41.98005404744646,41.36681612012054
512,1537,0,24,96,0.18144320722604818,2.4536119371865226,1.0,1.3331164606376058,1.2592186986828948
512,1537,2,24,96,0.0580693697480342,6.630212259158329,16.853352917971286,6.61412927391106,6.4025439343675545
512,1537,3,24,96,0.017743395558937815,20.479347755285424,60.4064281999203,21.122375561717107,20.17609932885132
512,1537,4,24,96,0.005432337301318484,45.17623194711476,145.22151032957458,49.37567552943539,44.9578286480796
512,1537,0,25,96,0.18332978799452085,2.4791840339921367,1.0,1.3331164606376058,1.4150611003753037
512,1537,2,25,96,0.06748764056386085,5.2597114756507715,10.783140925087393,4.59204173952163,4.427952878027602
512,1537,3,25,96,0.02466592389160929,18.22414690425919,56.31547888973476,19.75961300686025,17.7506477904092
512,1537,4,25,96,0.008045502006522608,39.51891332756574,119.31730899761834,40.74655966609017,39.352102948421766
512,1537,0,26,96,0.1801152706001974,2.4466096979925664,1.0,1.3331164606376058,1.398075554639856
512,1537,2,26,96,0.06086247274365483,5.51667103151367,11.846595405881844,4.946295932213081,4.916811462318949
512,1537,3,26,96,0.021347836044573805,26.12663123476713,74.56813825667017,25.83987429239761,26.011071454223785
512,1537,4,26,96,0.007197041706036392,39.314905588496,108.86829873914276,37.265822351620756,38.89306680211876
512,1537,0,27,96,0.18147978052036634,2.455950366461248,1.0,1.3331164606376058,1.3413501100689917
512,1537,2,27,96,0.060848693861376084,4.941509085570399,9.657166938578783,4.216961270365866,3.960788284971181
512,1537,3,27,96,0.01985662301443598,12.062896369410609,32.7873844382432,11.922017457632089,11.105664595137695
512,1537,4,27,96,0.006366974468063405,23.279538241502536,66.80779523293948,23.25477629099871,23.15257413134515
512,1537,0,28,96,0.18244775395447405,2.463594510735204,1.0,1.3331164606376058,1.3064761323220917
512,1537,2,28,96,0.0658167664079194,6.03291195906427,13.41012520287821,5.467133444289944,5.791602528497271
512,1537,3,28,96,0.02088822299875067,12.4352390339721,31.12032841646471,11.36669365597263,11.064359846684644
512,1537,4,28,96,0.006104023607345054,25.067860139098144,68.46408990493448,23.806515309906608,24.734655410507592
512,1537,0,29,96,0.18865846103827671,2.4960006758455364,1.0,1.3331164606376058,1.302563754253031
512,1537,2,29,96,0.06673083954395724,5.0125272914959424,9.62269512530618,4.205478141936737,4.170366349640618
512,1537,3,29,96,0.020083470767163613,35.13509066937216,106.50295495791632,36.47788740302743,35.00537115465216
512,1537,4,29,96,0.007463555387791885,54.99309387564011,146.25585224217187,49.720231846448925,54.95019921139812
512,1537,0,30,96,0.18413156517966595,2.491313988102992,1.0,1.3331164606376058,1.323574609754758
512,1537,2,30,96,0.0605358531080635,5.414683886555569,11.401115429810952,4.79789921929942,4.928195539049657
512,1537,3,30,96,0.018323712877638794,13.362123673957203,35.488342846171676,12.821751162810605,12.934952629677328
512,1537,4,30,96,0.006269178063606547,25.29912915054732,73.11394938546634,25.355460042523596,24.59283370808656
512,1537,0,31,96,0.18146478996270787,2.4949429776385514,1.0,1.3331164606376058,1.2727186013742313
512,1537,2,31,96,0.06453176931781213,5.584529284760919,11.73168880087306,4.908018650648671,4.728766770406866
512,1537,3,31,96,0.02008818110563661,18.046849378734912,47.417426884225065,16.795525416215508,17.87933207447282
512,1537,4,31,96,0.005634104581225583,49.97653706809888,146.71108386860473,49.87187699461654,48.6697506806347
512,1537,0,32,96,0.18328049286692844,2.4914157121778695,1.0,1.3331164606376058,1.3201166575036432
512,1537,2,32,96,0.058802949698777626,5.81590782225313,12.867357300808408,5.286328521804753,5.365414808555672
512,1537,3,32,96,0.02184399276661996,16.630502079088263,45.46420259340767,16.14487425362702,16.309901704682325
512,1537,4,32,96,0.007006724485263444,25.42367404772014,76.57681253282863,26.50899675784532,25.075005189274105
512,1537,0,33,96,0.17914369197468216,2.4620032491224744,1.0,1.3331164606376058,1.2942135592174806
512,1537,2,33,96,0.06434444350925192,4.713765401715719,10.785039650386924,4.592674236173133,4.179839054367656
512,1537,3,33,96,0.021486750487500424,10.950383464174191,29.7947336774426,10.925116228269754,10.606880981039
512,1537,4,33,96,0.00662335560390704,27.190497669907558,79.68002322848571,27.542727321395372,26.763755487266447
512,1537,0,34,96,0.18527370921206465,2.49459807659984,1.0,1.3331164606376058,1.3098092466214908
512,1537,2,34,96,0.06839765152512167,5.442898161589414,12.435839504481644,5.142582840790242,4.926816497801646
512,1537,3,34,96,0.023747557114432848,12.4347438885488,31.646483423453624,11.541964549647531,11.901368214368272
512,1537,4,34,96,0.007447184445135519,42.09821240208488,127.15165431817599,43.35630905068712,42.00445038029562
512,1537,0,35,96,0.18531418192074775,2.4673699309742583,1.0,1.3331164606376058,1.311977228849012
512,1537,2,35,96,0.06527421548275147,5.858731688685177,12.403680939577294,5.13187029347012,4.818923786266937
512,1537,3,35,96,0.021322041967191778,19.12427446880404,54.2769763341669,19.08055425054877,19.02670558840377
512,1537,4,35,96,0.006540644971752488,21.562251107482947,61.43420418383283,21.464744659806385,20.185673560180266
512,1537,0,36,96,0.18155503253312227,2.45407616790299,1.0,1.3331164606376058,1.3490208420931888
512,1537,2,36,96,0.06791643227160382,6.810817153132534,16.260561606657088,6.416660730389349,6.518407303489515
512,1537,3,36,96,0.023107454950156335,12.587768895120993,32.14230697522329,11.70713153631381,12.180956350922655
512,1537,4,36,96,0.007383974558044167,52.00803076351285,153.79981576504088,52.233250274366256,51.67376394847123
512,1537,0,37,96,0.1846464055438035,2.4661510187447684,1.0,1.3331164606376058,1.429993195288233
512,1537,2,37,96,0.06400739161220803,5.851179637900674,14.006907435512845,5.665931429396602,5.257717166092762
512,1537,3,37,96,0.021100651716270496,22.261863384990235,66.01104573906429,22.989365919584202,22.172778757701675
512,1537,4,37,96,0.0066504727150059105,27.863690044468964,82.46904343004397,28.47179585958524,27.68683305825335
512,1537,0,38,96,0.18263230263027982,2.4282516749086307,1.0,1.3331164606376058,1.4000286161825883
512,1537,2,38,96,0.0726866169942793,5.433456048400002,10.289231248116526,4.427512296054432,4.68223073597205
512,1537,3,38,96,0.0225316449576946,21.629181640769815,69.26203514196365,24.0723240030484,21.434137126068904
512,1537,4,38,96,0.007154050368876664,45.33348467308154,127.86647657912147,43.594428112238255,45.16243346950155
512,1537,0,39,96,0.18746037337007407,2.48380992788253,1.0,1.3331164606376058,1.3838015378404052
512,1537,2,39,96,0.06465703700725062,5.213073215115928,10.53110943552107,4.508085901748073,4.671201344545224
512,1537,3,39,96,0.020469448713431024,14.265533599939257,38.75480117661807,13.90986220066913,13.474286360244568
512,1537,4,39,96,0.006987762941222071,28.92002850936274,79.87679559816456,27.608275436734065,28.270735841178805
512,1537,0,40,96,0.18541824033866228,2.488598885008601,1.0,1.3331164606376058,1.4229570948115957
512,1537,2,40,96,0.06400137716770508,5.307426225489312,11.168111843426201,4.720281889287063,4.826541790471968
512,1537,3,40,96,0.020185312271958487,19.110987206358196,53.48557722691659,18.816926180989782,18.86225407391667
512,1537,4,40,96,0.007106585822091589,22.126607784799994,63.146989105156976,22.035301510631342,21.9793673959942
512,1537,0,41,96,0.18440571982141724,2.4499914667877505,1.0,1.3331164606376058,1.3327876922877495
512,1537,2,41,96,0.06144804779102088,6.810384711402766,16.186225728185633,6.3918982256545505,6.242081909644736
512,1537,3,41,96,0.021997772362629398,16.067142892251113,44.79734370552102,15.92273258114949,15.660407177961646
512,1537,4,41,96,0.00671496401461837,44.46773277482714,125.15155809076819,42.690044074478415,43.85484843002942
512,1537,0,42,96,0.18511214187897326,2.460976333826167,1.0,1.3331164606376058,1.2832186617391372
512,1537,2,42,96,0.0625995346947872,5.5909933609312645,11.13079208880144,4.707850064714599,5.169634457430849
512,1537,3,42,96,0.02210577960625005,17.98796585172981,49.23409819717384,17.400688534126875,17.77416699960176
512,1537,4,42,96,0.007145031094588197,21.065426509091623,63.46744561379127,22.142050848575884,20.406877212860877
512,1537,0,43,96,0.18282795224673562,2.4788600298297903,1.0,1.3331164606376058,1.2628767525047166
512,1537,2,43,96,0.059906756661301526,5.014582438921591,9.239018616199731,4.0776691811934045,4.433640368730261
512,1537,3,43,96,0.019600187198876753,12.520848455027911,29.81069660013171,10.930433740577381,12.224398015246106
512,1537,4,43,96,0.006235321364648531,28.447124252426956,75.96466932569193,26.30508177928059,28.251563416651766
512,1537,0,44,96,0.18350107049366057,2.4595643878408824,1.0,1.3331164606376058,1.3578452958371576
512,1537,2,44,96,0.06713774770578598,5.482895870402106,11.712751913602567,4.9017104617856315,5.061818606910098
512,1537,3,44,96,0.02252627781014797,20.227901539919344,54.886836267138584,19.283708632904982,19.947583947588946
512,1537,4,44,96,0.006596577820985942,57.15551273854509,166.1400930363147,56.343999762259685,56.808136093335364
512,1537,0,45,96,0.17809313584093506,2.488190282957385,1.0,1.3331164606376058,1.3304332902254379
512,1537,2,45,96,0.0669214813364163,5.267787987856478,10.691980097791694,4.561674567384091,4.703363316021913
512,1537,3,45,96,0.021398853226673998,18.86695753357662,55.13803006669637,19.367385422347784,18.77366428093614
512,1537,4,45,96,0.006298425022000386,105.97041854833523,321.0111961047888,107.9341134714716,105.91420488210122
512,1537,0,46,96,0.17781670228020854,2.4604565712707793,1.0,1.3331164606376058,1.3019637259963177
512,1537,2,46,96,0.059701672501142174,6.406285160654771,17.36716296097664,6.785287856877059,6.186147947857927
512,1537,3,46,96,0.019914027098825584,26.03635459748385,82.28478518044825,28.410416403636635,25.906484618058617
512,1537,4,46,96,0.007379471292620462,26.879504870347667,85.34705484660346,29.43050883634416,26.746378548984648
512,1537,0,47,96,0.18101718320232416,2.437795824222772,1.0,1.3331164606376058,1.3653092215165639
512,1537,2,47,96,0.06719032359765227,6.25515251857411,14.414526921142194,5.801716189736372,5.969593930272345
512,1537,3,47,96,0.022322858882114563,14.447945653827768,40.80077433333788,14.591409537195181,13.94666208621699
512,1537,4,47,96,0.0061567621259557585,26.56695681210743,75.0494724233649,26.000214626390914,26.373649000145065
512,1537,0,48,96,0.186619383348744,2.4651367447927788,1.0,1.3331164606376058,1.360512278560373
512,1537,2,48,96,0.059666159074124266,6.503247918701695,15.550791085352918,6.180224486467596,6.244497916069025
512,1537,3,48,96,0.022136579526870526,14.990284626988531,42.81784180890299,15.263327915522662,14.64299171198923
512,1537,4,48,96,0.007851314357638254,40.70361360551591,116.52656364160558,39.816916450554366,39.47356800725597
512,1537,0,49,96,0.18505874482806883,2.4686885653419943,1.0,1.3331164606376058,1.3604439105729667
512,1537,2,49,96,0.06541696366671454,5.357856166965573,12.344522730159103,5.112163720131075,5.0506608130639785
512,1537,3,49,96,0.022173915032665553,12.208024028857752,33.963863241762326,12.313921912675545,11.585034434444925
512,1537,4,49,96,0.007355786658747778,88.4778761688683,243.37864861256986,82.07343402058281,88.43314785862026
512,1537,0,50,96,0.18621432180000774,2.4927975815703762,1.0,1.3331164606376058,1.3708375601926859
512,1537,2,50,96,0.06428598968930058,5.42255806844918,12.414178084223133,5.1353670651413434,4.976925602523378
512,1537,3,50,96,0.023258169230229664,14.300235916158261,34.993486279624165,12.65690629483902,14.036725231556874
512,1537,4,50,96,0.006974600488167822,53.40581554185775,172.53229715235994,58.47334817306981,53.3100860685175
512,1537,0,51,96,0.18384490807524081,2.4567285913428663,1.0,1.3331164606376058,1.2868895301495538
512,1537,2,51,96,0.0603711917755581,4.493246781135346,8.994299397692647,3.9961491812743235,3.997661405849902
512,1537,3,51,96,0.021041005073297914,9.103787574015799,22.83366055398208,8.606268187143023,8.471516584152287
512,1537,4,51,96,0.006601323094003345,16.36855029125732,41.6787107381397,14.88386460502767,14.684538938741092
512,1537,0,52,96,0.18465006909725498,2.5016104855558563,1.0,1.3331164606376058,1.404835756066499
512,1537,2,52,96,0.06260313750852653,5.566173119249845,12.578645809254345,5.19015397159286,5.16859807313532
512,1537,3,52,96,0.02204703417336611,14.653170745662585,39.48732213240469,14.153876988803646,14.107981366257068
512,1537,4,52,96,0.0070257432586945225,26.67473486434356,76.72812275320376,26.559400682914983,26.038059281305856
512,1537,0,53,96,0.1830604420967527,2.4641831317209113,1.0,1.3331164606376058,1.3391407026047664
512,1537,2,53,96,0.06553473148592455,5.792762246944524,12.80865284940965,5.266773102731126,5.390078527598059
512,1537,3,53,96,0.022608739756194773,29.917089914213584,80.36074481907771,27.76948688833298,29.795764415104507
512,1537,4,53,96,0.007556008579813571,29.772620459666406,76.26234734167426,26.40424322637425,29.121711317391032
512,1537,0,54,96,0.18073386033576674,2.492085525019643,1.0,1.3331164606376058,1.272503587196181
512,1537,2,54,96,0.07021765216721308,5.81075649635728,12.861511680316315,5.284381249396197,5.167524013046464
512,1537,3,54,96,0.024307015689215474,14.501548161637931,39.530605647572436,14.168295440180279,14.105399848399722
512,1537,4,54,96,0.007494507047881972,73.08719351704715,217.95502951239163,73.6044080093328,73.02677738264902
512,1537,0,55,96,0.17653365352686473,2.4561285200777876,1.0,1.3331164606376058,1.3521170441851547
512,1537,2,55,96,0.05841401759512167,5.483154357256748,11.382372278973456,4.791655567231237,4.891441650343383
512,1537,3,55,96,0.020820193181322562,18.900701010665262,52.968176707205224,18.644571551131474,17.191516267581044
512,1537,4,55,96,0.006331402651061848,25.83583380778516,76.12256793859169,26.357680406349346,25.513541878888727
512,1537,0,56,96,0.17735105129567308,2.5025202003165896,1.0,1.3331164606376058,1.373994979903524
512,1537,2,56,96,0.05983930401301325,6.071425652316104,15.981761370576224,6.323787782521163,5.790686357203741
512,1537,3,56,96,0.021590066746680524,24.636964183958355,69.46181852525044,24.1388751365831,24.481341388961106
512,1537,4,56,96,0.006970463146871716,32.043889148817726,91.61516938513698,31.518520966291565,31.810345143942975
512,1537,0,57,96,0.18350337501218186,2.4642628395800257,1.0,1.3331164606376058,1.3411788618199574
512,1537,2,57,96,0.06174175160382096,5.579812065398563,13.898792185511363,5.629916459975158,5.294087953520448
512,1537,3,57,96,0.022012558230916128,11.461186899439106,28.30622789230689,10.429270449486745,10.553692013861982
512,1537,4,57,96,0.007037455096590574,36.43504614449884,110.5398694796245,37.82265008039541,36.29346682199353
512,1537,0,58,96,0.18265598074334827,2.4273926846883835,1.0,1.3331164606376058,1.351482188018895
512,1537,2,58,96,0.0708004577909589,8.993214591493238,21.242361634305524,8.076180323203923,8.812026969237614
512,1537,3,58,96,0.023181292475205804,15.03863426708127,44.22496827280702,15.732064902847883,14.910155236248709
512,1537,4,58,96,0.006567626214711968,25.62226037185924,74.07989891661963,25.677233731495935,25.390877257495823
512,1537,0,59,96,0.18672734486857512,2.491038838837323,1.0,1.3331164606376058,1.3934501664355323
512,1537,2,59,96,0.06403534765725223,6.250648406858038,16.759230024580322,6.582775388799691,5.966920734347281
512,1537,3,59,96,0.02107099149878307,12.850505901760414,31.564969811820852,11.514811023846635,11.160558608811192
512,1537,4,59,96,0.0067268190475300044,28.301935299944674,73.58594732170558,25.512690324471865,26.263341911705222
512,1537,0,60,96,0.18115281330475835,2.4636229024619567,1.0,1.3331164606376058,1.3023125420546746
512,1537,2,60,96,0.05893342056913973,5.8459353507549565,13.335671535730237,5.442331702208121,5.502178474548973
512,1537,3,60,96,0.019473554549739484,21.081993678907963,57.58972310931148,20.184084731273572,20.62571189383286
512,1537,4,60,96,0.006165957396131259,60.86747669811223,186.27127360263503,63.050027380968864,60.70285041150732
512,1537,0,61,96,0.18378907494282534,2.4704482674870185,1.0,1.3331164606376058,1.342257457032218
512,1537,2,61,96,0.06362536531656507,6.2375200353705935,14.684156888803315,5.891534370245477,5.766955399934962
512,1537,3,61,96,0.02065436716736703,19.733469372325274,59.49517110586697,20.818820823815155,19.52998267999439
512,1537,4,61,96,0.006919208612766618,55.033310060484325,152.8346134086032,51.91172548159066,54.619357284027615
512,1537,0,62,96,0.17969452872623926,2.44238072901666,1.0,1.3331164606376058,1.3491051187689806
512,1537,2,62,96,0.062208500516465225,5.525290913857508,12.779968668782667,5.2572179300043755,5.075890467343957
512,1537,3,62,96,0.020834626575320092,9.448059363828733,25.08049848748088,9.354726887176456,8.799200309960861
512,1537,4,62,96,0.00694210021220381,23.101073059251362,59.61302017941779,20.85807829008582,20.866653285111738
512,1537,0,63,96,0.18389880971621259,2.406063992144209,1.0,1.3331164606376058,1.2998472011716666
512,1537,2,63,96,0.06154230409910587,6.397394242063609,15.107895451436095,6.032688660465375,6.162112425652972
512,1537,3,63,96,0.0211568610355192,19.219175481335995,52.69348278695404,18.553066484658732,19.002904994161895
512,1537,4,63,96,0.006847518502959539,55.8100845346475,160.1709430881974,54.35557765852769,55.72089362118756
512,1537,0,64,96,0.17624118337568395,2.4973197640228175,1.0,1.3331164606376058,1.427256705554015
512,1537,2,64,96,0.06751843317216737,4.977761804014076,10.878453449440055,4.623791910288425,4.422731351500738
512,1537,3,64,96,0.02117943616883046,14.598171244551827,38.23602175199918,13.737048234888473,13.705490776668618
512,1537,4,64,96,0.007782011058645026,32.030309930976145,77.96673795253686,26.972003794208767,31.109155550326594
512,1537,0,65,96,0.18045647494716063,2.4346680899005753,1.0,1.3331164606376058,1.2997131278258098
512,1537,2,65,96,0.06728726107552473,6.332235219495392,15.75392110593189,6.247890439972108,6.079445509496209
512,1537,3,65,96,0.021872265812915372,11.706549692800728,31.54465188359827,11.50804278750964,11.391387376570265
512,1537,4,65,96,0.006483726026758589,29.642697965091298,89.87751564258282,30.939679901758236,29.48422674114874
512,1537,0,66,96,0.18258513188877792,2.454280086684628,1.0,1.3331164606376058,1.3151694809297643
512,1537,2,66,96,0.06793404655106795,5.513513297253972,11.985684201704991,4.992628699592034,4.95559388652912
512,1537,3,66,96,0.024282201745485253,13.559849582907265,36.0465928626788,13.007713432460342,12.782965560526469
512,1537,4,66,96,0.0073066750268210405,56.36972885411356,158.97780834843118,53.958124836953004,56.30120151224478
512,1537,0,67,96,0.1817489254464275,2.478128812214348,1.0,1.3331164606376058,1.2647697019816744
512,1537,2,67,96,0.06856333632519081,5.554960950570609,11.412564580497804,4.801713119853531,5.013869806356513
512,1537,3,67,96,0.023528575761181003,14.677803436993592,39.622043751062066,14.19875497758216,13.831036534870828
512,1537,4,67,96,0.007340520707753367,22.94447769581943,64.10955174850285,22.3559469715247,22.721614960607596
512,1537,0,68,96,0.17896149419680452,2.447793052451826,1.0,1.3331164606376058,1.3342008327776238
512,1537,2,68,96,0.06488508083595643,5.672208685937859,11.325052328167521,4.7725613480948414,4.753283128914177
512,1537,3,68,96,0.022981979772712473,17.574134061107152,44.695252828910235,15.888724429669514,17.332065338578918
512,1537,4,68,96,0.0069979615199013585,61.77765986611374,165.57175054701176,56.154675523793124,61.59557913882491
512,1537,0,69,96,0.17704076439780828,2.459612866578712,1.0,1.3331164606376058,1.3521586902290086
512,1537,2,69,96,0.0624549675448649,6.111470346012418,14.694752079165571,5.895063802558734,5.829645397363008
512,1537,3,69,96,0.019790446130133327,31.311558224343365,84.25192366338077,29.065702612655144,31.221811767337336
512,1537,4,69,96,0.007204833667739214,47.36485982583554,128.75279564799158,43.88967558345588,47.080323483054514
512,1537,0,70,96,0.178258252306063,2.4845722512052313,1.0,1.3331164606376058,1.3478158106309492
512,1537,2,70,96,0.06761531269541493,6.36487062779669,16.49081969409544,6.493363489509997,6.090009296507557
512,1537,3,70,96,0.025401428929436073,13.337102692407141,37.06997299804218,13.348618201039427,12.89539700704683
512,1537,4,70,96,0.007954530148089925,23.300642868740578,64.62496133632206,22.52763838919772,22.680477732948507
512,1537,0,71,96,0.1809614608548742,2.4737806077148163,1.0,1.3331164606376058,1.1947258905777967
512,1537,2,71,96,0.06198627972100243,5.466477847766714,12.911163421203389,5.300921061584994,5.035883542997587
512,1537,3,71,96,0.021753445329076575,32.3943433319552,80.37261506707277,27.773441063331987,32.27655903113801
512,1537,4,71,96,0.006905116124139247,17.118495719608653,55.385642696651665,19.44986926524766,16.729195954372898
512,1537,0,72,96,0.18684242752028982,2.4642532946571247,1.0,1.3331164606376058,1.3322761639310983
512,1537,2,72,96,0.07307371241334644,6.355825514556352,14.833036026386475,5.941128461619958,6.078147238581381
512,1537,3,72,96,0.0238085680156079,10.049434943822959,25.030301857337182,9.338005563407052,8.20868095462249
512,1537,4,72,96,0.008187872094031485,33.860946326816446,98.94663885375185,33.96075412694922,33.696036062588796
512,1537,0,73,96,0.1775684783531748,2.435152351629557,1.0,1.3331164606376058,1.3634572032639758
512,1537,2,73,96,0.061840617174867246,5.75009835157721,13.254789693799765,5.415388629294392,5.457076171026026
512,1537,3,73,96,0.022003783880780434,26.270137060943988,74.75891809801784,25.903426197908352,26.184843907606663
512,1537,4,73,96,0.00718312162685455,14.119523042041294,38.441942102486365,13.805643693216018,13.313580667103453
512,1537,0,74,96,0.18643394210096256,2.4633038076372804,1.0,1.3331164606376058,1.3638602158018238
512,1537,2,74,96,0.05975233096804547,6.378963048887077,15.555499927776179,6.181793079389332,6.111467312370276
512,1537,3,74,96,0.020484431695819157,15.748210735581127,43.13006117713076,15.367333326409208,15.596483743243496
512,1537,4,74,96,0.006445268749463492,41.27089602029838,118.22258406844799,40.38188877231319,41.185858164418846
512,1537,0,75,96,0.18532169786072733,2.457203623837655,1.0,1.3331164606376058,1.3284326163681515
512,1537,2,75,96,0.06328271440325367,4.852182386414386,9.877408838623555,4.290327472592883,4.279622427739662
512,1537,3,75,96,0.020859801536096942,19.875319027637858,57.32738675847474,20.096696174586253,19.383365281227668
512,1537,4,75,96,0.008061749946726354,60.78704055387753,187.22993462821566,63.3693731487615,60.58789312408925
512,1537,0,76,96,0.17834971905327346,2.4821845743203244,1.0,1.3331164606376058,1.3698390860917484
512,1537,2,76,96,0.06797011662918781,5.162842965844783,11.175986846402594,4.72290518240607,4.564399619039464
512,1537,3,76,96,0.021382222006492452,13.651407153958282,38.05142173164391,13.675554929474096,13.111421131645812
512,1537,4,76,96,0.007219323369341405,33.76431121536361,96.22784868515551,33.055080368770085,32.16575168354386
512,1537,0,77,96,0.1799521373892656,2.4672212850343467,1.0,1.3331164606376058,1.2948806706127378
512,1537,2,77,96,0.0683731989244455,5.184086876050971,10.108654465744369,4.367359197437292,4.5765811560477445
512,1537,3,77,96,0.022709260485524383,14.974269064917255,38.93595836204195,13.970208641096605,14.621242380808694
512,1537,4,77,96,0.006884466676825118,107.33787676977568,304.9182824971611,102.57329904915191,107.30632531876371
512,1537,0,78,96,0.18815508014792642,2.469215976707198,1.0,1.3331164606376058,1.3159084395639822
512,1537,2,78,96,0.07085876579076042,5.4974700771446425,11.635410232114427,4.8759466745885405,4.761398977718411
512,1537,3,78,96,0.020250104784557396,22.720481352063267,63.1526661202546,22.03719261780765,22.442669289428213
512,1537,4,78,96,0.005927994092278142,34.46824175384455,97.72093556133767,33.55245218438835,34.151545150747005
512,1537,0,79,96,0.1885211208544255,2.4582898445718313,1.0,1.3331164606376058,1.2886688567607187
512,1537,2,79,96,0.06587080526692658,5.950566530805071,14.130847469806005,5.707217894951643,5.703714448646995
512,1537,3,79,96,0.020002767206850375,14.327134606137234,38.41008170410467,13.795030470072604,13.932909021771763
512,1537,4,79,96,0.0070449882754290575,21.726167084878593,63.99133674045635,22.31656760645,21.207502840011657
512,1537,0,80,96,0.18441985922050874,2.436795980764251,1.0,1.3331164606376058,1.3067263482801506
512,1537,2,80,96,0.06868125856341979,6.030046971663577,12.57641307379966,5.189410210660655,5.1785291391407355
512,1537,3,80,96,0.021351913047105424,24.749712225947306,68.52101258189961,23.82547719058725,24.26113282917691
512,1537,4,80,96,0.007707270650340544,44.98374472166235,132.0035080974607,44.97254140917364,44.854093790438505
512,1537,0,81,96,0.18142788098156382,2.4635672069000725,1.0,1.3331164606376058,1.3163260111326656
512,1537,2,81,96,0.06624526214463311,5.060034919477037,10.830375636360271,4.607776399360091,4.560197871580897
512,1537,3,81,96,0.02452192399502315,20.593717728953727,55.67501264761548,19.546263159127605,20.45753411110984
512,1537,4,81,96,0.006928937211552137,26.022616567006132,74.50690091309794,25.81947512524798,24.75551530320007
512,1537,0,82,96,0.17976030857408695,2.452663943267967,1.0,1.3331164606376058,1.280389856935282
512,1537,2,82,96,0.059002511073002285,5.710625290484903,12.862101924390421,5.2845778694130745,5.152412263202204
512,1537,3,82,96,0.020169598413388477,14.691429233465188,42.72139365181005,15.231199446796841,13.949233250852231
512,1537,4,82,96,0.0067176889784113505,38.26716706020497,113.89556685338965,38.94048811251497,38.10173130558335
512,1537,0,83,96,0.1808886102213592,2.485093628618219,1.0,1.3331164606376058,1.3144228629008514
512,1537,2,83,96,0.07119126617339476,7.288446106244876,16.24281112005912,6.410747751119239,6.796149378831169
512,1537,3,83,96,0.02499964490256813,12.58052732606861,31.765635971913483,11.58165622486643,11.934914190247982
512,1537,4,83,96,0.007004024076642643,29.042105724935283,86.87090777419013,29.938129330114087,28.452627828113407
512,1537,0,84,96,0.1833160908973126,2.4650636773276573,1.0,1.3331164606376058,1.3804642965145435
512,1537,2,84,96,0.06382883656967865,6.030371331456813,12.998169413159244,5.329904189679593,5.662287372826778
512,1537,3,84,96,0.02234747295872496,18.862087556204017,48.463192558705295,17.14388717635466,18.722682565709103
512,1537,4,84,96,0.007554710915642041,36.71296151642136,107.14553902289252,36.691942732414425,36.44252784165592
512,1537,0,85,96,0.18838031013815265,2.4962669526666277,1.0,1.3331164606376058,1.366794345058754
512,1537,2,85,96,0.06112406251997683,5.471668863378783,10.950168429907828,4.647681350756544,4.773984119058255
512,1537,3,85,96,0.020734132570006458,20.61577461370743,58.05239416684378,20.33820807639819,20.008535811868917
512,1537,4,85,96,0.006595722687954867,68.94364154245432,208.9058777587843,70.58998660539855,68.89737842429521
512,1537,0,86,96,0.1861474213125292,2.4859536334372754,1.0,1.3331164606376058,1.2991786237763439
512,1537,2,86,96,0.06375096150941323,6.723933617718003,15.405964210180704,6.131980270405023,6.464834357787507
512,1537,3,86,96,0.021597018539040995,11.640004248616096,34.70706049003616,12.561493149576133,10.51266657094974
512,1537,4,86,96,0.006778335885875659,30.73895324444385,79.31450576752974,27.420967438500472,27.636572566515497
512,1537,0,87,96,0.18025147042833406,2.4873480867870885,1.0,1.3331164606376058,1.3233730441403009
512,1537,2,87,96,0.06643916459236103,5.6280404271926106,12.83806458374745,5.276570635574948,5.275459238559675
512,1537,3,87,96,0.019928138323357172,20.807492941990873,58.46182644157817,20.474596706628514,20.507884808940975
512,1537,4,87,96,0.007298501185679303,26.414953251998483,76.3437703617183,26.431366574625745,25.788180576301695
512,1537,0,88,96,0.18514463560357697,2.454637951102761,1.0,1.3331164606376058,1.327412256548822
512,1537,2,88,96,0.06417492838455126,5.5503326746311155,12.451300765728249,5.147733241413705,4.76262759874971
512,1537,3,88,96,0.020524349259273215,20.22368777165193,61.20139562826291,21.387192297768777,19.85454404836735
512,1537,4,88,96,0.007117225135749701,59.92912089656006,191.34144576469782,64.73898518641855,59.530109516856584
512,1537,0,89,96,0.18106954799233987,2.4596423328363777,1.0,1.3331164606376058,1.308943391810528
512,1537,2,89,96,0.06186504926230426,4.985589627171911,10.885476796823376,4.626131502910585,4.2947754715445425
512,1537,3,89,96,0.019963844702720664,16.842207507937538,47.595997518323244,16.855010233820106,16.26934480589169
512,1537,4,89,96,0.007015295029256806,54.83397725404099,148.9993643955795,50.63414090470834,54.67239850384525
512,1537,0,90,96,0.18111384819888443,2.495645206512034,1.0,1.3331164606376058,1.3304716365307292
512,1537,2,90,96,0.06548797834925692,5.19935116370877,10.692689052154174,4.561910731752073,4.34369403450789
512,1537,3,90,96,0.02145965567599841,8.759416377384408,22.469840996969804,8.485073904000352,8.177510716606157
512,1537,4,90,96,0.006570301468787719,18.872006120457485,54.924253188005856,19.296172825152244,18.222519866693588
512,1537,0,91,96,0.17838644063207473,2.477547153614206,1.0,1.3331164606376058,1.367333136523778
512,1537,2,91,96,0.06278010431765653,5.884778018290413,11.956838081822886,4.983019582233778,5.20589860321517
512,1537,3,91,96,0.01960855511187381,15.29121288911348,41.742930464426955,14.905257252951596,14.996155973591494
512,1537,4,91,96,0.005962825678879543,17.057614302083245,45.98300190235315,16.317694843204173,15.586918749119285
512,1537,0,92,96,0.1800069844435473,2.506544533309585,1.0,1.3331164606376058,1.359331260111361
512,1537,2,92,96,0.06388387082244817,4.65951994245885,9.639896222504651,4.2112081105545744,3.98095758057368
512,1537,3,92,96,0.020937590468470393,11.73676282284207,30.592353572894037,11.190816544776673,11.230539626739093
512,1537,4,92,96,0.006133897061625533,20.52846321104183,58.41976094127164,20.46058399605145,19.099406050035775
512,1537,0,93,96,0.18515634952931687,2.4556255115499557,1.0,1.3331164606376058,1.2856966592037935
512,1537,2,93,96,0.0656952942322086,5.246137999329688,10.421084309002241,4.471434721020916,4.808603133658053
512,1537,3,93,96,0.02142672497506556,15.161237526216091,42.57270493585094,15.181668787999795,14.945894195131512
512,1537,4,93,96,0.006241773524674745,21.785635185957197,64.61275873065522,22.523573500387425,21.458134826928447
512,1537,0,94,96,0.179745544548044,2.43870247551828,1.0,1.3331164606376058,1.2821399835316867
512,1537,2,94,96,0.06581400945858006,6.652861724676916,16.249107963406843,6.412845333288422,6.417765648892503
512,1537,3,94,96,0.0197919238355914,13.666310668374985,36.488707856896866,13.154989214529081,13.089103922805586
512,1537,4,94,96,0.00646915091395885,22.28788932690476,66.32899093055508,23.09527869645036,20.766891263498444
512,1537,0,95,96,0.1797898180549849,2.476374738996847,1.0,1.3331164606376058,1.3383195830373251
512,1537,2,95,96,0.06269575932630236,5.3191936278770084,11.159876302295272,4.717538494974092,4.517378343537566
512,1537,3,95,96,0.020342632859272597,16.195725872084864,43.38896578554533,15.453578713207033,15.796746570862044
512,1537,4,95,96,0.006836439494515307,26.82374629317614,77.82149038734877,26.92361943937708,26.644100860125807
1024,3073,0,0,64,0.1773599569421295,2.4656534149677776,1.0,1.3332248616986657,1.288514714522817
1024,3073,2,0,64,0.06649131627979175,7.216607895985293,16.38538898261228,6.460018977609819,6.977737502116
1024,3073,3,0,64,0.02399512017661362,19.266315449315663,51.97746454394982,18.320183434104983,17.818574449788375
1024,3073,4,0,64,0.007860965333561386,20.550578573362564,56.408793032425145,19.79681225681853,18.761940896522056
1024,3073,0,1,64,0.18208403882105514,2.464386566864123,1.0,1.3332248616986657,1.327927527946439
1024,3073,2,1,64,0.0628843411577762,5.394901380032932,13.057521975835225,5.351090954524982,4.997078683444113
1024,3073,3,1,64,0.02059691104455385,22.71852952689553,62.57289171897953,21.85084318914254,22.497423646199845
1024,3073,4,1,64,0.006533462537892687,23.86317695080359,66.62041304370884,23.199577922797868,23.546912233265523
1024,3073,0,2,64,0.176916435766727,2.4596623950989756,1.0,1.3332248616986657,1.3593064524643357
1024,3073,2,2,64,0.06354640704902144,4.749393422057787,9.346928210823034,4.114628860358863,3.9892400849345537
1024,3073,3,2,64,0.019800178578862397,17.398925892147176,48.49027291951859,17.15816448733714,17.263864458465488
1024,3073,4,2,64,0.006301238378050798,72.40571578962121,199.9616053770262,67.63217829680273,72.30176127323753
1024,3073,0,3,64,0.18675472381047653,2.48324588200431,1.0,1.3332248616986657,1.2758380600016113
1024,3073,2,3,64,0.061064226170241584,6.124569809479858,14.576686077310686,5.85731420213672,5.833238946013222
1024,3073,3,3,64,0.022568194981457148,19.986367887522373,57.3525923554439,20.11130965570275,19.713561569162625
1024,3073,4,3,64,0.007279390403871041,36.95264026470281,105.51622873559656,36.160630727383946,36.782411667200364
1024,3073,0,4,64,0.184901227251067,2.4652544001013093,1.0,1.3332248616986657,1.2809230775136409
1024,3073,2,4,64,0.06370825067137979,6.454611489771258,13.776394106885867,5.590637020973357,6.074686591031382
1024,3073,3,4,64,0.023730346900243143,21.18409228056723,63.33572570600809,22.105038438969178,20.838234754495794
1024,3073,4,4,64,0.0074210158143445245,35.31213998411676,93.31457154683936,32.09473519816579,35.08302404301582
1024,3073,0,5,64,0.18288434501987227,2.474438387341329,1.0,1.3332248616986657,1.3652150925367421
1024,3073,2,5,64,0.0627351425347407,6.317971256088945,15.157964866800844,6.051010746372946,5.9704189084002826
1024,3073,3,5,64,0.020831632507187156,24.518799661696278,71.45300911555104,24.809919080483,24.27668937982226
1024,3073,4,5,64,0.007396815175553282,48.98630003333315,148.49326123777655,50.48164643914194,48.74374158896251
1024,3073,0,6,64,0.18212479368119538,2.468668018027018,1.0,1.3332248616986657,1.3501544698401977
1024,3073,2,6,64,0.06248112928642557,5.378375415005584,12.010238423261455,5.002110037559301,4.998953247624169
1024,3073,3,6,64,0.022103718157338238,11.82792793871593,30.98026312580696,11.3233938954853,10.667738030331115
1024,3073,4,6,64,0.0071244454618708715,50.64760609450791,145.59487773304778,49.515832996629,50.536151083927955
1024,3073,0,7,64,0.1805108936215741,2.4694313815683686,1.0,1.3332248616986657,1.3599817998316366
1024,3073,2,7,64,0.06588029716080156,6.508211210233093,14.297660179141808,5.7643358358090495,6.190684662010919
1024,3073,3,7,64,0.02115003676756732,16.142828730482016,43.681435462182996,15.555740290685124,15.898770607843632
1024,3073,4,7,64,0.00737836768845176,37.65320805260525,106.50566300870086,36.490334826199046,37.442979138133694
1024,3073,0,8,64,0.1789985479748698,2.4958775538345233,1.0,1.3332248616986657,1.3190615587990775
1024,3073,2,8,64,0.05934395004163519,5.942930620588811,13.508149625886306,5.501251290890848,5.468507685725557
1024,3073,3,8,64,0.019652764606480116,17.80670059457818,47.8651435560163,16.949855841640314,17.518594154505646
1024,3073,4,8,64,0.0061826526009390445,79.49240616457274,242.95382988368488,81.95825636215207,79.44840316863933
1024,3073,0,9,64,0.17757695613169408,2.465556912166671,1.0,1.3332248616986657,1.3157484318394936
1024,3073,2,9,64,0.06655501810197688,5.783217716012419,13.060160749773043,5.351970259605466,5.30734874406529
1024,3073,3,9,64,0.020664222371217872,17.172595249445884,52.9171634963742,18.633314487564977,16.956546241908313
1024,3073,4,9,64,0.006524959976261765,88.10202798381343,256.88134202879667,86.59924967051343,88.04418358493814
1024,3073,0,10,64,0.18075755956448475,2.477866200978189,1.0,1.3332248616986657,1.292257784168127
1024,3073,2,10,64,0.06099720877064144,6.2354690653319205,14.094898720224426,5.696770676703486,5.964272110409126
1024,3073,3,10,64,0.01833526042545092,24.72212383632528,68.58548297829857,23.85438807997974,24.48704643106239
1024,3073,4,10,64,0.006352386502704472,22.132773276033213,65.86385732016711,22.94747474645334,21.686013890347855
1024,3073,0,11,64,0.1855370421697099,2.4910656814250665,1.0,1.3332248616986657,1.3477649366255393
1024,3073,2,11,64,0.0597347164283812,6.01983941743215,13.41116958447537,5.468935130004159,5.66097046321752
1024,3073,3,11,64,0.020167142369057738,16.38711577358221,45.2079501253209,16.064412928190237,15.961963369457314
1024,3073,4,11,64,0.006977958218564985,34.909311746830795,95.1607014526931,32.70991158072168,34.626624296370096
1024,3073,0,12,64,0.1817174515157781,2.4727116567679936,1.0,1.3332248616986657,1.325608098956679
1024,3073,2,12,64,0.06295071331506706,6.735076536927064,16.10668013301507,6.367146259748595,6.39427373982654
1024,3073,3,12,64,0.02013485075821593,26.627259928117503,78.63399247232833,27.202801266405533,26.447389787809648
1024,3073,4,12,64,0.006531443992078936,40.45161078386873,117.3391617368156,40.100325941587755,39.97126030993358
1024,3073,0,13,64,0.18155011732054588,2.454436988360124,1.0,1.3332248616986657,1.332967021835597
1024,3073,2,13,64,0.06821511979946461,5.723087487421526,13.370611362987688,5.4554201222581815,5.349994511574127
1024,3073,3,13,64,0.020843771837633678,19.936625477853724,57.258100497850144,20.07982261952442,19.44909490074504
1024,3073,4,13,64,0.007100829253884581,25.124529539258447,68.22541220884291,23.734403547626144,24.679767518667944
1024,3073,0,14,64,0.17901122032268102,2.4772138250284153,1.0,1.3332248616986657,1.3098601456997931
1024,3073,2,14,64,0.06384913535259117,5.652361765332282,12.857452890887076,5.2844229613629565,5.192579507067451
1024,3073,3,14,64,0.021625564064728327,16.973760855567726,46.519071214115115,16.501311071673893,16.635223226571224
1024,3073,4,14,64,0.006793707808548328,55.069597326490864,157.06425809012006,53.33771567988381,54.7501377238254
1024,3073,0,15,64,0.18195965975913528,2.4688268752413105,1.0,1.3332248616986657,1.3746279690283179
1024,3073,2,15,64,0.06322883704574363,6.495547323152444,14.146969526431977,5.714121963900535,5.5852297183715
1024,3073,3,15,64,0.02067732602780395,24.79908478252559,72.61010890909377,25.19549349915783,24.657681385204327
1024,3073,4,15,64,0.006849197028030223,71.43473308951744,214.85136695881033,72.59381704061886,70.88383355946645
1024,3073,0,16,64,0.1802157056965455,2.4701720585250015,1.0,1.3332248616986657,1.343187061906131
1024,3073,2,16,64,0.06349821819776454,6.000304536947127,13.183994959063213,5.393234896869746,5.683376280574344
1024,3073,3,16,64,0.020932539420365714,23.693367652162635,64.01797551338643,22.332381036676765,23.52366471126497
1024,3073,4,16,64,0.007337337108856607,25.251092642160984,70.11885679230049,24.36534635708288,24.41757235359187
1024,3073,0,17,64,0.18372412018704373,2.477349646074537,1.0,1.3332248616986657,1.3320501651221042
1024,3073,2,17,64,0.06449666948901454,6.441923035807762,15.170864707502885,6.055309294006818,5.945426340034642
1024,3073,3,17,64,0.02214668162630636,14.807363907396946,37.88762173215253,13.62509751178789,14.249837292156046
1024,3073,4,17,64,0.00737624752107703,45.51616524742177,138.32364360844514,47.092877011079665,45.095379609677636
1024,3073,0,18,64,0.17838132380836738,2.48433160375854,1.0,1.3332248616986657,1.354756144576757
1024,3073,2,18,64,0.05949118328788208,5.661686641600741,13.735763206423467,5.577097794786082,5.358127835204745
1024,3073,3,18,64,0.02078810708006433,26.066666611677057,71.84533315001892,24.940651202609622,25.955045891936614
1024,3073,4,18,64,0.0063845103978356675,28.204787260741092,84.48870230130645,29.153736139452587,27.806468866265075
1024,3073,0,19,64,0.18430794533727812,2.477041135381184,1.0,1.3332248616986657,1.2894967157197206
1024,3073,2,19,64,0.06488806680186554,6.106060792296674,13.603527968151027,5.533033725801058,5.7350932767440534
1024,3073,3,19,64,0.022559151230906408,14.57837303477826,39.33693173205261,14.108043636063089,14.199990904244014
1024,3073,4,19,64,0.00821826327475623,42.11436655610743,114.10905135370632,39.02397285590474,41.89735691576037
1024,3073,0,20,64,0.18214104202486148,2.459198899124149,1.0,1.3332248616986657,1.3555237377285438
1024,3073,2,20,64,0.059942676719775934,5.7379192470215985,12.771597360602003,5.255813764157647,5.144026888492698
1024,3073,3,20,64,0.0197567742540862,22.707840833283967,62.56412943203644,21.847923377287767,22.342808965568516
1024,3073,4,20,64,0.006299233639682211,106.72165750244181,318.95871126016067,107.2849724472517,106.20472257547208
1024,3073,0,21,64,0.1830900254979284,2.4550521045083395,1.0,1.3332248616986657,1.300777583400407
1024,3073,2,21,64,0.06551553504727567,6.570668411603449,15.302340994194823,6.099120461456394,6.333331333313254
1024,3073,3,21,64,0.021752357969763297,18.168457164107835,46.66496138312506,16.54992530306543,17.486905533183656
1024,3073,4,21,64,0.006826838040831732,30.632704723360234,88.30153105075695,30.424265472168926,30.418120229381202
1024,3073,0,22,64,0.1844481139155744,2.496420853634666,1.0,1.3332248616986657,1.2649804293721933
1024,3073,2,22,64,0.06134568785304751,7.680342875182592,20.666496240164687,7.886590351424874,7.423674129601956
1024,3073,3,22,64,0.02074763511749458,12.126249651109934,31.246966737668888,11.412266169662525,11.822958238621698
1024,3073,4,22,64,0.007239066504235616,48.20744173822219,142.5320892957207,48.49523574318842,48.023148241100984
1024,3073,0,23,64,0.17979224669060295,2.456877013495371,1.0,1.3332248616986657,1.3542918085471023
1024,3073,2,23,64,0.06277179925843732,5.880332973296047,13.674749238772366,5.5567664238538566,5.54706328758416
1024,3073,3,23,64,0.0201746544536739,16.300714535436825,45.48741908405869,16.157538933314708,16.07076124774197
1024,3073,4,23,64,0.006530461587704036,26.409646876460194,77.8966940052282,26.957115086675454,25.184873657526307
1024,3073,0,24,64,0.18302180888658667,2.4707028131359654,1.0,1.3332248616986657,1.353068865884989
1024,3073,2,24,64,0.06199726019272163,5.8264860032825965,13.874160431231795,5.623215190882316,5.544333719535742
1024,3073,3,24,64,0.020142855093612966,26.57876095424556,76.31293344605511,26.4293666933812,26.2186176999112
1024,3073,4,24,64,0.006472197718313987,40.98464946674666,122.74893005754238,41.90299524208376,40.02940515847418
1024,3073,0,25,64,0.1771841776982668,2.4660322779741475,1.0,1.3332248616986657,1.3913036105021213
1024,3073,2,25,64,0.06177192335112018,7.353449859416384,17.896305414288037,6.9634938965932145,7.1401307519723325
1024,3073,3,25,64,0.020131602190593366,36.00648796699302,108.96325049933485,37.30926407787793,35.92766898216662
1024,3073,4,25,64,0.006441514673057734,58.43145276927477,178.98719166232746,60.64298218751165,58.342872209178125
1024,3073,0,26,64,0.18321319098086628,2.4854846379093205,1.0,1.3332248616986657,1.353867604198068
1024,3073,2,26,64,0.06727682730366714,6.703390985054823,15.441815773515861,6.145596925506099,6.26630879131183
1024,3073,3,26,64,0.021841250321616233,29.174788056312686,78.32244682261648,27.09898651036748,28.996592181600917
1024,3073,4,26,64,0.0066395651567531895,36.72112412564033,104.15199552993197,35.706034306101635,35.675992936006836
1024,3073,0,27,64,0.1800050352395573,2.4799802317674873,1.0,1.3332248616986657,1.3010803426062325
1024,3073,2,27,64,0.06522882205497574,6.424910782931343,15.823228453504932,6.272693113045574,5.857973206312946
1024,3073,3,27,64,0.02075257543697876,19.164943595352085,52.08087125894303,18.35464112240731,19.008185746921313
1024,3073,4,27,64,0.0064584177077101354,36.11602072988549,101.55497151055218,34.84064133641569,35.927255257882244
1024,3073,0,28,64,0.1788349765115821,2.468266520352647,1.0,1.3332248616986657,1.3380589900950897
1024,3073,2,28,64,0.06503563129187073,8.419021815128684,21.041812309093693,8.01165499658703,8.217443200071008
1024,3073,3,28,64,0.021434429963597748,13.300380515722985,35.06532900060032,12.684639406643257,12.213072764152686
1024,3073,4,28,64,0.006973393874104569,40.85774266789301,124.70737344622417,42.55559726942192,40.77704924750666
1024,3073,0,29,64,0.18027333820207136,2.4587075894148973,1.0,1.3332248616986657,1.2974635821757194
1024,3073,2,29,64,0.06362128886465682,6.4866236613708885,16.169757447230094,6.388165189054219,6.265352198646371
1024,3073,3,29,64,0.022207464287535006,18.12594278030732,51.110886708865365,18.031418154857835,17.836309352191517
1024,3073,4,29,64,0.006714142669867391,40.708857048128095,119.7540832076643,40.905037814724444,40.41943536862438
1024,3073,0,30,64,0.1837242791486782,2.4785287227583206,1.0,1.3332248616986657,1.3555918542821108
1024,3073,2,30,64,0.06570736620985247,5.5823405375698,12.201027545641525,5.065685716478009,4.935705068379939
1024,3073,3,30,64,0.021315063691042628,12.785579019733559,34.11468745156512,12.367862007940996,12.02403675297404
1024,3073,4,30,64,0.007314291434612273,38.0375264129361,107.29244055007644,36.75250866361154,37.72172414145696
1024,3073,0,31,64,0.18157730546522535,2.4741059295149794,1.0,1.3332248616986657,1.2662871157168085
1024,3073,2,31,64,0.06381673364895486,5.747243704084924,13.458513897696466,5.484711432229476,5.453913959422406
1024,3073,3,31,64,0.023881714756464,16.663603813097822,43.57459109848902,15.520137092369918,16.11040084364693
1024,3073,4,31,64,0.008108830289070447,64.9686697373493,178.0312094897068,60.324425160253746,64.86061515351805
1024,3073,0,32,64,0.18260350096509864,2.471686156855902,1.0,1.3332248616986657,1.3413808491641463
1024,3073,2,32,64,0.06579092578054596,5.35575089271404,11.706597784592033,4.900929427732587,4.862530329270333
1024,3073,3,32,64,0.020818982909758525,16.653316407894508,44.28497220322449,15.75685373774874,16.30028075146855
1024,3073,4,32,64,0.00694087819879302,128.59620032349778,371.4701281201346,124.7830820680175,128.54073713630982
1024,3073,0,33,64,0.18151701637631373,2.4637006486625896,1.0,1.3332248616986657,1.361046758521188
1024,3073,2,33,64,0.06352763301908895,5.600300022560967,13.74838186555092,5.58130264572865,5.177697117097067
1024,3073,3,33,64,0.022337732326927557,17.92049830978059,52.48973785739247,18.490885638128827,17.64315114470185
1024,3073,4,33,64,0.007341643830113792,18.33071642246047,53.20927540001992,18.730653436257857,17.815555453715568
1024,3073,0,34,64,0.1859817221665455,2.472412340807211,1.0,1.3332248616986657,1.3303463580829584
1024,3073,2,34,64,0.06234286803343666,6.266821477412468,14.880125524025422,5.9584277698021575,6.025372275447137
1024,3073,3,34,64,0.02035161481534517,14.347829687858288,38.89289242396183,13.960078699035767,13.804731036590665
1024,3073,4,34,64,0.006197275995965289,45.94572508359057,129.52475366058977,44.160868125103775,45.140250856672125
1024,3073,0,35,64,0.1829009644689176,2.4854012927270683,1.0,1.3332248616986657,1.3317782593886922
1024,3073,2,35,64,0.06232377390867648,6.562478015776725,14.965071675857079,5.986733939498095,6.25974561295202
1024,3073,3,35,64,0.02078381483602516,17.004863889194517,44.718721299482525,15.901389720361244,16.696493786039195
1024,3073,4,35,64,0.006685499065559172,34.867951596057594,101.09427548783643,34.68712596796111,33.898961873837244
1024,3073,0,36,64,0.18337459442530227,2.461790661076717,1.0,1.3332248616986657,1.3424927220998668
1024,3073,2,36,64,0.06431935166547263,6.020177733307195,14.084284827748737,5.69323386385119,5.66749088353548
1024,3073,3,36,64,0.019849299085097975,23.395405462366128,66.19325417394326,23.057237967496874,22.838422966850565
1024,3073,4,36,64,0.006509460448421028,107.16304003925072,321.2279488902302,108.04113884269304,107.05556080294079
1024,3073,0,37,64,0.1789249296253115,2.4656720885401375,1.0,1.3332248616986657,1.3147514313374922
1024,3073,2,37,64,0.06037886375651799,6.089502816052796,14.814707337523162,5.936628803652365,5.788192837918299
1024,3073,3,37,64,0.019105373779771766,16.383869023107998,44.16463381161092,15.716753993846266,16.118976268376922
1024,3073,4,37,64,0.006022396814797149,32.269402425174995,91.41229118060488,31.460848086215226,31.916519634540002
1024,3073,0,38,64,0.18319252543723102,2.474445573739456,1.0,1.3332248616986657,1.3589120865251894
1024,3073,2,38,64,0.06263485547385757,7.45528291660274,18.172120837208087,7.055402452750108,7.260591719551259
1024,3073,3,38,64,0.02091881456485004,35.74434988555964,99.78477829311979,34.250768946356864,35.64004768896031
1024,3073,4,38,64,0.006414641068355732,213.48845836136348,612.4130925428818,205.071268065054,213.4602276923667
1024,3073,0,39,64,0.1864359521719436,2.4806076648676463,1.0,1.3332248616986657,1.3618263545223377
1024,3073,2,39,64,0.06421554162286817,5.962584450348619,13.524690861461599,5.50676324182775,5.507531651290058
1024,3073,3,39,64,0.021263874439985786,18.040341551810407,48.40244541589929,17.12889817959026,17.32157971232182
1024,3073,4,39,64,0.006882818559775312,56.990301508239256,173.900004356704,58.94780490116006,56.89834280272732
1024,3073,0,40,64,0.17736782995869135,2.4908556425816255,1.0,1.3332248616986657,1.3046310137968162
1024,3073,2,40,64,0.06339126948178653,5.937486571093765,13.41420945539611,5.469948090571304,5.562558666447067
1024,3073,3,40,64,0.02123195925994397,23.875409425231986,66.2440177567587,23.074153655359876,23.688474268762754
1024,3073,4,40,64,0.007203200241798582,36.182054345934866,107.62008528270911,36.86168803432936,35.50647119180404
1024,3073,0,41,64,0.1790807316425921,2.484621815942468,1.0,1.3332248616986657,1.3485156545455543
1024,3073,2,41,64,0.0614479715756348,8.53446092959588,20.53426816343989,7.842528668845573,8.357561372815661
1024,3073,3,41,64,0.02138373314152508,28.504010076639748,86.73446831614267,29.90208120915395,28.321902652993444
1024,3073,4,41,64,0.006769722088036207,24.9201598709842,73.88601481125806,25.62065706694704,24.223434321287364
1024,3073,0,42,64,0.18040844683602197,2.4615913631824213,1.0,1.3332248616986657,1.3244213314468454
1024,3073,2,42,64,0.06388914923720193,6.252350794749787,14.745075716654586,5.91342581641858,5.902198573257134
1024,3073,3,42,64,0.020363038405056277,36.3661823338479,105.53583896701788,36.167165344037194,36.28597207299278
1024,3073,4,42,64,0.007008065814264436,40.89182894585987,112.2821058594772,38.41518919625924,40.7389580247658
1024,3073,0,43,64,0.18010923766023793,2.494673736274113,1.0,1.3332248616986657,1.3187929154159537
1024,3073,2,43,64,0.06540838087193411,6.103525781520516,13.569836973623083,5.521807048808993,5.766434112356083
1024,3073,3,43,64,0.021322245858790764,15.803463271489317,44.89744326672111,15.960944323176836,15.215768690179887
1024,3073,4,43,64,0.007118291012784665,26.502619969758058,74.79894362981494,25.924867646251382,26.045292972569285
1024,3073,0,44,64,0.18096514337678757,2.4698220697207898,1.0,1.3332248616986657,1.284362546578999
1024,3073,2,44,64,0.061598080904636164,5.639038629798802,12.731684792979808,5.242513904331703,5.334278431512411
1024,3073,3,44,64,0.020961712156239983,17.98193313725602,49.684007564858696,17.555946549435504,17.729993926662676
1024,3073,4,44,64,0.006920492321061814,40.652383334408626,123.92087178467393,42.29351536202606,40.39355800577501
1024,3073,0,45,64,0.18526916822862716,2.4814135542956652,1.0,1.3332248616986657,1.3917876863545589
1024,3073,2,45,64,0.06149355727032258,5.168090543148726,11.335790316606923,4.777367160496416,4.609797663510972
1024,3073,3,45,64,0.019570518680435304,13.320445564891342,33.33928781296421,12.10947957060701,12.991880261046074
1024,3073,4,45,64,0.005636733001361422,24.92479399195842,73.72170914680656,25.56590633463388,24.69399315797946
1024,3073,0,46,64,0.17564372258939037,2.4491144062552728,1.0,1.3332248616986657,1.3139066750354484
1024,3073,2,46,64,0.0630776905594126,5.312010129782966,11.664757690591678,4.88698726819586,4.812506187417096
1024,3073,3,46,64,0.02146171541812977,23.309333627185495,62.12140635870961,21.700397042407626,23.128011923430062
1024,3073,4,46,64,0.006482876048880615,93.20181619419182,257.58709854382,86.83442528762501,93.03558456423296
1024,3073,0,47,64,0.18183266160215858,2.4550652158436375,1.0,1.3332248616986657,1.325404469764709
1024,3073,2,47,64,0.06251669439111014,5.687634936706077,12.054859572590662,5.01697891387336,4.754614848389155
1024,3073,3,47,64,0.020408887891750438,17.704827839902293,51.19090469079802,18.05808213582075,17.48918767913858
1024,3073,4,47,64,0.0069168800638114295,30.38116055191258,91.09877660612966,31.356377235495206,29.729437308343936
1024,3073,0,48,64,0.18118966503596398,2.447057262737637,1.0,1.3332248616986657,1.3371791476756945
1024,3073,2,48,64,0.06214111517517378,7.131483520715338,16.780082164580868,6.591540558584708,6.86183419661248
1024,3073,3,48,64,0.0193935706305565,20.206650988273644,60.99562180994447,21.325257641842867,19.93340474428681
1024,3073,4,48,64,0.00590455477577532,40.973449277410054,116.2403488381161,39.7341741653859,40.72819015305922
1024,3073,0,49,64,0.18260450293336364,2.485602412699856,1.0,1.3332248616986657,1.3380559102796996
1024,3073,2,49,64,0.06585034367242318,6.135220348545735,14.090426867613429,5.695280544235649,5.435036058879263
1024,3073,3,49,64,0.02142749161138938,12.615824840265272,32.1150518265748,11.70153370335587,11.101138985302024
1024,3073,4,49,64,0.007066310845754304,50.234914302347605,142.62238441973867,48.525324323401364,50.10122461481499
1024,3073,0,50,64,0.17934985296408343,2.4484892415305675,1.0,1.3332248616986657,1.3235328362802197
1024,3073,2,50,64,0.06438374019523506,6.981266561865065,17.790374929529364,6.928195225459833,6.719108768412642
1024,3073,3,50,64,0.021440009277439966,20.3097075492133,58.28329118980523,20.421441646065915,20.121868602876063
1024,3073,4,50,64,0.006479553512315881,70.46740927850192,222.97009842411137,75.2991802103124,70.26744095691231
1024,3073,0,51,64,0.1828038918482601,2.4688315489838026,1.0,1.3332248616986657,1.2872083984229163
1024,3073,2,51,64,0.06599931901950032,5.903607245696427,13.970235283213215,5.6552297201465445,5.411826077053539
1024,3073,3,51,64,0.02217419841136445,17.40583512852065,46.1712207460976,16.38539864757694,16.82938424388588
1024,3073,4,51,64,0.006621652734803905,34.02647684476872,98.5572639493105,33.84173064890789,33.674441138547074
1024,3073,0,52,64,0.17693571807483255,2.4693140227167474,1.0,1.3332248616986657,1.3480063190708564
1024,3073,2,52,64,0.06378575759653692,6.013393278333899,13.780684727264152,5.592066762355513,5.465901223539344
1024,3073,3,52,64,0.02053409423296144,14.827224365211661,42.300736815847216,15.095657175212349,14.620368262473418
1024,3073,4,52,64,0.0067881185962013575,32.445915029306796,89.92119152573505,30.9639766099423,29.671783308519032
1024,3073,0,53,64,0.18180725055247526,2.458583266805338,1.0,1.3332248616986657,1.3404056013712926
1024,3073,2,53,64,0.06622693809609705,5.927976571891237,13.686863232775524,5.560803107830178,5.50074340291907
1024,3073,3,53,64,0.021979399176527793,18.893859829030944,54.1875253220112,19.05663063122013,18.562307282287165
1024,3073,4,53,64,0.007078117341306528,86.95608865229173,269.02534531034354,90.64593348447502,86.85665609973171
1024,3073,0,54,64,0.1822995183313882,2.459447698143967,1.0,1.3332248616986657,1.3158381439587679
1024,3073,2,54,64,0.06135166954118343,5.726703743534241,12.782379883581003,5.2594067688860875,5.249596540694591
1024,3073,3,54,64,0.019549397265361868,15.277952392199708,42.38108278225145,15.122430448755443,14.943781229433366
1024,3073,4,54,64,0.0057946396985763485,22.345577967316487,65.36337051588416,22.780700100314146,22.024753907061342
1024,3073,0,55,64,0.18105202950088692,2.462152537898677,1.0,1.3332248616986657,1.3347444772324217
1024,3073,2,55,64,0.06359818633654286,6.0092215535340445,13.391108283025105,5.462250205602898,5.6185011040484385
1024,3073,3,55,64,0.021982740367651417,16.668902490664095,43.74714190003764,15.57763530935195,16.453392206624653
1024,3073,4,55,64,0.007030408260370425,46.429787189321445,134.63504515794412,45.86374430254955,46.29619695434334
1024,3073,0,56,64,0.18171441295349966,2.473869275096669,1.0,1.3332248616986657,1.3324584275212517
1024,3073,2,56,64,0.06350931567286726,5.967097584645069,14.677578759283703,5.890934152133586,5.6359891122441885
1024,3073,3,56,64,0.019309292071577763,14.987696760464948,38.391971395229355,13.793159358514433,14.68132274472245
1024,3073,4,56,64,0.00661546598600332,31.74747131297287,91.83211126244137,31.600742574923515,31.50768902120952
1024,3073,0,57,64,0.18171288880974318,2.4725697146154815,1.0,1.3332248616986657,1.306509990834599
1024,3073,2,57,64,0.06477289850627063,5.957288327727154,12.96052334679311,5.318768599777463,5.292129465522792
1024,3073,3,57,64,0.02249077559790451,14.198099283668048,42.3875095199919,15.12457199755018,13.605237251899684
1024,3073,4,57,64,0.007039308407680937,38.81296555763828,115.52134388532843,39.49458383943258,38.69118505998288
1024,3073,0,58,64,0.18352897639974808,2.490791052781898,1.0,1.3332248616986657,1.369681988979448
1024,3073,2,58,64,0.06583967312922409,6.320504647982156,14.946616614440348,5.980584254209865,5.605856941413454
1024,3073,3,58,64,0.022806232618848378,22.816705524539906,57.77816961005388,20.253122577512258,22.577754548334443
1024,3073,4,58,64,0.007771953335520379,51.374078192873824,149.62635712752547,50.85922216029485,51.10430861031263
1024,3073,0,59,64,0.1783600516743099,2.4762726517075677,1.0,1.3332248616986657,1.2844112014831868
1024,3073,2,59,64,0.06546994443498519,6.694255246226645,16.526200463470715,6.506940863844456,6.421796751537777
1024,3073,3,59,64,0.022221034286625217,15.341651111043333,42.79959074521389,15.261887706833395,14.96195276023488
1024,3073,4,59,64,0.007182175342019491,25.08533739805527,73.26577570544524,25.413977976692454,24.75385263495484
1024,3073,0,60,64,0.18426933501744377,2.5014968297493896,1.0,1.3332248616986657,1.3404207388198537
1024,3073,2,60,64,0.06259849321347467,6.602114705566392,16.204342864136784,6.399689909819742,6.340132251471906
1024,3073,3,60,64,0.021840584553804644,15.77156598102393,44.26326382073284,15.749619964995256,14.528501294218392
1024,3073,4,60,64,0.007192334766310393,112.55830465199338,362.75790212276814,121.87995176495755,112.45123015556376
1024,3073,0,61,64,0.18026950909846343,2.470959366869382,1.0,1.3332248616986657,1.3269650350527913
1024,3073,2,61,64,0.06067533671755568,5.30643027695024,12.459801051552665,5.151915482196527,4.847037035006112
1024,3073,3,61,64,0.02054404640260627,20.72992029275582,56.806197297197855,19.929237237985877,20.406358052143123
1024,3073,4,61,64,0.0068902425753446135,55.82387426814708,156.45228360316906,53.13379056610645,55.74128269994435
1024,3073,0,62,64,0.18248028674567646,2.4700808737811286,1.0,1.3332248616986657,1.354643080887506
1024,3073,2,62,64,0.06234912493748841,5.298823298910451,12.16527679622565,5.05377267794828,4.941194726267458
1024,3073,3,62,64,0.01990682946665761,17.295052937382316,44.98335115926614,15.989570968788977,17.024295662024258
1024,3073,4,62,64,0.00620114593841182,43.70217014776719,119.18815474379662,40.716456380620805,43.446816779166134
1024,3073,0,63,64,0.18577057075812173,2.467902299311254,1.0,1.3332248616986657,1.350450476003552
1024,3073,2,63,64,0.06547408655691381,5.502953086375081,12.39285631150204,5.129607830451705,5.035676319034723
1024,3073,3,63,64,0.020712925616507435,15.164144291311361,38.878909729742375,13.955419317688314,13.008737427598371
1024,3073,4,63,64,0.006638156181069948,54.688968995822265,164.7900929831553,55.912155943622196,54.55519067313481
2048,6145,0,0,32,0.18018298718833942,2.471097117853452,1.0,1.333279088689992,1.3289071189063515
2048,6145,2,0,32,0.06450224046614007,7.015507096221623,17.335173651528414,6.777450876864148,6.753452024955987
2048,6145,3,0,32,0.021972464807616575,18.414959305813987,50.19794114400352,17.72992407858734,17.869818148412044
2048,6145,4,0,32,0.0068473453154628584,43.092085158032575,125.71167789746654,42.89707344735744,42.928255450027194
2048,6145,0,1,32,0.181339584745546,2.4717833626879924,1.0,1.333279088689992,1.3220914956450946
2048,6145,2,1,32,0.06205541244530002,6.219837163763135,14.479448955575094,5.825697552647322,5.800556843823873
2048,6145,3,1,32,0.020256001288374847,20.29881011736608,56.33349100273448,19.774774544117204,20.093983072802953
2048,6145,4,1,32,0.006658544715748262,49.56253676804428,144.60769272729254,49.19472004971442,49.388992835357904
2048,6145,0,2,32,0.18103818193344648,2.4746781209895423,1.0,1.333279088689992,1.3289732792687623
2048,6145,2,2,32,0.059809570846336535,5.830066145183834,14.009916686228575,5.669212265808969,5.402341307807154
2048,6145,3,2,32,0.019959295173009303,16.355761223390047,45.178035642213075,16.056894547640745,15.872534911266813
2048,6145,4,2,32,0.006572965157370696,47.779565066218055,139.5904047024982,47.52256286911575,47.416253859068185
2048,6145,0,3,32,0.18149342246558836,2.4810279966559965,1.0,1.333279088689992,1.3438070105066628
2048,6145,2,3,32,0.060832918144388265,6.157461718147812,14.294812370368568,5.764162039790858,5.79189460500569
2048,6145,3,3,32,0.020841510237568098,19.35980176576388,55.30429091700169,19.431763677464517,18.723982313962306
2048,6145,4,3,32,0.006435268551312718,111.9097199570432,344.1541375944065,115.69937734635386,111.84746962688136
2048,6145,0,4,32,0.18078177226881753,2.4786670949045906,1.0,1.333279088689992,1.3152102182507779
2048,6145,2,4,32,0.062266166223631764,6.348034547046999,15.066644612867638,6.021397586192501,6.072007368188817
2048,6145,3,4,32,0.020043243314653014,40.864798201204565,118.04257704643922,40.34112250465541,40.735579593293
2048,6145,4,4,32,0.0063329410706854244,55.13881218374274,169.5163882568943,57.496267396276565,54.674252819099486
2048,6145,0,5,32,0.1782139623911848,2.472697076189392,1.0,1.333279088689992,1.331071248749972
2048,6145,2,5,32,0.06319711833705657,7.362759722053987,17.844907289412156,6.947334439172676,6.985244203167908
2048,6145,3,5,32,0.02056826095810852,32.07254115134159,90.79839675920107,31.26120692641884,31.96597606049745
2048,6145,4,5,32,0.006535326465819637,127.88497463978297,378.4344353001648,127.1242837257506,127.83348167906001
2048,6145,0,6,32,0.18071131472298022,2.486887735001768,1.0,1.333279088689992,1.31775812631547
2048,6145,2,6,32,0.06226547012788104,5.735911074172059,12.57006917553655,5.189341199592978,5.336396860723592
2048,6145,3,6,32,0.02061883409030962,15.660737818204066,42.11008127104803,15.034409510676381,14.805812447864088
2048,6145,4,6,32,0.006970880367437419,78.20741263161278,233.66212838541185,78.87470120965394,77.86039492629337
2048,6145,0,7,32,0.18096673613277073,2.4767889331003614,1.0,1.333279088689992,1.3574937731416494
2048,6145,2,7,32,0.06203011541959267,5.992823968234312,13.596335562647923,5.531374325842627,5.67714623459334
2048,6145,3,7,32,0.019850442790382547,22.927142639023284,63.7586219499324,22.24941541960318,22.789717791268718
2048,6145,4,7,32,0.006419339692168735,37.82799052320003,112.94061719551057,38.64074597500498,37.155317949264344
2048,6145,0,8,32,0.1815864556274842,2.485703096893127,1.0,1.333279088689992,1.328008389912586
2048,6145,2,8,32,0.06429563746557784,5.72213648770036,12.611023289460283,5.202990349359586,5.213700569171239
2048,6145,3,8,32,0.021862045159716733,31.902067942344857,92.7569778254558,31.913961039305693,31.735355563966426
2048,6145,4,8,32,0.007256117844537598,62.02469803908403,188.61953694275678,63.86294738141023,61.58571485558735
2048,6145,0,9,32,0.18209756068912875,2.485086701307827,1.0,1.333279088689992,1.3400535079614753
2048,6145,2,9,32,0.06348728497939182,6.615251290426368,16.23579187650117,6.411049920760683,6.33452069675921
2048,6145,3,9,32,0.02097650302649949,25.865253072568752,75.36700225386159,26.11824582846355,25.734644583540717
2048,6145,4,9,32,0.006634485718119376,60.34940418348011,179.94230495647065,60.97100741266914,60.212736530910306
2048,6145,0,10,32,0.17885549506755594,2.4825320864275646,1.0,1.333279088689992,1.2985466151598437
2048,6145,2,10,32,0.06443708603303644,9.025742335993517,24.487997952111606,9.161337641322142,8.863980158050783
2048,6145,3,10,32,0.021321435586559447,20.471494625932856,59.37090987836092,20.78708273895576,20.240724182915155
2048,6145,4,10,32,0.007247536943579085,44.44350516211986,133.42754796984084,45.46861159352873,44.20339957501728
2048,6145,0,11,32,0.179944347102267,2.475234070978763,1.0,1.333279088689992,1.3564404058165076
2048,6145,2,11,32,0.061879196371398784,6.858447945945468,17.311492363133617,6.769558398648925,6.535378666890977
2048,6145,3,11,32,0.020026195157377396,30.51179112148216,88.28581451253451,30.42381580499116,30.420956336809123
2048,6145,4,11,32,0.006521608872958058,44.711436771750655,124.87313866729063,42.617605856893604,44.3459132324933
2048,6145,0,12,32,0.181710602398486,2.469465005901243,1.0,1.333279088689992,1.3306336083699142
2048,6145,2,12,32,0.06286055752791161,6.559634234627707,16.178945246608038,6.392104127754802,6.30047689034015
2048,6145,3,12,32,0.020611479481177284,18.34234846025985,52.37220001651413,18.454559094193804,18.059018797848513
2048,6145,4,12,32,0.006572347767777974,53.58427561915196,140.5501535765951,47.84242709924602,53.479516723706666
2048,6145,0,13,32,0.18036003826592675,2.4757219122029923,1.0,1.333279088689992,1.3266246435172422
2048,6145,2,13,32,0.06196655224542656,6.986830771665215,16.975102605778368,6.65744672687292,6.6911279287979575
2048,6145,3,13,32,0.02107332139076946,22.632438427101686,63.64912316502378,22.212921764356174,22.35070049204151
2048,6145,4,13,32,0.0067878948728471175,91.09314115519823,270.13357773300817,91.02987261142404,91.00252355815051
2048,6145,0,14,32,0.17777462242068084,2.4891695307831805,1.0,1.333279088689992,1.3239162826335138
2048,6145,2,14,32,0.06648920279826695,6.2266708823674755,14.970223209877384,5.989262348873699,5.870503073762369
2048,6145,3,14,32,0.022214175967730027,26.353870178147382,75.81963174126118,26.269097771538306,26.076411957363852
2048,6145,4,14,32,0.006918354309400804,43.436083223370396,132.31534436521827,45.09793738974239,43.06614726450795
2048,6145,0,15,32,0.18001001900585856,2.4830998603833305,1.0,1.333279088689992,1.3177156271491977
2048,6145,2,15,32,0.06494333810608988,6.818911015350633,16.218996295857057,6.405452304949593,6.506481050392902
2048,6145,3,15,32,0.021565178553656757,20.34875043466281,59.12294603546343,20.70444157536682,19.872194494738533
2048,6145,4,15,32,0.007126844315818275,74.99378306005879,221.36893530962587,74.77763702426587,73.53681373897182
2048,6145,0,16,32,0.18067262382139584,2.485150989285436,1.0,1.333279088689992,1.3410394419997826
2048,6145,2,16,32,0.061297617362721206,8.599616127591833,22.317191742210035,8.437853325963573,8.393013993115211
2048,6145,3,16,32,0.021020844245262637,29.718242065299908,86.21236736882986,29.732779230490404,29.556461546005433
2048,6145,4,16,32,0.006642943544386891,47.57911286433456,142.53973163834908,48.50551186254498,47.39553954635037
2048,6145,0,17,32,0.17912536679765861,2.4755914029393784,1.0,1.333279088689992,1.3057711973111372
2048,6145,2,17,32,0.06500265286617946,6.299396195679145,15.104464006061912,6.034001999091098,5.846530564700569
2048,6145,3,17,32,0.022073434058102866,20.007176276737844,55.91248831969888,19.634463153579055,19.39837185478351
2048,6145,4,17,32,0.006857698729743388,81.18127530584994,243.30648618661618,82.08896398863953,81.0446652342837
2048,6145,0,18,32,0.18029349675036452,2.4730691808156564,1.0,1.333279088689992,1.277967921354242
2048,6145,2,18,32,0.06393065031939378,5.926788863028013,13.741132727120187,5.579632192862838,5.47443926776792
2048,6145,3,18,32,0.019620451410310855,27.803232386000754,84.58098584776656,29.189073883844735,27.556255223145758
2048,6145,4,18,32,0.006453769215930802,40.9072317083006,120.79304565494229,41.25779617596775,40.43726875727148
2048,6145,0,19,32,0.17839064690317716,2.4773966495282105,1.0,1.333279088689992,1.331065920645291
2048,6145,2,19,32,0.06490306651215932,6.85239339838199,16.37938962213845,6.458908046564613,6.566544192869716
2048,6145,3,19,32,0.02013161074570549,28.57659766077657,83.82754516021359,28.937967858115123,28.41772452036445
2048,6145,4,19,32,0.006316568200628653,43.54011305430403,128.67429934933725,43.88445322497033,43.25409345373416
2048,6145,0,20,32,0.17748226641024364,2.469547911566206,1.0,1.333279088689992,1.3699883860501465
2048,6145,2,20,32,0.05849339645534993,6.764491723191494,17.838305114974705,6.94513407249279,6.500896404396016
2048,6145,3,20,32,0.019840883099435127,16.532399716633456,46.96937051194619,16.653909000564,16.309185415061233
2048,6145,4,20,32,0.006397964443507031,32.20760634036949,98.16207496850222,33.715366889421084,31.840560226917866
2048,6145,0,21,32,0.18177888103260792,2.4799791344915483,1.0,1.333279088689992,1.3215936073703427
2048,6145,2,21,32,0.06427467929777299,6.8359071126697435,16.570409004908274,6.522570812376264,6.560698282967583
2048,6145,3,21,32,0.021745799323355054,23.19378928595476,66.1248774546032,23.03803889780754,22.98690622954359
2048,6145,4,21,32,0.0069896005734284596,50.04648045009806,143.45015657736062,48.80893745653938,49.89954519308316
2048,6145,0,22,32,0.1784882344547792,2.486226708905251,1.0,1.333279088689992,1.3845717950319234
2048,6145,2,22,32,0.06713061243327775,6.3222169913529305,14.776103643076915,5.924566356553543,5.9527067546041605
2048,6145,3,22,32,0.02150927905795216,31.627889181126278,94.7493827649256,32.57798794183363,31.400345194914458
2048,6145,4,22,32,0.006961788892906516,77.47388906218222,237.5809589028527,80.18076547323716,77.1281414877672
2048,6145,0,23,32,0.18328458673282355,2.4853136905148294,1.0,1.333279088689992,1.3338608911067407
2048,6145,2,23,32,0.06263603606694869,6.089433426132882,13.613430754195035,5.537071795702429,5.620322917621359
2048,6145,3,23,32,0.01972981511226772,44.45526301115106,132.07323027349136,45.017245825892644,44.376858955207425
2048,6145,4,23,32,0.006488473205036562,46.815217611658014,138.201279984836,47.05959664913655,46.61931889631882
2048,6145,0,24,32,0.17810696943131218,2.469617579818615,1.0,1.333279088689992,1.313755252771027
2048,6145,2,24,32,0.06390786028490726,6.671537340086149,16.590648248784184,6.529316129131002,6.45134519849612
2048,6145,3,24,32,0.021307522099383348,18.978727468489932,53.091549764610434,18.694303322688718,18.69237107414173
2048,6145,4,24,32,0.006699637996618828,39.67373688792168,122.6551419818492,41.87839394285226,39.38059033692604
2048,6145,0,25,32,0.1798958585711278,2.4813335619547088,1.0,1.333279088689992,1.3126014949523248
2048,6145,2,25,32,0.060376338262172154,6.05640058132452,13.6660692146801,5.554615093842936,5.723715949297541
2048,6145,3,25,32,0.02028392076359562,17.36468844402691,48.174733512631136,17.055631282972914,16.621185827516488
2048,6145,4,25,32,0.006572016084834185,35.75931370104584,104.34518954549647,35.776069680907526,35.640147324419225
2048,6145,0,26,32,0.1809661887669083,2.484261296902041,1.0,1.333279088689992,1.3487708589242944
2048,6145,2,26,32,0.06283953361991747,5.715532914399795,13.408425283422906,5.468747759227032,5.2785249564435395
2048,6145,3,26,32,0.021287490475732904,14.97173791123326,39.62505165094539,14.206201103520936,14.275262630727607
2048,6145,4,26,32,0.006919037622545352,52.28822631868632,142.4325888798825,48.469803421643505,51.980129574745874
2048,6145,0,27,32,0.1785800428768871,2.468844361800757,1.0,1.333279088689992,1.334049992111512
2048,6145,2,27,32,0.06665041139736977,6.541501681510083,15.2934874621531,6.096999564278201,6.255736834227537
2048,6145,3,27,32,0.022040837446675593,23.650480913012245,72.64686802537119,25.211681971677816,23.49233399893534
2048,6145,4,27,32,0.00734102944130976,52.134821876135945,152.23825295916478,51.73782620998689,51.96629170514558
2048,6145,0,28,32,0.18125219732694928,2.4738160519927295,1.0,1.333279088689992,1.35198314807401
2048,6145,2,28,32,0.06525931845998738,5.953440119411053,12.380007750452071,5.125997701045702,5.287940465337916
2048,6145,3,28,32,0.021413490808465982,27.469704165313104,83.21283376088509,28.73309740313957,27.319485504556592
2048,6145,4,28,32,0.0073454775339562555,53.16632805695813,147.78708852578484,50.25434618402072,53.00324375962151
2048,6145,0,29,32,0.17996747144875766,2.467663165881808,1.0,1.333279088689992,1.3256599070951938
2048,6145,2,29,32,0.06183128936143356,6.269610768135905,15.104228310557524,6.033923446708187,6.004672053284067
2048,6145,3,29,32,0.020088624859421682,17.494645781018328,50.1941421983699,17.728657969448584,17.10289257800714
2048,6145,4,29,32,0.006930221785735576,59.31417901670144,177.15744476800003,60.042871746926615,59.182648295485215
2048,6145,0,30,32,0.17984029221105077,2.47191989023045,1.0,1.333279088689992,1.3659936019741028
2048,6145,2,30,32,0.062368656437255615,6.39819971968825,15.447262376156765,6.148249527480725,6.10877742031185
2048,6145,3,30,32,0.020551041568333837,16.43260311068287,46.268481749114606,16.420317432414436,16.053572169834343
2048,6145,4,30,32,0.006592163801500797,41.3455795837084,125.13016578481188,42.7032676203897,41.1943817105907
2048,6145,0,31,32,0.17839730053676595,2.480482164330942,1.0,1.333279088689992,1.3297242410061376
2048,6145,2,31,32,0.06714252578800317,6.050411475854522,14.071289678866211,5.689666600865419,5.525401440612951
2048,6145,3,31,32,0.02257572787339948,22.907291004898795,64.86347306114516,22.617639191086294,22.743098152842315
2048,6145,4,31,32,0.007281705424466843,54.49851951539458,150.6884842035461,51.22132069143407,54.389128500692465
