d,r,m,trial,mu2,conditional_mean_excess,normalized_conditional_mean
1,10,300,0,1,0.03557945498598267,1.06738364957948
1,10,300,1,1,0.03435925400246396,1.0307776200739187
1,10,300,2,1,0.033233773864058604,0.9970132159217581
1,10,300,3,1,0.03359025008275374,1.0077075024826123
1,10,300,4,1,0.035192885128055226,1.0557865538416569
1,10,300,5,1,0.035058165689828155,1.0517449706948447
1,10,300,6,1,0.03364629740189804,1.0093889220569412
1,10,300,7,1,0.0352853517211278,1.0585605516338341
1,10,300,8,1,0.03385106379118521,1.0155319137355563
1,10,300,9,1,0.03382553662025049,1.0147660986075149
1,10,300,10,1,0.03365377412457209,1.0096132237371627
1,10,300,11,1,0.03386107441708053,1.0158322325124158
1,10,300,12,1,0.03393759318523315,1.0181277955569945
1,10,300,13,1,0.03601238625426037,1.0803715876278113
1,10,300,14,1,0.03354437517579112,1.0063312552737336
1,10,300,15,1,0.034224363944125785,1.0267309183237736
1,10,300,16,1,0.035011570216509164,1.0503471064952747
1,10,300,17,1,0.034223523661019516,1.0267057098305856
1,10,300,18,1,0.035525697611339856,1.0657709283401957
1,10,300,19,1,0.03427339432217248,1.0282018296651745
1,10,300,20,1,0.03480250886888092,1.0440752660664276
1,10,300,21,1,0.03425561113686852,1.0276683341060555
1,10,300,22,1,0.03397821538730104,1.019346461619031
1,10,300,23,1,0.03466257001063117,1.0398771003189353
1,10,300,24,1,0.03376100849218003,1.012830254765401
1,10,300,25,1,0.03312289932213118,0.9936869796639354
1,10,300,26,1,0.035613845310039804,1.0684153593011942
1,10,300,27,1,0.03533099140011167,1.0599297420033502
1,10,300,28,1,0.034350922833807584,1.0305276850142275
1,10,300,29,1,0.034115835809877926,1.0234750742963379
1,10,300,30,1,0.03377056994517334,1.0131170983552003
1,10,300,31,1,0.035068014540684006,1.0520404362205202
1,10,300,32,1,0.034500793056950516,1.0350237917085154
1,10,300,33,1,0.03439384802979861,1.0318154408939584
1,10,300,34,1,0.034751441810949836,1.042543254328495
1,10,300,35,1,0.03498795760070793,1.0496387280212378
1,10,300,36,1,0.03595934146872491,1.0787802440617473
1,10,300,37,1,0.03455917390260852,1.0367752170782556
1,10,300,38,1,0.0333545180532617,1.000635541597851
1,10,300,39,1,0.036357329658265575,1.0907198897479673
1,10,300,40,1,0.03626254082061806,1.0878762246185418
1,10,300,41,1,0.035030851821301744,1.0509255546390524
1,10,300,42,1,0.035403006249742,1.06209018749226
1,10,300,43,1,0.034552401858817826,1.0365720557645348
1,10,300,44,1,0.03464835514333802,1.0394506543001405
1,10,300,45,1,0.03486079548966821,1.0458238646900462
1,10,300,46,1,0.03349454096613798,1.0048362289841393
1,10,300,47,1,0.03471231730203766,1.0413695190611298
1,10,300,48,1,0.033682953500641745,1.0104886050192523
1,10,300,49,1,0.034681646307825484,1.0404493892347646
1,10,300,50,1,0.033559254920989615,1.0067776476296886
1,10,300,51,1,0.034988294707287676,1.0496488412186302
1,10,300,52,1,0.03368110530810031,1.0104331592430094
1,10,300,53,1,0.03519737615663088,1.0559212846989263
1,10,300,54,1,0.03535280056511094,1.0605840169533283
1,10,300,55,1,0.0351757009503047,1.055271028509141
1,10,300,56,1,0.0340682155798925,1.022046467396775
1,10,300,57,1,0.03548096050603937,1.0644288151811812
1,10,300,58,1,0.0333986253050334,1.0019587591510022
1,10,300,59,1,0.034904017035378106,1.0471205110613433
1,10,300,60,1,0.036344202116090976,1.0903260634827292
1,10,300,61,1,0.035069895268994546,1.0520968580698364
1,10,300,62,1,0.03474411920276191,1.042323576082857
1,10,300,63,1,0.036566896036495516,1.0970068810948654
1,10,300,64,1,0.033782321346436994,1.0134696403931098
1,10,300,65,1,0.035499496364471125,1.0649848909341337
1,10,300,66,1,0.03498749392860094,1.0496248178580283
1,10,300,67,1,0.03295233831608158,0.9885701494824474
1,10,300,68,1,0.03347808217555545,1.0043424652666635
1,10,300,69,1,0.03610188464006302,1.0830565392018905
1,10,300,70,1,0.035336082243874696,1.0600824673162408
1,10,300,71,1,0.03420232884645117,1.0260698653935352
1,10,300,72,1,0.034550941813129746,1.0365282543938923
1,10,300,73,1,0.034395521913031704,1.031865657390951
1,10,300,74,1,0.03349005543085802,1.0047016629257406
1,10,300,75,1,0.03430389890065372,1.0291169670196116
1,10,300,76,1,0.03480726651470778,1.0442179954412334
1,10,300,77,1,0.03457827591998665,1.0373482775995995
1,10,300,78,1,0.033991214061416544,1.0197364218424965
1,10,300,79,1,0.03481527389118594,1.044458216735578
1,10,300,80,1,0.03528894813615797,1.0586684440847391
1,10,300,81,1,0.03510125163878339,1.0530375491635016
1,10,300,82,1,0.036585831849004755,1.0975749554701426
1,10,300,83,1,0.03490518021912327,1.047155406573698
1,10,300,84,1,0.03357776990391657,1.007333097117497
1,10,300,85,1,0.03354190005846819,1.0062570017540458
1,10,300,86,1,0.034883894489354306,1.0465168346806293
1,10,300,87,1,0.033599860324138246,1.0079958097241473
1,10,300,88,1,0.0361518302101512,1.0845549063045359
1,10,300,89,1,0.034210350972982126,1.0263105291894639
1,10,300,90,1,0.03556577748375438,1.0669733245126314
1,10,300,91,1,0.036360086249760545,1.0908025874928164
1,10,300,92,1,0.03412036905762081,1.0236110717286242
1,10,300,93,1,0.03505279017639762,1.0515837052919286
1,10,300,94,1,0.0352569743340983,1.057709230022949
1,10,300,95,1,0.033936175839768504,1.0180852751930551
1,10,300,96,1,0.0346625223411391,1.039875670234173
1,10,300,97,1,0.03725105473962437,1.117531642188731
1,10,300,98,1,0.034641129221324424,1.0392338766397327
1,10,300,99,1,0.03591117947932873,1.0773353843798619
1,10,300,100,1,0.03397259767174614,1.019177930152384
1,10,300,101,1,0.03396591250996306,1.0189773752988918
1,10,300,102,1,0.0344095795681637,1.032287387044911
1,10,300,103,1,0.03602738813512556,1.0808216440537666
1,10,300,104,1,0.03411047181216437,1.0233141543649311
1,10,300,105,1,0.03502067572777787,1.0506202718333362
1,10,300,106,1,0.03473157848708644,1.0419473546125932
1,10,300,107,1,0.03401371018416906,1.0204113055250716
1,10,300,108,1,0.035081295482482434,1.052438864474473
1,10,300,109,1,0.03499149176092311,1.0497447528276933
1,10,300,110,1,0.03506641252222224,1.0519923756666674
1,10,300,111,1,0.03337468953412989,1.001240686023897
1,10,300,112,1,0.0352617361431557,1.0578520842946708
1,10,300,113,1,0.033917133001580724,1.0175139900474217
1,10,300,114,1,0.03388762260838417,1.016628678251525
1,10,300,115,1,0.03519580421044184,1.0558741263132552
1,10,300,116,1,0.03411318639905794,1.0233955919717383
1,10,300,117,1,0.03609358460106944,1.0828075380320832
1,10,300,118,1,0.03592182402072895,1.0776547206218685
1,10,300,119,1,0.034985855449909356,1.0495756634972806
1,10,300,120,1,0.03640353195803642,1.0921059587410924
1,10,300,121,1,0.03404032139776342,1.0212096419329026
1,10,300,122,1,0.034148661338747666,1.02445984016243
1,10,300,123,1,0.03528595976918525,1.0585787930755575
1,10,300,124,1,0.034700692965057706,1.0410207889517311
1,10,300,125,1,0.03479151682550741,1.0437455047652222
1,10,300,126,1,0.03457184621103497,1.0371553863310492
1,10,300,127,1,0.034603671038380766,1.0381101311514231
1,10,300,128,1,0.03422980535908402,1.0268941607725206
1,10,300,129,1,0.035420341859570686,1.0626102557871206
1,10,300,130,1,0.035592952831297923,1.0677885849389377
1,10,300,131,1,0.035189848144220014,1.0556954443266005
1,10,300,132,1,0.033878967479480174,1.0163690243844052
1,10,300,133,1,0.03511666697337471,1.0535000092012414
1,10,300,134,1,0.034084459966466155,1.0225337989939847
1,10,300,135,1,0.034798305528992365,1.043949165869771
1,10,300,136,1,0.03387857511765366,1.0163572535296097
1,10,300,137,1,0.035332852790215155,1.0599855837064547
1,10,300,138,1,0.03434042857147365,1.0302128571442095
1,10,300,139,1,0.03505112651032123,1.0515337953096369
1,10,300,140,1,0.035789095835558796,1.073672875066764
1,10,300,141,1,0.0352899858947401,1.058699576842203
1,10,300,142,1,0.03544458958954906,1.0633376876864717
1,10,300,143,1,0.03645572918248509,1.0936718754745527
1,10,300,144,1,0.03455114317459264,1.0365342952377792
1,10,300,145,1,0.03567300750413721,1.0701902251241164
1,10,300,146,1,0.03600530765325413,1.0801592295976241
1,10,300,147,1,0.036605036386000864,1.0981510915800259
1,10,300,148,1,0.033109521560784436,0.993285646823533
1,10,300,149,1,0.0337938629968771,1.013815889906313
1,10,300,150,1,0.03435146163818902,1.0305438491456707
1,10,300,151,1,0.03463018716267653,1.038905614880296
1,10,300,152,1,0.03379075763412587,1.013722729023776
1,10,300,153,1,0.0349208337703249,1.0476250131097469
1,10,300,154,1,0.033844676011414374,1.0153402803424312
1,10,300,155,1,0.03443445456771019,1.0330336370313056
1,10,300,156,1,0.035398845872694304,1.061965376180829
1,10,300,157,1,0.03428644573866485,1.0285933721599456
1,10,300,158,1,0.033852577102810394,1.0155773130843118
1,10,300,159,1,0.03462232704644242,1.0386698113932726
1,10,300,160,1,0.035775644730808354,1.0732693419242507
1,10,300,161,1,0.034384872305220616,1.0315461691566186
1,10,300,162,1,0.03508764420171854,1.0526293260515562
1,10,300,163,1,0.03607086090084162,1.0821258270252485
1,10,300,164,1,0.0338260010846299,1.0147800325388971
1,10,300,165,1,0.03452345684937118,1.0357037054811353
1,10,300,166,1,0.0362062263136375,1.0861867894091248
1,10,300,167,1,0.03462260033651156,1.0386780100953468
1,10,300,168,1,0.032821032666732516,0.9846309800019755
1,10,300,169,1,0.03404878770229599,1.0214636310688796
1,10,300,170,1,0.0343977472525474,1.031932417576422
1,10,300,171,1,0.03572967263767579,1.0718901791302737
1,10,300,172,1,0.03492873053330177,1.0478619159990532
1,10,300,173,1,0.0355656247016895,1.0669687410506852
1,10,300,174,1,0.03287084675233741,0.9861254025701223
1,10,300,175,1,0.03531115652433904,1.0593346957301712
1,10,300,176,1,0.033765818765740196,1.012974562972206
1,10,300,177,1,0.035984778228944476,1.0795433468683344
1,10,300,178,1,0.03614332361139746,1.084299708341924
1,10,300,179,1,0.034285086038091134,1.0285525811427338
1,10,300,180,1,0.03427234353114779,1.0281703059344336
1,10,300,181,1,0.03437265363051717,1.031179608915515
1,10,300,182,1,0.033395194483793786,1.0018558345138135
1,10,300,183,1,0.035065088321546665,1.0519526496464
1,10,300,184,1,0.033783323176024914,1.0134996952807476
1,10,300,185,1,0.03447824843610481,1.0343474530831442
1,10,300,186,1,0.03563128515708684,1.0689385547126053
1,10,300,187,1,0.03426796900393611,1.0280390701180833
1,10,300,188,1,0.03341498598750445,1.0024495796251336
1,10,300,189,1,0.03505620605398278,1.0516861816194836
1,10,300,190,1,0.03396806650958483,1.019041995287545
1,10,300,191,1,0.03547379524704262,1.0642138574112785
1,10,300,192,1,0.03353806685719448,1.0061420057158343
1,10,300,193,1,0.034214794626092365,1.026443838782771
1,10,300,194,1,0.0344162159787136,1.0324864793614081
1,10,300,195,1,0.035823271037934576,1.0746981311380372
1,10,300,196,1,0.034385753507120274,1.0315726052136083
1,10,300,197,1,0.03544252601509692,1.0632757804529076
1,10,300,198,1,0.03515335459254936,1.0546006377764807
1,10,300,199,1,0.03367406629534052,1.0102219888602155
1,10,300,200,1,0.03560931523467341,1.068279457040202
1,10,300,201,1,0.03690016929394037,1.107005078818211
1,10,300,202,1,0.03435569751780153,1.0306709255340458
1,10,300,203,1,0.03484976250787011,1.0454928752361035
1,10,300,204,1,0.03488956562229504,1.0466869686688511
1,10,300,205,1,0.03359954430106597,1.0079863290319793
1,10,300,206,1,0.03502086408408043,1.0506259225224128
1,10,300,207,1,0.03521027770633936,1.0563083311901809
1,10,300,208,1,0.0343273915858213,1.029821747574639
1,10,300,209,1,0.0331021061634416,0.993063184903248
1,10,300,210,1,0.0352686769586497,1.058060308759491
1,10,300,211,1,0.033729160348655626,1.0118748104596689
1,10,300,212,1,0.03373348027446137,1.012004408233841
1,10,300,213,1,0.03436976122018108,1.0310928366054324
1,10,300,214,1,0.03530886789810707,1.059266036943212
1,10,300,215,1,0.0354666243945366,1.063998731836098
1,10,300,216,1,0.03665014710144448,1.0995044130433345
1,10,300,217,1,0.03485637224761129,1.0456911674283387
1,10,300,218,1,0.03487840425476872,1.0463521276430616
1,10,300,219,1,0.034026683143430596,1.0208004943029179
1,10,300,220,1,0.03395716375339519,1.0187149126018558
1,10,300,221,1,0.034446579797194794,1.0333973939158438
1,10,300,222,1,0.03553048834641962,1.0659146503925885
1,10,300,223,1,0.034923829791274605,1.0477148937382381
1,10,300,224,1,0.0333484174943028,1.0004525248290839
1,10,300,225,1,0.033351805734448514,1.0005541720334554
1,10,300,226,1,0.03434533520882303,1.030360056264691
1,10,300,227,1,0.03424322735106427,1.027296820531928
1,10,300,228,1,0.035030413979665824,1.0509124193899748
1,10,300,229,1,0.03569685745747783,1.070905723724335
1,10,300,230,1,0.03559304738000979,1.0677914214002937
1,10,300,231,1,0.03306390218690286,0.9919170656070857
1,10,300,232,1,0.03406619108206545,1.0219857324619634
1,10,300,233,1,0.034296468474519205,1.0288940542355762
1,10,300,234,1,0.03501983323361464,1.0505949970084392
1,10,300,235,1,0.035218068861667104,1.056542065850013
1,10,300,236,1,0.033973751068315024,1.0192125320494507
1,10,300,237,1,0.034907703266594974,1.0472310979978492
1,10,300,238,1,0.035553971552917146,1.0666191465875143
1,10,300,239,1,0.033277160433231215,0.9983148129969365
1,10,300,240,1,0.033872105026045964,1.0161631507813789
1,10,300,241,1,0.0349054292400964,1.0471628772028923
1,10,300,242,1,0.03459507326140722,1.0378521978422166
1,10,300,243,1,0.035987833964275386,1.0796350189282615
1,10,300,244,1,0.034583384746057017,1.0375015423817104
1,10,300,245,1,0.036545405516182516,1.0963621654854756
1,10,300,246,1,0.03441024071107339,1.0323072213322018
1,10,300,247,1,0.03406097107844627,1.0218291323533881
1,10,300,248,1,0.03413733838937333,1.0241201516811997
1,10,300,249,1,0.033905296497626566,1.017158894928797
1,10,300,250,1,0.035983758959834265,1.0795127687950279
1,10,300,251,1,0.034462997978744817,1.0338899393623444
1,10,300,252,1,0.034551760451163316,1.0365528135348996
1,10,300,253,1,0.03309113754571316,0.9927341263713949
1,10,300,254,1,0.035268976124501736,1.058069283735052
1,10,300,255,1,0.03541110639599625,1.0623331918798873
1,10,300,256,1,0.03357294061509545,1.0071882184528635
1,10,300,257,1,0.03434567924283788,1.0303703772851365
1,10,300,258,1,0.03492927870587785,1.0478783611763354
1,10,300,259,1,0.03574155073640725,1.0722465220922177
1,10,300,260,1,0.0355909493439458,1.067728480318374
1,10,300,261,1,0.03543655605917214,1.0630966817751641
1,10,300,262,1,0.03405623228281046,1.0216869684843137
1,10,300,263,1,0.034865018136108844,1.0459505440832655
1,10,300,264,1,0.03460847505671281,1.0382542517013842
1,10,300,265,1,0.03533020558891756,1.0599061676675268
1,10,300,266,1,0.032632889815501984,0.9789866944650596
1,10,300,267,1,0.03549319430214758,1.0647958290644273
1,10,300,268,1,0.033386633108505655,1.0015989932551697
1,10,300,269,1,0.03396624381706762,1.0189873145120285
1,10,300,270,1,0.03503960076034006,1.0511880228102017
1,10,300,271,1,0.03481105880905931,1.0443317642717793
1,10,300,272,1,0.03415876351424503,1.0247629054273508
1,10,300,273,1,0.034814314750256536,1.044429442507696
1,10,300,274,1,0.034658429170505003,1.0397528751151501
1,10,300,275,1,0.03430751054723593,1.029225316417078
1,10,300,276,1,0.03455673592163054,1.0367020776489162
1,10,300,277,1,0.033885817076387534,1.0165745122916259
1,10,300,278,1,0.033977609521026665,1.0193282856308
1,10,300,279,1,0.034132726866519435,1.023981805995583
1,10,300,280,1,0.035095508469369124,1.0528652540810737
1,10,300,281,1,0.03529098663405987,1.0587295990217962
1,10,300,282,1,0.035821355540177,1.07464066620531
1,10,300,283,1,0.03460344428464255,1.0381033285392764
1,10,300,284,1,0.03411973195577503,1.023591958673251
1,10,300,285,1,0.03424811514314295,1.0274434542942885
1,10,300,286,1,0.03407412630397487,1.022223789119246
1,10,300,287,1,0.035602345225267396,1.0680703567580219
1,10,300,288,1,0.034112434113013484,1.0233730233904046
1,10,300,289,1,0.03398948786901939,1.0196846360705816
1,10,300,290,1,0.034350697902299186,1.0305209370689756
1,10,300,291,1,0.0363681403497026,1.091044210491078
1,10,300,292,1,0.03469400593634424,1.040820178090327
1,10,300,293,1,0.03561832661323157,1.0685497983969472
1,10,300,294,1,0.03432645746054414,1.0297937238163244
1,10,300,295,1,0.03517511899921327,1.0552535699763983
1,10,300,296,1,0.03307433930342779,0.9922301791028337
1,10,300,297,1,0.03485622204456372,1.0456866613369116
1,10,300,298,1,0.034960437200939484,1.0488131160281846
1,10,300,299,1,0.033866554193305295,1.0159966257991588
1,10,300,300,1,0.034264456504213794,1.0279336951264137
1,10,300,301,1,0.03351006086997185,1.0053018260991555
1,10,300,302,1,0.03417126561829387,1.025137968548816
1,10,300,303,1,0.03568738639341773,1.070621591802532
1,10,300,304,1,0.03470531563683723,1.041159469105117
1,10,300,305,1,0.03615595293070725,1.0846785879212175
1,10,300,306,1,0.033092686358446026,0.9927805907533808
1,10,300,307,1,0.03357570850758257,1.0072712552274772
1,10,300,308,1,0.03417046039244999,1.0251138117734997
1,10,300,309,1,0.0337265658813823,1.011796976441469
1,10,300,310,1,0.033848216250159796,1.015446487504794
1,10,300,311,1,0.03455355671304453,1.036606701391336
1,10,300,312,1,0.03536567864768544,1.0609703594305633
1,10,300,313,1,0.03537430398398431,1.0612291195195291
1,10,300,314,1,0.0355769038074628,1.067307114223884
1,10,300,315,1,0.0345177782156704,1.0355333464701117
1,10,300,316,1,0.03454376015534738,1.0363128046604213
1,10,300,317,1,0.03413561781797686,1.0240685345393057
1,10,300,318,1,0.034230023130472575,1.0269006939141774
1,10,300,319,1,0.03428060964307363,1.028418289292209
1,10,300,320,1,0.03329435381567367,0.9988306144702103
1,10,300,321,1,0.03395788489450313,1.018736546835094
1,10,300,322,1,0.031998702365410275,0.9599610709623082
1,10,300,323,1,0.034326867220833,1.02980601662499
1,10,300,324,1,0.03340722408246219,1.0022167224738658
1,10,300,325,1,0.034490133789775376,1.0347040136932613
1,10,300,326,1,0.03467319603125124,1.0401958809375373
1,10,300,327,1,0.03434846631391622,1.0304539894174867
1,10,300,328,1,0.034723093423087,1.04169280269261
1,10,300,329,1,0.032949633070258236,0.9884889921077471
1,10,300,330,1,0.03409862051112707,1.022958615333812
1,10,300,331,1,0.0356536362759369,1.0696090882781069
1,10,300,332,1,0.03428972819176036,1.028691845752811
1,10,300,333,1,0.03489484822875237,1.0468454468625712
1,10,300,334,1,0.03373751534182652,1.0121254602547958
1,10,300,335,1,0.03424789756283918,1.0274369268851753
1,10,300,336,1,0.035156888462558454,1.0547066538767536
1,10,300,337,1,0.036111197824908195,1.0833359347472458
1,10,300,338,1,0.035233724531422615,1.0570117359426785
1,10,300,339,1,0.03457554266806798,1.0372662800420394
1,10,300,340,1,0.033694185885479414,1.0108255765643823
1,10,300,341,1,0.035933058119971766,1.077991743599153
1,10,300,342,1,0.03485334650167937,1.0456003950503812
1,10,300,343,1,0.03512597276350648,1.0537791829051943
1,10,300,344,1,0.035478900826010906,1.0643670247803272
1,10,300,345,1,0.03490567132659532,1.0471701397978594
1,10,300,346,1,0.03290195136641827,0.9870585409925481
1,10,300,347,1,0.034054941203916486,1.0216482361174946
1,10,300,348,1,0.034520881535240605,1.035626446057218
1,10,300,349,1,0.03448918739334369,1.0346756218003106
1,10,300,350,1,0.03520595869780953,1.0561787609342859
1,10,300,351,1,0.034968700477533206,1.0490610143259962
1,10,300,352,1,0.03648481470276155,1.0945444410828464
1,10,300,353,1,0.03423628615978268,1.0270885847934803
1,10,300,354,1,0.034848159482666376,1.0454447844799912
1,10,300,355,1,0.03499957533051468,1.0499872599154405
1,10,300,356,1,0.034955206281487225,1.0486561884446168
1,10,300,357,1,0.03408791710177482,1.0226375130532446
1,10,300,358,1,0.03612280172536397,1.0836840517609192
1,10,300,359,1,0.03431779453415165,1.0295338360245494
1,10,300,360,1,0.03503144558961976,1.0509433676885926
1,10,300,361,1,0.03382260842133329,1.0146782526399987
1,10,300,362,1,0.035261134258171775,1.0578340277451532
1,10,300,363,1,0.035907448443358775,1.0772234533007632
1,10,300,364,1,0.034195863750398015,1.0258759125119403
1,10,300,365,1,0.033929525545845746,1.0178857663753722
1,10,300,366,1,0.034927864531563914,1.0478359359469174
1,10,300,367,1,0.033628413570685314,1.0088524071205593
1,10,300,368,1,0.03399578574142452,1.0198735722427357
1,10,300,369,1,0.03453458869476387,1.036037660842916
1,10,300,370,1,0.03419494832249087,1.0258484496747262
1,10,300,371,1,0.03494093670382055,1.0482281011146166
1,10,300,372,1,0.0350923438775797,1.0527703163273912
1,10,300,373,1,0.035276998975927995,1.05830996927784
1,10,300,374,1,0.03450655921046567,1.03519677631397
1,10,300,375,1,0.03466377249411614,1.0399131748234842
1,10,300,376,1,0.03373931654660653,1.0121794963981958
1,10,300,377,1,0.03406828911687358,1.0220486735062075
1,10,300,378,1,0.034047272117701935,1.0214181635310582
1,10,300,379,1,0.033895344067560236,1.016860322026807
1,10,300,380,1,0.035706272156302905,1.071188164689087
1,10,300,381,1,0.033032943531259074,0.9909883059377723
1,10,300,382,1,0.03465698921634461,1.0397096764903382
1,10,300,383,1,0.035039765964784336,1.0511929789435301
1,10,300,384,1,0.032405824299229266,0.9721747289768781
1,10,300,385,1,0.03437533843015492,1.0312601529046475
1,10,300,386,1,0.03411148440676455,1.0233445322029364
1,10,300,387,1,0.03694807543736548,1.1084422631209645
1,10,300,388,1,0.03374804705065665,1.0124414115196996
1,10,300,389,1,0.034899048119200395,1.0469714435760118
1,10,300,390,1,0.03601960286691781,1.0805880860075345
1,10,300,391,1,0.03461099226696833,1.0383297680090497
1,10,300,392,1,0.033969002570605714,1.0190700771181713
1,10,300,393,1,0.03638450089131469,1.0915350267394408
1,10,300,394,1,0.03484630264990407,1.0453890794971221
1,10,300,395,1,0.0353749744158738,1.061249232476214
1,10,300,396,1,0.034759337587682404,1.0427801276304722
1,10,300,397,1,0.03544015944196967,1.06320478325909
1,10,300,398,1,0.03672495522657543,1.101748656797263
1,10,300,399,1,0.03484659294548633,1.04539778836459
1,10,300,400,1,0.035372457956186154,1.0611737386855846
1,10,300,401,1,0.033512719026730475,1.0053815708019143
1,10,300,402,1,0.03594222241132225,1.0782666723396674
1,10,300,403,1,0.035305429091360606,1.0591628727408182
1,10,300,404,1,0.03543726436765418,1.0631179310296255
1,10,300,405,1,0.03378985809467665,1.0136957428402993
1,10,300,406,1,0.035702155261062504,1.0710646578318752
1,10,300,407,1,0.034787134887948754,1.0436140466384627
1,10,300,408,1,0.035996009051729505,1.0798802715518852
1,10,300,409,1,0.035515810696189545,1.0654743208856865
1,10,300,410,1,0.034105799883837024,1.0231739965151108
1,10,300,411,1,0.03431358287773144,1.0294074863319431
1,10,300,412,1,0.03338343030067667,1.0015029090203
1,10,300,413,1,0.03618056486238623,1.085416945871587
1,10,300,414,1,0.03585422084706958,1.0756266254120874
1,10,300,415,1,0.034054123710184556,1.0216237113055366
1,10,300,416,1,0.03563907590480731,1.0691722771442194
1,10,300,417,1,0.03507907117862756,1.052372135358827
1,10,300,418,1,0.034075951889965136,1.022278556698954
1,10,300,419,1,0.03422632600993154,1.0267897802979462
1,10,300,420,1,0.03408475955150161,1.0225427865450483
1,10,300,421,1,0.034694395667259965,1.040831870017799
1,10,300,422,1,0.036485869434127,1.09457608302381
1,10,300,423,1,0.03608196672872907,1.082459001861872
1,10,300,424,1,0.03363472470201529,1.0090417410604586
1,10,300,425,1,0.03485138974779798,1.0455416924339394
1,10,300,426,1,0.035406038306260226,1.0621811491878068
1,10,300,427,1,0.03427763869986785,1.0283291609960354
1,10,300,428,1,0.03388887813306324,1.0166663439918973
1,10,300,429,1,0.03409262271322685,1.0227786813968054
1,10,300,430,1,0.0348264244440141,1.0447927333204228
1,10,300,431,1,0.03481511601853196,1.0444534805559589
1,10,300,432,1,0.0334321550936116,1.002964652808348
1,10,300,433,1,0.0340785171902747,1.0223555157082411
1,10,300,434,1,0.03487549479407876,1.0462648438223627
1,10,300,435,1,0.03311950672018157,0.993585201605447
1,10,300,436,1,0.03335903192905035,1.0007709578715105
1,10,300,437,1,0.03309218757959581,0.9927656273878742
1,10,300,438,1,0.03505218934946326,1.0515656804838978
1,10,300,439,1,0.03384765584040997,1.015429675212299
1,10,300,440,1,0.033820231398819636,1.0146069419645891
1,10,300,441,1,0.033563429225758695,1.0069028767727608
1,10,300,442,1,0.034316594882953785,1.0294978464886135
1,10,300,443,1,0.034437259539447845,1.0331177861834353
1,10,300,444,1,0.03462019348566733,1.03860580457002
1,10,300,445,1,0.03518158377792618,1.0554475133377852
1,10,300,446,1,0.034679631881487163,1.040388956444615
1,10,300,447,1,0.036091708205910206,1.0827512461773061
1,10,300,448,1,0.034709250501671306,1.0412775150501392
1,10,300,449,1,0.03552254330242855,1.0656762990728565
1,10,300,450,1,0.033526459276272305,1.0057937782881692
1,10,300,451,1,0.03794051302046918,1.1382153906140753
1,10,300,452,1,0.03585939990374032,1.0757819971122096
1,10,300,453,1,0.034314531876666055,1.0294359562999815
1,10,300,454,1,0.03533229518936547,1.059968855680964
1,10,300,455,1,0.03390577974880338,1.0171733924641013
1,10,300,456,1,0.03630171599707796,1.0890514799123387
1,10,300,457,1,0.03571796025361623,1.0715388076084869
1,10,300,458,1,0.03488386472547446,1.0465159417642338
1,10,300,459,1,0.035133209329057294,1.0539962798717188
1,10,300,460,1,0.03381677813116979,1.0145033439350937
1,10,300,461,1,0.03444891775915477,1.0334675327746432
1,10,300,462,1,0.035978889000045,1.07936667000135
1,10,300,463,1,0.0346688536146182,1.040065608438546
1,10,300,464,1,0.03433481672568332,1.0300445017704996
1,10,300,465,1,0.035549545163204035,1.0664863548961212
1,10,300,466,1,0.03487686993226932,1.0463060979680798
1,10,300,467,1,0.03530956080005688,1.0592868240017064
1,10,300,468,1,0.034633933218253324,1.0390179965475999
1,10,300,469,1,0.03300048394012875,0.9900145182038624
1,10,300,470,1,0.03421763616268696,1.0265290848806088
1,10,300,471,1,0.03444701124934651,1.0334103374803951
1,10,300,472,1,0.03439687180262774,1.0319061540788321
1,10,300,473,1,0.03498651983909443,1.0495955951728329
1,10,300,474,1,0.03594335124499437,1.0783005373498311
1,10,300,475,1,0.03519154005265051,1.0557462015795154
1,10,300,476,1,0.03545980756037892,1.0637942268113676
1,10,300,477,1,0.03550197444281443,1.0650592332844329
1,10,300,478,1,0.03229923715526023,0.9689771146578069
1,10,300,479,1,0.0337279879701997,1.011839639105991
1,10,300,480,1,0.03410981962703196,1.0232945888109588
1,10,300,481,1,0.033771913826339664,1.0131574147901898
1,10,300,482,1,0.034599315025758304,1.0379794507727491
1,10,300,483,1,0.033123875638955386,0.9937162691686616
1,10,300,484,1,0.03550472867280767,1.0651418601842302
1,10,300,485,1,0.033733000235230445,1.0119900070569134
1,10,300,486,1,0.03447723429325912,1.0343170287977737
1,10,300,487,1,0.034934842118755,1.04804526356265
1,10,300,488,1,0.03590943317584851,1.0772829952754552
1,10,300,489,1,0.033329969405282,0.99989908215846
1,10,300,490,1,0.03412366728249418,1.0237100184748253
1,10,300,491,1,0.033163912149819764,0.994917364494593
1,10,300,492,1,0.03718599050026122,1.1155797150078368
1,10,300,493,1,0.033291782034166585,0.9987534610249975
1,10,300,494,1,0.035294556545991826,1.0588366963797546
1,10,300,495,1,0.035018193089620196,1.050545792688606
1,10,300,496,1,0.03426589998869954,1.0279769996609862
1,10,300,497,1,0.03607153730751936,1.0821461192255808
1,10,300,498,1,0.03524999107162911,1.0574997321488733
1,10,300,499,1,0.035299568714072665,1.05898706142218
1,10,300,500,1,0.033875972103473914,1.0162791631042174
1,10,300,501,1,0.0338773509063349,1.016320527190047
1,10,300,502,1,0.03514187864876051,1.0542563594628154
1,10,300,503,1,0.036112467326286486,1.0833740197885946
1,10,300,504,1,0.034743680655983815,1.0423104196795143
1,10,300,505,1,0.03432728892483726,1.0298186677451178
1,10,300,506,1,0.03577051066911558,1.0731153200734673
1,10,300,507,1,0.034162645370943254,1.0248793611282976
1,10,300,508,1,0.034208852875707726,1.0262655862712318
1,10,300,509,1,0.03281129255505392,0.9843387766516175
1,10,300,510,1,0.0352135790322143,1.056407370966429
1,10,300,511,1,0.03361818676489019,1.0085456029467057
1,10,300,512,1,0.034342430103736596,1.0302729031120978
1,10,300,513,1,0.035224416690497924,1.0567325007149377
1,10,300,514,1,0.03508362417990088,1.0525087253970264
1,10,300,515,1,0.0334543742471784,1.003631227415352
1,10,300,516,1,0.035667426193183374,1.0700227857955011
1,10,300,517,1,0.03434977619792812,1.0304932859378435
1,10,300,518,1,0.03612262123148428,1.0836786369445284
1,10,300,519,1,0.03335539047708337,1.0006617143125012
1,10,300,520,1,0.034432324339393486,1.0329697301818046
1,10,300,521,1,0.0345591625833334,1.036774877500002
1,10,300,522,1,0.034934104439705536,1.048023133191166
1,10,300,523,1,0.03524018750852059,1.057205625255618
1,10,300,524,1,0.03575857338472249,1.0727572015416746
1,10,300,525,1,0.035115289337369335,1.05345868012108
1,10,300,526,1,0.034514372024776814,1.0354311607433044
1,10,300,527,1,0.03531799104470136,1.0595397313410408
1,10,300,528,1,0.03588563849974015,1.0765691549922045
1,10,300,529,1,0.0349649882368204,1.048949647104612
1,10,300,530,1,0.03551454207160622,1.0654362621481865
1,10,300,531,1,0.03484914023574193,1.0454742070722578
1,10,300,532,1,0.03676735605045212,1.1030206815135637
1,10,300,533,1,0.03502011674928347,1.0506035024785043
1,10,300,534,1,0.034149346789295015,1.0244804036788504
1,10,300,535,1,0.03567079767631483,1.0701239302894447
1,10,300,536,1,0.03385262055893812,1.0155786167681435
1,10,300,537,1,0.03411286519559152,1.0233859558677456
1,10,300,538,1,0.03399605390646371,1.0198816171939113
1,10,300,539,1,0.033729145731036345,1.0118743719310903
1,10,300,540,1,0.033868075646270715,1.0160422693881215
1,10,300,541,1,0.035269989696572496,1.058099690897175
1,10,300,542,1,0.034433437002617744,1.0330031100785324
1,10,300,543,1,0.03372913473393123,1.0118740420179368
1,10,300,544,1,0.034977905666289374,1.0493371699886813
1,10,300,545,1,0.03327337580640987,0.9982012741922961
1,10,300,546,1,0.035658931762287495,1.0697679528686248
1,10,300,547,1,0.03299706398268364,0.9899119194805094
1,10,300,548,1,0.035319055099579943,1.0595716529873982
1,10,300,549,1,0.03512887333140806,1.0538661999422418
1,10,300,550,1,0.03544045317466426,1.0632135952399278
1,10,300,551,1,0.03391161524802022,1.0173484574406066
1,10,300,552,1,0.0362307525042265,1.086922575126795
1,10,300,553,1,0.03541006211973806,1.0623018635921417
1,10,300,554,1,0.03339270588725517,1.001781176617655
1,10,300,555,1,0.03479995354569062,1.0439986063707187
1,10,300,556,1,0.03411254892520416,1.0233764677561248
1,10,300,557,1,0.03294896767538347,0.988469030261504
1,10,300,558,1,0.03550903458682246,1.0652710376046737
1,10,300,559,1,0.03443103409611872,1.0329310228835618
1,10,300,560,1,0.035479661337489254,1.0643898401246776
1,10,300,561,1,0.034367249583483625,1.0310174875045086
1,10,300,562,1,0.03606870768320193,1.082061230496058
1,10,300,563,1,0.03463184044849263,1.0389552134547788
1,10,300,564,1,0.0336405087083501,1.009215261250503
1,10,300,565,1,0.03423073263763525,1.0269219791290576
1,10,300,566,1,0.03456688091391408,1.0370064274174224
1,10,300,567,1,0.03514586669238766,1.0543760007716299
1,10,300,568,1,0.03439020893257899,1.0317062679773696
1,10,300,569,1,0.03424543563402754,1.0273630690208262
1,10,300,570,1,0.034228448194576794,1.0268534458373038
1,10,300,571,1,0.035851320495375164,1.0755396148612548
1,10,300,572,1,0.03375162784258439,1.0125488352775318
1,10,300,573,1,0.03360172941285822,1.0080518823857465
1,10,300,574,1,0.03475510668406606,1.042653200521982
1,10,300,575,1,0.03513234192982587,1.0539702578947758
1,10,300,576,1,0.03369820853883569,1.0109462561650706
1,10,300,577,1,0.03507877643996539,1.0523632931989617
1,10,300,578,1,0.034531925694280416,1.0359577708284124
1,10,300,579,1,0.03248692287832721,0.9746076863498164
1,10,300,580,1,0.036427097536465,1.09281292609395
1,10,300,581,1,0.03479955695858471,1.0439867087575412
1,10,300,582,1,0.03309301860339851,0.9927905581019552
1,10,300,583,1,0.03394442652004733,1.0183327956014199
1,10,300,584,1,0.035181396581719496,1.055441897451585
1,10,300,585,1,0.034508106847710135,1.0352432054313039
1,10,300,586,1,0.035079626492862837,1.0523887947858852
1,10,300,587,1,0.036863181423450686,1.1058954427035206
1,10,300,588,1,0.03487323974427313,1.0461971923281939
1,10,300,589,1,0.03600290438417521,1.0800871315252563
1,10,300,590,1,0.03403828724313132,1.0211486172939397
1,10,300,591,1,0.033169171966897684,0.9950751590069306
1,10,300,592,1,0.03511330564772336,1.0533991694317009
1,10,300,593,1,0.035391435429413164,1.061743062882395
1,10,300,594,1,0.034184964750649346,1.0255489425194804
1,10,300,595,1,0.03445654084842352,1.0336962254527056
1,10,300,596,1,0.035276146471477074,1.0582843941443123
1,10,300,597,1,0.034346974028880616,1.0304092208664186
1,10,300,598,1,0.03489572548991979,1.0468717646975936
1,10,300,599,1,0.03480785694833938,1.0442357084501812
1,10,300,600,1,0.035303858148448906,1.0591157444534671
1,10,300,601,1,0.03577915102894631,1.0733745308683893
1,10,300,602,1,0.03537465746049619,1.0612397238148856
1,10,300,603,1,0.03475522007575105,1.0426566022725314
1,10,300,604,1,0.036197378889082144,1.0859213666724643
1,10,300,605,1,0.03511635630976876,1.0534906892930629
1,10,300,606,1,0.034893269305942956,1.0467980791782887
1,10,300,607,1,0.03454213830035552,1.0362641490106657
1,10,300,608,1,0.03511312483386577,1.0533937450159732
1,10,300,609,1,0.03526202209206637,1.0578606627619913
1,10,300,610,1,0.03286038583148792,0.9858115749446374
1,10,300,611,1,0.034021635926702626,1.0206490778010786
1,10,300,612,1,0.03227520120115086,0.9682560360345258
1,10,300,613,1,0.03514659524736262,1.0543978574208785
1,10,300,614,1,0.03441586377693473,1.032475913308042
1,10,300,615,1,0.034359929887416214,1.0307978966224864
1,10,300,616,1,0.03602677411708673,1.0808032235126017
1,10,300,617,1,0.035514638488224406,1.0654391546467321
1,10,300,618,1,0.032813899772111126,0.9844169931633339
1,10,300,619,1,0.035242015981329686,1.0572604794398905
1,10,300,620,1,0.03519479080278211,1.0558437240834633
1,10,300,621,1,0.035350515330255364,1.060515459907661
1,10,300,622,1,0.03471294037277585,1.0413882111832755
1,10,300,623,1,0.03419926021703224,1.0259778065109673
1,10,300,624,1,0.032097723900350476,0.9629317170105143
1,10,300,625,1,0.03390844784600014,1.0172534353800042
1,10,300,626,1,0.03553412928704529,1.0660238786113587
1,10,300,627,1,0.03532899248721578,1.0598697746164734
1,10,300,628,1,0.03546613077218266,1.0639839231654797
1,10,300,629,1,0.034340403589509794,1.0302121076852937
1,10,300,630,1,0.03225345353415046,0.9676036060245139
1,10,300,631,1,0.03458869119387859,1.0376607358163576
1,10,300,632,1,0.03492181643711283,1.0476544931133849
1,10,300,633,1,0.03499026197452729,1.0497078592358187
1,10,300,634,1,0.03634451257352529,1.0903353772057587
1,10,300,635,1,0.03627783901626291,1.0883351704878872
1,10,300,636,1,0.03545307384392556,1.0635922153177668
1,10,300,637,1,0.03481364677414389,1.0444094032243167
1,10,300,638,1,0.03553171236104926,1.0659513708314778
1,10,300,639,1,0.0342804721954231,1.028414165862693
1,10,300,640,1,0.03346615971177898,1.0039847913533693
1,10,300,641,1,0.03375222216335223,1.012566664900567
1,10,300,642,1,0.0365413140923595,1.096239422770785
1,10,300,643,1,0.03654182434012369,1.0962547302037104
1,10,300,644,1,0.034059309098589605,1.0217792729576882
1,10,300,645,1,0.03503373230539411,1.0510119691618232
1,10,300,646,1,0.03400100176291553,1.020030052887466
1,10,300,647,1,0.03434449920970596,1.0303349762911789
1,10,300,648,1,0.0347719088469291,1.043157265407873
1,10,300,649,1,0.03303993779105942,0.9911981337317826
1,10,300,650,1,0.03604018607169572,1.0812055821508717
1,10,300,651,1,0.03531959597927578,1.0595878793782734
1,10,300,652,1,0.03526640890880041,1.0579922672640123
1,10,300,653,1,0.03644494129528049,1.0933482388584146
1,10,300,654,1,0.03571181917841047,1.0713545753523142
1,10,300,655,1,0.0333403036428873,1.000209109286619
1,10,300,656,1,0.034029165757728665,1.02087497273186
1,10,300,657,1,0.03465822464137955,1.0397467392413864
1,10,300,658,1,0.03341483367574059,1.0024450102722178
1,10,300,659,1,0.03543113146060206,1.0629339438180618
1,10,300,660,1,0.03417015726779701,1.0251047180339103
1,10,300,661,1,0.03383994459900669,1.0151983379702005
1,10,300,662,1,0.03303758527128846,0.9911275581386537
1,10,300,663,1,0.03450939809715749,1.0352819429147246
1,10,300,664,1,0.0338633314594899,1.0158999437846972
1,10,300,665,1,0.035615734567208894,1.0684720370162668
1,10,300,666,1,0.03304942498219332,0.9914827494657995
1,10,300,667,1,0.033425804561045,1.0027741368313499
1,10,300,668,1,0.03294365487601476,0.9883096462804428
1,10,300,669,1,0.035250111416948324,1.0575033425084497
1,10,300,670,1,0.033978547515824215,1.0193564254747263
1,10,300,671,1,0.033921996702833704,1.0176599010850111
1,10,300,672,1,0.03487200710660271,1.0461602131980814
1,10,300,673,1,0.0352157198298098,1.056471594894294
1,10,300,674,1,0.034194213879044325,1.0258264163713298
1,10,300,675,1,0.03553579823141115,1.0660739469423344
1,10,300,676,1,0.034426405852109945,1.0327921755632983
1,10,300,677,1,0.03668228434012896,1.100468530203869
1,10,300,678,1,0.03403751637481187,1.0211254912443561
1,10,300,679,1,0.035234579590464256,1.0570373877139276
1,10,300,680,1,0.03399332555361721,1.0197997666085163
1,10,300,681,1,0.033606917688777826,1.0082075306633347
1,10,300,682,1,0.03502060776981118,1.0506182330943354
1,10,300,683,1,0.03546993617377214,1.0640980852131643
1,10,300,684,1,0.03429013212929376,1.0287039638788127
1,10,300,685,1,0.03422863801601321,1.0268591404803964
1,10,300,686,1,0.03560369185103874,1.0681107555311622
1,10,300,687,1,0.034852407237421446,1.0455722171226434
1,10,300,688,1,0.033705950177591974,1.011178505327759
1,10,300,689,1,0.03361285825999458,1.0083857477998373
1,10,300,690,1,0.03419162099544937,1.025748629863481
1,10,300,691,1,0.03468612116951121,1.0405836350853364
1,10,300,692,1,0.03607767887354862,1.0823303662064585
1,10,300,693,1,0.03295112512125691,0.9885337536377075
1,10,300,694,1,0.036279833227294,1.08839499681882
1,10,300,695,1,0.034579298168762915,1.0373789450628874
1,10,300,696,1,0.03495936854931603,1.0487810564794808
1,10,300,697,1,0.03488191115778436,1.0464573347335306
1,10,300,698,1,0.03447474963548274,1.0342424890644824
1,10,300,699,1,0.03482126445501791,1.0446379336505374
1,10,300,700,1,0.03473645404417246,1.0420936213251737
1,10,300,701,1,0.03486384644880973,1.0459153934642917
1,10,300,702,1,0.032648269550620494,0.9794480865186148
1,10,300,703,1,0.03374263467685609,1.0122790403056827
1,10,300,704,1,0.033464647627889026,1.0039394288366708
1,10,300,705,1,0.036217236354189886,1.0865170906256965
1,10,300,706,1,0.034349574054589604,1.0304872216376881
1,10,300,707,1,0.03410261807730228,1.0230785423190683
1,10,300,708,1,0.03487743176171565,1.0463229528514695
1,10,300,709,1,0.03454959001423373,1.0364877004270119
1,10,300,710,1,0.03513649058554276,1.0540947175662827
1,10,300,711,1,0.035601299931692226,1.0680389979507667
1,10,300,712,1,0.03543889241463223,1.0631667724389668
1,10,300,713,1,0.03464663084526964,1.039398925358089
1,10,300,714,1,0.03394418574498438,1.0183255723495315
1,10,300,715,1,0.03605555336809194,1.0816666010427582
1,10,300,716,1,0.03403823829335237,1.021147148800571
1,10,300,717,1,0.03352786215009228,1.0058358645027683
1,10,300,718,1,0.03450809542976466,1.0352428628929398
1,10,300,719,1,0.034468064446424196,1.0340419333927258
1,10,300,720,1,0.03415445008590918,1.0246335025772753
1,10,300,721,1,0.034987374865693005,1.04962124597079
1,10,300,722,1,0.03467462255468193,1.0402386766404579
1,10,300,723,1,0.03414830119460993,1.0244490358382978
1,10,300,724,1,0.03541931692190653,1.062579507657196
1,10,300,725,1,0.03432575694572142,1.0297727083716426
1,10,300,726,1,0.03308023179608025,0.9924069538824076
1,10,300,727,1,0.035277781767202136,1.0583334530160642
1,10,300,728,1,0.036015798218448525,1.0804739465534559
1,10,300,729,1,0.034800124753369896,1.0440037426010969
1,10,300,730,1,0.033127585430699526,0.9938275629209858
1,10,300,731,1,0.034513377915991024,1.0354013374797308
1,10,300,732,1,0.03376791445105716,1.0130374335317147
1,10,300,733,1,0.03416952982480443,1.025085894744133
1,10,300,734,1,0.0331780544120326,0.995341632360978
1,10,300,735,1,0.0327157067747675,0.9814712032430248
1,10,300,736,1,0.034448098436925007,1.0334429531077503
1,10,300,737,1,0.035675824625258146,1.0702747387577445
1,10,300,738,1,0.03405013165350371,1.0215039496051113
1,10,300,739,1,0.03481225201735702,1.0443675605207106
1,10,300,740,1,0.03507038084877729,1.0521114254633186
1,10,300,741,1,0.035310325192597566,1.059309755777927
1,10,300,742,1,0.03478968264717486,1.0436904794152457
1,10,300,743,1,0.03499405063280962,1.0498215189842885
1,10,300,744,1,0.03381538581309119,1.0144615743927357
1,10,300,745,1,0.033662055161528676,1.0098616548458603
1,10,300,746,1,0.033764263493493624,1.0129279048048088
1,10,300,747,1,0.03570189269130729,1.0710567807392186
1,10,300,748,1,0.03319574802394132,0.9958724407182394
1,10,300,749,1,0.03420655770707497,1.026196731212249
1,10,300,750,1,0.03391133039028679,1.017339911708604
1,10,300,751,1,0.03510313332926167,1.05309399987785
1,10,300,752,1,0.03232296079193942,0.9696888237581825
1,10,300,753,1,0.034074426367475444,1.0222327910242632
1,10,300,754,1,0.03274247111767313,0.982274133530194
1,10,300,755,1,0.03416380967627024,1.0249142902881072
1,10,300,756,1,0.03539385799423399,1.0618157398270196
1,10,300,757,1,0.03389709869492804,1.0169129608478413
1,10,300,758,1,0.035771089236503406,1.0731326770951022
1,10,300,759,1,0.03299365271113176,0.9898095813339529
1,10,300,760,1,0.03681400460041863,1.104420138012559
1,10,300,761,1,0.03533224565279028,1.0599673695837084
1,10,300,762,1,0.0353820219648215,1.061460658944645
1,10,300,763,1,0.03457654760373219,1.0372964281119657
1,10,300,764,1,0.03682670701118006,1.1048012103354017
1,10,300,765,1,0.03395820878632144,1.0187462635896432
1,10,300,766,1,0.03494511762628598,1.0483535287885792
1,10,300,767,1,0.034588102426822274,1.0376430728046682
1,10,300,768,1,0.0338389030131719,1.0151670903951568
1,10,300,769,1,0.03418550166347167,1.02556504990415
1,10,300,770,1,0.0341969056398706,1.0259071691961181
1,10,300,771,1,0.03470331018321822,1.0410993054965467
1,10,300,772,1,0.03324736186194263,0.997420855858279
1,10,300,773,1,0.035189954528034945,1.0556986358410483
1,10,300,774,1,0.03372444261895191,1.0117332785685573
1,10,300,775,1,0.035978731154014114,1.0793619346204235
1,10,300,776,1,0.03390228382803348,1.0170685148410044
1,10,300,777,1,0.03377290373678726,1.0131871121036178
1,10,300,778,1,0.03511931129776734,1.0535793389330201
1,10,300,779,1,0.03312709541594696,0.9938128624784088
1,10,300,780,1,0.03388926801465283,1.0166780404395848
1,10,300,781,1,0.03426368177822939,1.0279104533468817
1,10,300,782,1,0.03485832873431506,1.0457498620294519
1,10,300,783,1,0.033748629498392156,1.0124588849517646
1,10,300,784,1,0.03539978921962923,1.0619936765888771
1,10,300,785,1,0.03657488560980339,1.0972465682941017
1,10,300,786,1,0.03411210930226463,1.0233632790679388
1,10,300,787,1,0.034065512320836135,1.021965369625084
1,10,300,788,1,0.03396701961692586,1.0190105885077758
1,10,300,789,1,0.033819030364402355,1.0145709109320706
1,10,300,790,1,0.033439270395421716,1.0031781118626515
1,10,300,791,1,0.03590977758863944,1.0772933276591832
1,10,300,792,1,0.034943135363531413,1.0482940609059423
1,10,300,793,1,0.03251738974621238,0.9755216923863713
1,10,300,794,1,0.03430290608765666,1.0290871826297
1,10,300,795,1,0.03504721739032013,1.0514165217096039
1,10,300,796,1,0.03454943263522152,1.0364829790566454
1,10,300,797,1,0.034906051793291995,1.0471815537987599
1,10,300,798,1,0.03451018072997346,1.0353054218992037
1,10,300,799,1,0.036434895084075124,1.0930468525222536
1,10,300,800,1,0.033958184326793185,1.0187455298037955
1,10,300,801,1,0.03402474763360327,1.0207424290080982
1,10,300,802,1,0.03398521906617001,1.0195565719851003
1,10,300,803,1,0.036693017678619155,1.1007905303585745
1,10,300,804,1,0.03515296589637064,1.0545889768911192
1,10,300,805,1,0.03434509473610293,1.0303528420830879
1,10,300,806,1,0.03369299121698664,1.0107897365095992
1,10,300,807,1,0.033487249697149835,1.004617490914495
1,10,300,808,1,0.03552199430611009,1.0656598291833028
1,10,300,809,1,0.03593287425692375,1.0779862277077126
1,10,300,810,1,0.03365261556504573,1.0095784669513719
1,10,300,811,1,0.03326849863635502,0.9980549590906506
1,10,300,812,1,0.033640583677511146,1.0092175103253345
1,10,300,813,1,0.03473132514619745,1.0419397543859235
1,10,300,814,1,0.03414143132321264,1.024242939696379
1,10,300,815,1,0.034463841029467916,1.0339152308840374
1,10,300,816,1,0.033095983996676896,0.9928795199003069
1,10,300,817,1,0.03552167293640883,1.0656501880922649
1,10,300,818,1,0.035576744418804596,1.067302332564138
1,10,300,819,1,0.03466169830321178,1.0398509490963534
1,10,300,820,1,0.03395478257438929,1.0186434772316786
1,10,300,821,1,0.03445359526935955,1.0336078580807866
1,10,300,822,1,0.03425033610674018,1.0275100832022053
1,10,300,823,1,0.037241010341950674,1.1172303102585202
1,10,300,824,1,0.03420923988298988,1.0262771964896964
1,10,300,825,1,0.03663591080632522,1.0990773241897567
1,10,300,826,1,0.03373579838511316,1.0120739515533947
1,10,300,827,1,0.03437932621280502,1.0313797863841505
1,10,300,828,1,0.032617758187748605,0.9785327456324582
1,10,300,829,1,0.03360563921602529,1.0081691764807585
1,10,300,830,1,0.03440942785902354,1.0322828357707061
1,10,300,831,1,0.03349090247117009,1.0047270741351029
1,10,300,832,1,0.03463758091712505,1.0391274275137516
1,10,300,833,1,0.035326602373630334,1.0597980712089101
1,10,300,834,1,0.03302497874478255,0.9907493623434765
1,10,300,835,1,0.035913014085626166,1.0773904225687851
1,10,300,836,1,0.035283073389549544,1.0584922016864864
1,10,300,837,1,0.03449845118900473,1.0349535356701418
1,10,300,838,1,0.03470121305671881,1.0410363917015644
1,10,300,839,1,0.03557472277752523,1.0672416833257568
1,10,300,840,1,0.03582119384087766,1.0746358152263298
1,10,300,841,1,0.03396053162524637,1.0188159487573911
1,10,300,842,1,0.03653159524543444,1.0959478573630332
1,10,300,843,1,0.035134003267831226,1.0540200980349368
1,10,300,844,1,0.035304517842190034,1.059135535265701
1,10,300,845,1,0.03471460545465679,1.0414381636397037
1,10,300,846,1,0.033661734424766006,1.00985203274298
1,10,300,847,1,0.03569964855120847,1.070989456536254
1,10,300,848,1,0.035299409346663944,1.0589822803999183
1,10,300,849,1,0.035283316069480875,1.0584994820844262
1,10,300,850,1,0.034894302370372804,1.046829071111184
1,10,300,851,1,0.03444891794702127,1.0334675384106382
1,10,300,852,1,0.03550808632227255,1.0652425896681765
1,10,300,853,1,0.03339750779124913,1.0019252337374738
1,10,300,854,1,0.0339937052513732,1.019811157541196
1,10,300,855,1,0.03455515621450685,1.0366546864352055
1,10,300,856,1,0.03482920164787869,1.0448760494363607
1,10,300,857,1,0.03389614593101475,1.0168843779304424
1,10,300,858,1,0.03605530765960502,1.0816592297881507
1,10,300,859,1,0.03362925095547008,1.0088775286641023
1,10,300,860,1,0.03452873626433751,1.0358620879301252
1,10,300,861,1,0.03363705425911624,1.0091116277734873
1,10,300,862,1,0.03535844267119671,1.0607532801359014
1,10,300,863,1,0.03468083648952486,1.0404250946857458
1,10,300,864,1,0.03389788623221052,1.0169365869663154
1,10,300,865,1,0.03516884015371463,1.055065204611439
1,10,300,866,1,0.034768662112887906,1.0430598633866373
1,10,300,867,1,0.034661244704001636,1.039837341120049
1,10,300,868,1,0.033768479895677224,1.0130543968703167
1,10,300,869,1,0.03525447031136131,1.0576341093408392
1,10,300,870,1,0.03615978413826902,1.0847935241480706
1,10,300,871,1,0.03467098686433932,1.0401296059301797
1,10,300,872,1,0.03431769325353784,1.0295307976061352
1,10,300,873,1,0.036269954142120635,1.088098624263619
1,10,300,874,1,0.035136952339418895,1.0541085701825668
1,10,300,875,1,0.03589699345856816,1.0769098037570448
1,10,300,876,1,0.03604530120444134,1.0813590361332401
1,10,300,877,1,0.03364725260333723,1.009417578100117
1,10,300,878,1,0.035067827778330514,1.0520348333499154
1,10,300,879,1,0.03401623297524592,1.0204869892573776
1,10,300,880,1,0.035436959482928965,1.0631087844878688
1,10,300,881,1,0.03520932526074433,1.0562797578223297
1,10,300,882,1,0.035261666059388484,1.0578499817816547
1,10,300,883,1,0.0371561294121832,1.114683882365496
1,10,300,884,1,0.03449154707477578,1.0347464122432735
1,10,300,885,1,0.03430512034778173,1.0291536104334518
1,10,300,886,1,0.033025071161892905,0.9907521348567873
1,10,300,887,1,0.033833198257862344,1.0149959477358703
1,10,300,888,1,0.035376348299093856,1.0612904489728157
1,10,300,889,1,0.03417630363021075,1.0252891089063225
1,10,300,890,1,0.03537590909734301,1.0612772729202904
1,10,300,891,1,0.035072443458436006,1.0521733037530803
1,10,300,892,1,0.03445572773957575,1.0336718321872724
1,10,300,893,1,0.034329781404842497,1.029893442145275
1,10,300,894,1,0.033892937788788394,1.0167881336636517
1,10,300,895,1,0.03388519486603886,1.0165558459811659
1,10,300,896,1,0.034565102927022556,1.0369530878106767
1,10,300,897,1,0.034996727148398216,1.0499018144519465
1,10,300,898,1,0.03276132104529643,0.9828396313588929
1,10,300,899,1,0.034496123178072324,1.0348836953421698
1,10,300,900,1,0.03523062575002492,1.0569187725007476
1,10,300,901,1,0.03368840682428911,1.0106522047286735
1,10,300,902,1,0.033746613624400054,1.0123984087320017
1,10,300,903,1,0.034284582532932095,1.0285374759879629
1,10,300,904,1,0.03413556304872958,1.0240668914618873
1,10,300,905,1,0.03655411289601894,1.0966233868805682
1,10,300,906,1,0.03345881475956309,1.0037644427868926
1,10,300,907,1,0.03338133692996366,1.0014401078989097
1,10,300,908,1,0.03475948792432641,1.0427846377297922
1,10,300,909,1,0.03465862204140327,1.039758661242098
1,10,300,910,1,0.033738179189007164,1.0121453756702148
1,10,300,911,1,0.03509725090322549,1.0529175270967648
1,10,300,912,1,0.037117933405905135,1.1135380021771542
1,10,300,913,1,0.03480041533871806,1.0440124601615417
1,10,300,914,1,0.033069977362842506,0.9920993208852751
1,10,300,915,1,0.035689116772065696,1.070673503161971
1,10,300,916,1,0.03398422534321722,1.0195267602965166
1,10,300,917,1,0.03412798157793141,1.0238394473379424
1,10,300,918,1,0.03574763459300564,1.0724290377901693
1,10,300,919,1,0.03494718136395824,1.0484154409187472
1,10,300,920,1,0.035427417775458284,1.0628225332637484
1,10,300,921,1,0.033728130328771116,1.0118439098631336
1,10,300,922,1,0.033020306032401164,0.990609180972035
1,10,300,923,1,0.034689506135276375,1.0406851840582914
1,10,300,924,1,0.03433443232158973,1.030032969647692
1,10,300,925,1,0.03369561586393351,1.0108684759180053
1,10,300,926,1,0.03543606450556766,1.06308193516703
1,10,300,927,1,0.034135766968914044,1.0240730090674215
1,10,300,928,1,0.034556056820473705,1.0366817046142112
1,10,300,929,1,0.03430351641770235,1.0291054925310705
1,10,300,930,1,0.03410051476559605,1.0230154429678815
1,10,300,931,1,0.034478049386036776,1.0343414815811032
1,10,300,932,1,0.034408861990102936,1.032265859703088
1,10,300,933,1,0.03476404029182563,1.0429212087547688
1,10,300,934,1,0.03383249135936364,1.0149747407809093
1,10,300,935,1,0.03521841463035738,1.0565524389107215
1,10,300,936,1,0.033727717450058425,1.0118315235017528
1,10,300,937,1,0.03551538465400162,1.0654615396200486
1,10,300,938,1,0.03533417323488123,1.060025197046437
1,10,300,939,1,0.034417431410206596,1.032522942306198
1,10,300,940,1,0.03514932276528592,1.0544796829585776
1,10,300,941,1,0.034442935731669726,1.0332880719500916
1,10,300,942,1,0.034467651254474346,1.0340295376342303
1,10,300,943,1,0.03450613092895496,1.0351839278686488
1,10,300,944,1,0.03353584983901339,1.0060754951704018
1,10,300,945,1,0.03535346723972995,1.0606040171918987
1,10,300,946,1,0.034240364949533975,1.0272109484860192
1,10,300,947,1,0.0354597755353896,1.063793266061688
1,10,300,948,1,0.03332395899116397,0.9997187697349192
1,10,300,949,1,0.035627327815023854,1.0688198344507156
1,10,300,950,1,0.03485716803629087,1.0457150410887261
1,10,300,951,1,0.03480761378221123,1.0442284134663367
1,10,300,952,1,0.033973674068202696,1.0192102220460808
1,10,300,953,1,0.03377855583085436,1.0133566749256309
1,10,300,954,1,0.033910220732902355,1.0173066219870708
1,10,300,955,1,0.03317999313879213,0.9953997941637638
1,10,300,956,1,0.03422911221548608,1.0268733664645824
1,10,300,957,1,0.03513472208758585,1.0540416626275755
1,10,300,958,1,0.035630270113600634,1.068908103408019
1,10,300,959,1,0.034180113657156626,1.025403409714699
1,10,300,960,1,0.03529562293226429,1.0588686879679288
1,10,300,961,1,0.03310770217479542,0.9932310652438625
1,10,300,962,1,0.03424956810512159,1.0274870431536478
1,10,300,963,1,0.03319722145052704,0.9959166435158112
1,10,300,964,1,0.03497810273592203,1.049343082077661
1,10,300,965,1,0.03331407969790655,0.9994223909371964
1,10,300,966,1,0.03711600239998059,1.1134800719994178
1,10,300,967,1,0.03519240539648334,1.0557721618945002
1,10,300,968,1,0.03466187191821326,1.0398561575463978
1,10,300,969,1,0.033991496717009476,1.0197449015102842
1,10,300,970,1,0.03252086283188389,0.9756258849565167
1,10,300,971,1,0.034188599536334366,1.025657986090031
1,10,300,972,1,0.03552292424655913,1.065687727396774
1,10,300,973,1,0.0348579322714047,1.045737968142141
1,10,300,974,1,0.035043137568428515,1.0512941270528553
1,10,300,975,1,0.03498046756394918,1.0494140269184755
1,10,300,976,1,0.03349820044515414,1.0049460133546242
1,10,300,977,1,0.03515449193320281,1.0546347579960842
1,10,300,978,1,0.03253653476270727,0.9760960428812181
1,10,300,979,1,0.03413206499165306,1.023961949749592
1,10,300,980,1,0.03529679755077873,1.058903926523362
1,10,300,981,1,0.033710971885684095,1.011329156570523
1,10,300,982,1,0.03379655742671182,1.0138967228013545
1,10,300,983,1,0.0351350804363859,1.054052413091577
1,10,300,984,1,0.03286113009947601,0.9858339029842804
1,10,300,985,1,0.033969508821000395,1.019085264630012
1,10,300,986,1,0.034375059914730416,1.0312517974419124
1,10,300,987,1,0.03589025112356618,1.0767075337069856
1,10,300,988,1,0.034773346284089096,1.0432003885226728
1,10,300,989,1,0.033959201072125855,1.0187760321637758
1,10,300,990,1,0.034864411905573,1.0459323571671901
1,10,300,991,1,0.03441887836141753,1.0325663508425258
1,10,300,992,1,0.03479100759453993,1.043730227836198
1,10,300,993,1,0.035057592210853875,1.0517277663256164
1,10,300,994,1,0.032635219730898835,0.9790565919269649
1,10,300,995,1,0.033073692856300484,0.9922107856890146
1,10,300,996,1,0.03512237009569792,1.0536711028709376
1,10,300,997,1,0.033861477574604004,1.0158443272381201
1,10,300,998,1,0.03590564852437779,1.0771694557313336
1,10,300,999,1,0.035088010909902004,1.0526403272970601
1,10,300,1000,1,0.03407404607372948,1.0222213822118844
1,10,300,1001,1,0.0344827635269143,1.0344829058074292
1,10,300,1002,1,0.03469647615459774,1.040894284637932
1,10,300,1003,1,0.03432033054357567,1.02960991630727
1,10,300,1004,1,0.0348575776097233,1.045727328291699
1,10,300,1005,1,0.036466151859989436,1.093984555799683
1,10,300,1006,1,0.033315514873095545,0.9994654461928663
1,10,300,1007,1,0.03579228014762127,1.0737684044286382
1,10,300,1008,1,0.03398686890826379,1.0196060672479137
1,10,300,1009,1,0.03534874827132424,1.0604624481397271
1,10,300,1010,1,0.034486643253242535,1.0345992975972762
1,10,300,1011,1,0.03377617371586582,1.0132852114759745
1,10,300,1012,1,0.03444162068079444,1.0332486204238331
1,10,300,1013,1,0.03485950769348467,1.0457852308045401
1,10,300,1014,1,0.03411782919864475,1.0235348759593426
1,10,300,1015,1,0.035028693539700395,1.0508608061910119
1,10,300,1016,1,0.033089054638324636,0.992671639149739
1,10,300,1017,1,0.03667855605789908,1.1003566817369725
1,10,300,1018,1,0.03500099032640937,1.050029709792281
1,10,300,1019,1,0.0349260587579332,1.047781762737996
1,10,300,1020,1,0.034932537947221114,1.0479761384166335
1,10,300,1021,1,0.03568046513521647,1.070413954056494
1,10,300,1022,1,0.03313306505628366,0.9939919516885098
1,10,300,1023,1,0.03465824886903872,1.0397474660711616
1,10,300,1024,1,0.03276927919446151,0.9830783758338452
1,10,300,1025,1,0.03515642413069633,1.0546927239208899
1,10,300,1026,1,0.03486201290110905,1.0458603870332717
1,10,300,1027,1,0.03469358418038794,1.0408075254116382
1,10,300,1028,1,0.03444953341176412,1.0334860023529235
1,10,300,1029,1,0.03400849811474643,1.0202549434423929
1,10,300,1030,1,0.03503970455330546,1.0511911365991637
1,10,300,1031,1,0.03435893076343599,1.0307679229030797
1,10,300,1032,1,0.03593096256587676,1.0779288769763027
1,10,300,1033,1,0.035467377587419635,1.0640213276225892
1,10,300,1034,1,0.03450076024931618,1.0350228074794852
1,10,300,1035,1,0.03560077891509961,1.0680233674529882
1,10,300,1036,1,0.03498708918268275,1.0496126754804824
1,10,300,1037,1,0.03495884991997812,1.0487654975993437
1,10,300,1038,1,0.03421044119636823,1.0263132358910467
1,10,300,1039,1,0.03400754634668103,1.020226390400431
1,10,300,1040,1,0.03537260528514616,1.0611781585543847
1,10,300,1041,1,0.033383141785987544,1.0014942535796263
1,10,300,1042,1,0.033944962253210816,1.0183488675963246
1,10,300,1043,1,0.03445914358999773,1.033774307699932
1,10,300,1044,1,0.0351893802367039,1.055681407101117
1,10,300,1045,1,0.03480047054154062,1.0440141162462184
1,10,300,1046,1,0.034051970120730114,1.0215591036219034
1,10,300,1047,1,0.035109657073648395,1.0532897122094518
1,10,300,1048,1,0.03289002016839931,0.9867006050519793
1,10,300,1049,1,0.03365661286066107,1.009698385819832
1,10,300,1050,1,0.03552898370086312,1.0658695110258936
1,10,300,1051,1,0.03601171577328257,1.0803514731984771
1,10,300,1052,1,0.03366874350154425,1.0100623050463275
1,10,300,1053,1,0.03504388446700682,1.0513165340102044
1,10,300,1054,1,0.034959355768428936,1.048780673052868
1,10,300,1055,1,0.03440037425457934,1.0320112276373803
1,10,300,1056,1,0.03407821622285455,1.0223464866856364
1,10,300,1057,1,0.034890118483030974,1.0467035544909291
1,10,300,1058,1,0.03465912252002125,1.0397736756006375
1,10,300,1059,1,0.03494259912675255,1.0482779738025765
1,10,300,1060,1,0.03456725948720178,1.0370177846160535
1,10,300,1061,1,0.0350223996740011,1.050671990220033
1,10,300,1062,1,0.03568180048169822,1.0704540144509467
1,10,300,1063,1,0.03308536860255721,0.9925610580767164
1,10,300,1064,1,0.03497176209145143,1.0491528627435431
1,10,300,1065,1,0.03535857269196756,1.0607571807590266
1,10,300,1066,1,0.03450374447281362,1.0351123341844084
1,10,300,1067,1,0.034382696281086846,1.0314808884326054
1,10,300,1068,1,0.03507625634667719,1.0522876904003158
1,10,300,1069,1,0.03401645304019031,1.0204935912057094
1,10,300,1070,1,0.034128273949876886,1.0238482184963067
1,10,300,1071,1,0.03532399712368121,1.059719913710436
1,10,300,1072,1,0.03548698224879705,1.0646094674639115
1,10,300,1073,1,0.03521592287626611,1.0564776862879834
1,10,300,1074,1,0.03605564852012523,1.081669455603757
1,10,300,1075,1,0.03547900956863549,1.0643702870590648
1,10,300,1076,1,0.03581943179630465,1.0745829538891396
1,10,300,1077,1,0.03364079638229911,1.0092238914689733
1,10,300,1078,1,0.03553967317676148,1.0661901953028443
1,10,300,1079,1,0.03532768863325693,1.0598306589977078
1,10,300,1080,1,0.03418529007998255,1.0255587023994763
1,10,300,1081,1,0.03399736652827247,1.019920995848174
1,10,300,1082,1,0.03773000268708246,1.1319000806124737
1,10,300,1083,1,0.036549678131599386,1.0964903439479816
1,10,300,1084,1,0.034096836670483535,1.0229051001145062
1,10,300,1085,1,0.03489375621014967,1.0468126863044902
1,10,300,1086,1,0.03497476689480444,1.0492430068441334
1,10,300,1087,1,0.03450396225463902,1.0351188676391705
1,10,300,1088,1,0.033724993351874344,1.0117498005562304
1,10,300,1089,1,0.034228723574739064,1.026861707242172
1,10,300,1090,1,0.03512407973622656,1.0537223920867969
1,10,300,1091,1,0.033441039103850156,1.0032311731155048
1,10,300,1092,1,0.035210516492550595,1.0563154947765179
1,10,300,1093,1,0.0352447872551458,1.057343617654374
1,10,300,1094,1,0.03500924513833632,1.0502773541500896
1,10,300,1095,1,0.03235093662256118,0.9705280986768354
1,10,300,1096,1,0.033569219125083996,1.0070765737525198
1,10,300,1097,1,0.03397542478648591,1.0192627435945771
1,10,300,1098,1,0.03640220355603234,1.0920661066809703
1,10,300,1099,1,0.03547123066648397,1.0641369199945192
1,10,300,1100,1,0.0356782584286324,1.070347752858972
1,10,300,1101,1,0.03370530222278226,1.0111590666834678
1,10,300,1102,1,0.035382536553108024,1.0614760965932406
1,10,300,1103,1,0.03431272150418177,1.029381645125453
1,10,300,1104,1,0.034252738383256626,1.0275821514976988
1,10,300,1105,1,0.03456838959219705,1.0370516877659115
1,10,300,1106,1,0.03265394426076499,0.9796183278229498
1,10,300,1107,1,0.03371104563836448,1.0113313691509345
1,10,300,1108,1,0.03656847518906275,1.0970542556718823
1,10,300,1109,1,0.0349258390309874,1.047775170929622
1,10,300,1110,1,0.033322321177212226,0.9996696353163668
1,10,300,1111,1,0.03478114661876558,1.0434343985629675
1,10,300,1112,1,0.03638817123919674,1.0916451371759022
1,10,300,1113,1,0.0346961497108238,1.040884491324714
1,10,300,1114,1,0.034889879246982725,1.0466963774094817
1,10,300,1115,1,0.03488771913741691,1.0466315741225072
1,10,300,1116,1,0.03554318493445345,1.0662955480336036
1,10,300,1117,1,0.03445831592105155,1.0337494776315466
1,10,300,1118,1,0.03591445036059181,1.0774335108177542
1,10,300,1119,1,0.034040730263516256,1.0212219079054878
1,10,300,1120,1,0.035217978443739,1.05653935331217
1,10,300,1121,1,0.03357164356531106,1.0071493069593318
1,10,300,1122,1,0.035030003602438194,1.050900108073146
1,10,300,1123,1,0.0350877659345619,1.052632978036857
1,10,300,1124,1,0.03359931204313598,1.0079793612940793
1,10,300,1125,1,0.03413450219060418,1.0240350657181254
1,10,300,1126,1,0.035566443638701414,1.0669933091610424
1,10,300,1127,1,0.037335398201180175,1.1200619460354053
1,10,300,1128,1,0.034150022606271105,1.0245006781881332
1,10,300,1129,1,0.03263110702432209,0.9789332107296629
1,10,300,1130,1,0.03331172067880434,0.9993516203641303
1,10,300,1131,1,0.03326062956134351,0.9978188868403054
1,10,300,1132,1,0.03623553972693421,1.0870661918080262
1,10,300,1133,1,0.03383474449264083,1.015042334779225
1,10,300,1134,1,0.035271810886729316,1.0581543266018794
1,10,300,1135,1,0.034519273094942154,1.0355781928482646
1,10,300,1136,1,0.03448152162868492,1.0344456488605476
1,10,300,1137,1,0.035045761733758715,1.0513728520127614
1,10,300,1138,1,0.035316754788420834,1.0595026436526251
1,10,300,1139,1,0.03547640939569838,1.0642922818709513
1,10,300,1140,1,0.03493125797074693,1.0479377391224078
1,10,300,1141,1,0.034399538912064626,1.0319861673619388
1,10,300,1142,1,0.03481602762235987,1.044480828670796
1,10,300,1143,1,0.03378973804795986,1.0136921414387958
1,10,300,1144,1,0.03638344961185265,1.0915034883555794
1,10,300,1145,1,0.034092285752757245,1.0227685725827174
1,10,300,1146,1,0.03510466882725143,1.0531400648175429
1,10,300,1147,1,0.03361974998773556,1.0085924996320668
1,10,300,1148,1,0.03364076856791343,1.009223057037403
1,10,300,1149,1,0.03467500521021713,1.0402501563065139
1,10,300,1150,1,0.034257532660525926,1.0277259798157776
1,10,300,1151,1,0.032376439183876525,0.9712931755162957
1,10,300,1152,1,0.03475826271812051,1.0427478815436153
1,10,300,1153,1,0.034702038315145595,1.0410611494543678
1,10,300,1154,1,0.0336112078999965,1.008336236999895
1,10,300,1155,1,0.035741731665653004,1.0722519499695902
1,10,300,1156,1,0.03416189773394797,1.024856932018439
1,10,300,1157,1,0.035890087687563764,1.076702630626913
1,10,300,1158,1,0.035634135894637854,1.0690240768391357
1,10,300,1159,1,0.03295514553179487,0.988654365953846
1,10,300,1160,1,0.037373650269448874,1.1212095080834663
1,10,300,1161,1,0.03667585842857692,1.1002757528573077
1,10,300,1162,1,0.0345556727516033,1.036670182548099
1,10,300,1163,1,0.0339611387776843,1.0188341633305291
1,10,300,1164,1,0.034609869189646966,1.0382960756894088
1,10,300,1165,1,0.03351362727397835,1.0054088182193506
1,10,300,1166,1,0.034957055770100845,1.0487116731030253
1,10,300,1167,1,0.03527022633700945,1.0581067901102834
1,10,300,1168,1,0.03351430997372332,1.0054292992116998
1,10,300,1169,1,0.0336938306818687,1.010814920456061
1,10,300,1170,1,0.03357396344559492,1.0072189033678476
1,10,300,1171,1,0.03565281444868064,1.0695844334604192
1,10,300,1172,1,0.03346988660544936,1.0040965981634808
1,10,300,1173,1,0.035603353421795006,1.0681006026538502
1,10,300,1174,1,0.035250797969291,1.05752393907873
1,10,300,1175,1,0.03310354060307333,0.9931062180921998
1,10,300,1176,1,0.034704608634706466,1.041138259041194
1,10,300,1177,1,0.03478413814653655,1.0435241443960965
1,10,300,1178,1,0.033850647535412726,1.0155194260623817
1,10,300,1179,1,0.03548029581062851,1.0644088743188553
1,10,300,1180,1,0.03456756823076029,1.0370270469228087
1,10,300,1181,1,0.03349422352812262,1.0048267058436786
1,10,300,1182,1,0.03499975245996083,1.049992573798825
1,10,300,1183,1,0.035794196797446956,1.0738259039234088
1,10,300,1184,1,0.03292368759258256,0.9877106277774768
1,10,300,1185,1,0.034824157426530715,1.0447247227959215
1,10,300,1186,1,0.03319383209310451,0.9958149627931354
1,10,300,1187,1,0.03425303623732316,1.027591087119695
1,10,300,1188,1,0.03568493360586458,1.0705480081759373
1,10,300,1189,1,0.03393396656535479,1.0180189969606437
1,10,300,1190,1,0.03336423931956797,1.0009271795870391
1,10,300,1191,1,0.0330374056674071,0.991122170022213
1,10,300,1192,1,0.03357734685406384,1.0073204056219152
1,10,300,1193,1,0.03695195600723954,1.1085586802171863
1,10,300,1194,1,0.03625566411967916,1.0876699235903748
1,10,300,1195,1,0.03419637172692053,1.0258911518076157
1,10,300,1196,1,0.036183546177983264,1.085506385339498
1,10,300,1197,1,0.034495535813775326,1.0348660744132598
1,10,300,1198,1,0.035766239439709746,1.0729871831912923
1,10,300,1199,1,0.03398025658295777,1.0194076974887332
1,10,300,1200,1,0.03635841902766884,1.0907525708300654
1,10,300,1201,1,0.03445727682903469,1.0337183048710408
1,10,300,1202,1,0.0357137553863402,1.071412661590206
1,10,300,1203,1,0.03503744994659727,1.051123498397918
1,10,300,1204,1,0.03486028682176631,1.0458086046529895
1,10,300,1205,1,0.033839246911746015,1.0151774073523805
1,10,300,1206,1,0.03443300611242002,1.0329901833726005
1,10,300,1207,1,0.034688607962412854,1.0406582388723857
1,10,300,1208,1,0.03331547670154041,0.9994643010462123
1,10,300,1209,1,0.033844031046601074,1.0153209313980323
1,10,300,1210,1,0.032896823575318826,0.9869047072595647
1,10,300,1211,1,0.035158384393348396,1.054751531800452
1,10,300,1212,1,0.03412850126620458,1.0238550379861373
1,10,300,1213,1,0.03419311863121346,1.0257935589364038
1,10,300,1214,1,0.03240774029440464,0.9722322088321391
1,10,300,1215,1,0.035959025094416744,1.0787707528325023
1,10,300,1216,1,0.032081546237191685,0.9624463871157506
1,10,300,1217,1,0.0339815572018642,1.019446716055926
1,10,300,1218,1,0.036716782746418,1.10150348239254
1,10,300,1219,1,0.03487125504912103,1.046137651473631
1,10,300,1220,1,0.03487076087233225,1.0461228261699675
1,10,300,1221,1,0.03421304842799308,1.0263914528397924
1,10,300,1222,1,0.035192608125029445,1.0557782437508834
1,10,300,1223,1,0.03548523867256729,1.0645571601770185
1,10,300,1224,1,0.03618572165150391,1.0855716495451173
1,10,300,1225,1,0.03451888430058832,1.0355665290176495
1,10,300,1226,1,0.03270153835489564,0.9810461506468693
1,10,300,1227,1,0.035189711709081,1.05569135127243
1,10,300,1228,1,0.03444590302888458,1.0333770908665376
1,10,300,1229,1,0.03535717454485665,1.0607152363456995
1,10,300,1230,1,0.0358704006353185,1.076112019059555
1,10,300,1231,1,0.03431871936190186,1.0295615808570557
1,10,300,1232,1,0.035116888250478706,1.0535066475143613
1,10,300,1233,1,0.03486908033224092,1.0460724099672276
1,10,300,1234,1,0.03307986925401045,0.9923960776203135
1,10,300,1235,1,0.03395160327371107,1.0185480982113322
1,10,300,1236,1,0.03466545585900532,1.0399636757701596
1,10,300,1237,1,0.03488780438248838,1.0466341314746515
1,10,300,1238,1,0.034856955720401546,1.0457086716120465
1,10,300,1239,1,0.036683648121987315,1.1005094436596194
1,10,300,1240,1,0.03534921000769,1.0604763002307
1,10,300,1241,1,0.03464055402874478,1.0392166208623435
1,10,300,1242,1,0.033689091988355596,1.0106727596506677
1,10,300,1243,1,0.033525311624542836,1.005759348736285
1,10,300,1244,1,0.033889318558553316,1.0166795567565994
1,10,300,1245,1,0.03418260790408903,1.025478237122671
1,10,300,1246,1,0.033991511804185554,1.0197453541255665
1,10,300,1247,1,0.03429175168155436,1.0287525504466308
1,10,300,1248,1,0.0345338333266121,1.036014999798363
1,10,300,1249,1,0.034472526328805334,1.03417578986416
1,10,300,1250,1,0.03466696510591031,1.0400089531773093
1,10,300,1251,1,0.03524513761717658,1.0573541285152976
1,10,300,1252,1,0.03549767604126057,1.064930281237817
1,10,300,1253,1,0.035202729017464865,1.0560818705239459
1,10,300,1254,1,0.03449431960020145,1.0348295880060434
1,10,300,1255,1,0.033942017754551815,1.0182605326365546
1,10,300,1256,1,0.0352029380593938,1.056088141781814
1,10,300,1257,1,0.03464258931429359,1.0392776794288079
1,10,300,1258,1,0.0341168544437676,1.0235056333130281
1,10,300,1259,1,0.03404119050259249,1.0212357150777747
1,10,300,1260,1,0.032982569227232805,0.9894770768169842
1,10,300,1261,1,0.03421453117543108,1.0264359352629324
1,10,300,1262,1,0.0354993917678916,1.064981753036748
1,10,300,1263,1,0.0346447954702712,1.039343864108136
1,10,300,1264,1,0.03399713010373921,1.0199139031121764
1,10,300,1265,1,0.03384531109491895,1.0153593328475685
1,10,300,1266,1,0.03493526566000536,1.0480579698001609
1,10,300,1267,1,0.03521914058154293,1.0565742174462878
1,10,300,1268,1,0.036473691262388905,1.0942107378716672
1,10,300,1269,1,0.03523854390291975,1.0571563170875924
1,10,300,1270,1,0.035649549053534416,1.0694864716060324
1,10,300,1271,1,0.034572614256952294,1.0371784277085687
1,10,300,1272,1,0.03391376902281354,1.0174130706844062
1,10,300,1273,1,0.03534673565241153,1.060402069572346
1,10,300,1274,1,0.03484543882342071,1.0453631647026214
1,10,300,1275,1,0.037512339839765506,1.125370195192965
1,10,300,1276,1,0.03326763579129584,0.9980290737388751
1,10,300,1277,1,0.034019320645025185,1.0205796193507557
1,10,300,1278,1,0.03329802805014226,0.9989408415042679
1,10,300,1279,1,0.03563614137632147,1.069084241289644
1,10,300,1280,1,0.035087181448126226,1.0526154434437867
1,10,300,1281,1,0.03400048391238739,1.0200145173716217
1,10,300,1282,1,0.03498201627295018,1.0494604881885055
1,10,300,1283,1,0.033859392153424456,1.0157817646027336
1,10,300,1284,1,0.034946538272824804,1.0483961481847441
1,10,300,1285,1,0.03601306328415246,1.080391898524574
1,10,300,1286,1,0.035936350845292786,1.0780905253587836
1,10,300,1287,1,0.03399679193573071,1.0199037580719212
1,10,300,1288,1,0.03442333782983792,1.0327001348951375
1,10,300,1289,1,0.03417164384398437,1.025149315319531
1,10,300,1290,1,0.035977234382598894,1.079317031477967
1,10,300,1291,1,0.036132511697763166,1.083975350932895
1,10,300,1292,1,0.03444696085682576,1.0334088257047729
1,10,300,1293,1,0.034148647956325176,1.0244594386897554
1,10,300,1294,1,0.03476466223129207,1.0429398669387622
1,10,300,1295,1,0.03436704893368483,1.0310114680105449
1,10,300,1296,1,0.03496199096786609,1.0488597290359827
1,10,300,1297,1,0.0349612398967567,1.048837196902701
1,10,300,1298,1,0.03454677422015758,1.0364032266047274
1,10,300,1299,1,0.03411404624949514,1.0234213874848543
1,10,300,1300,1,0.034282367149259536,1.0284710144777862
1,10,300,1301,1,0.03521666855540534,1.0565000566621603
1,10,300,1302,1,0.03357234032303069,1.0071702096909207
1,10,300,1303,1,0.03507504515392804,1.0522513546178414
1,10,300,1304,1,0.03382530367296244,1.014759110188873
1,10,300,1305,1,0.035152915639269686,1.0545874691780905
1,10,300,1306,1,0.03497578015475166,1.0492734046425498
1,10,300,1307,1,0.035205151140655755,1.0561545342196728
1,10,300,1308,1,0.03513739279155875,1.0541217837467625
1,10,300,1309,1,0.034641399685599476,1.0392419905679842
1,10,300,1310,1,0.03449710185564909,1.0349130556694726
1,10,300,1311,1,0.03370212193372023,1.0110636580116068
1,10,300,1312,1,0.034383276641509426,1.0314982992452828
1,10,300,1313,1,0.035500719520113196,1.065021585603396
1,10,300,1314,1,0.034104889963262636,1.0231466988978792
1,10,300,1315,1,0.033364822501120855,1.0009446750336255
1,10,300,1316,1,0.03522662371373202,1.0567987114119606
1,10,300,1317,1,0.03444319448516799,1.0332958345550398
1,10,300,1318,1,0.03330127075964026,0.9990381227892078
1,10,300,1319,1,0.036575866937116036,1.097276008113481
1,10,300,1320,1,0.033020568429685364,0.9906170528905609
1,10,300,1321,1,0.03564634404621967,1.06939032138659
1,10,300,1322,1,0.034199182283481414,1.0259754685044424
1,10,300,1323,1,0.03313969732578795,0.9941909197736385
1,10,300,1324,1,0.035588418480412096,1.067652554412363
1,10,300,1325,1,0.03448737622816456,1.0346212868449367
1,10,300,1326,1,0.03281878222052193,0.984563466615658
1,10,300,1327,1,0.034272981938513934,1.028189458155418
1,10,300,1328,1,0.034327748757448186,1.0298324627234456
1,10,300,1329,1,0.03469001064014385,1.0407003192043154
1,10,300,1330,1,0.034261481574339635,1.027844447230189
1,10,300,1331,1,0.03426075152853077,1.0278225458559231
1,10,300,1332,1,0.03479314272835449,1.0437942818506347
1,10,300,1333,1,0.03522286309909402,1.0566858929728205
1,10,300,1334,1,0.036189405450426156,1.0856821635127847
1,10,300,1335,1,0.03291986379030521,0.9875959137091563
1,10,300,1336,1,0.03442052940265276,1.0326158820795828
1,10,300,1337,1,0.03471758635226435,1.0415275905679304
1,10,300,1338,1,0.03578762455602024,1.0736287366806072
1,10,300,1339,1,0.034783405836686335,1.04350217510059
1,10,300,1340,1,0.034998549347886765,1.0499564804366028
1,10,300,1341,1,0.033677213293098654,1.0103163987929595
1,10,300,1342,1,0.03548121703882802,1.0644365111648406
1,10,300,1343,1,0.03442718604127962,1.0328155812383886
1,10,300,1344,1,0.03483459558627959,1.0450378675883878
1,10,300,1345,1,0.03437666889569471,1.0313000668708414
1,10,300,1346,1,0.03395965502407457,1.018789650722237
1,10,300,1347,1,0.03512499477645404,1.0537498432936212
1,10,300,1348,1,0.03399747324795949,1.0199241974387845
1,10,300,1349,1,0.033867536573716585,1.0160260972114976
1,10,300,1350,1,0.035989804133195025,1.0796941239958506
1,10,300,1351,1,0.034966589462236075,1.0489976838670823
1,10,300,1352,1,0.03565497136884237,1.069649141065271
1,10,300,1353,1,0.03406176341285022,1.0218529023855065
1,10,300,1354,1,0.032864522548059605,0.9859356764417881
1,10,300,1355,1,0.03245545140059386,0.9736635420178159
1,10,300,1356,1,0.034269502906043,1.02808508718129
1,10,300,1357,1,0.035528821328318944,1.0658646398495684
1,10,300,1358,1,0.03325622106731713,0.9976866320195137
1,10,300,1359,1,0.03561365396813117,1.068409619043935
1,10,300,1360,1,0.03332451626201648,0.9997354878604945
1,10,300,1361,1,0.03458612824303743,1.037583847291123
1,10,300,1362,1,0.034659052327877984,1.0397715698363394
1,10,300,1363,1,0.0360383134873154,1.0811494046194619
1,10,300,1364,1,0.03607245172226125,1.0821735516678375
1,10,300,1365,1,0.035176913811704645,1.0553074143511394
1,10,300,1366,1,0.03514132122926439,1.0542396368779317
1,10,300,1367,1,0.03495394959642338,1.0486184878927014
1,10,300,1368,1,0.03441239017984364,1.0323717053953092
1,10,300,1369,1,0.036676524113013406,1.1002957233904023
1,10,300,1370,1,0.033926228989144935,1.0177868696743482
1,10,300,1371,1,0.033998534452422347,1.0199560335726703
1,10,300,1372,1,0.03526015507060497,1.057804652118149
1,10,300,1373,1,0.033530037275411775,1.0059011182623532
1,10,300,1374,1,0.03456699381651029,1.0370098144953086
1,10,300,1375,1,0.033844397585212294,1.0153319275563688
1,10,300,1376,1,0.03369173222832935,1.0107519668498806
1,10,300,1377,1,0.0338905223847384,1.016715671542152
1,10,300,1378,1,0.035229092466850645,1.0568727740055193
1,10,300,1379,1,0.03581122962031001,1.0743368886093003
1,10,300,1380,1,0.036244856453252525,1.0873456935975758
1,10,300,1381,1,0.03474603062793136,1.0423809188379407
1,10,300,1382,1,0.03503771852604398,1.0511315557813194
1,10,300,1383,1,0.03547354564872372,1.0642063694617117
1,10,300,1384,1,0.0353543174175427,1.060629522526281
1,10,300,1385,1,0.033819149116024155,1.0145744734807247
1,10,300,1386,1,0.035718315867937056,1.0715494760381117
1,10,300,1387,1,0.03343679346307185,1.0031038038921554
1,10,300,1388,1,0.03423713595766261,1.0271140787298783
1,10,300,1389,1,0.03527753136894412,1.0583259410683235
1,10,300,1390,1,0.03367817322437551,1.0103451967312653
1,10,300,1391,1,0.03356615491518186,1.006984647455456
1,10,300,1392,1,0.034883210926652794,1.0464963277995838
1,10,300,1393,1,0.03343431535965051,1.0030294607895152
1,10,300,1394,1,0.03474705561642683,1.042411668492805
1,10,300,1395,1,0.036040524779705874,1.0812157433911762
1,10,300,1396,1,0.035137796526614896,1.0541338957984467
1,10,300,1397,1,0.03312491239748887,0.9937473719246661
1,10,300,1398,1,0.033121190694133135,0.993635720823994
1,10,300,1399,1,0.035410940355301734,1.0623282106590521
1,10,300,1400,1,0.0344565783055537,1.033697349166611
1,10,300,1401,1,0.03493734477361361,1.0481203432084083
1,10,300,1402,1,0.033498188112717736,1.004945643381532
1,10,300,1403,1,0.03579298412837831,1.073789523851349
1,10,300,1404,1,0.03627235744171093,1.0881707232513278
1,10,300,1405,1,0.034849886104693154,1.0454965831407947
1,10,300,1406,1,0.03486955086391022,1.0460865259173064
1,10,300,1407,1,0.03467085579707996,1.0401256739123987
1,10,300,1408,1,0.03535047296187092,1.0605141888561276
1,10,300,1409,1,0.03455718359323211,1.0367155077969632
1,10,300,1410,1,0.03483421227388557,1.045026368216567
1,10,300,1411,1,0.03417796522056827,1.025338956617048
1,10,300,1412,1,0.035251852932522726,1.0575555879756817
1,10,300,1413,1,0.03582224875141976,1.074667462542593
1,10,300,1414,1,0.033311299744395124,0.9993389923318536
1,10,300,1415,1,0.03267233879606457,0.980170163881937
1,10,300,1416,1,0.03492842177774756,1.0478526533324268
1,10,300,1417,1,0.0353358886626674,1.060076659880022
1,10,300,1418,1,0.037132661470963224,1.1139798441288966
1,10,300,1419,1,0.03502471220159763,1.0507413660479288
1,10,300,1420,1,0.03352228488478773,1.005668546543632
1,10,300,1421,1,0.03428435416497741,1.0285306249493222
1,10,300,1422,1,0.03539494240754204,1.0618482722262612
1,10,300,1423,1,0.033751386588279766,1.0125415976483931
1,10,300,1424,1,0.034215918118522266,1.0264775435556681
1,10,300,1425,1,0.03247971987887975,0.9743915963663925
1,10,300,1426,1,0.03626068594157031,1.087820578247109
1,10,300,1427,1,0.03309555698816631,0.9928667096449892
1,10,300,1428,1,0.034069833395714594,1.0220950018714379
1,10,300,1429,1,0.03433098984381486,1.0299296953144457
1,10,300,1430,1,0.03411699195157877,1.0235097585473631
1,10,300,1431,1,0.03434343104712597,1.0303029314137793
1,10,300,1432,1,0.0362692575742742,1.0880777272282258
1,10,300,1433,1,0.03456021531169064,1.0368064593507191
1,10,300,1434,1,0.03434767865918726,1.0304303597756177
1,10,300,1435,1,0.03394780528198388,1.0184341584595162
1,10,300,1436,1,0.03662150928581104,1.0986452785743313
1,10,300,1437,1,0.03678330809962272,1.1034992429886816
1,10,300,1438,1,0.03400493818436885,1.0201481455310657
1,10,300,1439,1,0.03501341129865572,1.0504023389596715
1,10,300,1440,1,0.03348678808087199,1.0046036424261597
1,10,300,1441,1,0.0342561350227186,1.0276840506815579
1,10,300,1442,1,0.035689050103306225,1.0706715030991867
1,10,300,1443,1,0.03401621543960813,1.0204864631882438
1,10,300,1444,1,0.034857736209665875,1.0457320862899764
1,10,300,1445,1,0.03398568585362945,1.0195705756088835
1,10,300,1446,1,0.03569539272633852,1.0708617817901556
1,10,300,1447,1,0.032646395104727596,0.979391853141828
1,10,300,1448,1,0.035514322524665506,1.0654296757399653
1,10,300,1449,1,0.03442603035795608,1.0327809107386823
1,10,300,1450,1,0.03423436053142404,1.0270308159427213
1,10,300,1451,1,0.03463597395497529,1.0390792186492586
1,10,300,1452,1,0.03276352390276738,0.9829057170830213
1,10,300,1453,1,0.03457619482200814,1.0372858446602442
1,10,300,1454,1,0.033786763647270276,1.0136029094181083
1,10,300,1455,1,0.03564417593376833,1.0693252780130498
1,10,300,1456,1,0.03482751769929924,1.0448255309789771
1,10,300,1457,1,0.03506556993781024,1.051967098134307
1,10,300,1458,1,0.03424302358074277,1.027290707422283
1,10,300,1459,1,0.0335849250735984,1.0075477522079521
1,10,300,1460,1,0.03601097986206425,1.0803293958619276
1,10,300,1461,1,0.034744661933729555,1.0423398580118868
1,10,300,1462,1,0.03480329775815917,1.0440989327447752
1,10,300,1463,1,0.033971363709121426,1.019140911273643
1,10,300,1464,1,0.033399981172420115,1.0019994351726034
1,10,300,1465,1,0.03330644487662773,0.9991933462988319
1,10,300,1466,1,0.033517984395984315,1.0055395318795295
1,10,300,1467,1,0.0350063624382613,1.050190873147839
1,10,300,1468,1,0.03474147849206827,1.042244354762048
1,10,300,1469,1,0.03466384971372862,1.0399154914118587
1,10,300,1470,1,0.03404169862502456,1.0212509587507368
1,10,300,1471,1,0.03384287738233193,1.015286321469958
1,10,300,1472,1,0.03476626557326066,1.0429879671978197
1,10,300,1473,1,0.03497680582505506,1.0493041747516518
1,10,300,1474,1,0.03411614700273524,1.0234844100820573
1,10,300,1475,1,0.034891310997686956,1.0467393299306087
1,10,300,1476,1,0.03436240097678318,1.0308720293034956
1,10,300,1477,1,0.035335091459401405,1.0600527437820422
1,10,300,1478,1,0.03644783955287159,1.0934351865861478
1,10,300,1479,1,0.035334153966542825,1.0600246189962848
1,10,300,1480,1,0.03444606080812464,1.0333818242437391
1,10,300,1481,1,0.03392148767105247,1.017644630131574
1,10,300,1482,1,0.03435451844758644,1.0306355534275933
1,10,300,1483,1,0.035778366161854674,1.0733509848556402
1,10,300,1484,1,0.03443342937395361,1.0330028812186085
1,10,300,1485,1,0.03486665710278687,1.045999713083606
1,10,300,1486,1,0.03531350139662749,1.0594050418988248
1,10,300,1487,1,0.034842869447607526,1.0452860834282258
1,10,300,1488,1,0.03623366361226553,1.0870099083679658
1,10,300,1489,1,0.03423030328045232,1.0269090984135696
1,10,300,1490,1,0.035099686525154994,1.05299059575465
1,10,300,1491,1,0.03463313218620377,1.0389939655861131
1,10,300,1492,1,0.03556438558518188,1.0669315675554565
1,10,300,1493,1,0.03404792544323284,1.021437763296985
1,10,300,1494,1,0.035615654512036826,1.068469635361105
1,10,300,1495,1,0.03426327337906207,1.0278982013718623
1,10,300,1496,1,0.0346433721516778,1.039301164550334
1,10,300,1497,1,0.03403935230215634,1.0211805690646902
1,10,300,1498,1,0.034233859814333384,1.0270157944300016
1,10,300,1499,1,0.036052879342433924,1.0815863802730177
1,10,300,1500,1,0.034733977327084116,1.0420193198125234
1,10,300,1501,1,0.033741979523454854,1.0122593857036457
1,10,300,1502,1,0.03615144365848438,1.0845433097545316
1,10,300,1503,1,0.0337039644460214,1.011118933380642
1,10,300,1504,1,0.03395929281378169,1.0187787844134506
1,10,300,1505,1,0.03377953011753711,1.0133859035261132
1,10,300,1506,1,0.03362095697802772,1.0086287093408317
1,10,300,1507,1,0.0357333130912195,1.071999392736585
1,10,300,1508,1,0.03444400101449542,1.0333200304348626
1,10,300,1509,1,0.035291902084864955,1.0587570625459486
1,10,300,1510,1,0.03478923260121156,1.0436769780363468
1,10,300,1511,1,0.0347931933388931,1.043795800166793
1,10,300,1512,1,0.03352007320812452,1.0056021962437356
1,10,300,1513,1,0.03376531034129929,1.0129593102389784
1,10,300,1514,1,0.03374607405752382,1.0123822217257146
1,10,300,1515,1,0.0355663004688497,1.066989014065491
1,10,300,1516,1,0.03505043784374895,1.0515131353124685
1,10,300,1517,1,0.035600248006963424,1.0680074402089026
1,10,300,1518,1,0.03430203881318118,1.0290611643954355
1,10,300,1519,1,0.03292605424923018,0.9877816274769055
1,10,300,1520,1,0.03433810026120457,1.030143007836137
1,10,300,1521,1,0.0356421394090712,1.069264182272136
1,10,300,1522,1,0.03517603623254077,1.055281086976223
1,10,300,1523,1,0.03487172647574426,1.0461517942723277
1,10,300,1524,1,0.03509319920570789,1.0527959761712364
1,10,300,1525,1,0.03430533075256904,1.0291599225770711
1,10,300,1526,1,0.03493995715060762,1.0481987145182285
1,10,300,1527,1,0.0351349823851797,1.054049471555391
1,10,300,1528,1,0.034333963778219484,1.0300189133465847
1,10,300,1529,1,0.0350417587336377,1.051252762009131
1,10,300,1530,1,0.033757870918498106,1.0127361275549434
1,10,300,1531,1,0.03372398834879631,1.0117196504638892
1,10,300,1532,1,0.03453474704298756,1.036042411289627
1,10,300,1533,1,0.035698520285361995,1.0709556085608598
1,10,300,1534,1,0.03373202803454382,1.0119608410363148
1,10,300,1535,1,0.03357855072451859,1.0073565217355578
1,10,300,1536,1,0.03524774964864534,1.05743248945936
1,10,300,1537,1,0.03510572602937519,1.0531717808812555
1,10,300,1538,1,0.034276436323792396,1.0282930897137719
1,10,300,1539,1,0.03451701091446562,1.0355103274339688
1,10,300,1540,1,0.035157946086942296,1.0547383826082688
1,10,300,1541,1,0.03519154061136695,1.0557462183410085
1,10,300,1542,1,0.03501849615869989,1.0505548847609967
1,10,300,1543,1,0.033717345312865986,1.0115203593859796
1,10,300,1544,1,0.03433391425099837,1.030017427529951
1,10,300,1545,1,0.03453952537117071,1.0361857611351213
1,10,300,1546,1,0.033881789542562074,1.0164536862768623
1,10,300,1547,1,0.03519140543468732,1.0557421630406196
1,10,300,1548,1,0.03731527083953214,1.1194581251859643
1,10,300,1549,1,0.03309059725311926,0.9927179175935779
1,10,300,1550,1,0.03579170708955045,1.0737512126865134
1,10,300,1551,1,0.03566623483568672,1.0699870450706015
1,10,300,1552,1,0.03491104770081428,1.0473314310244284
1,10,300,1553,1,0.034642417382750215,1.0392725214825065
1,10,300,1554,1,0.03476259562945937,1.042877868883781
1,10,300,1555,1,0.034450464342960535,1.033513930288816
1,10,300,1556,1,0.03442853266595763,1.0328559799787287
1,10,300,1557,1,0.03469145157514146,1.040743547254244
1,10,300,1558,1,0.03410726969900407,1.0232180909701223
1,10,300,1559,1,0.034932786650891466,1.047983599526744
1,10,300,1560,1,0.03472542243951926,1.0417626731855778
1,10,300,1561,1,0.03583166571118349,1.0749499713355049
1,10,300,1562,1,0.03553833060859647,1.0661499182578942
1,10,300,1563,1,0.03527691516741266,1.0583074550223797
1,10,300,1564,1,0.03527532207128627,1.0582596621385882
1,10,300,1565,1,0.03452088435257582,1.0356265305772745
1,10,300,1566,1,0.03493287895139893,1.047986368541968
1,10,300,1567,1,0.03378688298904922,1.0136064896714765
1,10,300,1568,1,0.03583215050257341,1.0749645150772023
1,10,300,1569,1,0.03432215591290966,1.0296646773872897
1,10,300,1570,1,0.03217946082486945,0.9653838247460834
1,10,300,1571,1,0.03401407071477998,1.0204221214433993
1,10,300,1572,1,0.03340952879007518,1.0022858637022554
1,10,300,1573,1,0.033725763764481026,1.0117729129344308
1,10,300,1574,1,0.0350898994771658,1.052696984314974
1,10,300,1575,1,0.03528767729955885,1.0586303189867656
1,10,300,1576,1,0.034896588791479256,1.0468976637443776
1,10,300,1577,1,0.03382076982192911,1.0146230946578734
1,10,300,1578,1,0.033878848421382994,1.0163654526414898
1,10,300,1579,1,0.03587193974959611,1.0761581924878834
1,10,300,1580,1,0.0350435465984056,1.051306397952168
1,10,300,1581,1,0.03559411732751939,1.0678235198255817
1,10,300,1582,1,0.035318625520846865,1.059558765625406
1,10,300,1583,1,0.034727002767193316,1.0418100830157995
1,10,300,1584,1,0.03484635929171437,1.0453907787514312
1,10,300,1585,1,0.03527758675104646,1.058327602531394
1,10,300,1586,1,0.034211121712545235,1.026333651376357
1,10,300,1587,1,0.03439684093971129,1.0319052281913388
1,10,300,1588,1,0.034503176325063806,1.0350952897519141
1,10,300,1589,1,0.03627833643346566,1.0883500930039698
1,10,300,1590,1,0.03488198873456101,1.0464596620368303
1,10,300,1591,1,0.0357006907130777,1.071020721392331
1,10,300,1592,1,0.033657221093852115,1.0097166328155633
1,10,300,1593,1,0.03587371934673664,1.076211580402099
1,10,300,1594,1,0.03533684894416379,1.0601054683249138
1,10,300,1595,1,0.034584205489888574,1.0375261646966574
1,10,300,1596,1,0.032304106479063836,0.9691231943719151
1,10,300,1597,1,0.03518811335843707,1.0556434007531121
1,10,300,1598,1,0.03390455383115103,1.017136614934531
1,10,300,1599,1,0.034212942550985184,1.0263882765295556
1,10,300,1600,1,0.03581519303619122,1.0744557910857364
1,10,300,1601,1,0.03477614666366168,1.0432843999098504
1,10,300,1602,1,0.0344971866010623,1.0349155980318692
1,10,300,1603,1,0.034520828614989243,1.0356248584496774
1,10,300,1604,1,0.034727317305724106,1.0418195191717232
1,10,300,1605,1,0.03473329985904544,1.0419989957713631
1,10,300,1606,1,0.035035258387728585,1.0510577516318576
1,10,300,1607,1,0.034707049050388725,1.0412114715116618
1,10,300,1608,1,0.03466479015448229,1.0399437046344686
1,10,300,1609,1,0.035023895941344724,1.0507168782403418
1,10,300,1610,1,0.03475471906055684,1.0426415718167052
1,10,300,1611,1,0.03461577191960895,1.0384731575882684
1,10,300,1612,1,0.03441380630399994,1.0324141891199983
1,10,300,1613,1,0.035256242972479174,1.0576872891743752
1,10,300,1614,1,0.033798036052184274,1.013941081565528
1,10,300,1615,1,0.03370261031908492,1.0110783095725475
1,10,300,1616,1,0.03603134849704137,1.0809404549112411
1,10,300,1617,1,0.0339003672761162,1.017011018283486
1,10,300,1618,1,0.032693126802556496,0.9807938040766949
1,10,300,1619,1,0.03479398776782924,1.0438196330348775
1,10,300,1620,1,0.033295751961735426,0.9988725588520628
1,10,300,1621,1,0.034319433832977767,1.029583014989333
1,10,300,1622,1,0.03454010034027275,1.0362030102081825
1,10,300,1623,1,0.03498877374017955,1.0496632122053866
1,10,300,1624,1,0.03585670398175639,1.0757011194526915
1,10,300,1625,1,0.03423879648902173,1.0271638946706518
1,10,300,1626,1,0.03494250117889866,1.0482750353669599
1,10,300,1627,1,0.0348673709872403,1.0460211296172088
1,10,300,1628,1,0.034217902503875894,1.0265370751162768
1,10,300,1629,1,0.03561446124252472,1.0684338372757416
1,10,300,1630,1,0.03600832872200277,1.080249861660083
1,10,300,1631,1,0.03611288335106609,1.0833865005319827
1,10,300,1632,1,0.035218645415024036,1.056559362450721
1,10,300,1633,1,0.03473669749204236,1.042100924761271
1,10,300,1634,1,0.03419323619977521,1.0257970859932564
1,10,300,1635,1,0.034947603317142084,1.0484280995142625
1,10,300,1636,1,0.03594231539442394,1.0782694618327182
1,10,300,1637,1,0.03346184376955111,1.0038553130865333
1,10,300,1638,1,0.03318359746210609,0.9955079238631827
1,10,300,1639,1,0.03671323609523043,1.1013970828569128
1,10,300,1640,1,0.03563845056090046,1.0691535168270137
1,10,300,1641,1,0.034349013950929874,1.0304704185278963
1,10,300,1642,1,0.034180203231468156,1.0254060969440446
1,10,300,1643,1,0.03385925093367512,1.0157775280102537
1,10,300,1644,1,0.03343100098255794,1.002930029476738
1,10,300,1645,1,0.03522654824917123,1.0567964474751368
1,10,300,1646,1,0.03441483542819247,1.0324450628457742
1,10,300,1647,1,0.03442379888859541,1.0327139666578624
1,10,300,1648,1,0.034587000873081836,1.037610026192455
1,10,300,1649,1,0.03569299966783582,1.0707899900350744
1,10,300,1650,1,0.03578402951427605,1.0735208854282814
1,10,300,1651,1,0.03484975433976468,1.0454926301929404
1,10,300,1652,1,0.03590564548617904,1.0771693645853713
1,10,300,1653,1,0.03458838879700883,1.0376516639102649
1,10,300,1654,1,0.03395390994302848,1.0186172982908543
1,10,300,1655,1,0.0351383220004282,1.054149660012846
1,10,300,1656,1,0.03568414997059101,1.0705244991177303
1,10,300,1657,1,0.03250159561039204,0.9750478683117612
1,10,300,1658,1,0.0353843183620897,1.0615295508626912
1,10,300,1659,1,0.03475544943781993,1.0426634831345978
1,10,300,1660,1,0.034443627302299565,1.033308819068987
1,10,300,1661,1,0.03460515035108466,1.0381545105325398
1,10,300,1662,1,0.03407159151650607,1.0221477454951822
1,10,300,1663,1,0.03519239409903631,1.0557718229710893
1,10,300,1664,1,0.03566574013757311,1.0699722041271933
1,10,300,1665,1,0.03394554555899604,1.018366366769881
1,10,300,1666,1,0.0353947796538312,1.061843389614936
1,10,300,1667,1,0.03411068480275938,1.0233205440827815
1,10,300,1668,1,0.03499365571722159,1.0498096715166478
1,10,300,1669,1,0.035370316499222454,1.0611094949766735
1,10,300,1670,1,0.03493941182572328,1.0481823547716984
1,10,300,1671,1,0.034112703217747516,1.0233810965324255
1,10,300,1672,1,0.0344648217206243,1.0339446516187292
1,10,300,1673,1,0.03570534868567822,1.0711604605703466
1,10,300,1674,1,0.03568590961138259,1.0705772883414777
1,10,300,1675,1,0.035317747117806234,1.059532413534187
1,10,300,1676,1,0.03444288321420115,1.0332864964260344
1,10,300,1677,1,0.033424530326661483,1.0027359097998445
1,10,300,1678,1,0.0355832142608762,1.067496427826286
1,10,300,1679,1,0.03425391956434598,1.0276175869303794
1,10,300,1680,1,0.03513611987889887,1.0540835963669661
1,10,300,1681,1,0.03459121317681644,1.0377363953044931
1,10,300,1682,1,0.03251553178454101,0.9754659535362302
1,10,300,1683,1,0.03647377838171854,1.0942133514515562
1,10,300,1684,1,0.033958408750402146,1.0187522625120644
1,10,300,1685,1,0.03300334278655523,0.9901002835966569
1,10,300,1686,1,0.03384154414422738,1.0152463243268213
1,10,300,1687,1,0.03434460393576412,1.0303381180729236
1,10,300,1688,1,0.035736400934994986,1.0720920280498496
1,10,300,1689,1,0.03685789596463332,1.1057368789389996
1,10,300,1690,1,0.034454821896247004,1.03364465688741
1,10,300,1691,1,0.03520633347349243,1.056190004204773
1,10,300,1692,1,0.03496153397770686,1.048846019331206
1,10,300,1693,1,0.034244395295446886,1.0273318588634066
1,10,300,1694,1,0.03516206209390618,1.0548618628171855
1,10,300,1695,1,0.035169766299954525,1.0550929889986356
1,10,300,1696,1,0.03500954624715473,1.050286387414642
1,10,300,1697,1,0.03501433496337621,1.0504300489012866
1,10,300,1698,1,0.03482530352409756,1.0447591057229269
1,10,300,1699,1,0.034971870186873324,1.0491561056061998
1,10,300,1700,1,0.034207566231109945,1.0262269869332985
1,10,300,1701,1,0.034868044962954606,1.0460413488886382
1,10,300,1702,1,0.034851086057989034,1.045532581739671
1,10,300,1703,1,0.03401928717718242,1.0205786153154723
1,10,300,1704,1,0.03362155250299756,1.008646575089927
1,10,300,1705,1,0.0360323899830409,1.080971699491227
1,10,300,1706,1,0.034016063992830595,1.0204819197849178
1,10,300,1707,1,0.035418550068700747,1.0625565020610224
1,10,300,1708,1,0.032303333948787205,0.9691000184636162
1,10,300,1709,1,0.0358594013282901,1.075782039848703
1,10,300,1710,1,0.03463496959699999,1.0390490879099998
1,10,300,1711,1,0.035542422920705974,1.0662726876211792
1,10,300,1712,1,0.03473962807741135,1.0421888423223407
1,10,300,1713,1,0.03592344288354974,1.0777032865064922
1,10,300,1714,1,0.0340613639541647,1.021840918624941
1,10,300,1715,1,0.03373104394480626,1.0119313183441878
1,10,300,1716,1,0.035194834823723056,1.0558450447116916
1,10,300,1717,1,0.03394517995379487,1.018355398613846
1,10,300,1718,1,0.034245249100191236,1.027357473005737
1,10,300,1719,1,0.03653102332109209,1.095930699632763
1,10,300,1720,1,0.033496220751116745,1.0048866225335025
1,10,300,1721,1,0.03315115438966677,0.9945346316900032
1,10,300,1722,1,0.03537289308146045,1.0611867924438134
1,10,300,1723,1,0.033235013896712635,0.9970504169013792
1,10,300,1724,1,0.03578341289206291,1.0735023867618874
1,10,300,1725,1,0.03430085352538826,1.0290256057616478
1,10,300,1726,1,0.03457701291182697,1.037310387354809
1,10,300,1727,1,0.03410165322676888,1.0230495968030664
1,10,300,1728,1,0.03581663929978137,1.0744991789934413
1,10,300,1729,1,0.03563613100451158,1.0690839301353474
1,10,300,1730,1,0.03432121181379092,1.0296363544137277
1,10,300,1731,1,0.03467886669079327,1.040366000723798
1,10,300,1732,1,0.036584539125937426,1.0975361737781228
1,10,300,1733,1,0.03546397137305328,1.0639191411915985
1,10,300,1734,1,0.034432691255791376,1.0329807376737414
1,10,300,1735,1,0.03442503845380478,1.0327511536141434
1,10,300,1736,1,0.0334880152882409,1.004640458647227
1,10,300,1737,1,0.03367655200100689,1.0102965600302067
1,10,300,1738,1,0.03455038754222709,1.0365116262668128
1,10,300,1739,1,0.03438690490789244,1.0316071472367732
1,10,300,1740,1,0.03441489645674837,1.0324468937024511
1,10,300,1741,1,0.03354105862987207,1.006231758896162
1,10,300,1742,1,0.034191561677315824,1.0257468503194747
1,10,300,1743,1,0.03627551472536568,1.0882654417609703
1,10,300,1744,1,0.03446267734016018,1.0338803202048055
1,10,300,1745,1,0.03354096985647537,1.006229095694261
1,10,300,1746,1,0.03491329881631542,1.0473989644894626
1,10,300,1747,1,0.03598017167355479,1.0794051502066435
1,10,300,1748,1,0.03485270683039171,1.0455812049117514
1,10,300,1749,1,0.035207963918428065,1.056238917552842
1,10,300,1750,1,0.0343502627673312,1.030507883019936
1,10,300,1751,1,0.0354552264980612,1.063656794941836
1,10,300,1752,1,0.03429529572581663,1.0288588717744989
1,10,300,1753,1,0.03414858949119552,1.0244576847358657
1,10,300,1754,1,0.03354633327722367,1.0063899983167102
1,10,300,1755,1,0.035296011520662945,1.0588803456198883
1,10,300,1756,1,0.03395615977735206,1.0186847933205618
1,10,300,1757,1,0.033487302866731995,1.0046190860019597
1,10,300,1758,1,0.03298825749408808,0.9896477248226425
1,10,300,1759,1,0.03442390558388701,1.0327171675166105
1,10,300,1760,1,0.03515047428204854,1.0545142284614561
1,10,300,1761,1,0.03362386136437407,1.0087158409312222
1,10,300,1762,1,0.03347239744894467,1.00417192346834
1,10,300,1763,1,0.03484534267185258,1.0453602801555775
1,10,300,1764,1,0.03652116087411563,1.095634826223469
1,10,300,1765,1,0.03404829971918544,1.0214489915755631
1,10,300,1766,1,0.03375104658443789,1.0125313975331367
1,10,300,1767,1,0.03455458933339567,1.0366376800018702
1,10,300,1768,1,0.035422010211939234,1.062660306358177
1,10,300,1769,1,0.03428693659118,1.0286080977354
1,10,300,1770,1,0.03536136679849264,1.060841003954779
1,10,300,1771,1,0.03446204760622238,1.0338614281866714
1,10,300,1772,1,0.03452943440414745,1.0358830321244235
1,10,300,1773,1,0.03424662590128863,1.0273987770386588
1,10,300,1774,1,0.035095913145487656,1.0528773943646297
1,10,300,1775,1,0.03426112999744357,1.0278338999233072
1,10,300,1776,1,0.0344002282347355,1.032006847042065
1,10,300,1777,1,0.03691141118683376,1.1073423356050127
1,10,300,1778,1,0.03473035166759034,1.0419105500277102
1,10,300,1779,1,0.03335314448890351,1.0005943346671053
1,10,300,1780,1,0.03495256863341041,1.0485770590023122
1,10,300,1781,1,0.03593965987747276,1.0781897963241829
1,10,300,1782,1,0.03526224821470307,1.0578674464410922
1,10,300,1783,1,0.03412612947806826,1.0237838843420477
1,10,300,1784,1,0.03492091524174361,1.0476274572523083
1,10,300,1785,1,0.03492161472288892,1.0476484416866676
1,10,300,1786,1,0.0355926802291168,1.0677804068735042
1,10,300,1787,1,0.033712485915921374,1.0113745774776413
1,10,300,1788,1,0.03353402287880218,1.0060206863640655
1,10,300,1789,1,0.03486069081211637,1.045820724363491
1,10,300,1790,1,0.03404573808697378,1.0213721426092133
1,10,300,1791,1,0.03421647859181518,1.0264943577544554
1,10,300,1792,1,0.034420445331993704,1.0326133599598113
1,10,300,1793,1,0.0330354140782743,0.991062422348229
1,10,300,1794,1,0.03489204683768727,1.0467614051306182
1,10,300,1795,1,0.03311420354146821,0.9934261062440463
1,10,300,1796,1,0.03375283965315106,1.012585189594532
1,10,300,1797,1,0.03490889510699036,1.047266853209711
1,10,300,1798,1,0.03596600239569826,1.078980071870948
1,10,300,1799,1,0.03217817091814976,0.9653451275444928
1,10,300,1800,1,0.03400561309391169,1.0201683928173506
1,10,300,1801,1,0.03459879638038727,1.0379638914116183
1,10,300,1802,1,0.034689370608948195,1.040681118268446
1,10,300,1803,1,0.03411712893817351,1.0235138681452054
1,10,300,1804,1,0.03474359399651837,1.042307819895551
1,10,300,1805,1,0.034333368678890676,1.0300010603667202
1,10,300,1806,1,0.03401851545623066,1.0205554636869196
1,10,300,1807,1,0.034829783287372976,1.0448934986211893
1,10,300,1808,1,0.032525672923882976,0.9757701877164893
1,10,300,1809,1,0.03461488679970304,1.0384466039910911
1,10,300,1810,1,0.0343779602862114,1.0313388085863422
1,10,300,1811,1,0.03617112111535074,1.0851336334605224
1,10,300,1812,1,0.034661979742163104,1.039859392264893
1,10,300,1813,1,0.03331221908431935,0.9993665725295804
1,10,300,1814,1,0.03604405863112477,1.081321758933743
1,10,300,1815,1,0.03546237326752062,1.0638711980256186
1,10,300,1816,1,0.0332390837603176,0.9971725128095281
1,10,300,1817,1,0.03381916258500371,1.0145748775501113
1,10,300,1818,1,0.034313191365249504,1.0293957409574852
1,10,300,1819,1,0.03507113033509425,1.0521339100528275
1,10,300,1820,1,0.034430231687338206,1.0329069506201463
1,10,300,1821,1,0.03467632046593225,1.0402896139779674
1,10,300,1822,1,0.035495336196152166,1.0648600858845652
1,10,300,1823,1,0.033978150687019856,1.0193445206105958
1,10,300,1824,1,0.034843417340097355,1.0453025202029207
1,10,300,1825,1,0.03511994528455391,1.0535983585366173
1,10,300,1826,1,0.03474690307328637,1.0424070921985913
1,10,300,1827,1,0.03482880135325223,1.044864040597567
1,10,300,1828,1,0.033655052935296546,1.0096515880588963
1,10,300,1829,1,0.03423146254482899,1.0269438763448697
1,10,300,1830,1,0.0340063197227878,1.020189591683634
1,10,300,1831,1,0.0348737049964027,1.046211149892081
1,10,300,1832,1,0.03518897368615573,1.055669210584672
1,10,300,1833,1,0.03517166065298156,1.0551498195894466
1,10,300,1834,1,0.03691191944928773,1.107357583478632
1,10,300,1835,1,0.03393931252220616,1.0181793756661848
1,10,300,1836,1,0.03477509235275539,1.0432527705826617
1,10,300,1837,1,0.03603099779891478,1.0809299339674434
1,10,300,1838,1,0.034545071418059695,1.0363521425417908
1,10,300,1839,1,0.03480312337406993,1.0440937012220979
1,10,300,1840,1,0.03326002484143924,0.9978007452431772
1,10,300,1841,1,0.03390165988611259,1.0170497965833776
1,10,300,1842,1,0.03342701429353144,1.0028104288059432
1,10,300,1843,1,0.03472000711832543,1.041600213549763
1,10,300,1844,1,0.03416366036266986,1.0249098108800958
1,10,300,1845,1,0.03386817476872524,1.016045243061757
1,10,300,1846,1,0.03585224385378363,1.075567315613509
1,10,300,1847,1,0.036165864988969926,1.0849759496690976
1,10,300,1848,1,0.03581186274380141,1.0743558823140424
1,10,300,1849,1,0.03532792311910865,1.0598376935732596
1,10,300,1850,1,0.03589318574140274,1.0767955722420823
1,10,300,1851,1,0.03495546494452567,1.04866394833577
1,10,300,1852,1,0.03500884192499831,1.0502652577499494
1,10,300,1853,1,0.034118422791411473,1.0235526837423443
1,10,300,1854,1,0.035233847571187485,1.0570154271356245
1,10,300,1855,1,0.03420879126799428,1.0262637380398285
1,10,300,1856,1,0.033502500388830236,1.0050750116649072
1,10,300,1857,1,0.03528337572186967,1.05850127165609
1,10,300,1858,1,0.03467568103112849,1.0402704309338546
1,10,300,1859,1,0.03507726990145481,1.0523180970436443
1,10,300,1860,1,0.03323044108728632,0.9969132326185897
1,10,300,1861,1,0.033159937317652904,0.9947981195295871
1,10,300,1862,1,0.03541490854318972,1.0624472562956915
1,10,300,1863,1,0.033880288263240514,1.0164086478972154
1,10,300,1864,1,0.03489346712475145,1.0468040137425434
1,10,300,1865,1,0.03441023879855526,1.032307163956658
1,10,300,1866,1,0.0349621591606313,1.048864774818939
1,10,300,1867,1,0.03514213272138727,1.054263981641618
1,10,300,1868,1,0.034945864841023154,1.0483759452306947
1,10,300,1869,1,0.03333171186824563,0.999951356047369
1,10,300,1870,1,0.034856052571523154,1.0456815771456947
1,10,300,1871,1,0.035171963017968905,1.0551588905390672
1,10,300,1872,1,0.036407192556782174,1.0922157767034653
1,10,300,1873,1,0.033814955731521025,1.0144486719456307
1,10,300,1874,1,0.03365794755956748,1.0097384267870244
1,10,300,1875,1,0.03315279368763352,0.9945838106290056
1,10,300,1876,1,0.03514513242783432,1.0543539728350297
1,10,300,1877,1,0.03327333747097594,0.9982001241292782
1,10,300,1878,1,0.037132532338529506,1.1139759701558851
1,10,300,1879,1,0.035170844071627516,1.0551253221488255
1,10,300,1880,1,0.0338754004436502,1.0162620133095062
1,10,300,1881,1,0.03661278885697744,1.098383665709323
1,10,300,1882,1,0.035334748309530276,1.0600424492859082
1,10,300,1883,1,0.03377803372418106,1.0133410117254318
1,10,300,1884,1,0.03409946041551905,1.0229838124655715
1,10,300,1885,1,0.03529731883961698,1.0589195651885093
1,10,300,1886,1,0.03462435117468149,1.0387305352404446
1,10,300,1887,1,0.03401689810386167,1.0205069431158502
1,10,300,1888,1,0.03637766756780771,1.0913300270342314
1,10,300,1889,1,0.034890642874148996,1.0467192862244699
1,10,300,1890,1,0.03438286573389399,1.0314859720168197
1,10,300,1891,1,0.03550592314082396,1.0651776942247186
1,10,300,1892,1,0.03395635869103454,1.0186907607310363
1,10,300,1893,1,0.0344973388053957,1.0349201641618708
1,10,300,1894,1,0.03335814604629446,1.000744381388834
1,10,300,1895,1,0.03385972886946043,1.015791866083813
1,10,300,1896,1,0.03473360812239924,1.0420082436719773
1,10,300,1897,1,0.033722721886979355,1.0116816566093807
1,10,300,1898,1,0.03560590143103064,1.0681770429309192
1,10,300,1899,1,0.03551382080798951,1.0654146242396854
1,10,300,1900,1,0.034865225966647304,1.045956778999419
1,10,300,1901,1,0.034327042421310544,1.0298112726393165
1,10,300,1902,1,0.03690813529022808,1.1072440587068424
1,10,300,1903,1,0.03370566138789469,1.0111698416368409
1,10,300,1904,1,0.03488338019834527,1.0465014059503581
1,10,300,1905,1,0.03372838507736908,1.0118515523210725
1,10,300,1906,1,0.03554720102248238,1.0664160306744714
1,10,300,1907,1,0.03445647490649176,1.0336942471947528
1,10,300,1908,1,0.03439540682699746,1.0318622048099237
1,10,300,1909,1,0.03523499834312189,1.0570499502936568
1,10,300,1910,1,0.0337763010364497,1.013289031093491
1,10,300,1911,1,0.034403290128956834,1.032098703868705
1,10,300,1912,1,0.03587396206975758,1.0762188620927273
1,10,300,1913,1,0.036711673104375814,1.1013501931312744
1,10,300,1914,1,0.03546053787299549,1.0638161361898646
1,10,300,1915,1,0.03543127905126131,1.0629383715378393
1,10,300,1916,1,0.033237799571186846,0.9971339871356054
1,10,300,1917,1,0.03574455225144367,1.07233656754331
1,10,300,1918,1,0.03413753839121217,1.0241261517363651
1,10,300,1919,1,0.036339096882099145,1.0901729064629744
1,10,300,1920,1,0.03363183733985837,1.008955120195751
1,10,300,1921,1,0.035448149317746064,1.0634444795323819
1,10,300,1922,1,0.03354075984293779,1.0062227952881337
1,10,300,1923,1,0.03429854668687919,1.0289564006063758
1,10,300,1924,1,0.03444729105420624,1.0334187316261871
1,10,300,1925,1,0.03301310297643469,0.9903930892930408
1,10,300,1926,1,0.03395403929668968,1.0186211789006903
1,10,300,1927,1,0.0359267188342064,1.077801565026192
1,10,300,1928,1,0.034432609487350115,1.0329782846205036
1,10,300,1929,1,0.035309038247341815,1.0592711474202545
1,10,300,1930,1,0.033176457385105995,0.9952937215531799
1,10,300,1931,1,0.03262199321565176,0.9786597964695529
1,10,300,1932,1,0.0341773408856115,1.025320226568345
1,10,300,1933,1,0.035015227563944436,1.050456826918333
1,10,300,1934,1,0.03503659814772857,1.0510979444318571
1,10,300,1935,1,0.034305347149283745,1.0291604144785125
1,10,300,1936,1,0.035710435838243376,1.0713130751473012
1,10,300,1937,1,0.03387765123713769,1.0163295371141308
1,10,300,1938,1,0.03440106052259415,1.0320318156778245
1,10,300,1939,1,0.03371624995711285,1.0114874987133855
1,10,300,1940,1,0.0347184544944029,1.041553634832087
1,10,300,1941,1,0.0335410111881357,1.006230335644071
1,10,300,1942,1,0.03331748533756646,0.999524560126994
1,10,300,1943,1,0.03563097785037816,1.0689293355113447
1,10,300,1944,1,0.0356096651836032,1.068289955508096
1,10,300,1945,1,0.034012256643120145,1.0203676992936044
1,10,300,1946,1,0.033619497155184766,1.008584914655543
1,10,300,1947,1,0.03379502989869858,1.0138508969609572
1,10,300,1948,1,0.034620343658535495,1.0386103097560648
1,10,300,1949,1,0.03490265850280849,1.0470797550842548
1,10,300,1950,1,0.03364482718680573,1.009344815604172
1,10,300,1951,1,0.0328061024742058,0.9841830742261741
1,10,300,1952,1,0.03481836578581665,1.0445509735744996
1,10,300,1953,1,0.03500463681037422,1.0501391043112265
1,10,300,1954,1,0.03544078178505584,1.0632234535516751
1,10,300,1955,1,0.03556053160209528,1.0668159480628585
1,10,300,1956,1,0.0337990616867852,1.013971850603556
1,10,300,1957,1,0.03381140889462288,1.0143422668386863
1,10,300,1958,1,0.03444543592091834,1.0333630776275502
1,10,300,1959,1,0.03388164564804991,1.016449369441497
1,10,300,1960,1,0.03513562616546563,1.054068784963969
1,10,300,1961,1,0.0349953592059067,1.049860776177201
1,10,300,1962,1,0.03451293326131734,1.0353879978395202
1,10,300,1963,1,0.0334779008030273,1.0043370240908192
1,10,300,1964,1,0.03404261388217813,1.021278416465344
1,10,300,1965,1,0.03440928595426494,1.0322785786279483
1,10,300,1966,1,0.03523341498053888,1.0570024494161663
1,10,300,1967,1,0.03487067190042808,1.0461201570128424
1,10,300,1968,1,0.03474225748021325,1.0422677244063974
1,10,300,1969,1,0.03489572298004222,1.0468716894012666
1,10,300,1970,1,0.0355758652896917,1.067275958690751
1,10,300,1971,1,0.0354023911312294,1.062071733936882
1,10,300,1972,1,0.034678244386746285,1.0403473316023886
1,10,300,1973,1,0.03420102210664739,1.0260306631994216
1,10,300,1974,1,0.03520026710342014,1.0560080131026042
1,10,300,1975,1,0.03520236409743754,1.056070922923126
1,10,300,1976,1,0.03287035609940091,0.9861106829820272
1,10,300,1977,1,0.033995193331015514,1.0198557999304654
1,10,300,1978,1,0.03410469653524415,1.0231408960573245
1,10,300,1979,1,0.036765295372139725,1.1029588611641918
1,10,300,1980,1,0.03357402454683641,1.0072207364050922
1,10,300,1981,1,0.03462653563520354,1.0387960690561062
1,10,300,1982,1,0.034105358757318106,1.0231607627195431
1,10,300,1983,1,0.03513992578989664,1.0541977736968993
1,10,300,1984,1,0.033689450062099315,1.0106835018629794
1,10,300,1985,1,0.034440771708295154,1.0332231512488546
1,10,300,1986,1,0.03615855482075117,1.084756644622535
1,10,300,1987,1,0.035166059981116576,1.0549817994334973
1,10,300,1988,1,0.034619207237450364,1.038576217123511
1,10,300,1989,1,0.034309359793916805,1.0292807938175041
1,10,300,1990,1,0.03581046976480296,1.0743140929440889
1,10,300,1991,1,0.035437833032145157,1.0631349909643546
1,10,300,1992,1,0.03486076146420227,1.0458228439260682
1,10,300,1993,1,0.034399223910384025,1.0319767173115209
1,10,300,1994,1,0.03513417022251228,1.0540251066753683
1,10,300,1995,1,0.03527208526178101,1.0581625578534302
1,10,300,1996,1,0.03398979529366264,1.0196938588098792
1,10,300,1997,1,0.035092763958900416,1.0527829187670126
1,10,300,1998,1,0.034246463707949405,1.0273939112384822
1,10,300,1999,1,0.034153355899254126,1.0246006769776237
1,10,300,2000,1,0.03339195476602097,1.001758642980629
1,10,300,2001,1,0.03407483503828645,1.0222450511485934
1,10,300,2002,1,0.03329609959515829,0.9988829878547488
1,10,300,2003,1,0.03589124936097739,1.0767374808293215
1,10,300,2004,1,0.033805785785115616,1.0141735735534685
1,10,300,2005,1,0.0338249894987549,1.014749684962647
1,10,300,2006,1,0.03430701413372943,1.029210424011883
1,10,300,2007,1,0.03392317400305138,1.0176952200915415
1,10,300,2008,1,0.034480989634565876,1.0344296890369762
1,10,300,2009,1,0.03507296554184547,1.052188966255364
1,10,300,2010,1,0.03424191834224091,1.0272575502672274
1,10,300,2011,1,0.03427461960714891,1.0282385882144671
1,10,300,2012,1,0.035298144245375515,1.0589443273612655
1,10,300,2013,1,0.03424118062314816,1.0272354186944448
1,10,300,2014,1,0.03606269955915546,1.081880986774664
1,10,300,2015,1,0.03349938078180191,1.0049814234540573
1,10,300,2016,1,0.03447136851941679,1.0341410555825037
1,10,300,2017,1,0.035110933713468934,1.053328011404068
1,10,300,2018,1,0.03586193860254008,1.0758581580762026
1,10,300,2019,1,0.03375895966661575,1.0127687899984725
1,10,300,2020,1,0.03325135826138709,0.9975407478416127
1,10,300,2021,1,0.03457319270878273,1.0371957812634818
1,10,300,2022,1,0.03500307669831734,1.0500923009495202
1,10,300,2023,1,0.034958084820307406,1.048742544609222
1,10,300,2024,1,0.03320881620161597,0.9962644860484791
1,10,300,2025,1,0.03438377045591341,1.0315131136774025
1,10,300,2026,1,0.03354600718498782,1.0063802155496346
1,10,300,2027,1,0.03415091203478422,1.0245273610435266
1,10,300,2028,1,0.03494854680262851,1.0484564040788553
1,10,300,2029,1,0.03463068878305038,1.0389206634915114
1,10,300,2030,1,0.033920570320350035,1.0176171096105011
1,10,300,2031,1,0.034697949850810206,1.0409384955243062
1,10,300,2032,1,0.03674446120473794,1.1023338361421382
1,10,300,2033,1,0.03490655594923281,1.0471966784769842
1,10,300,2034,1,0.035437302064043816,1.0631190619213144
1,10,300,2035,1,0.035970665853279585,1.0791199755983876
1,10,300,2036,1,0.034434656415423856,1.0330396924627157
1,10,300,2037,1,0.03264052013584498,0.9792156040753494
1,10,300,2038,1,0.033636640592547,1.00909921777641
1,10,300,2039,1,0.036588975431838186,1.0976692629551457
1,10,300,2040,1,0.034458915626633536,1.0337674687990062
1,10,300,2041,1,0.034051962761242796,1.021558882837284
1,10,300,2042,1,0.03376837112075627,1.0130511336226882
1,10,300,2043,1,0.03326012275986204,0.9978036827958612
1,10,300,2044,1,0.03356969471352299,1.0070908414056896
1,10,300,2045,1,0.03302832829426269,0.9908498488278807
1,10,300,2046,1,0.0352441342916095,1.0573240287482848
1,10,300,2047,1,0.03599312068584302,1.0797936205752905
1,10,300,2048,1,0.03422667669364296,1.0268003008092887
1,10,300,2049,1,0.03318048190197288,0.9954144570591865
1,10,300,2050,1,0.03564258242294635,1.0692774726883907
1,10,300,2051,1,0.0352478751478977,1.057436254436931
1,10,300,2052,1,0.03446062875972213,1.033818862791664
1,10,300,2053,1,0.034569827697382316,1.0370948309214696
1,10,300,2054,1,0.03485409698022485,1.0456229094067455
1,10,300,2055,1,0.034001788415445294,1.0200536524633588
1,10,300,2056,1,0.035786193979494715,1.0735858193848415
1,10,300,2057,1,0.03426115216135145,1.0278345648405434
1,10,300,2058,1,0.0354002959342766,1.0620088780282981
1,10,300,2059,1,0.03561620027664543,1.0684860082993628
1,10,300,2060,1,0.03580274743005419,1.0740824229016257
1,10,300,2061,1,0.03457602935727758,1.0372808807183271
1,10,300,2062,1,0.03422972574005147,1.026891772201544
1,10,300,2063,1,0.03419626468889357,1.025887940666807
1,10,300,2064,1,0.03383540891606206,1.0150622674818617
1,10,300,2065,1,0.033310508507785636,0.999315255233569
1,10,300,2066,1,0.035167918738863616,1.0550375621659085
1,10,300,2067,1,0.035475139898673805,1.0642541969602142
1,10,300,2068,1,0.03349755016697005,1.0049265050091014
1,10,300,2069,1,0.03344277475549658,1.0032832426648974
1,10,300,2070,1,0.03462827963330693,1.038848388999208
1,10,300,2071,1,0.03420650821949908,1.0261952465849724
1,10,300,2072,1,0.033251615235239756,0.9975484570571928
1,10,300,2073,1,0.03474115077294232,1.0422345231882697
1,10,300,2074,1,0.03493364244098322,1.0480092732294968
1,10,300,2075,1,0.03367415927833651,1.0102247783500953
1,10,300,2076,1,0.03470428218897834,1.0411284656693502
1,10,300,2077,1,0.034425505130448716,1.0327651539134615
1,10,300,2078,1,0.03357766919632695,1.0073300758898085
1,10,300,2079,1,0.035459104012021556,1.0637731203606466
1,10,300,2080,1,0.03508876948579616,1.0526630845738847
1,10,300,2081,1,0.03649062305204971,1.0947186915614915
1,10,300,2082,1,0.034264468617775413,1.0279340585332624
1,10,300,2083,1,0.03417936715842709,1.0253810147528128
1,10,300,2084,1,0.03409682793194932,1.0229048379584795
1,10,300,2085,1,0.03364104260201112,1.0092312780603334
1,10,300,2086,1,0.035383472778489494,1.061504183354685
1,10,300,2087,1,0.03555128723341009,1.0665386170023026
1,10,300,2088,1,0.03418219196911286,1.0254657590733858
1,10,300,2089,1,0.035160902064839225,1.0548270619451767
1,10,300,2090,1,0.03483315327151455,1.0449945981454367
1,10,300,2091,1,0.03460944043508554,1.038283213052566
1,10,300,2092,1,0.033668184677356314,1.0100455403206894
1,10,300,2093,1,0.03385213404859503,1.015564021457851
1,10,300,2094,1,0.035359391636304846,1.0607817490891454
1,10,300,2095,1,0.03376089960725917,1.0128269882177752
1,10,300,2096,1,0.03510821511865206,1.0532464535595616
1,10,300,2097,1,0.03444282016532659,1.0332846049597977
1,10,300,2098,1,0.035660260959222645,1.0698078287766795
1,10,300,2099,1,0.034990221618025175,1.0497066485407553
1,10,300,2100,1,0.03691464051112907,1.1074392153338721
1,10,300,2101,1,0.03497714771251445,1.0493144313754335
1,10,300,2102,1,0.034844303116160116,1.0453290934848034
1,10,300,2103,1,0.033847783223568184,1.0154334967070455
1,10,300,2104,1,0.03633671702305995,1.0901015106917984
1,10,300,2105,1,0.03488448645471795,1.0465345936415384
1,10,300,2106,1,0.034014532595216806,1.0204359778565042
1,10,300,2107,1,0.03300553196483651,0.9901659589450953
1,10,300,2108,1,0.03720722594584585,1.1162167783753756
1,10,300,2109,1,0.03413424437721284,1.0240273313163852
1,10,300,2110,1,0.03552678261449471,1.0658034784348414
1,10,300,2111,1,0.03462633960720653,1.0387901882161958
1,10,300,2112,1,0.0339658639487638,1.0189759184629141
1,10,300,2113,1,0.03452547788179144,1.035764336453743
1,10,300,2114,1,0.03350661377263241,1.0051984131789722
1,10,300,2115,1,0.036545082785341826,1.096352483560255
1,10,300,2116,1,0.03495099038469162,1.0485297115407486
1,10,300,2117,1,0.03276052845398872,0.9828158536196616
1,10,300,2118,1,0.03420044323546841,1.0260132970640523
1,10,300,2119,1,0.034106992034827796,1.0232097610448339
1,10,300,2120,1,0.03487652609568283,1.0462957828704849
1,10,300,2121,1,0.034009479844450394,1.020284395333512
1,10,300,2122,1,0.036645534767357206,1.0993660430207162
1,10,300,2123,1,0.03319089274046308,0.9957267822138924
1,10,300,2124,1,0.03514258239061292,1.0542774717183876
1,10,300,2125,1,0.03594037157236081,1.0782111471708242
1,10,300,2126,1,0.03413393764631197,1.024018129389359
1,10,300,2127,1,0.032592455573900454,0.9777736672170135
1,10,300,2128,1,0.033117109377158574,0.9935132813147571
1,10,300,2129,1,0.03460022427728741,1.038006728318622
1,10,300,2130,1,0.03457066630771721,1.0371199892315164
1,10,300,2131,1,0.0344665335435251,1.033996006305753
1,10,300,2132,1,0.033234296370618685,0.9970288911185605
1,10,300,2133,1,0.033233443792784034,0.997003313783521
1,10,300,2134,1,0.03530646214080059,1.0591938642240177
1,10,300,2135,1,0.034657300185717776,1.0397190055715333
1,10,300,2136,1,0.036749733958460234,1.102492018753807
1,10,300,2137,1,0.03499721281671429,1.0499163845014288
1,10,300,2138,1,0.033578145541514226,1.007344366245427
1,10,300,2139,1,0.03409521471545081,1.0228564414635242
1,10,300,2140,1,0.03596597290733568,1.0789791872200705
1,10,300,2141,1,0.03518178232955825,1.0554534698867475
1,10,300,2142,1,0.035396624615087094,1.0618987384526128
1,10,300,2143,1,0.035202178432720214,1.0560653529816064
1,10,300,2144,1,0.03538271090627676,1.0614813271883028
1,10,300,2145,1,0.03501120179541403,1.050336053862421
1,10,300,2146,1,0.03400761080422409,1.0202283241267227
1,10,300,2147,1,0.03468147797706216,1.040444339311865
1,10,300,2148,1,0.03414042474873705,1.0242127424621112
1,10,300,2149,1,0.03439357855790931,1.0318073567372792
1,10,300,2150,1,0.03388240127602708,1.0164720382808126
1,10,300,2151,1,0.03422817174750732,1.0268451524252196
1,10,300,2152,1,0.03441816029353989,1.0325448088061966
1,10,300,2153,1,0.033972585483770995,1.01917756451313
1,10,300,2154,1,0.03507057733180437,1.0521173199541312
1,10,300,2155,1,0.03563868410753438,1.0691605232260315
1,10,300,2156,1,0.03523764829351779,1.0571294488055336
1,10,300,2157,1,0.03513128269419602,1.0539384808258805
1,10,300,2158,1,0.03480689232194341,1.0442067696583022
1,10,300,2159,1,0.03503517369959733,1.0510552109879199
1,10,300,2160,1,0.03472769477241999,1.0418308431725998
1,10,300,2161,1,0.03386862795132048,1.0160588385396143
1,10,300,2162,1,0.03445712181846978,1.0337136545540935
1,10,300,2163,1,0.03572058882785867,1.07161766483576
1,10,300,2164,1,0.03662137149764535,1.0986411449293605
1,10,300,2165,1,0.03484400958522188,1.0453202875566565
1,10,300,2166,1,0.03627841816701456,1.0883525450104368
1,10,300,2167,1,0.033699307486310205,1.0109792245893061
1,10,300,2168,1,0.0328352433335602,0.985057300006806
1,10,300,2169,1,0.034528038935236455,1.0358411680570936
1,10,300,2170,1,0.03593120899489422,1.0779362698468267
1,10,300,2171,1,0.03512558174867621,1.0537674524602862
1,10,300,2172,1,0.03459661777457959,1.0378985332373878
1,10,300,2173,1,0.03485990769064421,1.0457972307193262
1,10,300,2174,1,0.034571363521540055,1.0371409056462018
1,10,300,2175,1,0.03440071727490642,1.0320215182471926
1,10,300,2176,1,0.03697031259319985,1.1091093777959955
1,10,300,2177,1,0.03654941552652507,1.096482465795752
1,10,300,2178,1,0.033287179888310064,0.9986153966493019
1,10,300,2179,1,0.036021087783092196,1.0806326334927658
1,10,300,2180,1,0.033268833494661545,0.9980650048398463
1,10,300,2181,1,0.03555679871622511,1.0667039614867533
1,10,300,2182,1,0.03663377111499529,1.0990131334498585
1,10,300,2183,1,0.03425104265623336,1.0275312796870009
1,10,300,2184,1,0.035825512704425216,1.0747653811327564
1,10,300,2185,1,0.03487895102604183,1.046368530781255
1,10,300,2186,1,0.0332215956468528,0.996647869405584
1,10,300,2187,1,0.03720857633796992,1.1162572901390977
1,10,300,2188,1,0.03432963043984485,1.0298889131953455
1,10,300,2189,1,0.03378804734779563,1.0136414204338688
1,10,300,2190,1,0.03476854279714863,1.0430562839144588
1,10,300,2191,1,0.03523798832706727,1.057139649812018
1,10,300,2192,1,0.03635617308812426,1.0906851926437278
1,10,300,2193,1,0.034962569194728566,1.0488770758418569
1,10,300,2194,1,0.03272060139699845,0.9816180419099535
1,10,300,2195,1,0.033979087879593854,1.0193726363878155
1,10,300,2196,1,0.03425651695943466,1.0276955087830397
1,10,300,2197,1,0.03355837960673423,1.006751388202027
1,10,300,2198,1,0.03314897901676936,0.9944693705030808
1,10,300,2199,1,0.03343877709247885,1.0031633127743653
1,10,300,2200,1,0.03476105998739927,1.042831799621978
1,10,300,2201,1,0.034834948110806105,1.0450484433241831
1,10,300,2202,1,0.03531418592324083,1.0594255776972248
1,10,300,2203,1,0.03524067520987787,1.0572202562963362
1,10,300,2204,1,0.03363801676664027,1.0091405029992082
1,10,300,2205,1,0.03582582714101215,1.0747748142303646
1,10,300,2206,1,0.03385401594301562,1.0156204782904685
1,10,300,2207,1,0.035366983245889654,1.0610094973766897
1,10,300,2208,1,0.033942806879559195,1.0182842063867759
1,10,300,2209,1,0.034838607414775506,1.0451582224432652
1,10,300,2210,1,0.03260061127710829,0.9780183383132487
1,10,300,2211,1,0.034866358661699126,1.0459907598509737
1,10,300,2212,1,0.03505012449830036,1.0515037349490108
1,10,300,2213,1,0.03489663780717805,1.0468991342153413
1,10,300,2214,1,0.034773448609735254,1.0432034582920575
1,10,300,2215,1,0.03294327268500531,0.9882981805501594
1,10,300,2216,1,0.03594888192285884,1.0784664576857652
1,10,300,2217,1,0.035939256460688525,1.0781776938206558
1,10,300,2218,1,0.03255809113856549,0.9767427341569647
1,10,300,2219,1,0.03291841634799664,0.9875524904398991
1,10,300,2220,1,0.033772059442309446,1.0131617832692834
1,10,300,2221,1,0.0344504905037183,1.0335147151115491
1,10,300,2222,1,0.03439343376512106,1.0318030129536317
1,10,300,2223,1,0.03474330893606545,1.0422992680819634
1,10,300,2224,1,0.03611938735700973,1.083581620710292
1,10,300,2225,1,0.03247129018325667,0.9741387054977
1,10,300,2226,1,0.03492489374107234,1.0477468122321703
1,10,300,2227,1,0.033001034852299396,0.9900310455689819
1,10,300,2228,1,0.03683502737010465,1.1050508211031393
1,10,300,2229,1,0.0334220635835359,1.002661907506077
1,10,300,2230,1,0.03525519791689767,1.05765593750693
1,10,300,2231,1,0.036131407693585235,1.083942230807557
1,10,300,2232,1,0.03539407675474841,1.0618223026424523
1,10,300,2233,1,0.03355767107463169,1.0067301322389506
1,10,300,2234,1,0.03493314095841478,1.0479942287524433
1,10,300,2235,1,0.03361359462022178,1.0084078386066533
1,10,300,2236,1,0.03657660856935634,1.0972982570806902
1,10,300,2237,1,0.033268780615075946,0.9980634184522783
1,10,300,2238,1,0.035512167169744424,1.0653650150923328
1,10,300,2239,1,0.03595347271666642,1.0786041814999927
1,10,300,2240,1,0.03322077087852751,0.9966231263558253
1,10,300,2241,1,0.03510938324575438,1.0532814973726317
1,10,300,2242,1,0.03181136901097406,0.9543410703292219
1,10,300,2243,1,0.03388556054827653,1.016566816448296
1,10,300,2244,1,0.033254663896387086,0.9976399168916126
1,10,300,2245,1,0.03489837989929817,1.0469513969789452
1,10,300,2246,1,0.03507321470175023,1.052196441052507
1,10,300,2247,1,0.03465145781577789,1.039543734473337
1,10,300,2248,1,0.03521810408883327,1.0565431226649982
1,10,300,2249,1,0.03370182565781085,1.0110547697343255
1,10,300,2250,1,0.03418729120416339,1.0256187361249016
1,10,300,2251,1,0.035344355249662285,1.0603306574898685
1,10,300,2252,1,0.03516909395797776,1.0550728187393328
1,10,300,2253,1,0.03542286983735227,1.062686095120568
1,10,300,2254,1,0.0337103027051255,1.0113090811537648
1,10,300,2255,1,0.034485217819243,1.0345565345772898
1,10,300,2256,1,0.034751753786953936,1.042552613608618
1,10,300,2257,1,0.03355863223044937,1.006758966913481
1,10,300,2258,1,0.034620349192464484,1.0386104757739345
1,10,300,2259,1,0.0359679672128356,1.0790390163850678
1,10,300,2260,1,0.03399224630515153,1.019767389154546
1,10,300,2261,1,0.03384238420273153,1.0152715260819458
1,10,300,2262,1,0.03433085784233761,1.0299257352701283
1,10,300,2263,1,0.03729988801410476,1.1189966404231428
1,10,300,2264,1,0.03442052360107705,1.0326157080323115
1,10,300,2265,1,0.033831620834754134,1.0149486250426238
1,10,300,2266,1,0.034244786380136394,1.0273435914040918
1,10,300,2267,1,0.03584784692978706,1.075435407893612
1,10,300,2268,1,0.03466296116055773,1.039888834816732
1,10,300,2269,1,0.03550714953771626,1.0652144861314878
1,10,300,2270,1,0.03511204993817216,1.0533614981451647
1,10,300,2271,1,0.03386139935657172,1.0158419806971515
1,10,300,2272,1,0.034311842408319276,1.0293552722495782
1,10,300,2273,1,0.03485220907936935,1.0455662723810806
1,10,300,2274,1,0.03514978150710629,1.0544934452131887
1,10,300,2275,1,0.035381499441558564,1.061444983246757
1,10,300,2276,1,0.03428606387617704,1.0285819162853111
1,10,300,2277,1,0.03618288301600635,1.0854864904801904
1,10,300,2278,1,0.03274517043267467,0.9823551129802401
1,10,300,2279,1,0.035469382190328594,1.0640814657098578
1,10,300,2280,1,0.03505050291066787,1.0515150873200363
1,10,300,2281,1,0.032957675645027495,0.9887302693508249
1,10,300,2282,1,0.03386227448660651,1.0158682345981953
1,10,300,2283,1,0.03542139046070224,1.062641713821067
1,10,300,2284,1,0.03689119166153846,1.1067357498461539
1,10,300,2285,1,0.03412069401811242,1.0236208205433726
1,10,300,2286,1,0.03467323751074365,1.0401971253223095
1,10,300,2287,1,0.03402021514266465,1.0206064542799393
1,10,300,2288,1,0.03633267404100975,1.0899802212302927
1,10,300,2289,1,0.03382976722340461,1.0148930167021384
1,10,300,2290,1,0.034194676062099215,1.0258402818629766
1,10,300,2291,1,0.036170365137009525,1.0851109541102857
1,10,300,2292,1,0.03488462410406704,1.0465387231220113
1,10,300,2293,1,0.0347427602117909,1.042282806353727
1,10,300,2294,1,0.034845374843229276,1.0453612452968781
1,10,300,2295,1,0.03525056858149657,1.057517057444897
1,10,300,2296,1,0.03533814292721421,1.0601442878164264
1,10,300,2297,1,0.035073635913828005,1.05220907741484
1,10,300,2298,1,0.036060869780626614,1.0818260934187984
1,10,300,2299,1,0.03436988460749596,1.031096538224879
1,10,300,2300,1,0.034073111814232,1.02219335442696
1,10,300,2301,1,0.035564676893837896,1.0669403068151369
1,10,300,2302,1,0.0329123387637637,0.9873701629129108
1,10,300,2303,1,0.034805891957984725,1.0441767587395419
1,10,300,2304,1,0.03368636367480668,1.0105909102442003
1,10,300,2305,1,0.03696889505084091,1.1090668515252273
1,10,300,2306,1,0.036616493689018606,1.0984948106705583
1,10,300,2307,1,0.035784201773163146,1.0735260531948945
1,10,300,2308,1,0.03542576976714266,1.0627730930142798
1,10,300,2309,1,0.03380911357808603,1.014273407342581
1,10,300,2310,1,0.035906971361474097,1.0772091408442228
1,10,300,2311,1,0.03331199043059033,0.9993597129177099
1,10,300,2312,1,0.03424930500415274,1.0274791501245821
1,10,300,2313,1,0.03436706598453499,1.0310119795360497
1,10,300,2314,1,0.035861761100124775,1.0758528330037431
1,10,300,2315,1,0.034711438523300185,1.0413431556990056
1,10,300,2316,1,0.0346777145597673,1.040331436793019
1,10,300,2317,1,0.03421682659281236,1.0265047977843706
1,10,300,2318,1,0.03465503974611567,1.03965119238347
1,10,300,2319,1,0.03314296436603228,0.9942889309809683
1,10,300,2320,1,0.03385181654126124,1.0155544962378371
1,10,300,2321,1,0.033548136065848735,1.006444081975462
1,10,300,2322,1,0.03353610736975539,1.0060832210926616
1,10,300,2323,1,0.03593214573450929,1.0779643720352787
1,10,300,2324,1,0.03455091148717156,1.0365273446151466
1,10,300,2325,1,0.03595897900526791,1.0787693701580374
1,10,300,2326,1,0.0346728696148769,1.040186088446307
1,10,300,2327,1,0.03503212691893111,1.0509638075679333
1,10,300,2328,1,0.03590198970204757,1.077059691061427
1,10,300,2329,1,0.03427799857605042,1.0283399572815126
1,10,300,2330,1,0.03583935118357459,1.0751805355072377
1,10,300,2331,1,0.03535672808361147,1.060701842508344
1,10,300,2332,1,0.032782599193125456,0.9834779757937637
1,10,300,2333,1,0.03499900309379826,1.049970092813948
1,10,300,2334,1,0.0350498957933112,1.051496873799336
1,10,300,2335,1,0.034554063648399386,1.0366219094519815
1,10,300,2336,1,0.0337044770800288,1.011134312400864
1,10,300,2337,1,0.03707163994708021,1.1121491984124063
1,10,300,2338,1,0.03507926918695133,1.05237807560854
1,10,300,2339,1,0.035597342990765043,1.0679202897229514
1,10,300,2340,1,0.034881434085981586,1.0464430225794477
1,10,300,2341,1,0.03465053325187868,1.0395159975563604
1,10,300,2342,1,0.03386107496723245,1.0158322490169736
1,10,300,2343,1,0.034374773223982455,1.0312431967194737
1,10,300,2344,1,0.03553621713600385,1.0660865140801155
1,10,300,2345,1,0.03319475834979437,0.9958427504938312
1,10,300,2346,1,0.034487114969721726,1.0346134490916516
1,10,300,2347,1,0.0323053683680912,0.969161051042736
1,10,300,2348,1,0.03347978512088293,1.0043935536264876
1,10,300,2349,1,0.03596248463980452,1.0788745391941355
1,10,300,2350,1,0.035305060607964116,1.0591518182389235
1,10,300,2351,1,0.035147644136406565,1.054429324092197
1,10,300,2352,1,0.03402606736783011,1.0207820210349032
1,10,300,2353,1,0.03384104157278088,1.0152312471834264
1,10,300,2354,1,0.034877148544506936,1.046314456335208
1,10,300,2355,1,0.032889640150843,0.98668920452529
1,10,300,2356,1,0.033522786059130824,1.0056835817739247
1,10,300,2357,1,0.034227811312175706,1.0268343393652712
1,10,300,2358,1,0.03628208570659325,1.0884625711977975
1,10,300,2359,1,0.0350516161930212,1.0515484857906359
1,10,300,2360,1,0.03593966984383155,1.0781900953149464
1,10,300,2361,1,0.03486315964511401,1.0458947893534203
1,10,300,2362,1,0.034783349435708426,1.0435004830712526
1,10,300,2363,1,0.034910444815484075,1.0473133444645222
1,10,300,2364,1,0.03369066206586303,1.0107198619758908
1,10,300,2365,1,0.035448755336327006,1.0634626600898103
1,10,300,2366,1,0.03575465701058082,1.0726397103174246
1,10,300,2367,1,0.03503230507229896,1.0509691521689688
1,10,300,2368,1,0.03409869773911774,1.0229609321735322
1,10,300,2369,1,0.03468479146159425,1.0405437438478276
1,10,300,2370,1,0.03462215404082754,1.038664621224826
1,10,300,2371,1,0.03540792243192652,1.0622376729577954
1,10,300,2372,1,0.03423726981833864,1.0271180945501592
1,10,300,2373,1,0.034708964690703975,1.0412689407211193
1,10,300,2374,1,0.033207916103479854,0.9962374831043956
1,10,300,2375,1,0.036439478855438995,1.09318436566317
1,10,300,2376,1,0.03775271270753223,1.1325813812259669
1,10,300,2377,1,0.03398787437021293,1.019636231106388
1,10,300,2378,1,0.03399891372972927,1.019967411891878
1,10,300,2379,1,0.03305317055131114,0.9915951165393343
1,10,300,2380,1,0.033673144969478014,1.0101943490843404
1,10,300,2381,1,0.033490491809332126,1.0047147542799637
1,10,300,2382,1,0.0348466933226544,1.0454007996796322
1,10,300,2383,1,0.034537373165759916,1.0361211949727975
1,10,300,2384,1,0.035439441870010774,1.0631832561003232
1,10,300,2385,1,0.03435899571065965,1.0307698713197895
1,10,300,2386,1,0.03465249422746074,1.039574826823822
1,10,300,2387,1,0.0345181291580949,1.0355438747428471
1,10,300,2388,1,0.034029249167195866,1.020877475015876
1,10,300,2389,1,0.035590702296905134,1.067721068907154
1,10,300,2390,1,0.033746132973753104,1.012383989212593
1,10,300,2391,1,0.035257971416722836,1.057739142501685
1,10,300,2392,1,0.035297644344343716,1.0589293303303116
1,10,300,2393,1,0.035073256459680846,1.0521976937904254
1,10,300,2394,1,0.03441907681478383,1.0325723044435149
1,10,300,2395,1,0.035637371610339655,1.0691211483101897
1,10,300,2396,1,0.03346458292716259,1.0039374878148777
1,10,300,2397,1,0.034911277099221746,1.0473383129766525
1,10,300,2398,1,0.0340970747436125,1.0229122423083752
1,10,300,2399,1,0.03357530694008101,1.0072592082024303
1,10,300,2400,1,0.0361008000485003,1.083024001455009
1,10,300,2401,1,0.03409253495673201,1.0227760487019601
1,10,300,2402,1,0.036588082004340786,1.0976424601302237
1,10,300,2403,1,0.03380187243391723,1.014056173017517
1,10,300,2404,1,0.033700805517799415,1.0110241655339824
1,10,300,2405,1,0.03481257810770381,1.044377343231114
1,10,300,2406,1,0.03494569490455184,1.0483708471365554
1,10,300,2407,1,0.03330542409447844,0.9991627228343531
1,10,300,2408,1,0.03501799380875935,1.0505398142627804
1,10,300,2409,1,0.035572248883697595,1.0671674665109279
1,10,300,2410,1,0.033701508515224896,1.0110452554567468
1,10,300,2411,1,0.035105856467199326,1.0531756940159798
1,10,300,2412,1,0.03425245197936655,1.0275735593809965
1,10,300,2413,1,0.035269335867382026,1.0580800760214608
1,10,300,2414,1,0.034108014281784976,1.0232404284535492
1,10,300,2415,1,0.03444660514789084,1.0333981544367252
1,10,300,2416,1,0.034556805247217215,1.0367041574165163
1,10,300,2417,1,0.034228654106632894,1.0268596231989868
1,10,300,2418,1,0.03460189527479492,1.0380568582438474
1,10,300,2419,1,0.03494287991168325,1.0482863973504977
1,10,300,2420,1,0.03500511143496248,1.0501533430488743
1,10,300,2421,1,0.03479612927262303,1.043883878178691
1,10,300,2422,1,0.03404934248279863,1.021480274483959
1,10,300,2423,1,0.03557611802977444,1.067283540893233
1,10,300,2424,1,0.03460576240477082,1.0381728721431247
1,10,300,2425,1,0.034256102877753464,1.0276830863326039
1,10,300,2426,1,0.03239043178081709,0.9717129534245126
1,10,300,2427,1,0.03416078935127029,1.0248236805381086
1,10,300,2428,1,0.0339723081202634,1.019169243607902
1,10,300,2429,1,0.03345967955027575,1.0037903865082725
1,10,300,2430,1,0.033730754734801895,1.0119226420440568
1,10,300,2431,1,0.03375764647785879,1.0127293943357638
1,10,300,2432,1,0.035620270413671884,1.0686081124101565
1,10,300,2433,1,0.03469093197854675,1.0407279593564025
1,10,300,2434,1,0.03473279722201868,1.0419839166605604
1,10,300,2435,1,0.03481546978917725,1.0444640936753176
1,10,300,2436,1,0.03424372193133402,1.0273116579400206
1,10,300,2437,1,0.03361160768635057,1.008348230590517
1,10,300,2438,1,0.035066256688017064,1.0519877006405118
1,10,300,2439,1,0.033566951763611505,1.0070085529083452
1,10,300,2440,1,0.03478532324467622,1.0435596973402865
1,10,300,2441,1,0.03478753096927248,1.0436259290781744
1,10,300,2442,1,0.03467607549136114,1.0402822647408343
1,10,300,2443,1,0.0363903622903548,1.091710868710644
1,10,300,2444,1,0.03369209177598825,1.0107627532796477
1,10,300,2445,1,0.03327461331603043,0.998238399480913
1,10,300,2446,1,0.03302800223033945,0.9908400669101836
1,10,300,2447,1,0.03512008898669723,1.053602669600917
1,10,300,2448,1,0.03541241903730728,1.0623725711192185
1,10,300,2449,1,0.03503741566441901,1.05112246993257
1,10,300,2450,1,0.03317677630639047,0.995303289191714
1,10,300,2451,1,0.03396182976581545,1.0188548929744636
1,10,300,2452,1,0.03560486972626845,1.0681460917880536
1,10,300,2453,1,0.0356952792929114,1.070858378787342
1,10,300,2454,1,0.03574139415630903,1.072241824689271
1,10,300,2455,1,0.034010851521327864,1.020325545639836
1,10,300,2456,1,0.033306330760722064,0.9991899228216619
1,10,300,2457,1,0.03379878436128525,1.0139635308385575
1,10,300,2458,1,0.03610671201006395,1.0832013603019184
1,10,300,2459,1,0.03489517151393874,1.0468551454181623
1,10,300,2460,1,0.03368675919541018,1.0106027758623053
1,10,300,2461,1,0.034147031048827235,1.024410931464817
1,10,300,2462,1,0.036115556815904414,1.0834667044771324
1,10,300,2463,1,0.034276865725956424,1.0283059717786927
1,10,300,2464,1,0.03388035390043016,1.0164106170129048
1,10,300,2465,1,0.03482567679732192,1.0447703039196576
1,10,300,2466,1,0.03424183960059758,1.0272551880179275
1,10,300,2467,1,0.03382649407088491,1.0147948221265473
1,10,300,2468,1,0.03537727463060987,1.0613182389182962
1,10,300,2469,1,0.03632578492771174,1.0897735478313524
1,10,300,2470,1,0.03531228068830534,1.0593684206491603
1,10,300,2471,1,0.03377048973019163,1.013114691905749
1,10,300,2472,1,0.03381026996273134,1.0143080988819402
1,10,300,2473,1,0.03521925167545468,1.0565775502636403
1,10,300,2474,1,0.035568436040283466,1.067053081208504
1,10,300,2475,1,0.03412123573877665,1.0236370721632997
1,10,300,2476,1,0.03795882646567239,1.1387647939701717
1,10,300,2477,1,0.0345777686387024,1.0373330591610719
1,10,300,2478,1,0.033978397206835424,1.0193519162050628
1,10,300,2479,1,0.03426656677337279,1.0279970032011836
1,10,300,2480,1,0.03480535955741261,1.0441607867223783
1,10,300,2481,1,0.035635064943586155,1.0690519483075847
1,10,300,2482,1,0.03353896145516769,1.0061688436550305
1,10,300,2483,1,0.03488904747472075,1.0466714242416224
1,10,300,2484,1,0.03473151252458338,1.0419453757375015
1,10,300,2485,1,0.03482180069105413,1.044654020731624
1,10,300,2486,1,0.03612188592495891,1.0836565777487672
1,10,300,2487,1,0.03515265257329224,1.0545795771987672
1,10,300,2488,1,0.03342099932128087,1.0026299796384261
1,10,300,2489,1,0.03416889778563296,1.0250669335689886
1,10,300,2490,1,0.03533761819981846,1.0601285459945538
1,10,300,2491,1,0.03587893679069085,1.0763681037207256
1,10,300,2492,1,0.03404147649937661,1.0212442949812983
1,10,300,2493,1,0.03489889634087956,1.0469668902263867
1,10,300,2494,1,0.03498187681099867,1.04945630432996
1,10,300,2495,1,0.03490852912007365,1.0472558736022095
1,10,300,2496,1,0.033795961248139744,1.0138788374441923
1,10,300,2497,1,0.03538617291563971,1.0615851874691913
1,10,300,2498,1,0.034708651371393215,1.0412595411417964
1,10,300,2499,1,0.034451918961100544,1.0335575688330163
1,10,300,2500,1,0.03450445197735172,1.0351335593205515
1,10,300,2501,1,0.03455451859350435,1.0366355578051305
1,10,300,2502,1,0.034300381899384724,1.0290114569815416
1,10,300,2503,1,0.034403763469757556,1.0321129040927266
1,10,300,2504,1,0.03393193810699692,1.0179581432099076
1,10,300,2505,1,0.034619382345148705,1.0385814703544611
1,10,300,2506,1,0.034293954379584345,1.0288186313875305
1,10,300,2507,1,0.034872619596384914,1.0461785878915475
1,10,300,2508,1,0.03492507264524246,1.0477521793572737
1,10,300,2509,1,0.03471021042064178,1.0413063126192532
1,10,300,2510,1,0.03582976303651316,1.0748928910953948
1,10,300,2511,1,0.033680807041184264,1.010424211235528
1,10,300,2512,1,0.03319285300724528,0.9957855902173585
1,10,300,2513,1,0.036217786477669156,1.0865335943300747
1,10,300,2514,1,0.03363535421047814,1.0090606263143442
1,10,300,2515,1,0.03369795720580937,1.010938716174281
1,10,300,2516,1,0.036937308875613944,1.1081192662684183
1,10,300,2517,1,0.03487720722810269,1.0463162168430808
1,10,300,2518,1,0.03411633870563312,1.0234901611689935
1,10,300,2519,1,0.03291148744881096,0.9873446234643287
1,10,300,2520,1,0.033372540812451265,1.001176224373538
1,10,300,2521,1,0.03450383372722077,1.035115011816623
1,10,300,2522,1,0.0353697402959233,1.061092208877699
1,10,300,2523,1,0.03577903678679745,1.0733711036039233
1,10,300,2524,1,0.03411149632354758,1.0233448897064275
1,10,300,2525,1,0.03465324454912021,1.0395973364736062
1,10,300,2526,1,0.035459367422559666,1.06378102267679
1,10,300,2527,1,0.03428787091546564,1.0286361274639693
1,10,300,2528,1,0.034374525357668564,1.0312357607300568
1,10,300,2529,1,0.03420516903994849,1.0261550711984548
1,10,300,2530,1,0.034958457194165696,1.048753715824971
1,10,300,2531,1,0.03612564796596559,1.0837694389789676
1,10,300,2532,1,0.03477721854258331,1.0433165562774993
1,10,300,2533,1,0.03571346625250851,1.0714039875752555
1,10,300,2534,1,0.03398588471456082,1.0195765414368245
1,10,300,2535,1,0.034515772323275906,1.035473169698277
1,10,300,2536,1,0.03394910613942777,1.0184731841828332
1,10,300,2537,1,0.03491429321085171,1.0474287963255513
1,10,300,2538,1,0.03608242973222659,1.0824728919667979
1,10,300,2539,1,0.0335491503270698,1.0064745098120942
1,10,300,2540,1,0.034783866133548454,1.0435159840064536
1,10,300,2541,1,0.035465681844647864,1.063970455339436
1,10,300,2542,1,0.03444155010365521,1.0332465031096563
1,10,300,2543,1,0.03334729667624313,1.0004189002872939
1,10,300,2544,1,0.03378530838196589,1.0135592514589766
1,10,300,2545,1,0.034638516982535714,1.0391555094760714
1,10,300,2546,1,0.035145140105757526,1.0543542031727258
1,10,300,2547,1,0.03509253215374618,1.0527759646123853
1,10,300,2548,1,0.0351287452814956,1.053862358444868
1,10,300,2549,1,0.034854365773039034,1.045630973191171
1,10,300,2550,1,0.03416071260652691,1.0248213781958073
1,10,300,2551,1,0.03304642856485164,0.9913928569455492
1,10,300,2552,1,0.034667129394878926,1.0400138818463678
1,10,300,2553,1,0.03451520321749166,1.0354560965247497
1,10,300,2554,1,0.034920884241911546,1.0476265272573464
1,10,300,2555,1,0.03550043284818019,1.0650129854454058
1,10,300,2556,1,0.033912777352367474,1.017383320571024
1,10,300,2557,1,0.03448486427004129,1.0345459281012388
1,10,300,2558,1,0.03329281111418461,0.9987843334255384
1,10,300,2559,1,0.033229220817039586,0.9968766245111876
1,10,300,2560,1,0.036070984466619924,1.0821295339985977
1,10,300,2561,1,0.03420636544785825,1.0261909634357476
1,10,300,2562,1,0.03442539219109769,1.0327617657329307
1,10,300,2563,1,0.035758557236816244,1.0727567171044874
1,10,300,2564,1,0.033626440449176946,1.0087932134753084
1,10,300,2565,1,0.03481038770837224,1.044311631251167
1,10,300,2566,1,0.03439411189119976,1.0318233567359927
1,10,300,2567,1,0.034778639796821144,1.0433591939046343
1,10,300,2568,1,0.03521030027372814,1.056309008211844
1,10,300,2569,1,0.035129347165426004,1.05388041496278
1,10,300,2570,1,0.034662850076315296,1.0398855022894589
1,10,300,2571,1,0.03435743717888494,1.0307231153665481
1,10,300,2572,1,0.03431212976562546,1.0293638929687638
1,10,300,2573,1,0.03441595984888783,1.032478795466635
1,10,300,2574,1,0.033472069874218885,1.0041620962265667
1,10,300,2575,1,0.034535898473869474,1.0360769542160841
1,10,300,2576,1,0.033901357802233675,1.0170407340670102
1,10,300,2577,1,0.03455650078667837,1.0366950236003512
1,10,300,2578,1,0.03271415335490171,0.9814246006470512
1,10,300,2579,1,0.037078440403361695,1.1123532121008508
1,10,300,2580,1,0.0346396971028084,1.0391909130842518
1,10,300,2581,1,0.03509033371172386,1.0527100113517158
1,10,300,2582,1,0.0350254514724903,1.0507635441747092
1,10,300,2583,1,0.03515223676907249,1.0545671030721748
1,10,300,2584,1,0.03488046349026736,1.046413904708021
1,10,300,2585,1,0.03580031378411212,1.0740094135233638
1,10,300,2586,1,0.034803666753491676,1.0441100026047503
1,10,300,2587,1,0.034747790154836936,1.042433704645108
1,10,300,2588,1,0.03568945430629107,1.070683629188732
1,10,300,2589,1,0.03401552537114061,1.0204657611342183
1,10,300,2590,1,0.03474495313811285,1.0423485941433854
1,10,300,2591,1,0.034288202385676064,1.0286460715702819
1,10,300,2592,1,0.03555417283524251,1.0666251850572752
1,10,300,2593,1,0.032947220940324325,0.9884166282097298
1,10,300,2594,1,0.034933042540157534,1.0479912762047259
1,10,300,2595,1,0.03346322639296276,1.0038967917888828
1,10,300,2596,1,0.036303168817214515,1.0890950645164355
1,10,300,2597,1,0.0337288216623013,1.0118646498690391
1,10,300,2598,1,0.032950106102694124,0.9885031830808237
1,10,300,2599,1,0.034634324975494755,1.0390297492648428
1,10,300,2600,1,0.034879245086020805,1.0463773525806241
1,10,300,2601,1,0.03562596319173205,1.0687788957519615
1,10,300,2602,1,0.03437643477730267,1.0312930433190801
1,10,300,2603,1,0.035310171532166826,1.0593051459650047
1,10,300,2604,1,0.03372788961474338,1.0118366884423013
1,10,300,2605,1,0.03445505676526556,1.0336517029579668
1,10,300,2606,1,0.03389596549400619,1.0168789648201857
1,10,300,2607,1,0.03436748785434611,1.0310246356303834
1,10,300,2608,1,0.03529822158371026,1.0589466475113078
1,10,300,2609,1,0.03407683177693965,1.0223049533081896
1,10,300,2610,1,0.033699151978885816,1.0109745593665744
1,10,300,2611,1,0.03499985391544899,1.0499956174634697
1,10,300,2612,1,0.03384244522389743,1.0152733567169228
1,10,300,2613,1,0.03495694030135969,1.0487082090407909
1,10,300,2614,1,0.03537542267697378,1.0612626803092133
1,10,300,2615,1,0.03639803506048634,1.0919410518145902
1,10,300,2616,1,0.03690667389476562,1.1072002168429687
1,10,300,2617,1,0.03560914357635275,1.0682743072905825
1,10,300,2618,1,0.03467333508888832,1.0402000526666497
1,10,300,2619,1,0.03596437269135956,1.0789311807407869
1,10,300,2620,1,0.035182213172693766,1.055466395180813
1,10,300,2621,1,0.03624977494474452,1.0874932483423356
1,10,300,2622,1,0.0353676168762804,1.061028506288412
1,10,300,2623,1,0.03335291933068351,1.0005875799205053
1,10,300,2624,1,0.03426656475201617,1.0279969425604851
1,10,300,2625,1,0.03554476607593833,1.0663429822781498
1,10,300,2626,1,0.034056665396076144,1.0216999618822844
1,10,300,2627,1,0.036321660414726224,1.0896498124417868
1,10,300,2628,1,0.03522544081028817,1.056763224308645
1,10,300,2629,1,0.03437701332220133,1.03131039966604
1,10,300,2630,1,0.03461755944228236,1.038526783268471
1,10,300,2631,1,0.033039694786570775,0.9911908435971233
1,10,300,2632,1,0.03539922458704008,1.0619767376112024
1,10,300,2633,1,0.03569246185297063,1.070773855589119
1,10,300,2634,1,0.03540822702556139,1.0622468107668417
1,10,300,2635,1,0.03498209149656553,1.049462744896966
1,10,300,2636,1,0.033582716816176604,1.007481504485298
1,10,300,2637,1,0.03503703563206728,1.0511110689620184
1,10,300,2638,1,0.03457453054314766,1.0372359162944298
1,10,300,2639,1,0.03403623035359553,1.021086910607866
1,10,300,2640,1,0.03534527457366887,1.0603582372100662
1,10,300,2641,1,0.0339486007481518,1.018458022444554
1,10,300,2642,1,0.035457761362069726,1.0637328408620919
1,10,300,2643,1,0.03437234591723115,1.0311703775169345
1,10,300,2644,1,0.03505883784162821,1.0517651352488462
1,10,300,2645,1,0.032581794343174056,0.9774538302952216
1,10,300,2646,1,0.03239224457456055,0.9717673372368166
1,10,300,2647,1,0.034290085016690966,1.028702550500729
1,10,300,2648,1,0.032778155038392806,0.9833446511517842
1,10,300,2649,1,0.03586337968214118,1.0759013904642354
1,10,300,2650,1,0.033716183745187825,1.0114855123556348
1,10,300,2651,1,0.03573910540333549,1.0721731621000647
1,10,300,2652,1,0.03311063714396353,0.9933191143189057
1,10,300,2653,1,0.03491760264609452,1.0475280793828357
1,10,300,2654,1,0.03332804021343225,0.9998412064029674
1,10,300,2655,1,0.03415226136983298,1.0245678410949894
1,10,300,2656,1,0.035262672933820516,1.0578801880146156
1,10,300,2657,1,0.033715654650101325,1.0114696395030398
1,10,300,2658,1,0.03624066985641255,1.0872200956923765
1,10,300,2659,1,0.03500474723294232,1.0501424169882696
1,10,300,2660,1,0.03443288410477886,1.032986523143366
1,10,300,2661,1,0.03548574948910738,1.0645724846732212
1,10,300,2662,1,0.034751446656242094,1.0425433996872628
1,10,300,2663,1,0.034286895691501895,1.0286068707450569
1,10,300,2664,1,0.03379791615320023,1.0139374845960067
1,10,300,2665,1,0.03543519118126871,1.0630557354380614
1,10,300,2666,1,0.03272207452576924,0.9816622357730772
1,10,300,2667,1,0.03558873774034676,1.0676621322104027
1,10,300,2668,1,0.03544695387817935,1.0634086163453804
1,10,300,2669,1,0.03358268755612574,1.0074806266837721
1,10,300,2670,1,0.03491561497348537,1.0474684492045612
1,10,300,2671,1,0.034259374694312644,1.0277812408293792
1,10,300,2672,1,0.03600996435723707,1.080298930717112
1,10,300,2673,1,0.03608667176566087,1.082600152969826
1,10,300,2674,1,0.034064284031518746,1.0219285209455624
1,10,300,2675,1,0.032077639848935,0.9623291954680498
1,10,300,2676,1,0.0325809751664557,0.9774292549936711
1,10,300,2677,1,0.03442122869700444,1.032636860910133
1,10,300,2678,1,0.03521020214036119,1.0563060642108357
1,10,300,2679,1,0.03549313708793,1.0647941126379
1,10,300,2680,1,0.036073836847570165,1.082215105427105
1,10,300,2681,1,0.03605137663738635,1.0815412991215905
1,10,300,2682,1,0.034568977662742875,1.0370693298822862
1,10,300,2683,1,0.03364767100889255,1.0094301302667765
1,10,300,2684,1,0.03341109692096756,1.0023329076290268
1,10,300,2685,1,0.03551406147191291,1.0654218441573873
1,10,300,2686,1,0.034542280038542206,1.0362684011562662
1,10,300,2687,1,0.034082996455125275,1.0224898936537583
1,10,300,2688,1,0.03449388302020605,1.0348164906061814
1,10,300,2689,1,0.034405286143374195,1.0321585843012258
1,10,300,2690,1,0.03442474515179461,1.0327423545538383
1,10,300,2691,1,0.03437933846169508,1.0313801538508525
1,10,300,2692,1,0.034602299168189014,1.0380689750456704
1,10,300,2693,1,0.034327158707791045,1.0298147612337314
1,10,300,2694,1,0.03374565576366904,1.012369672910071
1,10,300,2695,1,0.03430684466375452,1.0292053399126355
1,10,300,2696,1,0.03343614651560016,1.0030843954680049
1,10,300,2697,1,0.034235388524029714,1.0270616557208914
1,10,300,2698,1,0.033923451957472456,1.0177035587241736
1,10,300,2699,1,0.03440067979195724,1.0320203937587171
1,10,300,2700,1,0.034548399036627896,1.036451971098837
1,10,300,2701,1,0.03412030351215188,1.0236091053645564
1,10,300,2702,1,0.03491161403113641,1.0473484209340924
1,10,300,2703,1,0.033054509815361746,0.9916352944608524
1,10,300,2704,1,0.03307630362760222,0.9922891088280666
1,10,300,2705,1,0.033741124021250304,1.0122337206375092
1,10,300,2706,1,0.034471348655754824,1.0341404596726447
1,10,300,2707,1,0.035154651596456345,1.0546395478936903
1,10,300,2708,1,0.03352161394659274,1.0056484183977823
1,10,300,2709,1,0.03381951281428605,1.0145853844285815
1,10,300,2710,1,0.033982724019481145,1.0194817205844342
1,10,300,2711,1,0.03486830683937188,1.0460492051811563
1,10,300,2712,1,0.03361143905550901,1.0083431716652702
1,10,300,2713,1,0.034177283329618766,1.025318499888563
1,10,300,2714,1,0.03385799160128702,1.0157397480386106
1,10,300,2715,1,0.03447205939479252,1.0341617818437756
1,10,300,2716,1,0.03677492064414792,1.1032476193244376
1,10,300,2717,1,0.03556555330020573,1.0669665990061719
1,10,300,2718,1,0.033369936611582746,1.0010980983474824
1,10,300,2719,1,0.032520000771860486,0.9756000231558145
1,10,300,2720,1,0.034776645198087645,1.0432993559426293
1,10,300,2721,1,0.03453229169375896,1.0359687508127688
1,10,300,2722,1,0.033793075017608094,1.0137922505282428
1,10,300,2723,1,0.03369575546788781,1.0108726640366343
1,10,300,2724,1,0.034566414354417124,1.0369924306325138
1,10,300,2725,1,0.03436551296218056,1.0309653888654169
1,10,300,2726,1,0.034754087558908284,1.0426226267672485
1,10,300,2727,1,0.03565596190251662,1.0696788570754985
1,10,300,2728,1,0.03439156834496709,1.0317470503490127
1,10,300,2729,1,0.03426066635938521,1.0278199907815564
1,10,300,2730,1,0.03650325132708339,1.0950975398125018
1,10,300,2731,1,0.033454573240625146,1.0036371972187543
1,10,300,2732,1,0.03535071273116741,1.0605213819350223
1,10,300,2733,1,0.0366132734843104,1.098398204529312
1,10,300,2734,1,0.03350233478776873,1.005070043633062
1,10,300,2735,1,0.03574241008752287,1.0722723026256862
1,10,300,2736,1,0.03330933345671657,0.9992800037014972
1,10,300,2737,1,0.03564692472343357,1.0694077417030072
1,10,300,2738,1,0.03516404635975659,1.0549213907926975
1,10,300,2739,1,0.03389964745518885,1.0169894236556654
1,10,300,2740,1,0.035498949163604215,1.0649684749081265
1,10,300,2741,1,0.03608232935787614,1.0824698807362843
1,10,300,2742,1,0.03415831410823608,1.0247494232470824
1,10,300,2743,1,0.03517084234135491,1.0551252702406473
1,10,300,2744,1,0.035121040710897625,1.0536312213269288
1,10,300,2745,1,0.03484529118274672,1.0453587354824017
1,10,300,2746,1,0.03345659161066229,1.0036977483198688
1,10,300,2747,1,0.03510744444949089,1.0532233334847267
1,10,300,2748,1,0.03335144417610128,1.0005433252830385
1,10,300,2749,1,0.035266291730715806,1.0579887519214741
1,10,300,2750,1,0.03536240572498012,1.0608721717494034
1,10,300,2751,1,0.03511733306818303,1.053519992045491
1,10,300,2752,1,0.034830018818313255,1.0449005645493976
1,10,300,2753,1,0.03362924820691231,1.0088774462073693
1,10,300,2754,1,0.03388280880844413,1.0164842642533238
1,10,300,2755,1,0.03287770752412124,0.9863312257236372
1,10,300,2756,1,0.03408422431567161,1.0225267294701483
1,10,300,2757,1,0.03406005684686985,1.0218017054060955
1,10,300,2758,1,0.034213075647913885,1.0263922694374166
1,10,300,2759,1,0.03396706266246939,1.0190118798740817
1,10,300,2760,1,0.03687528928294846,1.1062586784884538
1,10,300,2761,1,0.03343151279379186,1.0029453838137559
1,10,300,2762,1,0.03512044204218593,1.053613261265578
1,10,300,2763,1,0.03354386109979689,1.0063158329939066
1,10,300,2764,1,0.03281004237000307,0.984301271100092
1,10,300,2765,1,0.03380832980571599,1.01424989417148
1,10,300,2766,1,0.03267446203696927,0.9802338611090781
1,10,300,2767,1,0.034463814115585065,1.033914423467552
1,10,300,2768,1,0.035310233138162894,1.059306994144887
1,10,300,2769,1,0.03435750363161136,1.030725108948341
1,10,300,2770,1,0.03478721685923321,1.0436165057769962
1,10,300,2771,1,0.0345276516369904,1.0358295491097118
1,10,300,2772,1,0.03388482179606931,1.0165446538820793
1,10,300,2773,1,0.03532903322725774,1.0598709968177322
1,10,300,2774,1,0.03520571831871794,1.056171549561538
1,10,300,2775,1,0.03432011206765822,1.0296033620297467
1,10,300,2776,1,0.03441835092996963,1.032550527899089
1,10,300,2777,1,0.03615250504623405,1.0845751513870217
1,10,300,2778,1,0.03639745150763429,1.0919235452290288
1,10,300,2779,1,0.03166610439820973,0.9499831319462919
1,10,300,2780,1,0.03316364979674242,0.9949094939022725
1,10,300,2781,1,0.0346239472886127,1.0387184186583809
1,10,300,2782,1,0.03581236131398054,1.0743708394194162
1,10,300,2783,1,0.034607101565346264,1.0382130469603879
1,10,300,2784,1,0.03543142822693278,1.0629428468079833
1,10,300,2785,1,0.03451287312418249,1.0353861937254747
1,10,300,2786,1,0.034121516800529966,1.023645504015899
1,10,300,2787,1,0.03420793476905251,1.0262380430715754
1,10,300,2788,1,0.03419813794978371,1.0259441384935113
1,10,300,2789,1,0.034637558014791785,1.0391267404437534
1,10,300,2790,1,0.03571544431778706,1.0714633295336118
1,10,300,2791,1,0.03238065633253945,0.9714196899761834
1,10,300,2792,1,0.03393790202079687,1.0181370606239062
1,10,300,2793,1,0.03448656441062832,1.0345969323188497
1,10,300,2794,1,0.0343908382113216,1.031725146339648
1,10,300,2795,1,0.03461634751647176,1.0384904254941527
1,10,300,2796,1,0.03433473967149535,1.0300421901448604
1,10,300,2797,1,0.034674688968133735,1.040240669044012
1,10,300,2798,1,0.035984557240608436,1.079536717218253
1,10,300,2799,1,0.03399076543774006,1.0197229631322018
1,10,300,2800,1,0.035162242939412884,1.0548672881823866
1,10,300,2801,1,0.03449039883840582,1.0347119651521746
1,10,300,2802,1,0.03250001658205161,0.9750004974615483
1,10,300,2803,1,0.0344204484466995,1.0326134534009852
1,10,300,2804,1,0.0351288528150505,1.053865584451515
1,10,300,2805,1,0.03436682704360156,1.031004811308047
1,10,300,2806,1,0.03434864049337477,1.0304592148012433
1,10,300,2807,1,0.03667833101655692,1.1003499304967075
1,10,300,2808,1,0.033769331107715544,1.0130799332314662
1,10,300,2809,1,0.03412147880304883,1.023644364091465
1,10,300,2810,1,0.034495204740660035,1.034856142219801
1,10,300,2811,1,0.03378310831081356,1.0134932493244069
1,10,300,2812,1,0.0349619307711257,1.048857923133771
1,10,300,2813,1,0.0356759095867719,1.070277287603157
1,10,300,2814,1,0.0342061717697735,1.0261851530932051
1,10,300,2815,1,0.032879963768795525,0.9863989130638657
1,10,300,2816,1,0.03388669759426831,1.0166009278280492
1,10,300,2817,1,0.03499012179047374,1.0497036537142121
1,10,300,2818,1,0.03435277790742791,1.0305833372228375
1,10,300,2819,1,0.03416819097854751,1.0250457293564252
1,10,300,2820,1,0.035741286175443865,1.072238585263316
1,10,300,2821,1,0.0349770848249996,1.049312544749988
1,10,300,2822,1,0.03458696494000783,1.0376089482002349
1,10,300,2823,1,0.03511802734127202,1.0535408202381606
1,10,300,2824,1,0.03402095904186942,1.0206287712560826
1,10,300,2825,1,0.03445792709964734,1.0337378129894201
1,10,300,2826,1,0.03574427777738271,1.0723283333214815
1,10,300,2827,1,0.03414543179285351,1.0243629537856054
1,10,300,2828,1,0.03434520300130016,1.0303560900390047
1,10,300,2829,1,0.034141594696501416,1.0242478408950426
1,10,300,2830,1,0.03403737663687705,1.0211212991063117
1,10,300,2831,1,0.03404934080259608,1.0214802240778824
1,10,300,2832,1,0.03475788912060987,1.0427366736182961
1,10,300,2833,1,0.03489518060337423,1.0468554181012268
1,10,300,2834,1,0.03509428739838609,1.0528286219515828
1,10,300,2835,1,0.03466565171007331,1.0399695513021994
1,10,300,2836,1,0.03370399255386801,1.0111197766160402
1,10,300,2837,1,0.03429173646494707,1.028752093948412
1,10,300,2838,1,0.03359778252594078,1.0079334757782232
1,10,300,2839,1,0.03419773293533804,1.0259319880601412
1,10,300,2840,1,0.03421651630488313,1.026495489146494
1,10,300,2841,1,0.03307304032908884,0.9921912098726651
1,10,300,2842,1,0.033186945070366625,0.9956083521109986
1,10,300,2843,1,0.03525948434675613,1.0577845304026838
1,10,300,2844,1,0.03427662434338648,1.0282987303015942
1,10,300,2845,1,0.033733535401502535,1.012006062045076
1,10,300,2846,1,0.035653314187676206,1.0695994256302863
1,10,300,2847,1,0.036583389243788844,1.0975016773136654
1,10,300,2848,1,0.03511386544751278,1.0534159634253835
1,10,300,2849,1,0.035827158831197636,1.0748147649359292
1,10,300,2850,1,0.03329087636479845,0.9987262909439536
1,10,300,2851,1,0.03434492412150335,1.0303477236451004
1,10,300,2852,1,0.03385641513104683,1.0156924539314047
1,10,300,2853,1,0.03413716858632895,1.0241150575898685
1,10,300,2854,1,0.035810978285813255,1.0743293485743977
1,10,300,2855,1,0.03440881743800184,1.0322645231400551
1,10,300,2856,1,0.036174884839217256,1.0852465451765176
1,10,300,2857,1,0.035126806620054726,1.0538041986016418
1,10,300,2858,1,0.035686265498040104,1.0705879649412031
1,10,300,2859,1,0.03384032617819085,1.0152097853457254
1,10,300,2860,1,0.03455878021754121,1.0367634065262363
1,10,300,2861,1,0.03544474968305432,1.0633424904916295
1,10,300,2862,1,0.03403050183105279,1.0209150549315837
1,10,300,2863,1,0.032958926945060404,0.9887678083518121
1,10,300,2864,1,0.03278598007163774,0.9835794021491321
1,10,300,2865,1,0.03385482867586975,1.0156448602760926
1,10,300,2866,1,0.037227748063118515,1.1168324418935556
1,10,300,2867,1,0.0338990636880014,1.0169719106400419
1,10,300,2868,1,0.03461869750595986,1.0385609251787957
1,10,300,2869,1,0.034534116887525584,1.0360235066257677
1,10,300,2870,1,0.03308716775615342,0.9926150326846026
1,10,300,2871,1,0.03496347413984687,1.048904224195406
1,10,300,2872,1,0.035209445608131114,1.0562833682439334
1,10,300,2873,1,0.03443490761925211,1.0330472285775634
1,10,300,2874,1,0.03524652308100204,1.0573956924300612
1,10,300,2875,1,0.03459335212254197,1.037800563676259
1,10,300,2876,1,0.03531850360402987,1.059555108120896
1,10,300,2877,1,0.03564207535590863,1.069262260677259
1,10,300,2878,1,0.034512553905625576,1.0353766171687673
1,10,300,2879,1,0.03378402647192257,1.0135207941576772
1,10,300,2880,1,0.034510653359398444,1.0353196007819534
1,10,300,2881,1,0.0346084219377919,1.038252658133757
1,10,300,2882,1,0.03454146633996277,1.0362439901988831
1,10,300,2883,1,0.035177017254081636,1.055310517622449
1,10,300,2884,1,0.033747628021123084,1.0124288406336925
1,10,300,2885,1,0.03588865449032603,1.0766596347097808
1,10,300,2886,1,0.0341693958876939,1.0250818766308172
1,10,300,2887,1,0.03490322909068283,1.0470968727204848
1,10,300,2888,1,0.03473170897514295,1.0419512692542887
1,10,300,2889,1,0.03420841921684426,1.0262525765053279
1,10,300,2890,1,0.03470435574888543,1.041130672466563
1,10,300,2891,1,0.03492853352416383,1.0478560057249149
1,10,300,2892,1,0.033911940677400526,1.017358220322016
1,10,300,2893,1,0.03434742482128295,1.0304227446384886
1,10,300,2894,1,0.03251237441104602,0.9753712323313806
1,10,300,2895,1,0.034323957251723436,1.029718717551703
1,10,300,2896,1,0.033877526810361616,1.0163258043108485
1,10,300,2897,1,0.03542916097337859,1.0628748292013577
1,10,300,2898,1,0.0351644365230933,1.054933095692799
1,10,300,2899,1,0.03371226913591023,1.011368074077307
1,10,300,2900,1,0.03474982067260143,1.0424946201780427
1,10,300,2901,1,0.03585555649741698,1.0756666949225093
1,10,300,2902,1,0.03518438785051779,1.0555316355155338
1,10,300,2903,1,0.03600332408879199,1.0800997226637596
1,10,300,2904,1,0.034476391627309186,1.0342917488192755
1,10,300,2905,1,0.03418409539088146,1.0255228617264438
1,10,300,2906,1,0.03491613648790194,1.0474840946370583
1,10,300,2907,1,0.03641073727014134,1.0923221181042402
1,10,300,2908,1,0.03492355463054858,1.0477066389164575
1,10,300,2909,1,0.03471715987644376,1.041514796293313
1,10,300,2910,1,0.03514493115403528,1.0543479346210585
1,10,300,2911,1,0.03636790826779414,1.0910372480338242
1,10,300,2912,1,0.036496947221308584,1.0949084166392575
1,10,300,2913,1,0.03443346012936311,1.0330038038808933
1,10,300,2914,1,0.033797421696949534,1.013922650908486
1,10,300,2915,1,0.036415236263277945,1.0924570878983384
1,10,300,2916,1,0.035002067465473706,1.050062023964211
1,10,300,2917,1,0.033642732082036095,1.009281962461083
1,10,300,2918,1,0.034523935858468024,1.0357180757540407
1,10,300,2919,1,0.03359357624243846,1.0078072872731538
1,10,300,2920,1,0.0330482583808141,0.9914477514244229
1,10,300,2921,1,0.03447963729627147,1.0343891188881442
1,10,300,2922,1,0.03553763518975052,1.0661290556925156
1,10,300,2923,1,0.03522654407771731,1.0567963223315193
1,10,300,2924,1,0.034150770891661394,1.0245231267498418
1,10,300,2925,1,0.03616149812614637,1.084844943784391
1,10,300,2926,1,0.03429700960966659,1.0289102882899976
1,10,300,2927,1,0.03516846804760805,1.0550540414282414
1,10,300,2928,1,0.034726417206034685,1.0417925161810406
1,10,300,2929,1,0.034450343090745725,1.0335102927223718
1,10,300,2930,1,0.03562725534786274,1.0688176604358823
1,10,300,2931,1,0.034888852785361746,1.0466655835608525
1,10,300,2932,1,0.0345408340951155,1.036225022853465
1,10,300,2933,1,0.03318508953629389,0.9955526860888166
1,10,300,2934,1,0.03331614162549156,0.999484248764747
1,10,300,2935,1,0.03395717877510575,1.0187153632531725
1,10,300,2936,1,0.0345270439389187,1.035811318167561
1,10,300,2937,1,0.03568487690245325,1.0705463070735974
1,10,300,2938,1,0.034797946357867496,1.043938390736025
1,10,300,2939,1,0.0337523660006572,1.012570980019716
1,10,300,2940,1,0.03373097496868432,1.0119292490605294
1,10,300,2941,1,0.032961843995630395,0.9888553198689118
1,10,300,2942,1,0.03376596556003823,1.012978966801147
1,10,300,2943,1,0.03289135378745307,0.9867406136235921
1,10,300,2944,1,0.035662266869144366,1.069868006074331
1,10,300,2945,1,0.034438205982856185,1.0331461794856855
1,10,300,2946,1,0.03608388595412729,1.0825165786238187
1,10,300,2947,1,0.035407804809053346,1.0622341442716003
1,10,300,2948,1,0.035535693805551855,1.0660708141665558
1,10,300,2949,1,0.03429618844115753,1.0288856532347261
1,10,300,2950,1,0.03426793659434953,1.028038097830486
1,10,300,2951,1,0.0350586141691966,1.051758425075898
1,10,300,2952,1,0.03393786893950358,1.0181360681851075
1,10,300,2953,1,0.03202421732704299,0.9607265198112896
1,10,300,2954,1,0.03260350196197366,0.9781050588592098
1,10,300,2955,1,0.03443033280313189,1.0329099840939566
1,10,300,2956,1,0.035828328310353603,1.0748498493106082
1,10,300,2957,1,0.03445754473618771,1.033726342085631
1,10,300,2958,1,0.03530881464540672,1.0592644393622017
1,10,300,2959,1,0.033912168888436164,1.017365066653085
1,10,300,2960,1,0.03567333727995809,1.0702001183987426
1,10,300,2961,1,0.03453824646506624,1.0361473939519872
1,10,300,2962,1,0.03390930356955689,1.0172791070867067
1,10,300,2963,1,0.03693653779781185,1.1080961339343554
1,10,300,2964,1,0.03537191985749888,1.0611575957249664
1,10,300,2965,1,0.03534818321286254,1.0604454963858763
1,10,300,2966,1,0.03429566177631009,1.0288698532893028
1,10,300,2967,1,0.03504748250354062,1.0514244751062185
1,10,300,2968,1,0.034681775206516746,1.0404532561955024
1,10,300,2969,1,0.03520004672561017,1.056001401768305
1,10,300,2970,1,0.03490773796002539,1.0472321388007617
1,10,300,2971,1,0.03513054184948218,1.0539162554844654
1,10,300,2972,1,0.034824128084660774,1.0447238425398233
1,10,300,2973,1,0.034420626119855934,1.032618783595678
1,10,300,2974,1,0.03530379102688328,1.0591137308064984
1,10,300,2975,1,0.034955836571541325,1.0486750971462397
1,10,300,2976,1,0.035403055314151055,1.0620916594245318
1,10,300,2977,1,0.03555694395818297,1.066708318745489
1,10,300,2978,1,0.03526321217013747,1.057896365104124
1,10,300,2979,1,0.03337039866470744,1.001111959941223
1,10,300,2980,1,0.03511233267993989,1.0533699803981968
1,10,300,2981,1,0.03330178168566865,0.9990534505700595
1,10,300,2982,1,0.03454394482276012,1.0363183446828035
1,10,300,2983,1,0.03548795872151045,1.0646387616453135
1,10,300,2984,1,0.034210943900859866,1.026328317025796
1,10,300,2985,1,0.03647337089775003,1.094201126932501
1,10,300,2986,1,0.034506485113723326,1.0351945534116997
1,10,300,2987,1,0.037209216114144,1.1162764834243202
1,10,300,2988,1,0.0342763597255618,1.028290791766854
1,10,300,2989,1,0.03524484404547698,1.0573453213643096
1,10,300,2990,1,0.034773520930810584,1.0432056279243176
1,10,300,2991,1,0.034713519562995905,1.041405586889877
1,10,300,2992,1,0.03295580582380315,0.9886741747140946
1,10,300,2993,1,0.03409768299381544,1.022930489814463
1,10,300,2994,1,0.034636643676585935,1.039099310297578
1,10,300,2995,1,0.03445640983022462,1.0336922949067386
1,10,300,2996,1,0.0348277222008143,1.044831666024429
1,10,300,2997,1,0.03480428641462169,1.0441285924386505
1,10,300,2998,1,0.03427123387671554,1.0281370163014663
1,10,300,2999,1,0.033648358606115994,1.0094507581834797
1,10,300,3000,1,0.03402858187383648,1.0208574562150943
1,10,300,3001,1,0.03560036072353031,1.0680108217059092
1,10,300,3002,1,0.03483615204227437,1.045084561268231
1,10,300,3003,1,0.03574690451491991,1.0724071354475972
1,10,300,3004,1,0.03450143594560765,1.0350430783682296
1,10,300,3005,1,0.034189775359768214,1.0256932607930465
1,10,300,3006,1,0.03370575493681724,1.0111726481045173
1,10,300,3007,1,0.03431374259788375,1.0294122779365125
1,10,300,3008,1,0.03380611490874033,1.01418344726221
1,10,300,3009,1,0.03380833874882688,1.0142501624648064
1,10,300,3010,1,0.034680290110187195,1.040408703305616
1,10,300,3011,1,0.03536895294113055,1.0610685882339166
1,10,300,3012,1,0.03434499772600666,1.0303499317801998
1,10,300,3013,1,0.034784689467577685,1.0435406840273305
1,10,300,3014,1,0.03394601640225918,1.0183804920677755
1,10,300,3015,1,0.03535740045203395,1.0607220135610185
1,10,300,3016,1,0.03454114134416591,1.0362342403249774
1,10,300,3017,1,0.033105341242910605,0.9931602372873181
1,10,300,3018,1,0.03416429501545922,1.0249288504637766
1,10,300,3019,1,0.032632604641466445,0.9789781392439935
1,10,300,3020,1,0.03551472810505915,1.0654418431517745
1,10,300,3021,1,0.03374785127359088,1.0124355382077264
1,10,300,3022,1,0.03490640661255791,1.0471921983767372
1,10,300,3023,1,0.034669391653934165,1.0400817496180248
1,10,300,3024,1,0.03310059477654673,0.9930178432964019
1,10,300,3025,1,0.03424903341776743,1.027471002533023
1,10,300,3026,1,0.03228984125873574,0.9686952377620722
1,10,300,3027,1,0.034973536740961264,1.049206102228838
1,10,300,3028,1,0.03394053123028559,1.0182159369085677
1,10,300,3029,1,0.033555131922684986,1.0066539576805495
1,10,300,3030,1,0.03375048478698731,1.0125145436096195
1,10,300,3031,1,0.03527522505282259,1.0582567515846777
1,10,300,3032,1,0.03380482390884997,1.0141447172654992
1,10,300,3033,1,0.03627624161044756,1.0882872483134267
1,10,300,3034,1,0.03429645553342975,1.0288936660028924
1,10,300,3035,1,0.034821105366831605,1.0446331610049482
1,10,300,3036,1,0.034774313944314905,1.0432294183294473
1,10,300,3037,1,0.03434303886405475,1.0302911659216425
1,10,300,3038,1,0.03299689778866328,0.9899069336598985
1,10,300,3039,1,0.03285852888893565,0.9857558666680696
1,10,300,3040,1,0.035993769218751505,1.079813076562545
1,10,300,3041,1,0.033589809784492934,1.007694293534788
1,10,300,3042,1,0.03358630043059657,1.007589012917897
1,10,300,3043,1,0.03783149728899944,1.1349449186699831
1,10,300,3044,1,0.036896201469017495,1.1068860440705248
1,10,300,3045,1,0.03421283496308615,1.0263850488925845
1,10,300,3046,1,0.03519287480739655,1.0557862442218966
1,10,300,3047,1,0.03345967350678461,1.0037902052035383
1,10,300,3048,1,0.03426315891933884,1.0278947675801653
1,10,300,3049,1,0.03557193636323683,1.0671580908971048
1,10,300,3050,1,0.03400739995928039,1.0202219987784118
1,10,300,3051,1,0.03487607791575567,1.0462823374726702
1,10,300,3052,1,0.03431075312393553,1.029322593718066
1,10,300,3053,1,0.034079936881049294,1.0223981064314789
1,10,300,3054,1,0.03407949362006049,1.0223848086018148
1,10,300,3055,1,0.035924072678529734,1.077722180355892
1,10,300,3056,1,0.03375729051157703,1.012718715347311
1,10,300,3057,1,0.03496751431172738,1.0490254293518213
1,10,300,3058,1,0.03513785944658917,1.054135783397675
1,10,300,3059,1,0.0347937159715731,1.043811479147193
1,10,300,3060,1,0.03419534822489648,1.0258604467468944
1,10,300,3061,1,0.0341718788818236,1.025156366454708
1,10,300,3062,1,0.03510060322515782,1.0530180967547345
1,10,300,3063,1,0.03564823360587506,1.0694470081762517
1,10,300,3064,1,0.034378398752584194,1.0313519625775258
1,10,300,3065,1,0.0336809516784605,1.0104285503538148
1,10,300,3066,1,0.03398398455949073,1.0195195367847218
1,10,300,3067,1,0.034103736717329844,1.0231121015198954
1,10,300,3068,1,0.03483714545649716,1.0451143636949147
1,10,300,3069,1,0.03224552907542923,0.9673658722628768
1,10,300,3070,1,0.03391521872968205,1.0174565618904614
1,10,300,3071,1,0.03450845834271604,1.0352537502814811
1,10,300,3072,1,0.03456975730569273,1.0370927191707817
1,10,300,3073,1,0.035327140185031664,1.0598142055509499
1,10,300,3074,1,0.03445439411139483,1.033631823341845
1,10,300,3075,1,0.03339718684084955,1.0019156052254865
1,10,300,3076,1,0.035303145223487785,1.0590943567046336
1,10,300,3077,1,0.034452311481698854,1.0335693444509657
1,10,300,3078,1,0.03541354042442117,1.0624062127326352
1,10,300,3079,1,0.03508780791794107,1.052634237538232
1,10,300,3080,1,0.03371580542314816,1.0114741626944448
1,10,300,3081,1,0.03367771438652438,1.0103314315957315
1,10,300,3082,1,0.03400576172598621,1.0201728517795865
1,10,300,3083,1,0.03427281417242585,1.0281844251727754
1,10,300,3084,1,0.03647760289442819,1.0943280868328455
1,10,300,3085,1,0.03383473014369336,1.015041904310801
1,10,300,3086,1,0.035183079344056595,1.0554923803216978
1,10,300,3087,1,0.033471725462992694,1.0041517638897808
1,10,300,3088,1,0.033368842452335325,1.0010652735700598
1,10,300,3089,1,0.03606564900601479,1.0819694701804436
1,10,300,3090,1,0.03381928719462475,1.0145786158387424
1,10,300,3091,1,0.03528591907994428,1.0585775723983284
1,10,300,3092,1,0.03199464014930993,0.9598392044792978
1,10,300,3093,1,0.03450027549689913,1.0350082649069738
1,10,300,3094,1,0.034348587901038355,1.0304576370311507
1,10,300,3095,1,0.03424087834112442,1.0272263502337327
1,10,300,3096,1,0.035141071414531364,1.0542321424359409
1,10,300,3097,1,0.03454139614042673,1.0362418842128018
1,10,300,3098,1,0.03431069376493971,1.0293208129481912
1,10,300,3099,1,0.03394517956530812,1.0183553869592434
1,10,300,3100,1,0.03384020551893835,1.0152061655681506
1,10,300,3101,1,0.03354376144962776,1.0063128434888327
1,10,300,3102,1,0.03451883023190548,1.0355649069571644
1,10,300,3103,1,0.035700638725246335,1.07101916175739
1,10,300,3104,1,0.034625487837144225,1.0387646351143267
1,10,300,3105,1,0.034136771719052314,1.0241031515715693
1,10,300,3106,1,0.034248874888844004,1.0274662466653202
1,10,300,3107,1,0.03421826296047807,1.0265478888143422
1,10,300,3108,1,0.0350474579296948,1.0514237378908438
1,10,300,3109,1,0.033954615529705814,1.0186384658911745
1,10,300,3110,1,0.03486349787160764,1.045904936148229
1,10,300,3111,1,0.035327049139664043,1.0598114741899214
1,10,300,3112,1,0.03489449925943158,1.0468349777829475
1,10,300,3113,1,0.03499060908023726,1.049718272407118
1,10,300,3114,1,0.035953116361813815,1.0785934908544144
1,10,300,3115,1,0.03544510368402118,1.0633531105206353
1,10,300,3116,1,0.034695074083130314,1.0408522224939094
1,10,300,3117,1,0.034469179122465554,1.0340753736739665
1,10,300,3118,1,0.034506750262365465,1.035202507870964
1,10,300,3119,1,0.03481088053883586,1.0443264161650758
1,10,300,3120,1,0.03494826449808949,1.048447934942685
1,10,300,3121,1,0.03406131848632249,1.0218395545896748
1,10,300,3122,1,0.0343251118330863,1.029753354992589
1,10,300,3123,1,0.03398107511528583,1.019432253458575
1,10,300,3124,1,0.03433005034683692,1.0299015104051077
1,10,300,3125,1,0.03409539337948763,1.022861801384629
1,10,300,3126,1,0.034291152527928574,1.0287345758378572
1,10,300,3127,1,0.03507108232016369,1.0521324696049108
1,10,300,3128,1,0.03333325839229319,0.9999977517687956
1,10,300,3129,1,0.03473668980153419,1.0421006940460256
1,10,300,3130,1,0.03516779513574538,1.0550338540723616
1,10,300,3131,1,0.034764579497267405,1.0429373849180221
1,10,300,3132,1,0.03278956335840706,0.9836869007522118
1,10,300,3133,1,0.03464279903596035,1.0392839710788104
1,10,300,3134,1,0.0344951667323298,1.034855001969894
1,10,300,3135,1,0.03457161200651372,1.0371483601954117
1,10,300,3136,1,0.03382900009238091,1.0148700027714272
1,10,300,3137,1,0.03481666081520249,1.0444998244560746
1,10,300,3138,1,0.03590600860963809,1.0771802582891428
1,10,300,3139,1,0.033373773193261805,1.001213195797854
1,10,300,3140,1,0.03416788310798681,1.0250364932396043
1,10,300,3141,1,0.033410104105809836,1.0023031231742952
1,10,300,3142,1,0.03503195579100822,1.0509586737302468
1,10,300,3143,1,0.03523323014828409,1.0569969044485226
1,10,300,3144,1,0.034811515944792495,1.044345478343775
1,10,300,3145,1,0.0345962756783107,1.037888270349321
1,10,300,3146,1,0.036161503878859,1.08484511636577
1,10,300,3147,1,0.03468662992788564,1.0405988978365692
1,10,300,3148,1,0.03603852756907998,1.0811558270723993
1,10,300,3149,1,0.03299889046223006,0.9899667138669018
1,10,300,3150,1,0.03540770680300972,1.0622312040902915
1,10,300,3151,1,0.033371349192755105,1.0011404757826532
1,10,300,3152,1,0.03517850874303146,1.0553552622909437
1,10,300,3153,1,0.03382017350501933,1.0146052051505798
1,10,300,3154,1,0.0336550333273909,1.009650999821727
1,10,300,3155,1,0.035139502736710446,1.0541850821013132
1,10,300,3156,1,0.034796508938152525,1.0438952681445757
1,10,300,3157,1,0.033302064929659786,0.9990619478897935
1,10,300,3158,1,0.035928060667117505,1.0778418200135251
1,10,300,3159,1,0.03448009378938316,1.034402813681495
1,10,300,3160,1,0.03527005291255525,1.0581015873766575
1,10,300,3161,1,0.03476438135569829,1.0429314406709485
1,10,300,3162,1,0.035447037798885146,1.0634111339665544
1,10,300,3163,1,0.03539709771364062,1.0619129314092186
1,10,300,3164,1,0.034749826469203715,1.0424947940761116
1,10,300,3165,1,0.03384733897940982,1.0154201693822946
1,10,300,3166,1,0.03506598295234607,1.0519794885703821
1,10,300,3167,1,0.034123081859767715,1.0236924557930314
1,10,300,3168,1,0.03361745575372095,1.0085236726116285
1,10,300,3169,1,0.0339526777370812,1.018580332112436
1,10,300,3170,1,0.03471261376008081,1.0413784128024242
1,10,300,3171,1,0.03489314123073289,1.0467942369219867
1,10,300,3172,1,0.03373197865268477,1.0119593595805432
1,10,300,3173,1,0.0340178824921672,1.020536474765016
1,10,300,3174,1,0.03421023357897964,1.0263070073693892
1,10,300,3175,1,0.03372291591025039,1.0116874773075115
1,10,300,3176,1,0.03409934938551033,1.02298048156531
1,10,300,3177,1,0.03395475601482785,1.0186426804448354
1,10,300,3178,1,0.03382149800202796,1.0146449400608388
1,10,300,3179,1,0.03435683862250425,1.0307051586751275
1,10,300,3180,1,0.03576364103993766,1.0729092311981299
1,10,300,3181,1,0.036244521366043614,1.0873356409813084
1,10,300,3182,1,0.034115248789960056,1.0234574636988016
1,10,300,3183,1,0.03338453144878442,1.0015359434635327
1,10,300,3184,1,0.03637994867298347,1.0913984601895041
1,10,300,3185,1,0.0364780714132293,1.0943421423968789
1,10,300,3186,1,0.033734738298938666,1.0120421489681601
1,10,300,3187,1,0.03626673025443518,1.0880019076330554
1,10,300,3188,1,0.03427733930201569,1.0283201790604706
1,10,300,3189,1,0.03485781467952735,1.0457344403858206
1,10,300,3190,1,0.035432756116466874,1.0629826834940062
1,10,300,3191,1,0.0328111217282935,0.984333651848805
1,10,300,3192,1,0.036405934658507,1.0921780397552099
1,10,300,3193,1,0.03534724526241871,1.0604173578725613
1,10,300,3194,1,0.03489413134201899,1.0468239402605697
1,10,300,3195,1,0.03474049216203641,1.0422147648610922
1,10,300,3196,1,0.03460439525571882,1.0381318576715644
1,10,300,3197,1,0.03512573940941353,1.0537721822824058
1,10,300,3198,1,0.034578299693331704,1.0373489907999511
1,10,300,3199,1,0.03557636425475447,1.0672909276426341
1,10,300,3200,1,0.03595518026771602,1.0786554080314805
1,10,300,3201,1,0.03460881969382744,1.0382645908148231
1,10,300,3202,1,0.03388227443154816,1.016468232946445
1,10,300,3203,1,0.03545772610583739,1.0637317831751216
1,10,300,3204,1,0.034493006973944265,1.0347902092183279
1,10,300,3205,1,0.03357236709611139,1.0071710128833415
1,10,300,3206,1,0.034813977342363606,1.0444193202709082
1,10,300,3207,1,0.03494916470056979,1.0484749410170937
1,10,300,3208,1,0.03411595554834533,1.02347866645036
1,10,300,3209,1,0.035910217555148956,1.0773065266544688
1,10,300,3210,1,0.03593416928932705,1.0780250786798116
1,10,300,3211,1,0.03465072732168034,1.0395218196504101
1,10,300,3212,1,0.034434719584398615,1.0330415875319585
1,10,300,3213,1,0.03461917305313269,1.0385751915939807
1,10,300,3214,1,0.033207793169208855,0.9962337950762656
1,10,300,3215,1,0.03419054404121569,1.0257163212364706
1,10,300,3216,1,0.03450657058648307,1.035197117594492
1,10,300,3217,1,0.03276103267526888,0.9828309802580664
1,10,300,3218,1,0.03456995239773979,1.0370985719321937
1,10,300,3219,1,0.0347695910614859,1.043087731844577
1,10,300,3220,1,0.03586582198315108,1.0759746594945325
1,10,300,3221,1,0.03498121955128139,1.0494365865384416
1,10,300,3222,1,0.03573213858304433,1.0719641574913301
1,10,300,3223,1,0.03365190849698474,1.0095572549095422
1,10,300,3224,1,0.0331253975608931,0.9937619268267929
1,10,300,3225,1,0.03387775084251518,1.0163325252754554
1,10,300,3226,1,0.03421482992532135,1.0264448977596405
1,10,300,3227,1,0.03437435093797113,1.0312305281391339
1,10,300,3228,1,0.03579034462411498,1.0737103387234492
1,10,300,3229,1,0.03472069511110468,1.0416208533331404
1,10,300,3230,1,0.03491277883894037,1.047383365168211
1,10,300,3231,1,0.034333377262371484,1.0300013178711445
1,10,300,3232,1,0.033975689900407786,1.0192706970122336
1,10,300,3233,1,0.0345420813388094,1.0362624401642822
1,10,300,3234,1,0.03420231860200844,1.0260695580602532
1,10,300,3235,1,0.03460419765186847,1.038125929556054
1,10,300,3236,1,0.03445140722433064,1.0335422167299193
1,10,300,3237,1,0.03485228442895694,1.045568532868708
1,10,300,3238,1,0.0342552805994564,1.027658417983692
1,10,300,3239,1,0.03469689037332854,1.0409067111998564
1,10,300,3240,1,0.03641297565774568,1.0923892697323703
1,10,300,3241,1,0.03384730097052749,1.0154190291158245
1,10,300,3242,1,0.03529262657009094,1.0587787971027283
1,10,300,3243,1,0.03344684370541076,1.003405311162323
1,10,300,3244,1,0.03374046803169424,1.0122140409508273
1,10,300,3245,1,0.034924436484785805,1.047733094543574
1,10,300,3246,1,0.03547925112906028,1.0643775338718084
1,10,300,3247,1,0.0354730366503913,1.064191099511739
1,10,300,3248,1,0.035813586390756866,1.0744075917227058
1,10,300,3249,1,0.03313753763123638,0.9941261289370914
1,10,300,3250,1,0.03375615065582301,1.0126845196746905
1,10,300,3251,1,0.034230090775346916,1.0269027232604073
1,10,300,3252,1,0.03285120605388864,0.985536181616659
1,10,300,3253,1,0.03537037431790786,1.0611112295372358
1,10,300,3254,1,0.03584224605086368,1.0752673815259104
1,10,300,3255,1,0.034598260891718,1.0379478267515398
1,10,300,3256,1,0.03254954186192181,0.9764862558576544
1,10,300,3257,1,0.03265427070123184,0.9796281210369553
1,10,300,3258,1,0.03475776291936311,1.0427328875808934
1,10,300,3259,1,0.03300213206420621,0.9900639619261863
1,10,300,3260,1,0.03417756030787203,1.025326809236161
1,10,300,3261,1,0.034525871401363054,1.0357761420408917
1,10,300,3262,1,0.0349281964822792,1.047845894468376
1,10,300,3263,1,0.03408528288140053,1.022558486442016
1,10,300,3264,1,0.03382355699051459,1.0147067097154376
1,10,300,3265,1,0.03509666206742253,1.052899862022676
1,10,300,3266,1,0.035599315337293574,1.0679794601188073
1,10,300,3267,1,0.03480579892284337,1.044173967685301
1,10,300,3268,1,0.03581673796103939,1.0745021388311815
1,10,300,3269,1,0.03594740553809368,1.0784221661428104
1,10,300,3270,1,0.03533785306254522,1.0601355918763566
1,10,300,3271,1,0.03438251450796052,1.0314754352388156
1,10,300,3272,1,0.034304927682414194,1.0291478304724258
1,10,300,3273,1,0.03378755356104138,1.0136266068312412
1,10,300,3274,1,0.03425299820393585,1.0275899461180755
1,10,300,3275,1,0.03515225154415664,1.0545675463246993
1,10,300,3276,1,0.0337277239065637,1.0118317171969111
1,10,300,3277,1,0.034415104133157695,1.0324531239947308
1,10,300,3278,1,0.03297728411547061,0.9893185234641182
1,10,300,3279,1,0.034856978170070586,1.0457093451021175
1,10,300,3280,1,0.03348308390813727,1.0044925172441181
1,10,300,3281,1,0.03376586594756236,1.0129759784268708
1,10,300,3282,1,0.03385320940912961,1.0155962822738882
1,10,300,3283,1,0.03439895023869445,1.0319685071608335
1,10,300,3284,1,0.034446738712947664,1.0334021613884299
1,10,300,3285,1,0.036079237364537366,1.082377120936121
1,10,300,3286,1,0.035242236055947555,1.0572670816784266
1,10,300,3287,1,0.03699695338471416,1.109908601541425
1,10,300,3288,1,0.03425021632571783,1.0275064897715347
1,10,300,3289,1,0.03658692065146342,1.0976076195439026
1,10,300,3290,1,0.035096583590886764,1.052897507726603
1,10,300,3291,1,0.034174904198202224,1.0252471259460667
1,10,300,3292,1,0.03515653423211854,1.0546960269635561
1,10,300,3293,1,0.0329072134331911,0.9872164029957329
1,10,300,3294,1,0.03361059599056858,1.0083178797170573
1,10,300,3295,1,0.03420742799201577,1.026222839760473
1,10,300,3296,1,0.0350184816945794,1.050554450837382
1,10,300,3297,1,0.034594618678296475,1.0378385603488942
1,10,300,3298,1,0.03511354683536633,1.0534064050609897
1,10,300,3299,1,0.03440258793655,1.0320776380965
1,10,300,3300,1,0.03528404251318738,1.0585212753956215
1,10,300,3301,1,0.03402459361993801,1.0207378085981405
1,10,300,3302,1,0.03430971985374628,1.0292915956123883
1,10,300,3303,1,0.03426369263033831,1.0279107789101491
1,10,300,3304,1,0.03349271593373292,1.0047814780119875
1,10,300,3305,1,0.036544472784950474,1.0963341835485143
1,10,300,3306,1,0.033474158989723626,1.0042247696917088
1,10,300,3307,1,0.03578480450558162,1.0735441351674486
1,10,300,3308,1,0.03361864560999024,1.0085593682997072
1,10,300,3309,1,0.03458573362578448,1.0375720087735343
1,10,300,3310,1,0.03551715845766376,1.065514753729913
1,10,300,3311,1,0.035654036085391125,1.0696210825617336
1,10,300,3312,1,0.037015101118554064,1.1104530335566218
1,10,300,3313,1,0.03366170043729546,1.0098510131188638
1,10,300,3314,1,0.03441119517132718,1.0323358551398154
1,10,300,3315,1,0.03571508720258916,1.0714526160776747
1,10,300,3316,1,0.0369452507432491,1.108357522297473
1,10,300,3317,1,0.03562831939675094,1.0688495819025283
1,10,300,3318,1,0.03412201799430416,1.0236605398291247
1,10,300,3319,1,0.034650009699502715,1.0395002909850815
1,10,300,3320,1,0.03286188375155439,0.9858565125466316
1,10,300,3321,1,0.034868756246291474,1.0460626873887442
1,10,300,3322,1,0.03592189891451798,1.0776569674355394
1,10,300,3323,1,0.03522232985320621,1.0566698955961864
1,10,300,3324,1,0.0344112915582825,1.032338746748475
1,10,300,3325,1,0.03558227037075757,1.067468111122727
1,10,300,3326,1,0.03330680895635847,0.9992042686907542
1,10,300,3327,1,0.034383744788233146,1.0315123436469944
1,10,300,3328,1,0.03619717847395152,1.0859153542185456
1,10,300,3329,1,0.03265033398799729,0.9795100196399188
1,10,300,3330,1,0.03423214283015718,1.0269642849047154
1,10,300,3331,1,0.03638408621156233,1.09152258634687
1,10,300,3332,1,0.0339701672182213,1.0191050165466389
1,10,300,3333,1,0.03530856629219323,1.0592569887657968
1,10,300,3334,1,0.0346780765055448,1.0403422951663441
1,10,300,3335,1,0.03392721325250129,1.0178163975750387
1,10,300,3336,1,0.03462717715243914,1.0388153145731742
1,10,300,3337,1,0.033122473174736725,0.9936741952421018
1,10,300,3338,1,0.03530356579086012,1.0591069737258036
1,10,300,3339,1,0.033749898367506054,1.0124969510251816
1,10,300,3340,1,0.032519602413612195,0.9755880724083659
1,10,300,3341,1,0.034505748439220676,1.0351724531766204
1,10,300,3342,1,0.03333250948662266,0.9999752845986798
1,10,300,3343,1,0.03418782080473905,1.0256346241421714
1,10,300,3344,1,0.033901957001492046,1.0170587100447614
1,10,300,3345,1,0.032668787307009985,0.9800636192102996
1,10,300,3346,1,0.034553970206001004,1.03661910618003
1,10,300,3347,1,0.033602535121926,1.00807605365778
1,10,300,3348,1,0.03405018270311005,1.0215054810933013
1,10,300,3349,1,0.03559781789153327,1.067934536745998
1,10,300,3350,1,0.03453282439994486,1.0359847319983457
1,10,300,3351,1,0.034652141415658456,1.0395642424697535
1,10,300,3352,1,0.03361331186896238,1.0083993560688715
1,10,300,3353,1,0.03570863714145509,1.0712591142436527
1,10,300,3354,1,0.03411124952462354,1.0233374857387063
1,10,300,3355,1,0.03513150443227833,1.05394513296835
1,10,300,3356,1,0.03267087210512311,0.9801261631536933
1,10,300,3357,1,0.03303130925528129,0.9909392776584387
1,10,300,3358,1,0.03459600388993228,1.0378801166979685
1,10,300,3359,1,0.03483413717716021,1.0450241153148063
1,10,300,3360,1,0.034288844847887884,1.0286653454366363
1,10,300,3361,1,0.03574746445409656,1.0724239336228967
1,10,300,3362,1,0.035630230103284574,1.0689069030985372
1,10,300,3363,1,0.0356491527557304,1.0694745826719119
1,10,300,3364,1,0.03503143335315029,1.0509430005945086
1,10,300,3365,1,0.03401781620816427,1.020534486244928
1,10,300,3366,1,0.03548036426477041,1.0644109279431122
1,10,300,3367,1,0.0343294845164812,1.029884535494436
1,10,300,3368,1,0.03418592171007402,1.0255776513022208
1,10,300,3369,1,0.036372633215075514,1.0911789964522653
1,10,300,3370,1,0.03598895266788516,1.0796685800365549
1,10,300,3371,1,0.03502939663444287,1.050881899033286
1,10,300,3372,1,0.0351427106438698,1.054281319316094
1,10,300,3373,1,0.03332501177077176,0.9997503531231529
1,10,300,3374,1,0.035347050145438486,1.0604115043631546
1,10,300,3375,1,0.034001035953970124,1.0200310786191038
1,10,300,3376,1,0.03388933554242467,1.01668006627274
1,10,300,3377,1,0.03469467595826406,1.0408402787479218
1,10,300,3378,1,0.03235490187661105,0.9706470562983316
1,10,300,3379,1,0.03503200563791537,1.050960169137461
1,10,300,3380,1,0.03406126436554134,1.0218379309662402
1,10,300,3381,1,0.033546469831579794,1.0063940949473937
1,10,300,3382,1,0.03481728519124111,1.0445185557372334
1,10,300,3383,1,0.03528618331298784,1.0585854993896353
1,10,300,3384,1,0.03395926719833393,1.018778015950018
1,10,300,3385,1,0.03400720113716797,1.0202160341150392
1,10,300,3386,1,0.03367261008875487,1.010178302662646
1,10,300,3387,1,0.035715481668002286,1.0714644500400685
1,10,300,3388,1,0.034630517321627266,1.038915519648818
1,10,300,3389,1,0.0362616544695719,1.0878496340871568
1,10,300,3390,1,0.03465904166207129,1.0397712498621385
1,10,300,3391,1,0.034642803534753915,1.0392841060426175
1,10,300,3392,1,0.03362526971623813,1.008758091487144
1,10,300,3393,1,0.033524168635142196,1.005725059054266
1,10,300,3394,1,0.03478104048445485,1.0434312145336455
1,10,300,3395,1,0.03331949940591336,0.9995849821774009
1,10,300,3396,1,0.03511845986180634,1.05355379585419
1,10,300,3397,1,0.03549736794351755,1.0649210383055265
1,10,300,3398,1,0.034204449579804674,1.0261334873941403
1,10,300,3399,1,0.03319850565153174,0.9959551695459522
1,10,300,3400,1,0.0356357124371101,1.069071373113303
1,10,300,3401,1,0.034933222510566186,1.0479966753169856
1,10,300,3402,1,0.0351160769824907,1.053482309474721
1,10,300,3403,1,0.034484761306486963,1.034542839194609
1,10,300,3404,1,0.03333431873434011,1.0000295620302033
1,10,300,3405,1,0.03572800113007264,1.0718400339021792
1,10,300,3406,1,0.03394602573168158,1.0183807719504474
1,10,300,3407,1,0.035843308884847366,1.075299266545421
1,10,300,3408,1,0.03362082531350148,1.0086247594050444
1,10,300,3409,1,0.03248148577598275,0.9744445732794824
1,10,300,3410,1,0.034180120907279794,1.025403627218394
1,10,300,3411,1,0.034145840051516455,1.0243752015454937
1,10,300,3412,1,0.03326320143940964,0.9978960431822891
1,10,300,3413,1,0.03619955580813724,1.085986674244117
1,10,300,3414,1,0.0333387184868105,1.000161554604315
1,10,300,3415,1,0.03509612798054845,1.0528838394164537
1,10,300,3416,1,0.03385294919754052,1.0155884759262155
1,10,300,3417,1,0.03455244894143468,1.0365734682430403
1,10,300,3418,1,0.035965177579966624,1.0789553273989987
1,10,300,3419,1,0.03395526532120309,1.0186579596360927
1,10,300,3420,1,0.03523292627776224,1.0569877883328673
1,10,300,3421,1,0.034178265441781513,1.0253479632534455
1,10,300,3422,1,0.03374818908691822,1.0124456726075466
1,10,300,3423,1,0.034165332930416965,1.0249599879125089
1,10,300,3424,1,0.03270063011526547,0.9810189034579642
1,10,300,3425,1,0.034811003013819494,1.044330090414585
1,10,300,3426,1,0.03533137743532439,1.0599413230597317
1,10,300,3427,1,0.035145347085484085,1.0543604125645225
1,10,300,3428,1,0.03365886900572071,1.0097660701716213
1,10,300,3429,1,0.03492430086438672,1.0477290259316017
1,10,300,3430,1,0.034187482590382706,1.0256244777114811
1,10,300,3431,1,0.03488365449145406,1.0465096347436218
1,10,300,3432,1,0.03414920790291133,1.02447623708734
1,10,300,3433,1,0.034351168361750214,1.0305350508525064
1,10,300,3434,1,0.034626324215337415,1.0387897264601225
1,10,300,3435,1,0.03426537439008624,1.0279612317025872
1,10,300,3436,1,0.03468416256577469,1.0405248769732407
1,10,300,3437,1,0.03342016245215927,1.0026048735647781
1,10,300,3438,1,0.03538693515112604,1.0616080545337812
1,10,300,3439,1,0.03275296916508737,0.9825890749526209
1,10,300,3440,1,0.03444699876457094,1.0334099629371283
1,10,300,3441,1,0.034076199695015845,1.0222859908504753
1,10,300,3442,1,0.034288325541447104,1.028649766243413
1,10,300,3443,1,0.03331438841884941,0.9994316525654823
1,10,300,3444,1,0.03473110004273261,1.0419330012819783
1,10,300,3445,1,0.03388965608970113,1.016689682691034
1,10,300,3446,1,0.03450176521899521,1.035052956569856
1,10,300,3447,1,0.03521292048809727,1.0563876146429183
1,10,300,3448,1,0.03447134853750797,1.0341404561252392
1,10,300,3449,1,0.035567100821385554,1.0670130246415668
1,10,300,3450,1,0.035221215625637015,1.0566364687691103
1,10,300,3451,1,0.03417169552551694,1.0251508657655082
1,10,300,3452,1,0.03623477455525617,1.0870432366576852
1,10,300,3453,1,0.03410696934244925,1.0232090802734777
1,10,300,3454,1,0.0358309608451495,1.074928825354485
1,10,300,3455,1,0.033318071218600934,0.9995421365580279
1,10,300,3456,1,0.03398974088872979,1.0196922266618937
1,10,300,3457,1,0.03434197314856938,1.0302591944570811
1,10,300,3458,1,0.035211426550706255,1.0563427965211878
1,10,300,3459,1,0.03616017102282319,1.0848051306846958
1,10,300,3460,1,0.03469816084698131,1.0409448254094393
1,10,300,3461,1,0.03437171713993151,1.0311515141979453
1,10,300,3462,1,0.03527329687527211,1.0581989062581632
1,10,300,3463,1,0.03423888333961937,1.027166500188581
1,10,300,3464,1,0.03358486829598856,1.0075460488796568
1,10,300,3465,1,0.03467386618510138,1.0402159855530415
1,10,300,3466,1,0.035933024712261244,1.0779907413678373
1,10,300,3467,1,0.034767823263091815,1.0430346978927545
1,10,300,3468,1,0.03366837639549406,1.010051291864822
1,10,300,3469,1,0.03626794356629409,1.0880383069888226
1,10,300,3470,1,0.03628001740295529,1.0884005220886588
1,10,300,3471,1,0.03349945991373586,1.0049837974120757
1,10,300,3472,1,0.034308840960538864,1.029265228816166
1,10,300,3473,1,0.03363650596693191,1.0090951790079572
1,10,300,3474,1,0.03410021000905685,1.0230063002717056
1,10,300,3475,1,0.0335025895515641,1.0050776865469229
1,10,300,3476,1,0.03282100040361939,0.9846300121085818
1,10,300,3477,1,0.035455380607280124,1.0636614182184037
1,10,300,3478,1,0.03381584467568408,1.0144753402705224
1,10,300,3479,1,0.03427997191630259,1.0283991574890776
1,10,300,3480,1,0.036534346038328946,1.0960303811498684
1,10,300,3481,1,0.03546878041283136,1.0640634123849408
1,10,300,3482,1,0.035415397862713506,1.0624619358814051
1,10,300,3483,1,0.03327199225894727,0.998159767768418
1,10,300,3484,1,0.03563486734602106,1.0690460203806318
1,10,300,3485,1,0.036725038290431125,1.1017511487129337
1,10,300,3486,1,0.03326591393291747,0.997977417987524
1,10,300,3487,1,0.034273867977221165,1.0282160393166349
1,10,300,3488,1,0.033717601923102164,1.011528057693065
1,10,300,3489,1,0.03609180293660435,1.0827540880981306
1,10,300,3490,1,0.03650871948245546,1.0952615844736637
1,10,300,3491,1,0.03477879123542747,1.0433637370628241
1,10,300,3492,1,0.035276069522053366,1.058282085661601
1,10,300,3493,1,0.033393185481759825,1.0017955644527947
1,10,300,3494,1,0.03276219097964833,0.9828657293894499
1,10,300,3495,1,0.033861181547363846,1.0158354464209154
1,10,300,3496,1,0.03531766785944901,1.0595300357834703
1,10,300,3497,1,0.03489747280456821,1.0469241841370462
1,10,300,3498,1,0.03344696750971846,1.0034090252915537
1,10,300,3499,1,0.035677188339047025,1.0703156501714108
1,10,300,3500,1,0.03500950456241035,1.0502851368723105
1,10,300,3501,1,0.03497149970969925,1.0491449912909774
1,10,300,3502,1,0.03549594173234098,1.0648782519702293
1,10,300,3503,1,0.03373482325836749,1.012044697751025
1,10,300,3504,1,0.03604411426002521,1.0813234278007564
1,10,300,3505,1,0.035783591320690054,1.0735077396207016
1,10,300,3506,1,0.033704607610864724,1.0111382283259416
1,10,300,3507,1,0.035613829853942125,1.0684148956182637
1,10,300,3508,1,0.03408225550148184,1.0224676650444553
1,10,300,3509,1,0.03476759165115237,1.0430277495345712
1,10,300,3510,1,0.03487435260988239,1.0462305782964718
1,10,300,3511,1,0.03397230921886246,1.0191692765658737
1,10,300,3512,1,0.035427411830579285,1.0628223549173785
1,10,300,3513,1,0.033463920019863494,1.0039176005959047
1,10,300,3514,1,0.03362868049908588,1.0088604149725762
1,10,300,3515,1,0.034358407368702215,1.0307522210610665
1,10,300,3516,1,0.033468683380649004,1.0040605014194701
1,10,300,3517,1,0.035415840712757884,1.0624752213827366
1,10,300,3518,1,0.03454321114261815,1.0362963342785445
1,10,300,3519,1,0.03348705013871006,1.004611504161302
1,10,300,3520,1,0.035444730266302515,1.0633419079890756
1,10,300,3521,1,0.03404494963366178,1.0213484890098534
1,10,300,3522,1,0.03333595400413267,1.00007862012398
1,10,300,3523,1,0.034419967578919276,1.0325990273675782
1,10,300,3524,1,0.03331179814936325,0.9993539444808974
1,10,300,3525,1,0.03239968038288438,0.9719904114865313
1,10,300,3526,1,0.03285060011257492,0.9855180033772477
1,10,300,3527,1,0.03386716369257603,1.016014910777281
1,10,300,3528,1,0.035226501983107616,1.0567950594932285
1,10,300,3529,1,0.03608729694542609,1.0826189083627829
1,10,300,3530,1,0.03457942253615627,1.0373826760846883
1,10,300,3531,1,0.03531322594212532,1.0593967782637594
1,10,300,3532,1,0.034900255528888646,1.0470076658666594
1,10,300,3533,1,0.03449233184143244,1.034769955242973
1,10,300,3534,1,0.03548040162401494,1.0644120487204483
1,10,300,3535,1,0.03260938545768627,0.978281563730588
1,10,300,3536,1,0.03385071644750781,1.0155214934252343
1,10,300,3537,1,0.032910146912185315,0.9873044073655594
1,10,300,3538,1,0.03463669539063366,1.0391008617190098
1,10,300,3539,1,0.03633288329490822,1.0899864988472465
1,10,300,3540,1,0.033649317735489036,1.009479532064671
1,10,300,3541,1,0.03526855207792905,1.0580565623378715
1,10,300,3542,1,0.034692685559942184,1.0407805667982655
1,10,300,3543,1,0.03365298374799617,1.009589512439885
1,10,300,3544,1,0.03340597888891893,1.0021793666675678
1,10,300,3545,1,0.03347655197313648,1.0042965591940944
1,10,300,3546,1,0.03538681756990607,1.0616045270971821
1,10,300,3547,1,0.03525631019690195,1.0576893059070585
1,10,300,3548,1,0.03468400825466396,1.0405202476399187
1,10,300,3549,1,0.03535525546472318,1.0606576639416954
1,10,300,3550,1,0.03466569617230217,1.039970885169065
1,10,300,3551,1,0.03383335334374986,1.0150006003124958
1,10,300,3552,1,0.03552357304717413,1.0657071914152239
1,10,300,3553,1,0.033551968706984264,1.0065590612095279
1,10,300,3554,1,0.035546534341860975,1.0663960302558293
1,10,300,3555,1,0.03313112694143115,0.9939338082429346
1,10,300,3556,1,0.035744990608784055,1.0723497182635218
1,10,300,3557,1,0.03566004056815088,1.0698012170445264
1,10,300,3558,1,0.034120436684487554,1.0236131005346265
1,10,300,3559,1,0.035148833032691465,1.054464990980744
1,10,300,3560,1,0.034265905117465065,1.027977153523952
1,10,300,3561,1,0.035653706313378344,1.0696111894013502
1,10,300,3562,1,0.035091917878551954,1.0527575363565584
1,10,300,3563,1,0.03479956166092962,1.0439868498278888
1,10,300,3564,1,0.03425263525828602,1.0275790577485806
1,10,300,3565,1,0.03506754243980597,1.0520262731941792
1,10,300,3566,1,0.03525844458564056,1.0577533375692167
1,10,300,3567,1,0.03456805804751452,1.0370417414254356
1,10,300,3568,1,0.03410373774054781,1.0231121322164343
1,10,300,3569,1,0.0345739797658096,1.0372193929742881
1,10,300,3570,1,0.03414595356200903,1.024378606860271
1,10,300,3571,1,0.03471299788062339,1.0413899364187018
1,10,300,3572,1,0.03443794877289462,1.0331384631868386
1,10,300,3573,1,0.03480990283912487,1.044297085173746
1,10,300,3574,1,0.03393781993523427,1.0181345980570282
1,10,300,3575,1,0.03506524027509772,1.0519572082529316
1,10,300,3576,1,0.03574829958246044,1.072448987473813
1,10,300,3577,1,0.0344661778798666,1.0339853363959979
1,10,300,3578,1,0.03480951540879113,1.0442854622637339
1,10,300,3579,1,0.03578190336524313,1.073457100957294
1,10,300,3580,1,0.03500920099651687,1.0502760298955063
1,10,300,3581,1,0.03524341137724947,1.057302341317484
1,10,300,3582,1,0.03369244779880625,1.0107734339641874
1,10,300,3583,1,0.03502091104825797,1.050627331447739
1,10,300,3584,1,0.03417043208042597,1.0251129624127793
1,10,300,3585,1,0.036039789582183596,1.081193687465508
1,10,300,3586,1,0.03341732235741528,1.0025196707224584
1,10,300,3587,1,0.036232226659905845,1.0869667997971753
1,10,300,3588,1,0.033013360680657675,0.9904008204197302
1,10,300,3589,1,0.03606979724836915,1.0820939174510746
1,10,300,3590,1,0.03392397688157756,1.0177193064473269
1,10,300,3591,1,0.03451373301079637,1.035411990323891
1,10,300,3592,1,0.033505779846647495,1.0051733953994249
1,10,300,3593,1,0.035569656744325995,1.0670897023297798
1,10,300,3594,1,0.03235659145448526,0.9706977436345579
1,10,300,3595,1,0.033845757098886514,1.0153727129665955
1,10,300,3596,1,0.03530654516314275,1.0591963548942824
1,10,300,3597,1,0.035078667986656265,1.052360039599688
1,10,300,3598,1,0.034999781805162306,1.0499934541548692
1,10,300,3599,1,0.03495928266714868,1.0487784800144602
1,10,300,3600,1,0.034904600852198625,1.0471380255659588
1,10,300,3601,1,0.03299657950771252,0.9898973852313757
1,10,300,3602,1,0.03321323599366543,0.9963970798099628
1,10,300,3603,1,0.03482712582524721,1.0448137747574164
1,10,300,3604,1,0.033944372360467594,1.018331170814028
1,10,300,3605,1,0.03488722734202403,1.046616820260721
1,10,300,3606,1,0.03543153441374868,1.0629460324124604
1,10,300,3607,1,0.03366941658747198,1.0100824976241594
1,10,300,3608,1,0.03309225521442999,0.9927676564328995
1,10,300,3609,1,0.03555040591101585,1.0665121773304755
1,10,300,3610,1,0.03436646238626723,1.030993871588017
1,10,300,3611,1,0.03396231678738761,1.0188695036216284
1,10,300,3612,1,0.03499099110888564,1.0497297332665692
1,10,300,3613,1,0.03553609385126453,1.0660828155379358
1,10,300,3614,1,0.03463043695811258,1.0389131087433774
1,10,300,3615,1,0.034341170161664304,1.0302351048499292
1,10,300,3616,1,0.035544124663157,1.06632373989471
1,10,300,3617,1,0.0354590879287045,1.0637726378611352
1,10,300,3618,1,0.03481994601607609,1.0445983804822827
1,10,300,3619,1,0.035166966442221455,1.0550089932666435
1,10,300,3620,1,0.03457663128033754,1.0372989384101263
1,10,300,3621,1,0.03482620446512352,1.0447861339537057
1,10,300,3622,1,0.034711417800231806,1.0413425340069542
1,10,300,3623,1,0.03456648357758986,1.0369945073276958
1,10,300,3624,1,0.03448801384444354,1.0346404153333062
1,10,300,3625,1,0.03566436308684638,1.0699308926053914
1,10,300,3626,1,0.03530120939734409,1.0590362819203227
1,10,300,3627,1,0.03504539280362448,1.0513617841087344
1,10,300,3628,1,0.03484578591241692,1.0453735773725075
1,10,300,3629,1,0.0344431463405829,1.033294390217487
1,10,300,3630,1,0.03341022786300103,1.002306835890031
1,10,300,3631,1,0.03499010344649853,1.0497031033949558
1,10,300,3632,1,0.0350666584576565,1.0519997537296948
1,10,300,3633,1,0.03506327746906282,1.0518983240718847
1,10,300,3634,1,0.03382627466550567,1.0147882399651702
1,10,300,3635,1,0.03591304230139588,1.0773912690418763
1,10,300,3636,1,0.034798796176416735,1.043963885292502
1,10,300,3637,1,0.03465363657836903,1.0396090973510708
1,10,300,3638,1,0.03296662437752778,0.9889987313258335
1,10,300,3639,1,0.035165185900676854,1.0549555770203056
1,10,300,3640,1,0.03569413594574374,1.0708240783723122
1,10,300,3641,1,0.03408650709114904,1.0225952127344713
1,10,300,3642,1,0.03525792908892108,1.0577378726676323
1,10,300,3643,1,0.033664536863963986,1.0099361059189196
1,10,300,3644,1,0.03441486236908119,1.0324458710724356
1,10,300,3645,1,0.03670659800622371,1.1011979401867111
1,10,300,3646,1,0.036477931567303785,1.0943379470191137
1,10,300,3647,1,0.03423937005244453,1.0271811015733359
1,10,300,3648,1,0.033896037996528544,1.0168811398958564
1,10,300,3649,1,0.03509045112205992,1.0527135336617977
1,10,300,3650,1,0.033219694470117016,0.9965908341035105
1,10,300,3651,1,0.03498127237169978,1.0494381711509935
1,10,300,3652,1,0.03567113766510387,1.0701341299531162
1,10,300,3653,1,0.03348007652186327,1.0044022956558982
1,10,300,3654,1,0.03408218777041311,1.0224656331123934
1,10,300,3655,1,0.0348531618102211,1.045594854306633
1,10,300,3656,1,0.0342483158690881,1.027449476072643
1,10,300,3657,1,0.033010477951165365,0.990314338534961
1,10,300,3658,1,0.0353503687781547,1.060511063344641
1,10,300,3659,1,0.03448961303592044,1.0346883910776132
1,10,300,3660,1,0.03433554262952905,1.0300662788858714
1,10,300,3661,1,0.03569294485082052,1.0707883455246157
1,10,300,3662,1,0.0340382665793561,1.0211479973806832
1,10,300,3663,1,0.03519922222265094,1.0559766666795283
1,10,300,3664,1,0.03635417764641778,1.0906253293925334
1,10,300,3665,1,0.034641011563129376,1.0392303468938813
1,10,300,3666,1,0.03511062882387503,1.053318864716251
1,10,300,3667,1,0.034705173740836384,1.0411552122250916
1,10,300,3668,1,0.03565509860414982,1.0696529581244945
1,10,300,3669,1,0.03517509214610119,1.0552527643830358
1,10,300,3670,1,0.03667584227560586,1.1002752682681758
1,10,300,3671,1,0.0345162611160366,1.0354878334810982
1,10,300,3672,1,0.03491923493365165,1.0475770480095494
1,10,300,3673,1,0.03332252252488293,0.9996756757464877
1,10,300,3674,1,0.035103526719277245,1.0531058015783175
1,10,300,3675,1,0.034777833454243956,1.0433350036273186
1,10,300,3676,1,0.034359616760117534,1.030788502803526
1,10,300,3677,1,0.03364393628642642,1.0093180885927926
1,10,300,3678,1,0.03384934614261856,1.0154803842785567
1,10,300,3679,1,0.03418812235296763,1.0256436705890288
1,10,300,3680,1,0.03376428657155582,1.0129285971466746
1,10,300,3681,1,0.03607438457473296,1.0822315372419886
1,10,300,3682,1,0.03449781023182101,1.0349343069546304
1,10,300,3683,1,0.03506051623360414,1.0518154870081244
1,10,300,3684,1,0.034409237218705785,1.0322771165611735
1,10,300,3685,1,0.03417365939683931,1.0252097819051793
1,10,300,3686,1,0.033688142212254094,1.0106442663676227
1,10,300,3687,1,0.03444824723822652,1.0334474171467956
1,10,300,3688,1,0.03508354721177344,1.0525064163532032
1,10,300,3689,1,0.032749317699435794,0.9824795309830738
1,10,300,3690,1,0.03422121737885984,1.026636521365795
1,10,300,3691,1,0.0353103971354434,1.059311914063302
1,10,300,3692,1,0.034459788631157076,1.0337936589347123
1,10,300,3693,1,0.034888311658415064,1.0466493497524518
1,10,300,3694,1,0.034646842946529414,1.0394052883958824
1,10,300,3695,1,0.034772057085834605,1.043161712575038
1,10,300,3696,1,0.03448850054959565,1.0346550164878696
1,10,300,3697,1,0.03396865594005386,1.0190596782016157
1,10,300,3698,1,0.03418970105670137,1.025691031701041
1,10,300,3699,1,0.03499934589355351,1.0499803768066054
1,10,300,3700,1,0.035954555401849456,1.0786366620554837
1,10,300,3701,1,0.033956079660555985,1.0186823898166795
1,10,300,3702,1,0.03454936822015758,1.0364810466047272
1,10,300,3703,1,0.03509759236882681,1.0529277710648044
1,10,300,3704,1,0.034777688648997336,1.04333065946992
1,10,300,3705,1,0.0335435273413084,1.006305820239252
1,10,300,3706,1,0.036596868451731636,1.0979060535519491
1,10,300,3707,1,0.034297295852874984,1.0289188755862495
1,10,300,3708,1,0.032396966889653045,0.9719090066895915
1,10,300,3709,1,0.03363080056108471,1.0089240168325413
1,10,300,3710,1,0.03474014576151087,1.042204372845326
1,10,300,3711,1,0.034833533558356805,1.0450060067507043
1,10,300,3712,1,0.03318097668304622,0.9954293004913864
1,10,300,3713,1,0.0345101491748256,1.035304475244768
1,10,300,3714,1,0.03405119196560881,1.0215357589682643
1,10,300,3715,1,0.03436544716673734,1.03096341500212
1,10,300,3716,1,0.03423860883410402,1.0271582650231206
1,10,300,3717,1,0.034902330856994845,1.0470699257098455
1,10,300,3718,1,0.033845142243299695,1.0153542672989908
1,10,300,3719,1,0.035620336397525376,1.0686100919257613
1,10,300,3720,1,0.034551195275361296,1.0365358582608388
1,10,300,3721,1,0.03423539739327883,1.027061921798365
1,10,300,3722,1,0.035110535221478945,1.0533160566443684
1,10,300,3723,1,0.03419997920386816,1.0259993761160446
1,10,300,3724,1,0.03334430232268521,1.0003290696805565
1,10,300,3725,1,0.03385483658658187,1.015645097597456
1,10,300,3726,1,0.03461864417904037,1.038559325371211
1,10,300,3727,1,0.03469283999918964,1.0407851999756892
1,10,300,3728,1,0.03660937217473345,1.0982811652420037
1,10,300,3729,1,0.03443361020354203,1.0330083061062607
1,10,300,3730,1,0.03464194866237063,1.0392584598711188
1,10,300,3731,1,0.03477295908865419,1.0431887726596256
1,10,300,3732,1,0.03644334799024246,1.0933004397072739
1,10,300,3733,1,0.03500683584443387,1.050205075333016
1,10,300,3734,1,0.0348226091454217,1.044678274362651
1,10,300,3735,1,0.034340046226148016,1.0302013867844404
1,10,300,3736,1,0.034457382684911164,1.033721480547335
1,10,300,3737,1,0.03529013351302075,1.0587040053906225
1,10,300,3738,1,0.03699734209510002,1.1099202628530007
1,10,300,3739,1,0.03392926984457462,1.0178780953372386
1,10,300,3740,1,0.035003234918255896,1.050097047547677
1,10,300,3741,1,0.03358276198653982,1.0074828595961944
1,10,300,3742,1,0.034148898829811494,1.0244669648943447
1,10,300,3743,1,0.035043056424664154,1.0512916927399245
1,10,300,3744,1,0.03402023951917073,1.020607185575122
1,10,300,3745,1,0.03418450618219685,1.0255351854659056
1,10,300,3746,1,0.03575806896954856,1.0727420690864569
1,10,300,3747,1,0.03692076063183735,1.1076228189551205
1,10,300,3748,1,0.034943452206774396,1.0483035662032318
1,10,300,3749,1,0.03516240097149703,1.054872029144911
1,10,300,3750,1,0.03532680065111838,1.0598040195335514
1,10,300,3751,1,0.03356763096453529,1.0070289289360588
1,10,300,3752,1,0.033673530072478294,1.0102059021743488
1,10,300,3753,1,0.035631402922584945,1.0689420876775484
1,10,300,3754,1,0.03378392789614426,1.0135178368843278
1,10,300,3755,1,0.034898182739836414,1.0469454821950923
1,10,300,3756,1,0.036001577670543114,1.0800473301162934
1,10,300,3757,1,0.03541420410220733,1.06242612306622
1,10,300,3758,1,0.033888236435647624,1.0166470930694287
1,10,300,3759,1,0.03441287534621562,1.0323862603864686
1,10,300,3760,1,0.03477238943077488,1.0431716829232465
1,10,300,3761,1,0.034301438917405544,1.0290431675221663
1,10,300,3762,1,0.033977470544160636,1.019324116324819
1,10,300,3763,1,0.03541627229753202,1.0624881689259607
1,10,300,3764,1,0.03435930658373744,1.0307791975121232
1,10,300,3765,1,0.03344092486296593,1.003227745888978
1,10,300,3766,1,0.03634695994274357,1.0904087982823072
1,10,300,3767,1,0.033507266046551215,1.0052179813965365
1,10,300,3768,1,0.03453435325375212,1.0360305976125637
1,10,300,3769,1,0.03742278100730981,1.1226834302192943
1,10,300,3770,1,0.0354456273134982,1.063368819404946
1,10,300,3771,1,0.03583282505980137,1.0749847517940412
1,10,300,3772,1,0.03408354997808376,1.0225064993425126
1,10,300,3773,1,0.03492721009059237,1.047816302717771
1,10,300,3774,1,0.034256403427160895,1.027692102814827
1,10,300,3775,1,0.035338538480184374,1.0601561544055313
1,10,300,3776,1,0.03446766345613832,1.0340299036841496
1,10,300,3777,1,0.034839668043438674,1.0451900413031603
1,10,300,3778,1,0.034360445915548474,1.0308133774664543
1,10,300,3779,1,0.03476832146268819,1.0430496438806458
1,10,300,3780,1,0.036017106454419204,1.080513193632576
1,10,300,3781,1,0.03308168211025683,0.9924504633077049
1,10,300,3782,1,0.033375781533204016,1.0012734459961206
1,10,300,3783,1,0.03442259467261394,1.0326778401784182
1,10,300,3784,1,0.0353357244028034,1.060071732084102
1,10,300,3785,1,0.03548807296112365,1.0646421888337094
1,10,300,3786,1,0.033450617330215836,1.0035185199064751
1,10,300,3787,1,0.033645384221154415,1.0093615266346325
1,10,300,3788,1,0.035478373525382904,1.064351205761487
1,10,300,3789,1,0.03520535332041686,1.0561605996125059
1,10,300,3790,1,0.034424975629231316,1.0327492688769395
1,10,300,3791,1,0.03268381702900287,0.9805145108700861
1,10,300,3792,1,0.034228737530102235,1.026862125903067
1,10,300,3793,1,0.034168576352260706,1.0250572905678212
1,10,300,3794,1,0.03601198762371406,1.0803596287114219
1,10,300,3795,1,0.03375576921010865,1.0126730763032596
1,10,300,3796,1,0.033786911749153645,1.0136073524746094
1,10,300,3797,1,0.03339617614855143,1.001885284456543
1,10,300,3798,1,0.033847036017174766,1.015411080515243
1,10,300,3799,1,0.03312963308556172,0.9938889925668517
1,10,300,3800,1,0.03431111941501999,1.0293335824505996
1,10,300,3801,1,0.03588780412382824,1.0766341237148471
1,10,300,3802,1,0.03471908811123295,1.0415726433369885
1,10,300,3803,1,0.03560500940910753,1.0681502822732258
1,10,300,3804,1,0.035203167787813724,1.0560950336344117
1,10,300,3805,1,0.03494889790151713,1.048466937045514
1,10,300,3806,1,0.034170239330432596,1.0251071799129778
1,10,300,3807,1,0.03547792483159448,1.0643377449478346
1,10,300,3808,1,0.03445457088855121,1.0336371266565363
1,10,300,3809,1,0.03420575507659743,1.0261726522979226
1,10,300,3810,1,0.03465100055425896,1.0395300166277688
1,10,300,3811,1,0.03624358633686563,1.0873075901059688
1,10,300,3812,1,0.035360552913605875,1.0608165874081763
1,10,300,3813,1,0.03463417099606713,1.039025129882014
1,10,300,3814,1,0.03518289036352185,1.0554867109056556
1,10,300,3815,1,0.03368277599084533,1.0104832797253598
1,10,300,3816,1,0.03414093824224247,1.0242281472672743
1,10,300,3817,1,0.03458278166407392,1.0374834499222176
1,10,300,3818,1,0.03414207925083296,1.0242623775249888
1,10,300,3819,1,0.03467799380425594,1.040339814127678
1,10,300,3820,1,0.03678228469835211,1.1034685409505633
1,10,300,3821,1,0.035492113400036024,1.0647634020010808
1,10,300,3822,1,0.035999416601426734,1.079982498042802
1,10,300,3823,1,0.03440788097673687,1.032236429302106
1,10,300,3824,1,0.03472079529105161,1.0416238587315483
1,10,300,3825,1,0.035740562237786475,1.0722168671335943
1,10,300,3826,1,0.03529179945210466,1.0587539835631397
1,10,300,3827,1,0.03524864645267516,1.0574593935802548
1,10,300,3828,1,0.03433860955342307,1.0301582866026922
1,10,300,3829,1,0.034550265548512885,1.0365079664553867
1,10,300,3830,1,0.0331621672436052,0.9948650173081559
1,10,300,3831,1,0.036418257656207785,1.0925477296862336
1,10,300,3832,1,0.0350374167315759,1.051122501947277
1,10,300,3833,1,0.03483945047080209,1.0451835141240626
1,10,300,3834,1,0.0328640562203488,0.9859216866104639
1,10,300,3835,1,0.03495615339369428,1.0486846018108285
1,10,300,3836,1,0.03481610363460073,1.0444831090380218
1,10,300,3837,1,0.034610098737213005,1.0383029621163902
1,10,300,3838,1,0.03606097565035775,1.0818292695107323
1,10,300,3839,1,0.03514315574885744,1.0542946724657232
1,10,300,3840,1,0.03378571049321631,1.0135713147964893
1,10,300,3841,1,0.03470421345980622,1.0411264037941865
1,10,300,3842,1,0.03468874278557547,1.040662283567264
1,10,300,3843,1,0.035740250518684576,1.0722075155605373
1,10,300,3844,1,0.03611754148726295,1.0835262446178884
1,10,300,3845,1,0.03313711991012114,0.9941135973036342
1,10,300,3846,1,0.0345594421980827,1.036783265942481
1,10,300,3847,1,0.03386444038506502,1.0159332115519506
1,10,300,3848,1,0.035567307248756404,1.067019217462692
1,10,300,3849,1,0.033431377840296206,1.002941335208886
1,10,300,3850,1,0.03511235112285817,1.053370533685745
1,10,300,3851,1,0.03561646319463431,1.0684938958390293
1,10,300,3852,1,0.03616840281532061,1.0850520844596183
1,10,300,3853,1,0.034197812032906755,1.0259343609872027
1,10,300,3854,1,0.033104153648341315,0.9931246094502395
1,10,300,3855,1,0.03441234786707705,1.0323704360123116
1,10,300,3856,1,0.033787445620635445,1.0136233686190634
1,10,300,3857,1,0.03465763172243306,1.0397289516729917
1,10,300,3858,1,0.03529900930256119,1.0589702790768356
1,10,300,3859,1,0.03536176380207276,1.0608529140621827
1,10,300,3860,1,0.034839466594847386,1.0451839978454216
1,10,300,3861,1,0.03356969235316864,1.0070907705950591
1,10,300,3862,1,0.03579077057319986,1.0737231171959958
1,10,300,3863,1,0.0365302801676325,1.0959084050289751
1,10,300,3864,1,0.035769617477316426,1.0730885243194928
1,10,300,3865,1,0.03597447928824089,1.0792343786472267
1,10,300,3866,1,0.033713705731982256,1.0114111719594676
1,10,300,3867,1,0.03343310733583056,1.002993220074917
1,10,300,3868,1,0.0343417199164588,1.030251597493764
1,10,300,3869,1,0.03448721265788343,1.034616379736503
1,10,300,3870,1,0.03643724928873119,1.0931174786619358
1,10,300,3871,1,0.0333083939281833,0.999251817845499
1,10,300,3872,1,0.03570870278431321,1.071261083529396
1,10,300,3873,1,0.035703380425361655,1.0711014127608496
1,10,300,3874,1,0.03428599509678787,1.028579852903636
1,10,300,3875,1,0.034190049313432995,1.0257014794029897
1,10,300,3876,1,0.03484241919745697,1.045272575923709
1,10,300,3877,1,0.033870838296151264,1.0161251488845378
1,10,300,3878,1,0.035045567054040216,1.0513670116212066
1,10,300,3879,1,0.03379908277065027,1.013972483119508
1,10,300,3880,1,0.034946003926749125,1.0483801178024739
1,10,300,3881,1,0.03480643861806132,1.0441931585418396
1,10,300,3882,1,0.03522306151461978,1.0566918454385932
1,10,300,3883,1,0.03411952408275542,1.0235857224826626
1,10,300,3884,1,0.032837280760691714,0.9851184228207515
1,10,300,3885,1,0.03565071291450095,1.0695213874350284
1,10,300,3886,1,0.03306740921696874,0.9920222765090623
1,10,300,3887,1,0.034482768797747594,1.0344830639324278
1,10,300,3888,1,0.03473792330172193,1.042137699051658
1,10,300,3889,1,0.03401245372470446,1.020373611741134
1,10,300,3890,1,0.03387755281578797,1.016326584473639
1,10,300,3891,1,0.03392375186676086,1.017712556002826
1,10,300,3892,1,0.03432140258492948,1.0296420775478845
1,10,300,3893,1,0.03359529065662739,1.0078587196988216
1,10,300,3894,1,0.035012406591843306,1.050372197755299
1,10,300,3895,1,0.036028986499167664,1.08086959497503
1,10,300,3896,1,0.035379806300286934,1.061394189008608
1,10,300,3897,1,0.03562171681522727,1.0686515044568181
1,10,300,3898,1,0.03541668110439057,1.0625004331317172
1,10,300,3899,1,0.03563150787116721,1.0689452361350162
1,10,300,3900,1,0.03560383331765621,1.0681149995296864
1,10,300,3901,1,0.033962411345727264,1.0188723403718178
1,10,300,3902,1,0.0341090271118735,1.023270813356205
1,10,300,3903,1,0.03620372780224411,1.0861118340673233
1,10,300,3904,1,0.0341651933812262,1.024955801436786
1,10,300,3905,1,0.033827195228198284,1.0148158568459484
1,10,300,3906,1,0.03405045828267199,1.0215137484801597
1,10,300,3907,1,0.03342852083157676,1.0028556249473028
1,10,300,3908,1,0.036454735880565414,1.0936420764169623
1,10,300,3909,1,0.034142974864219494,1.0242892459265849
1,10,300,3910,1,0.03440430025144031,1.0321290075432095
1,10,300,3911,1,0.0358286612699526,1.0748598380985779
1,10,300,3912,1,0.03340077885607149,1.0020233656821447
1,10,300,3913,1,0.033503854742359916,1.0051156422707974
1,10,300,3914,1,0.034309448012094616,1.0292834403628386
1,10,300,3915,1,0.03498619341978157,1.049585802593447
1,10,300,3916,1,0.03467620765823764,1.0402862297471291
1,10,300,3917,1,0.03492128281202066,1.0476384843606197
1,10,300,3918,1,0.03366482588554892,1.0099447765664675
1,10,300,3919,1,0.035544549268117315,1.0663364780435196
1,10,300,3920,1,0.03326852002880358,0.9980556008641074
1,10,300,3921,1,0.03378978468905164,1.013693540671549
1,10,300,3922,1,0.03475236585643588,1.0425709756930766
1,10,300,3923,1,0.03465941771830168,1.0397825315490503
1,10,300,3924,1,0.03345691152554027,1.003707345766208
1,10,300,3925,1,0.03364639062463354,1.0093917187390062
1,10,300,3926,1,0.03500150860678737,1.050045258203621
1,10,300,3927,1,0.0344809681333641,1.034429044000923
1,10,300,3928,1,0.03410731116882951,1.0232193350648853
1,10,300,3929,1,0.03557820905599577,1.0673462716798732
1,10,300,3930,1,0.034970579932897025,1.0491173979869108
1,10,300,3931,1,0.0332067517002434,0.9962025510073019
1,10,300,3932,1,0.03591333674424334,1.0774001023273
1,10,300,3933,1,0.034754870263177244,1.0426461078953173
1,10,300,3934,1,0.03560481782411584,1.0681445347234753
1,10,300,3935,1,0.03308011993637029,0.9924035980911088
1,10,300,3936,1,0.03506672793836804,1.0520018381510412
1,10,300,3937,1,0.0356275656851157,1.068826970553471
1,10,300,3938,1,0.034103726664816175,1.0231117999444854
1,10,300,3939,1,0.03408175399652856,1.0224526198958568
1,10,300,3940,1,0.034665389370160234,1.039961681104807
1,10,300,3941,1,0.03586444205508277,1.075933261652483
1,10,300,3942,1,0.035752543456983005,1.0725763037094902
1,10,300,3943,1,0.034821581212469824,1.0446474363740947
1,10,300,3944,1,0.03346067743896965,1.0038203231690896
1,10,300,3945,1,0.033362049983284,1.0008614994985199
1,10,300,3946,1,0.035448753004292885,1.0634625901287866
1,10,300,3947,1,0.03601832206983963,1.080549662095189
1,10,300,3948,1,0.03473134397624672,1.0419403192874017
1,10,300,3949,1,0.034879807687644364,1.0463942306293308
1,10,300,3950,1,0.03408739494436606,1.0226218483309817
1,10,300,3951,1,0.03318141631427164,0.9954424894281493
1,10,300,3952,1,0.03627289967183893,1.088186990155168
1,10,300,3953,1,0.035009891482080044,1.0502967444624014
1,10,300,3954,1,0.03367569207868544,1.0102707623605631
1,10,300,3955,1,0.03546436852277563,1.063931055683269
1,10,300,3956,1,0.03459393431562004,1.037818029468601
1,10,300,3957,1,0.034076553525272224,1.0222966057581666
1,10,300,3958,1,0.03435336051495312,1.0306008154485937
1,10,300,3959,1,0.03431451427811859,1.0294354283435576
1,10,300,3960,1,0.03513366634096338,1.0540099902289015
1,10,300,3961,1,0.03514301282979738,1.0542903848939214
1,10,300,3962,1,0.03408670172133814,1.022601051640144
1,10,300,3963,1,0.034179765689302866,1.025392970679086
1,10,300,3964,1,0.03513182786388204,1.0539548359164612
1,10,300,3965,1,0.033272537291635956,0.9981761187490786
1,10,300,3966,1,0.03327259954319659,0.9981779862958977
1,10,300,3967,1,0.034052163689756096,1.021564910692683
1,10,300,3968,1,0.03444731767870892,1.0334195303612677
1,10,300,3969,1,0.03392656157910611,1.0177968473731833
1,10,300,3970,1,0.032994774422880326,0.9898432326864098
1,10,300,3971,1,0.03374121393646973,1.012236418094092
1,10,300,3972,1,0.03400512729605129,1.0201538188815387
1,10,300,3973,1,0.03243767750150056,0.9731303250450167
1,10,300,3974,1,0.03351342774408966,1.0054028323226898
1,10,300,3975,1,0.03343967689297818,1.0031903067893455
1,10,300,3976,1,0.03508672253966029,1.0526016761898087
1,10,300,3977,1,0.0336189819683871,1.008569459051613
1,10,300,3978,1,0.03489223028341371,1.0467669085024114
1,10,300,3979,1,0.03732932159514029,1.1198796478542088
1,10,300,3980,1,0.03513107188395734,1.05393215651872
1,10,300,3981,1,0.03259011341310483,0.9777034023931449
1,10,300,3982,1,0.0368170974162724,1.104512922488172
1,10,300,3983,1,0.0350616338078593,1.051849014235779
1,10,300,3984,1,0.03266266507602822,0.9798799522808466
1,10,300,3985,1,0.03424939051201282,1.0274817153603846
1,10,300,3986,1,0.03321926765509381,0.9965780296528143
1,10,300,3987,1,0.03294250415184134,0.9882751245552402
1,10,300,3988,1,0.03454550899443885,1.0363652698331656
1,10,300,3989,1,0.034951939561444385,1.0485581868433316
1,10,300,3990,1,0.033487716707719155,1.0046315012315747
1,10,300,3991,1,0.035584375145251215,1.0675312543575364
1,10,300,3992,1,0.03262911855509708,0.9788735566529123
1,10,300,3993,1,0.03515564027700139,1.0546692083100417
1,10,300,3994,1,0.03474721518214195,1.0424164554642585
1,10,300,3995,1,0.03539124668074393,1.061737400422318
1,10,300,3996,1,0.03538443252603671,1.0615329757811014
1,10,300,3997,1,0.03394572833182061,1.0183718499546184
1,10,300,3998,1,0.035490175109922,1.06470525329766
1,10,300,3999,1,0.03539613216193371,1.0618839648580114
2,10,300,0,3,0.09250526415148486,0.9250526415148486
2,10,300,1,3,0.08924375010649241,0.892437501064924
2,10,300,2,3,0.08408546293927963,0.8408546293927962
2,10,300,3,3,0.07993215830102353,0.7993215830102353
2,10,300,4,3,0.09251230614169131,0.9251230614169131
2,10,300,5,3,0.10123664358433557,1.0123664358433557
2,10,300,6,3,0.08953338426963574,0.8953338426963574
2,10,300,7,3,0.10206193476244255,1.0206193476244254
2,10,300,8,3,0.10725548777737341,1.0725548777737341
2,10,300,9,3,0.08855145691916472,0.8855145691916472
2,10,300,10,3,0.11373195154935267,1.1373195154935267
2,10,300,11,3,0.09269100303017576,0.9269100303017576
2,10,300,12,3,0.09607345613989457,0.9607345613989456
2,10,300,13,3,0.10505828158875788,1.0505828158875787
2,10,300,14,3,0.08967712386266576,0.8967712386266575
2,10,300,15,3,0.10051618532397133,1.0051618532397133
2,10,300,16,3,0.10542333293715614,1.0542333293715613
2,10,300,17,3,0.09820413884581969,0.982041388458197
2,10,300,18,3,0.09614716294707502,0.9614716294707503
2,10,300,19,3,0.09795184019963768,0.9795184019963767
2,10,300,20,3,0.09698451592901429,0.9698451592901429
2,10,300,21,3,0.09969574597443663,0.9969574597443663
2,10,300,22,3,0.0997572524948302,0.997572524948302
2,10,300,23,3,0.1095547975181705,1.095547975181705
2,10,300,24,3,0.1042190826505597,1.042190826505597
2,10,300,25,3,0.08791330685753873,0.8791330685753873
2,10,300,26,3,0.10149056753152647,1.0149056753152648
2,10,300,27,3,0.09219077736654499,0.9219077736654498
2,10,300,28,3,0.10654041271111733,1.0654041271111734
2,10,300,29,3,0.09370205224827649,0.9370205224827649
2,10,300,30,3,0.09034836283459337,0.9034836283459337
2,10,300,31,3,0.09135223071314133,0.9135223071314134
2,10,300,32,3,0.10686169223903644,1.0686169223903645
2,10,300,33,3,0.10592450787865147,1.0592450787865146
2,10,300,34,3,0.09516342811361125,0.9516342811361125
2,10,300,35,3,0.08846710360672,0.8846710360672
2,10,300,36,3,0.08541677914139181,0.8541677914139181
2,10,300,37,3,0.10334553802933522,1.0334553802933522
2,10,300,38,3,0.08422814137632505,0.8422814137632505
2,10,300,39,3,0.09234709772169886,0.9234709772169886
2,10,300,40,3,0.10727833100992089,1.0727833100992088
2,10,300,41,3,0.10522701597253577,1.0522701597253576
2,10,300,42,3,0.08665109471194267,0.8665109471194267
2,10,300,43,3,0.10063516032793465,1.0063516032793465
2,10,300,44,3,0.1028623077708794,1.0286230777087941
2,10,300,45,3,0.08973182438838351,0.8973182438838351
2,10,300,46,3,0.0921190308470359,0.9211903084703591
2,10,300,47,3,0.09737774189139065,0.9737774189139065
2,10,300,48,3,0.09630395274307246,0.9630395274307246
2,10,300,49,3,0.09128288301352547,0.9128288301352546
2,10,300,50,3,0.0894856865233665,0.894856865233665
2,10,300,51,3,0.09417096929456906,0.9417096929456906
2,10,300,52,3,0.1053210698733942,1.053210698733942
2,10,300,53,3,0.09355569598222507,0.9355569598222507
2,10,300,54,3,0.09547040205105219,0.954704020510522
2,10,300,55,3,0.10672123736294761,1.0672123736294763
2,10,300,56,3,0.09224803735247517,0.9224803735247517
2,10,300,57,3,0.1061142831154753,1.061142831154753
2,10,300,58,3,0.09995312158738062,0.9995312158738062
2,10,300,59,3,0.09293988242182159,0.929398824218216
2,10,300,60,3,0.09585422604751101,0.95854226047511
2,10,300,61,3,0.11390445566783615,1.1390445566783614
2,10,300,62,3,0.09177630480137512,0.9177630480137513
2,10,300,63,3,0.10135734124119952,1.0135734124119953
2,10,300,64,3,0.08590218097539404,0.8590218097539404
2,10,300,65,3,0.09821048805868109,0.9821048805868108
2,10,300,66,3,0.0964612754131063,0.964612754131063
2,10,300,67,3,0.0999605509203109,0.9996055092031091
2,10,300,68,3,0.09316378244838316,0.9316378244838316
2,10,300,69,3,0.08978514166850976,0.8978514166850976
2,10,300,70,3,0.09847620068226343,0.9847620068226343
2,10,300,71,3,0.09930097614854576,0.9930097614854575
2,10,300,72,3,0.12062002151622428,1.2062002151622429
2,10,300,73,3,0.10128622812915561,1.0128622812915562
2,10,300,74,3,0.09124971167087473,0.9124971167087473
2,10,300,75,3,0.10655839325295868,1.0655839325295868
2,10,300,76,3,0.09577750243759764,0.9577750243759764
2,10,300,77,3,0.10245209192915564,1.0245209192915563
2,10,300,78,3,0.09007718108466173,0.9007718108466173
2,10,300,79,3,0.1199091103650856,1.1990911036508558
2,10,300,80,3,0.10185729170749522,1.0185729170749522
2,10,300,81,3,0.09865092551448423,0.9865092551448423
2,10,300,82,3,0.10408744741156425,1.0408744741156426
2,10,300,83,3,0.10069113238891206,1.0069113238891205
2,10,300,84,3,0.09174212119857594,0.9174212119857594
2,10,300,85,3,0.09801557422372811,0.9801557422372812
2,10,300,86,3,0.09019413789295738,0.9019413789295737
2,10,300,87,3,0.09244817854303905,0.9244817854303905
2,10,300,88,3,0.09341281753147121,0.934128175314712
2,10,300,89,3,0.08845991617514129,0.884599161751413
2,10,300,90,3,0.09405688809625457,0.9405688809625457
2,10,300,91,3,0.11238436857808491,1.1238436857808491
2,10,300,92,3,0.1112465218125724,1.112465218125724
2,10,300,93,3,0.0878161169812342,0.878161169812342
2,10,300,94,3,0.09169517612497713,0.9169517612497713
2,10,300,95,3,0.10784345841943956,1.0784345841943954
2,10,300,96,3,0.10392244222637156,1.0392244222637157
2,10,300,97,3,0.085575863558,0.8557586355799999
2,10,300,98,3,0.11312055714057301,1.13120557140573
2,10,300,99,3,0.0994776262288901,0.994776262288901
2,10,300,100,3,0.09235082674818798,0.9235082674818799
2,10,300,101,3,0.08954684549652012,0.8954684549652011
2,10,300,102,3,0.09227900860021923,0.9227900860021924
2,10,300,103,3,0.09723964809752457,0.9723964809752457
2,10,300,104,3,0.10132183402596992,1.0132183402596993
2,10,300,105,3,0.09307618030464905,0.9307618030464905
2,10,300,106,3,0.10441621136885589,1.0441621136885588
2,10,300,107,3,0.09999792985170214,0.9999792985170214
2,10,300,108,3,0.0922519909487351,0.922519909487351
2,10,300,109,3,0.10630473715867457,1.0630473715867457
2,10,300,110,3,0.08978441778440863,0.8978441778440863
2,10,300,111,3,0.08461585753698433,0.8461585753698433
2,10,300,112,3,0.09455585036575831,0.9455585036575831
2,10,300,113,3,0.0926812832120052,0.9268128321200518
2,10,300,114,3,0.10443320216354177,1.0443320216354177
2,10,300,115,3,0.10949354492780793,1.0949354492780792
2,10,300,116,3,0.10132004692826557,1.0132004692826557
2,10,300,117,3,0.11083764723747251,1.1083764723747251
2,10,300,118,3,0.11290361142738584,1.1290361142738583
2,10,300,119,3,0.09909689001223229,0.9909689001223229
2,10,300,120,3,0.10032507193947737,1.0032507193947737
2,10,300,121,3,0.10375787921354993,1.0375787921354993
2,10,300,122,3,0.09594752341544088,0.9594752341544088
2,10,300,123,3,0.08473748310016935,0.8473748310016934
2,10,300,124,3,0.12420151855620784,1.2420151855620785
2,10,300,125,3,0.10580309897023635,1.0580309897023634
2,10,300,126,3,0.09724060729297818,0.9724060729297818
2,10,300,127,3,0.09792066812849418,0.9792066812849417
2,10,300,128,3,0.09147108708212676,0.9147108708212676
2,10,300,129,3,0.09121734953216923,0.9121734953216922
2,10,300,130,3,0.10221960847603562,1.0221960847603562
2,10,300,131,3,0.11379380732925923,1.1379380732925923
2,10,300,132,3,0.10459331304342254,1.0459331304342254
2,10,300,133,3,0.0879095954865884,0.879095954865884
2,10,300,134,3,0.10543642211490975,1.0543642211490976
2,10,300,135,3,0.09418958209211961,0.9418958209211962
2,10,300,136,3,0.09983216938763262,0.9983216938763262
2,10,300,137,3,0.10130771190356969,1.0130771190356969
2,10,300,138,3,0.08429816652472633,0.8429816652472633
2,10,300,139,3,0.11209735521029951,1.120973552102995
2,10,300,140,3,0.0881782868153796,0.881782868153796
2,10,300,141,3,0.1039572274704423,1.039572274704423
2,10,300,142,3,0.10111081745131975,1.0111081745131976
2,10,300,143,3,0.08868565759437731,0.8868565759437731
2,10,300,144,3,0.09495096839789774,0.9495096839789774
2,10,300,145,3,0.09508954245974434,0.9508954245974434
2,10,300,146,3,0.09725894514951003,0.9725894514951002
2,10,300,147,3,0.09756356161860717,0.9756356161860718
2,10,300,148,3,0.10183548800411124,1.0183548800411124
2,10,300,149,3,0.10410211385408616,1.0410211385408616
2,10,300,150,3,0.09575190041206427,0.9575190041206427
2,10,300,151,3,0.08700603654244116,0.8700603654244116
2,10,300,152,3,0.09489811203345595,0.9489811203345595
2,10,300,153,3,0.10603847317496731,1.060384731749673
2,10,300,154,3,0.08841080041520336,0.8841080041520335
2,10,300,155,3,0.08662384262615558,0.8662384262615558
2,10,300,156,3,0.10135100129517449,1.013510012951745
2,10,300,157,3,0.10671998208597015,1.0671998208597016
2,10,300,158,3,0.09947869706055026,0.9947869706055027
2,10,300,159,3,0.1048467285929445,1.048467285929445
2,10,300,160,3,0.08995038415729374,0.8995038415729374
2,10,300,161,3,0.10674342950856594,1.0674342950856592
2,10,300,162,3,0.08326741263934294,0.8326741263934294
2,10,300,163,3,0.1050240066063071,1.050240066063071
2,10,300,164,3,0.08534176059433753,0.8534176059433753
2,10,300,165,3,0.10170006817672947,1.0170006817672947
2,10,300,166,3,0.10226192072205667,1.0226192072205667
2,10,300,167,3,0.10308822669939557,1.0308822669939557
2,10,300,168,3,0.09982003709044523,0.9982003709044523
2,10,300,169,3,0.09442260845928543,0.9442260845928543
2,10,300,170,3,0.09972546576140319,0.997254657614032
2,10,300,171,3,0.10280072456821127,1.0280072456821125
2,10,300,172,3,0.10374855326495873,1.0374855326495873
2,10,300,173,3,0.10344477142181477,1.0344477142181476
2,10,300,174,3,0.08783238052112971,0.878323805211297
2,10,300,175,3,0.09383308811317814,0.9383308811317814
2,10,300,176,3,0.10598305797420401,1.0598305797420402
2,10,300,177,3,0.09693381873174825,0.9693381873174826
2,10,300,178,3,0.09130402693216999,0.9130402693216999
2,10,300,179,3,0.10103302026624333,1.0103302026624332
2,10,300,180,3,0.09127513441411739,0.9127513441411739
2,10,300,181,3,0.095634196189274,0.95634196189274
2,10,300,182,3,0.10036317662810712,1.0036317662810712
2,10,300,183,3,0.09566304434281865,0.9566304434281866
2,10,300,184,3,0.0969609737560177,0.969609737560177
2,10,300,185,3,0.08728544151699996,0.8728544151699996
2,10,300,186,3,0.09430474631259911,0.9430474631259911
2,10,300,187,3,0.09256376807926318,0.9256376807926318
2,10,300,188,3,0.10177822146167731,1.0177822146167732
2,10,300,189,3,0.0988520434100591,0.988520434100591
2,10,300,190,3,0.09999577600717352,0.9999577600717352
2,10,300,191,3,0.10819089876750725,1.0819089876750723
2,10,300,192,3,0.09392433364706093,0.9392433364706093
2,10,300,193,3,0.11046052887515301,1.10460528875153
2,10,300,194,3,0.09159025130300988,0.9159025130300988
2,10,300,195,3,0.10934889234924577,1.0934889234924579
2,10,300,196,3,0.10539544537746613,1.0539544537746612
2,10,300,197,3,0.07909207798343271,0.7909207798343271
2,10,300,198,3,0.09352320711045431,0.9352320711045431
2,10,300,199,3,0.0899978311346763,0.899978311346763
2,10,300,200,3,0.10185510699272045,1.0185510699272045
2,10,300,201,3,0.09776778933267605,0.9776778933267605
2,10,300,202,3,0.09219277820369891,0.921927782036989
2,10,300,203,3,0.09678892298324755,0.9678892298324756
2,10,300,204,3,0.09610436037725491,0.961043603772549
2,10,300,205,3,0.12725578798456977,1.2725578798456978
2,10,300,206,3,0.09723303476749667,0.9723303476749667
2,10,300,207,3,0.09773011897470221,0.9773011897470222
2,10,300,208,3,0.09979591190295448,0.9979591190295448
2,10,300,209,3,0.10102891026816628,1.010289102681663
2,10,300,210,3,0.08313522245445186,0.8313522245445186
2,10,300,211,3,0.09224887101862457,0.9224887101862457
2,10,300,212,3,0.11067348240731767,1.1067348240731767
2,10,300,213,3,0.088823892875109,0.88823892875109
2,10,300,214,3,0.08945134808127134,0.8945134808127134
2,10,300,215,3,0.10128074899386055,1.0128074899386055
2,10,300,216,3,0.10266698632010655,1.0266698632010656
2,10,300,217,3,0.08574532631632419,0.8574532631632419
2,10,300,218,3,0.10345115660334284,1.0345115660334283
2,10,300,219,3,0.14058474197340012,1.4058474197340012
2,10,300,220,3,0.09062559912847074,0.9062559912847074
2,10,300,221,3,0.0939192625008062,0.939192625008062
2,10,300,222,3,0.09682397293867995,0.9682397293867996
2,10,300,223,3,0.09798741877885994,0.9798741877885995
2,10,300,224,3,0.11257946882777076,1.1257946882777077
2,10,300,225,3,0.09647660404607705,0.9647660404607705
2,10,300,226,3,0.09573297236781875,0.9573297236781875
2,10,300,227,3,0.09889541901077911,0.9889541901077911
2,10,300,228,3,0.10648720902372918,1.064872090237292
2,10,300,229,3,0.10482111824865725,1.0482111824865725
2,10,300,230,3,0.0951154475197869,0.951154475197869
2,10,300,231,3,0.09724467119453718,0.9724467119453718
2,10,300,232,3,0.10088247487681185,1.0088247487681186
2,10,300,233,3,0.09013903040527022,0.9013903040527022
2,10,300,234,3,0.08666886488890627,0.8666886488890627
2,10,300,235,3,0.08546443604617605,0.8546443604617605
2,10,300,236,3,0.08474453426703901,0.8474453426703902
2,10,300,237,3,0.08970780855528995,0.8970780855528996
2,10,300,238,3,0.08909176758508248,0.8909176758508248
2,10,300,239,3,0.09593736179546004,0.9593736179546004
2,10,300,240,3,0.11408276352388699,1.14082763523887
2,10,300,241,3,0.10615503575207647,1.0615503575207645
2,10,300,242,3,0.09118719051018181,0.9118719051018181
2,10,300,243,3,0.0967960186071887,0.9679601860718869
2,10,300,244,3,0.09000037117640218,0.9000037117640218
2,10,300,245,3,0.08930236655414718,0.8930236655414718
2,10,300,246,3,0.08659194762172212,0.8659194762172212
2,10,300,247,3,0.10373490965501464,1.0373490965501464
2,10,300,248,3,0.09788014702256084,0.9788014702256085
2,10,300,249,3,0.11356445032820878,1.1356445032820877
2,10,300,250,3,0.09139532871430767,0.9139532871430767
2,10,300,251,3,0.09585335491383806,0.9585335491383806
2,10,300,252,3,0.10260437455598591,1.0260437455598592
2,10,300,253,3,0.08837144168050814,0.8837144168050816
2,10,300,254,3,0.09266695619414039,0.9266695619414039
2,10,300,255,3,0.1004638708367679,1.0046387083676789
2,10,300,256,3,0.10254755073396296,1.0254755073396296
2,10,300,257,3,0.09452278519955304,0.9452278519955304
2,10,300,258,3,0.10740272155478145,1.0740272155478146
2,10,300,259,3,0.09724878787385152,0.9724878787385153
2,10,300,260,3,0.0975040298079825,0.9750402980798251
2,10,300,261,3,0.09096486047679916,0.9096486047679916
2,10,300,262,3,0.09585455502626923,0.9585455502626924
2,10,300,263,3,0.09076654908978646,0.9076654908978645
2,10,300,264,3,0.09188426171078298,0.9188426171078298
2,10,300,265,3,0.09990607601864544,0.9990607601864544
2,10,300,266,3,0.08762197135865327,0.8762197135865327
2,10,300,267,3,0.08654107664902036,0.8654107664902035
2,10,300,268,3,0.09637138621284672,0.9637138621284671
2,10,300,269,3,0.10932645188651391,1.093264518865139
2,10,300,270,3,0.09804617048087112,0.9804617048087112
2,10,300,271,3,0.09036894243625786,0.9036894243625786
2,10,300,272,3,0.11201994605131502,1.12019946051315
2,10,300,273,3,0.11281650044776696,1.1281650044776697
2,10,300,274,3,0.09538824698496819,0.9538824698496818
2,10,300,275,3,0.10778463884398233,1.0778463884398233
2,10,300,276,3,0.11768468850102932,1.176846885010293
2,10,300,277,3,0.08988903312159599,0.8988903312159598
2,10,300,278,3,0.1008035228674444,1.008035228674444
2,10,300,279,3,0.11158958537113225,1.1158958537113226
2,10,300,280,3,0.09516773189845465,0.9516773189845465
2,10,300,281,3,0.09247936356479916,0.9247936356479917
2,10,300,282,3,0.09168535212946234,0.9168535212946234
2,10,300,283,3,0.10195665140029994,1.0195665140029995
2,10,300,284,3,0.0969218078399272,0.969218078399272
2,10,300,285,3,0.10935972703218744,1.0935972703218744
2,10,300,286,3,0.08852308507328026,0.8852308507328026
2,10,300,287,3,0.10714191012180199,1.0714191012180199
2,10,300,288,3,0.08407035873412966,0.8407035873412966
2,10,300,289,3,0.1015686416317335,1.0156864163173351
2,10,300,290,3,0.10376172546752546,1.0376172546752547
2,10,300,291,3,0.09996552558298888,0.9996552558298888
2,10,300,292,3,0.08568743080528875,0.8568743080528874
2,10,300,293,3,0.09216486761193288,0.9216486761193288
2,10,300,294,3,0.08738006594533279,0.873800659453328
2,10,300,295,3,0.11117175390708593,1.1117175390708594
2,10,300,296,3,0.10236609485685302,1.0236609485685302
2,10,300,297,3,0.10311140972420278,1.0311140972420278
2,10,300,298,3,0.10350212706413181,1.0350212706413182
2,10,300,299,3,0.09470546302556379,0.9470546302556379
2,10,300,300,3,0.09835579559796953,0.9835579559796953
2,10,300,301,3,0.0963829386092254,0.9638293860922539
2,10,300,302,3,0.10260931693162717,1.0260931693162716
2,10,300,303,3,0.09700320602606255,0.9700320602606255
2,10,300,304,3,0.10721012945461361,1.0721012945461361
2,10,300,305,3,0.09188264673061336,0.9188264673061336
2,10,300,306,3,0.08707573440511239,0.8707573440511239
2,10,300,307,3,0.10414246386593054,1.0414246386593053
2,10,300,308,3,0.0966373227602745,0.9663732276027449
2,10,300,309,3,0.10096194079974583,1.0096194079974583
2,10,300,310,3,0.10766932331251419,1.076693233125142
2,10,300,311,3,0.10524546545932001,1.0524546545932
2,10,300,312,3,0.09269191311135103,0.9269191311135103
2,10,300,313,3,0.10377872995060226,1.0377872995060227
2,10,300,314,3,0.1038232801849104,1.038232801849104
2,10,300,315,3,0.0900439978449166,0.9004399784491659
2,10,300,316,3,0.11401603454299344,1.1401603454299343
2,10,300,317,3,0.10994500544992025,1.0994500544992027
2,10,300,318,3,0.0919231457324574,0.919231457324574
2,10,300,319,3,0.10489818010174773,1.0489818010174772
2,10,300,320,3,0.09361320671037496,0.9361320671037495
2,10,300,321,3,0.10115682448230859,1.0115682448230858
2,10,300,322,3,0.10282857085953429,1.028285708595343
2,10,300,323,3,0.09070003514842238,0.9070003514842238
2,10,300,324,3,0.08879911035931953,0.8879911035931953
2,10,300,325,3,0.09578290016498135,0.9578290016498134
2,10,300,326,3,0.10037063769071138,1.0037063769071137
2,10,300,327,3,0.10600950868217995,1.0600950868217995
2,10,300,328,3,0.09955205718216438,0.9955205718216438
2,10,300,329,3,0.09357010578778255,0.9357010578778254
2,10,300,330,3,0.11085775627533559,1.108577562753356
2,10,300,331,3,0.09136716903081601,0.9136716903081601
2,10,300,332,3,0.09098729709869746,0.9098729709869746
2,10,300,333,3,0.0939028663459317,0.939028663459317
2,10,300,334,3,0.09645116818150973,0.9645116818150973
2,10,300,335,3,0.09539173290639322,0.9539173290639322
2,10,300,336,3,0.0951254453463028,0.951254453463028
2,10,300,337,3,0.10253607106162836,1.0253607106162836
2,10,300,338,3,0.0988883333615577,0.988883333615577
2,10,300,339,3,0.09060093239220596,0.9060093239220596
2,10,300,340,3,0.10142210596952766,1.0142210596952765
2,10,300,341,3,0.10587906265539763,1.0587906265539764
2,10,300,342,3,0.09210409644785734,0.9210409644785734
2,10,300,343,3,0.10911766745256793,1.0911766745256795
2,10,300,344,3,0.09767816073046104,0.9767816073046104
2,10,300,345,3,0.10607249637747096,1.0607249637747096
2,10,300,346,3,0.09287786488868835,0.9287786488868834
2,10,300,347,3,0.08980245104235816,0.8980245104235817
2,10,300,348,3,0.09737168454809574,0.9737168454809574
2,10,300,349,3,0.08706518524361029,0.8706518524361029
2,10,300,350,3,0.10387949151270995,1.0387949151270994
2,10,300,351,3,0.09667588772650004,0.9667588772650004
2,10,300,352,3,0.11542499643421578,1.1542499643421578
2,10,300,353,3,0.10255847523169703,1.0255847523169703
2,10,300,354,3,0.09711106451656484,0.9711106451656484
2,10,300,355,3,0.10545764086872343,1.0545764086872345
2,10,300,356,3,0.11476853707778534,1.1476853707778534
2,10,300,357,3,0.09746251993815291,0.9746251993815291
2,10,300,358,3,0.09041796624233993,0.9041796624233993
2,10,300,359,3,0.10899246967333646,1.0899246967333647
2,10,300,360,3,0.10623491837601544,1.0623491837601544
2,10,300,361,3,0.10823251649404925,1.0823251649404924
2,10,300,362,3,0.10881403271121788,1.0881403271121788
2,10,300,363,3,0.09844957620407312,0.9844957620407312
2,10,300,364,3,0.10468179835565072,1.0468179835565072
2,10,300,365,3,0.08775918140971085,0.8775918140971085
2,10,300,366,3,0.0930730564809474,0.9307305648094739
2,10,300,367,3,0.09234513309176734,0.9234513309176734
2,10,300,368,3,0.10074693288009737,1.0074693288009737
2,10,300,369,3,0.10492859062401998,1.0492859062401998
2,10,300,370,3,0.09339435864281384,0.9339435864281385
2,10,300,371,3,0.10913459340706116,1.0913459340706118
2,10,300,372,3,0.09889860567169732,0.9889860567169733
2,10,300,373,3,0.10243824627625599,1.0243824627625597
2,10,300,374,3,0.10438690299268233,1.0438690299268234
2,10,300,375,3,0.10439965023441683,1.0439965023441684
2,10,300,376,3,0.09640385724556325,0.9640385724556324
2,10,300,377,3,0.10777440616688326,1.0777440616688325
2,10,300,378,3,0.08687639066414868,0.8687639066414867
2,10,300,379,3,0.09273255534282533,0.9273255534282534
2,10,300,380,3,0.09571554434854271,0.957155443485427
2,10,300,381,3,0.10470768218607523,1.0470768218607522
2,10,300,382,3,0.08696138485758989,0.8696138485758989
2,10,300,383,3,0.09442551026416018,0.9442551026416018
2,10,300,384,3,0.09207504749953885,0.9207504749953885
2,10,300,385,3,0.09612530341242272,0.9612530341242272
2,10,300,386,3,0.09959420210812989,0.9959420210812989
2,10,300,387,3,0.09995348904520063,0.9995348904520063
2,10,300,388,3,0.10665858373651362,1.0665858373651362
2,10,300,389,3,0.10568403616598035,1.0568403616598034
2,10,300,390,3,0.09870452517225867,0.9870452517225866
2,10,300,391,3,0.08645993018231396,0.8645993018231396
2,10,300,392,3,0.09461266408235805,0.9461266408235804
2,10,300,393,3,0.09954608086504743,0.9954608086504743
2,10,300,394,3,0.09488712122372273,0.9488712122372273
2,10,300,395,3,0.10189103064689727,1.0189103064689726
2,10,300,396,3,0.11058231352066335,1.1058231352066334
2,10,300,397,3,0.10370007457895428,1.0370007457895427
2,10,300,398,3,0.07500951909214718,0.7500951909214718
2,10,300,399,3,0.09104519252049839,0.910451925204984
2,10,300,400,3,0.08387655923090923,0.8387655923090923
2,10,300,401,3,0.0880958795748668,0.880958795748668
2,10,300,402,3,0.10401037400489499,1.04010374004895
2,10,300,403,3,0.0982785167186776,0.982785167186776
2,10,300,404,3,0.09516027771163428,0.9516027771163428
2,10,300,405,3,0.11136452315114996,1.1136452315114995
2,10,300,406,3,0.094750003008923,0.94750003008923
2,10,300,407,3,0.0826267676047805,0.8262676760478048
2,10,300,408,3,0.08299618364658125,0.8299618364658126
2,10,300,409,3,0.08777277562479231,0.8777277562479231
2,10,300,410,3,0.10035850813907687,1.0035850813907687
2,10,300,411,3,0.09217189909258675,0.9217189909258675
2,10,300,412,3,0.10050169995662303,1.0050169995662304
2,10,300,413,3,0.10602521405683249,1.060252140568325
2,10,300,414,3,0.0911840142013042,0.9118401420130421
2,10,300,415,3,0.09426126623178821,0.9426126623178821
2,10,300,416,3,0.10590492046067897,1.0590492046067896
2,10,300,417,3,0.09973872288923874,0.9973872288923874
2,10,300,418,3,0.09489933056296485,0.9489933056296483
2,10,300,419,3,0.11304559644379195,1.1304559644379195
2,10,300,420,3,0.09555407813601158,0.9555407813601158
2,10,300,421,3,0.0955851126436317,0.955851126436317
2,10,300,422,3,0.10608906062094575,1.0608906062094574
2,10,300,423,3,0.0909615564352565,0.909615564352565
2,10,300,424,3,0.09103060446125408,0.9103060446125408
2,10,300,425,3,0.10111548425544856,1.0111548425544856
2,10,300,426,3,0.08969222559081431,0.8969222559081431
2,10,300,427,3,0.08903012423599282,0.8903012423599282
2,10,300,428,3,0.10470683206296011,1.0470683206296012
2,10,300,429,3,0.09359217667822835,0.9359217667822836
2,10,300,430,3,0.090625094949011,0.90625094949011
2,10,300,431,3,0.08185999065977771,0.8185999065977771
2,10,300,432,3,0.09693609810529288,0.9693609810529289
2,10,300,433,3,0.09581099336674981,0.9581099336674981
2,10,300,434,3,0.09309247835490218,0.9309247835490219
2,10,300,435,3,0.10098114482405288,1.0098114482405287
2,10,300,436,3,0.10325105336648822,1.0325105336648823
2,10,300,437,3,0.10934314202546036,1.0934314202546036
2,10,300,438,3,0.08826757104735874,0.8826757104735875
2,10,300,439,3,0.08933264011913693,0.8933264011913693
2,10,300,440,3,0.0980765698785867,0.9807656987858671
2,10,300,441,3,0.08762763934328746,0.8762763934328746
2,10,300,442,3,0.09501498569681327,0.9501498569681327
2,10,300,443,3,0.09704800173193406,0.9704800173193406
2,10,300,444,3,0.08598691673221515,0.8598691673221514
2,10,300,445,3,0.11251087455390585,1.1251087455390585
2,10,300,446,3,0.10476526376353382,1.0476526376353381
2,10,300,447,3,0.08919030705890635,0.8919030705890635
2,10,300,448,3,0.09532366383814607,0.9532366383814607
2,10,300,449,3,0.11463203355489664,1.1463203355489664
2,10,300,450,3,0.10910367858340521,1.0910367858340522
2,10,300,451,3,0.09433296939078997,0.9433296939078998
2,10,300,452,3,0.09380129986518895,0.9380129986518895
2,10,300,453,3,0.09052739687804723,0.9052739687804723
2,10,300,454,3,0.09406936655877342,0.9406936655877342
2,10,300,455,3,0.09593170198970913,0.9593170198970913
2,10,300,456,3,0.0859387521654314,0.859387521654314
2,10,300,457,3,0.11892825733568857,1.1892825733568857
2,10,300,458,3,0.08769355070843261,0.8769355070843261
2,10,300,459,3,0.08797450745691657,0.8797450745691656
2,10,300,460,3,0.10732972558961233,1.0732972558961233
2,10,300,461,3,0.10155646117275331,1.0155646117275332
2,10,300,462,3,0.10905194636614829,1.090519463661483
2,10,300,463,3,0.08635522641026831,0.8635522641026832
2,10,300,464,3,0.09088749861830357,0.9088749861830357
2,10,300,465,3,0.10485305426692744,1.0485305426692744
2,10,300,466,3,0.09288825753271326,0.9288825753271327
2,10,300,467,3,0.10771820056786113,1.0771820056786114
2,10,300,468,3,0.09247202185353295,0.9247202185353295
2,10,300,469,3,0.10728405056322535,1.0728405056322534
2,10,300,470,3,0.09658001373211882,0.9658001373211882
2,10,300,471,3,0.1081795461122203,1.081795461122203
2,10,300,472,3,0.09660440220580604,0.9660440220580604
2,10,300,473,3,0.08266906786071249,0.8266906786071249
2,10,300,474,3,0.10081830032072481,1.008183003207248
2,10,300,475,3,0.09300198027331207,0.9300198027331207
2,10,300,476,3,0.09972844121007411,0.9972844121007411
2,10,300,477,3,0.09607557820372867,0.9607557820372867
2,10,300,478,3,0.10081409571076645,1.0081409571076645
2,10,300,479,3,0.08497393897694148,0.8497393897694149
2,10,300,480,3,0.09338273464931147,0.9338273464931147
2,10,300,481,3,0.1014944380628647,1.0149443806286471
2,10,300,482,3,0.09353246345642471,0.9353246345642472
2,10,300,483,3,0.11214224216281818,1.1214224216281818
2,10,300,484,3,0.0912667936014142,0.912667936014142
2,10,300,485,3,0.08420850499394276,0.8420850499394277
2,10,300,486,3,0.10186029199179067,1.0186029199179067
2,10,300,487,3,0.11094811311584726,1.1094811311584725
2,10,300,488,3,0.09337442668540173,0.9337442668540173
2,10,300,489,3,0.1263218307313305,1.263218307313305
2,10,300,490,3,0.08900140520107185,0.8900140520107185
2,10,300,491,3,0.10528062470383825,1.0528062470383825
2,10,300,492,3,0.09171399609642891,0.9171399609642891
2,10,300,493,3,0.09917396216596558,0.9917396216596558
2,10,300,494,3,0.10126410821068688,1.0126410821068688
2,10,300,495,3,0.0952376507783074,0.9523765077830739
2,10,300,496,3,0.09495594091582796,0.9495594091582795
2,10,300,497,3,0.10207905846977516,1.0207905846977516
2,10,300,498,3,0.10276143786157005,1.0276143786157006
2,10,300,499,3,0.08516477114375923,0.8516477114375923
2,10,300,500,3,0.09788352355607335,0.9788352355607336
2,10,300,501,3,0.1034254635887655,1.034254635887655
2,10,300,502,3,0.09445035835347906,0.9445035835347907
2,10,300,503,3,0.09929178893920237,0.9929178893920237
2,10,300,504,3,0.1069333481158499,1.069333481158499
2,10,300,505,3,0.1043323714901416,1.043323714901416
2,10,300,506,3,0.10117040628494418,1.0117040628494418
2,10,300,507,3,0.08880028921861535,0.8880028921861535
2,10,300,508,3,0.09686121676036563,0.9686121676036563
2,10,300,509,3,0.09565015396371315,0.9565015396371315
2,10,300,510,3,0.08566304553951337,0.8566304553951337
2,10,300,511,3,0.11123617434581394,1.1123617434581392
2,10,300,512,3,0.10090930922806711,1.0090930922806711
2,10,300,513,3,0.09936219545319402,0.9936219545319402
2,10,300,514,3,0.09761929195287944,0.9761929195287944
2,10,300,515,3,0.0967063242294611,0.9670632422946109
2,10,300,516,3,0.09552595877553194,0.9552595877553194
2,10,300,517,3,0.11154256478888462,1.1154256478888462
2,10,300,518,3,0.10037674856544543,1.0037674856544543
2,10,300,519,3,0.09235463338007166,0.9235463338007166
2,10,300,520,3,0.10363797288504618,1.036379728850462
2,10,300,521,3,0.09297373532255693,0.9297373532255693
2,10,300,522,3,0.11020008319257976,1.1020008319257975
2,10,300,523,3,0.09106359456442954,0.9106359456442955
2,10,300,524,3,0.09296909076634252,0.9296909076634253
2,10,300,525,3,0.09209612589112787,0.9209612589112787
2,10,300,526,3,0.08147974246328453,0.8147974246328453
2,10,300,527,3,0.10437497648632016,1.0437497648632015
2,10,300,528,3,0.10740349305635621,1.0740349305635621
2,10,300,529,3,0.10074713394465942,1.0074713394465942
2,10,300,530,3,0.10183639790135648,1.0183639790135648
2,10,300,531,3,0.09876234482704349,0.9876234482704349
2,10,300,532,3,0.1060401969162783,1.060401969162783
2,10,300,533,3,0.0853358914376779,0.853358914376779
2,10,300,534,3,0.08227593579902413,0.8227593579902414
2,10,300,535,3,0.09435393627798722,0.9435393627798722
2,10,300,536,3,0.09993936351543642,0.9993936351543642
2,10,300,537,3,0.09345050588657333,0.9345050588657333
2,10,300,538,3,0.10185489332174232,1.0185489332174231
2,10,300,539,3,0.08849178206350833,0.8849178206350833
2,10,300,540,3,0.10268167273730502,1.0268167273730502
2,10,300,541,3,0.089375299197189,0.8937529919718901
2,10,300,542,3,0.08795266000823872,0.8795266000823871
2,10,300,543,3,0.08752724807566536,0.8752724807566536
2,10,300,544,3,0.09205317141128375,0.9205317141128374
2,10,300,545,3,0.0917694526502827,0.917694526502827
2,10,300,546,3,0.10403072346413184,1.0403072346413185
2,10,300,547,3,0.10938808711155223,1.0938808711155223
2,10,300,548,3,0.10887651115013167,1.0887651115013166
2,10,300,549,3,0.10821821672159346,1.0821821672159344
2,10,300,550,3,0.09398923342186163,0.9398923342186163
2,10,300,551,3,0.10721186411341847,1.0721186411341848
2,10,300,552,3,0.09245122357791408,0.9245122357791408
2,10,300,553,3,0.10016897441060071,1.001689744106007
2,10,300,554,3,0.08558996582013702,0.8558996582013702
2,10,300,555,3,0.09699969564303483,0.9699969564303483
2,10,300,556,3,0.09467540045159503,0.9467540045159504
2,10,300,557,3,0.09251068006248994,0.9251068006248994
2,10,300,558,3,0.09293535611871626,0.9293535611871626
2,10,300,559,3,0.10496726656596844,1.0496726656596844
2,10,300,560,3,0.09793829963244521,0.9793829963244521
2,10,300,561,3,0.0811172548562062,0.811172548562062
2,10,300,562,3,0.09683643117403395,0.9683643117403395
2,10,300,563,3,0.08364823285511355,0.8364823285511355
2,10,300,564,3,0.11250973449393906,1.1250973449393906
2,10,300,565,3,0.09635021528388663,0.9635021528388663
2,10,300,566,3,0.09741360861350656,0.9741360861350656
2,10,300,567,3,0.09421380174168781,0.9421380174168781
2,10,300,568,3,0.10509360149692754,1.0509360149692752
2,10,300,569,3,0.10043305452996475,1.0043305452996474
2,10,300,570,3,0.09303992497899186,0.9303992497899185
2,10,300,571,3,0.10458767941197142,1.0458767941197142
2,10,300,572,3,0.09629045383739103,0.9629045383739103
2,10,300,573,3,0.08940332379318099,0.8940332379318099
2,10,300,574,3,0.10805913990993912,1.0805913990993912
2,10,300,575,3,0.0799811652900777,0.799811652900777
2,10,300,576,3,0.10071255332238102,1.0071255332238103
2,10,300,577,3,0.10227293125373534,1.0227293125373533
2,10,300,578,3,0.08013416115163871,0.801341611516387
2,10,300,579,3,0.11425210923525833,1.1425210923525835
2,10,300,580,3,0.09322223244282077,0.9322223244282077
2,10,300,581,3,0.09810460715732958,0.9810460715732958
2,10,300,582,3,0.10699448545058447,1.0699448545058448
2,10,300,583,3,0.11041268511148924,1.1041268511148923
2,10,300,584,3,0.09393840267576344,0.9393840267576343
2,10,300,585,3,0.09322020667849505,0.9322020667849505
2,10,300,586,3,0.11634513849769265,1.1634513849769266
2,10,300,587,3,0.09355354614557568,0.9355354614557568
2,10,300,588,3,0.10202060476951627,1.0202060476951627
2,10,300,589,3,0.10222257377545468,1.022225737754547
2,10,300,590,3,0.09439662428274992,0.9439662428274992
2,10,300,591,3,0.10897111831372189,1.0897111831372188
2,10,300,592,3,0.09534423682697098,0.9534423682697099
2,10,300,593,3,0.09074656736501133,0.9074656736501133
2,10,300,594,3,0.10182962361426577,1.0182962361426577
2,10,300,595,3,0.0898861813715437,0.8988618137154369
2,10,300,596,3,0.0932607372381457,0.9326073723814569
2,10,300,597,3,0.09480488518120544,0.9480488518120544
2,10,300,598,3,0.09948592557980122,0.9948592557980123
2,10,300,599,3,0.09515368224506729,0.951536822450673
2,10,300,600,3,0.10227976296017594,1.0227976296017594
2,10,300,601,3,0.09307439303803468,0.9307439303803468
2,10,300,602,3,0.09662263691406994,0.9662263691406994
2,10,300,603,3,0.11462155039577365,1.1462155039577366
2,10,300,604,3,0.08658160123595629,0.8658160123595628
2,10,300,605,3,0.09684213826532515,0.9684213826532514
2,10,300,606,3,0.09348900459281244,0.9348900459281244
2,10,300,607,3,0.10737704606385907,1.0737704606385907
2,10,300,608,3,0.10633972478715481,1.063397247871548
2,10,300,609,3,0.09318720805418926,0.9318720805418926
2,10,300,610,3,0.087802115098251,0.8780211509825101
2,10,300,611,3,0.10471533086739292,1.0471533086739293
2,10,300,612,3,0.10298057544494363,1.0298057544494363
2,10,300,613,3,0.09952523327946658,0.9952523327946657
2,10,300,614,3,0.10709852140880888,1.0709852140880889
2,10,300,615,3,0.09276466243508352,0.9276466243508352
2,10,300,616,3,0.10514595554917733,1.0514595554917734
2,10,300,617,3,0.08855301464375884,0.8855301464375884
2,10,300,618,3,0.10660682747850483,1.0660682747850483
2,10,300,619,3,0.09153173715948323,0.9153173715948324
2,10,300,620,3,0.08859006220840872,0.8859006220840872
2,10,300,621,3,0.07896689097733291,0.789668909773329
2,10,300,622,3,0.09876313518278301,0.9876313518278301
2,10,300,623,3,0.09576534243181921,0.9576534243181921
2,10,300,624,3,0.09811188325030626,0.9811188325030625
2,10,300,625,3,0.09959145239059529,0.9959145239059528
2,10,300,626,3,0.08966232286018751,0.896623228601875
2,10,300,627,3,0.11485523935586969,1.1485523935586968
2,10,300,628,3,0.1019234681989847,1.019234681989847
2,10,300,629,3,0.09260414827697283,0.9260414827697283
2,10,300,630,3,0.09026842426522574,0.9026842426522574
2,10,300,631,3,0.0961348955465263,0.961348955465263
2,10,300,632,3,0.09068010693500411,0.9068010693500411
2,10,300,633,3,0.11014244903383875,1.1014244903383876
2,10,300,634,3,0.09477359311625885,0.9477359311625886
2,10,300,635,3,0.1025053579441885,1.025053579441885
2,10,300,636,3,0.09760287526002923,0.9760287526002923
2,10,300,637,3,0.10021594900556055,1.0021594900556055
2,10,300,638,3,0.10645021196755218,1.0645021196755218
2,10,300,639,3,0.09679146024041849,0.9679146024041849
2,10,300,640,3,0.08374611546051695,0.8374611546051695
2,10,300,641,3,0.11348223016225138,1.1348223016225139
2,10,300,642,3,0.10010961635900364,1.0010961635900364
2,10,300,643,3,0.08280949112934165,0.8280949112934164
2,10,300,644,3,0.10140260157492327,1.0140260157492327
2,10,300,645,3,0.09229956069437378,0.9229956069437378
2,10,300,646,3,0.09843206447648745,0.9843206447648745
2,10,300,647,3,0.08611012605122201,0.86110126051222
2,10,300,648,3,0.08171299196142336,0.8171299196142335
2,10,300,649,3,0.08770387265770019,0.8770387265770019
2,10,300,650,3,0.09637596814649474,0.9637596814649474
2,10,300,651,3,0.10532933355332187,1.0532933355332186
2,10,300,652,3,0.0917038459819458,0.917038459819458
2,10,300,653,3,0.09190342507685817,0.9190342507685817
2,10,300,654,3,0.10950793742324913,1.0950793742324914
2,10,300,655,3,0.09669670324574597,0.9669670324574597
2,10,300,656,3,0.09672644584039905,0.9672644584039904
2,10,300,657,3,0.10954081648077904,1.0954081648077905
2,10,300,658,3,0.10833939871506611,1.083393987150661
2,10,300,659,3,0.08984425473833822,0.8984425473833823
2,10,300,660,3,0.09049512819654057,0.9049512819654058
2,10,300,661,3,0.09312814879153139,0.9312814879153138
2,10,300,662,3,0.10064805182844881,1.006480518284488
2,10,300,663,3,0.10433227180545046,1.0433227180545046
2,10,300,664,3,0.10616687304420006,1.0616687304420005
2,10,300,665,3,0.09365672955502868,0.9365672955502868
2,10,300,666,3,0.08752671709891197,0.8752671709891197
2,10,300,667,3,0.09306409273860478,0.9306409273860478
2,10,300,668,3,0.10383264360937401,1.03832643609374
2,10,300,669,3,0.08835860842593762,0.8835860842593762
2,10,300,670,3,0.11641661771274037,1.1641661771274037
2,10,300,671,3,0.08421512712557715,0.8421512712557715
2,10,300,672,3,0.08487345912604284,0.8487345912604284
2,10,300,673,3,0.0952144381285845,0.952144381285845
2,10,300,674,3,0.08812555090416073,0.8812555090416072
2,10,300,675,3,0.09775272792739034,0.9775272792739035
2,10,300,676,3,0.09299631619087584,0.9299631619087584
2,10,300,677,3,0.09494255623628273,0.9494255623628273
2,10,300,678,3,0.09630939902303637,0.9630939902303637
2,10,300,679,3,0.0826577568251531,0.8265775682515311
2,10,300,680,3,0.0853463649919751,0.853463649919751
2,10,300,681,3,0.09528396834781236,0.9528396834781235
2,10,300,682,3,0.10054806068069613,1.0054806068069613
2,10,300,683,3,0.10327551171729873,1.0327551171729874
2,10,300,684,3,0.09719895443987692,0.9719895443987692
2,10,300,685,3,0.10091644195206353,1.0091644195206353
2,10,300,686,3,0.09437062066018628,0.9437062066018629
2,10,300,687,3,0.10024989163006204,1.0024989163006204
2,10,300,688,3,0.10756289663775595,1.0756289663775596
2,10,300,689,3,0.09936795640342183,0.9936795640342183
2,10,300,690,3,0.10178240966272327,1.0178240966272327
2,10,300,691,3,0.10888381573853705,1.0888381573853705
2,10,300,692,3,0.08371390851914834,0.8371390851914834
2,10,300,693,3,0.09291673912297489,0.9291673912297489
2,10,300,694,3,0.09820373645381313,0.9820373645381313
2,10,300,695,3,0.08529991154900468,0.8529991154900468
2,10,300,696,3,0.1070439119450397,1.070439119450397
2,10,300,697,3,0.10586519699314645,1.0586519699314645
2,10,300,698,3,0.1004019392893703,1.0040193928937031
2,10,300,699,3,0.08457241112314498,0.8457241112314497
2,10,300,700,3,0.083362557267772,0.83362557267772
2,10,300,701,3,0.0905343674213703,0.9053436742137031
2,10,300,702,3,0.0835849183379784,0.835849183379784
2,10,300,703,3,0.09914903839656294,0.9914903839656295
2,10,300,704,3,0.11408898491851797,1.1408898491851798
2,10,300,705,3,0.1088918673492302,1.088918673492302
2,10,300,706,3,0.1070135159781039,1.0701351597810391
2,10,300,707,3,0.08553182521335297,0.8553182521335297
2,10,300,708,3,0.09561752497124758,0.9561752497124758
2,10,300,709,3,0.10195313517469327,1.0195313517469329
2,10,300,710,3,0.10915233756969804,1.0915233756969804
2,10,300,711,3,0.09260164466142548,0.9260164466142549
2,10,300,712,3,0.09045914412737771,0.9045914412737771
2,10,300,713,3,0.09324275572867725,0.9324275572867725
2,10,300,714,3,0.10722941305931746,1.0722941305931746
2,10,300,715,3,0.09090725013674057,0.9090725013674058
2,10,300,716,3,0.11213104457558301,1.1213104457558303
2,10,300,717,3,0.09171695282756599,0.9171695282756599
2,10,300,718,3,0.07887756747132141,0.7887756747132141
2,10,300,719,3,0.09641564831537616,0.9641564831537616
2,10,300,720,3,0.09322914666485395,0.9322914666485395
2,10,300,721,3,0.11432974492440522,1.1432974492440522
2,10,300,722,3,0.09706206433518608,0.9706206433518608
2,10,300,723,3,0.10619629966549954,1.0619629966549953
2,10,300,724,3,0.09846909196122808,0.9846909196122807
2,10,300,725,3,0.08521765113667826,0.8521765113667825
2,10,300,726,3,0.09575697941754555,0.9575697941754555
2,10,300,727,3,0.10767163594466334,1.0767163594466334
2,10,300,728,3,0.08665444977328685,0.8665444977328686
2,10,300,729,3,0.10171166012681025,1.0171166012681025
2,10,300,730,3,0.10417266247049921,1.041726624704992
2,10,300,731,3,0.08926034417335738,0.8926034417335738
2,10,300,732,3,0.08706437024930996,0.8706437024930996
2,10,300,733,3,0.10887395458723124,1.0887395458723124
2,10,300,734,3,0.09937130117183549,0.9937130117183549
2,10,300,735,3,0.09938335127122305,0.9938335127122305
2,10,300,736,3,0.09595137813952047,0.9595137813952046
2,10,300,737,3,0.09066648287250652,0.9066648287250652
2,10,300,738,3,0.09430748281030898,0.9430748281030898
2,10,300,739,3,0.10305423294982614,1.0305423294982614
2,10,300,740,3,0.08799585559458561,0.8799585559458561
2,10,300,741,3,0.09440766368920836,0.9440766368920835
2,10,300,742,3,0.09281640185119558,0.9281640185119557
2,10,300,743,3,0.09813626004081549,0.9813626004081549
2,10,300,744,3,0.09948195925352984,0.9948195925352985
2,10,300,745,3,0.10199189365876149,1.019918936587615
2,10,300,746,3,0.10227705432618758,1.0227705432618759
2,10,300,747,3,0.09007416819445821,0.9007416819445822
2,10,300,748,3,0.0971999873444147,0.9719998734441471
2,10,300,749,3,0.10098041631158222,1.0098041631158223
2,10,300,750,3,0.09560127761113826,0.9560127761113826
2,10,300,751,3,0.08477584586357009,0.8477584586357009
2,10,300,752,3,0.09785340656183505,0.9785340656183504
2,10,300,753,3,0.08867995987619512,0.8867995987619512
2,10,300,754,3,0.10332113151001271,1.0332113151001272
2,10,300,755,3,0.08728080970344992,0.8728080970344992
2,10,300,756,3,0.10108926808739041,1.010892680873904
2,10,300,757,3,0.10845339039468851,1.084533903946885
2,10,300,758,3,0.09356076700648744,0.9356076700648743
2,10,300,759,3,0.08714911369318923,0.8714911369318923
2,10,300,760,3,0.09971013098761844,0.9971013098761844
2,10,300,761,3,0.11822724302108993,1.1822724302108993
2,10,300,762,3,0.09326758404418659,0.9326758404418658
2,10,300,763,3,0.10121358035727157,1.0121358035727157
2,10,300,764,3,0.10241041847931417,1.0241041847931418
2,10,300,765,3,0.11071003558567782,1.1071003558567782
2,10,300,766,3,0.11047612276955744,1.1047612276955745
2,10,300,767,3,0.1030408605667778,1.030408605667778
2,10,300,768,3,0.10008739689906274,1.0008739689906274
2,10,300,769,3,0.10475730743203929,1.0475730743203928
2,10,300,770,3,0.09903506282524091,0.9903506282524092
2,10,300,771,3,0.10526053748394516,1.0526053748394515
2,10,300,772,3,0.11124685163326059,1.1124685163326058
2,10,300,773,3,0.08497814647692978,0.8497814647692977
2,10,300,774,3,0.0971984559107442,0.9719845591074421
2,10,300,775,3,0.09525591707365037,0.9525591707365036
2,10,300,776,3,0.11059963151842224,1.1059963151842223
2,10,300,777,3,0.09704454587281061,0.9704454587281061
2,10,300,778,3,0.08759887109361392,0.8759887109361392
2,10,300,779,3,0.08972286052558225,0.8972286052558225
2,10,300,780,3,0.09068642974127966,0.9068642974127966
2,10,300,781,3,0.09566596551764998,0.9566596551764999
2,10,300,782,3,0.10356441416103032,1.0356441416103033
2,10,300,783,3,0.11503656649313694,1.1503656649313696
2,10,300,784,3,0.08131384769724921,0.8131384769724921
2,10,300,785,3,0.0884572775859972,0.884572775859972
2,10,300,786,3,0.09222905423725532,0.9222905423725531
2,10,300,787,3,0.11227604430598156,1.1227604430598155
2,10,300,788,3,0.09201549488016518,0.9201549488016518
2,10,300,789,3,0.09419375872206895,0.9419375872206894
2,10,300,790,3,0.0995341343892053,0.995341343892053
2,10,300,791,3,0.10421045475131077,1.0421045475131077
2,10,300,792,3,0.09330293180156218,0.9330293180156218
2,10,300,793,3,0.10065321229142155,1.0065321229142155
2,10,300,794,3,0.100991725273361,1.00991725273361
2,10,300,795,3,0.11723975848521548,1.1723975848521548
2,10,300,796,3,0.102369090289026,1.0236909028902599
2,10,300,797,3,0.08771867857715568,0.8771867857715567
2,10,300,798,3,0.10728577703984182,1.0728577703984181
2,10,300,799,3,0.1012419513243549,1.012419513243549
2,10,300,800,3,0.08811858815363013,0.8811858815363014
2,10,300,801,3,0.08586400457442794,0.8586400457442794
2,10,300,802,3,0.10915513585558914,1.0915513585558914
2,10,300,803,3,0.0980534332351633,0.980534332351633
2,10,300,804,3,0.09537366050886376,0.9537366050886376
2,10,300,805,3,0.11023068096945013,1.1023068096945012
2,10,300,806,3,0.09094452837491108,0.9094452837491108
2,10,300,807,3,0.09834310640609692,0.9834310640609693
2,10,300,808,3,0.09702602992286025,0.9702602992286025
2,10,300,809,3,0.0961751282903931,0.961751282903931
2,10,300,810,3,0.09943260351870276,0.9943260351870276
2,10,300,811,3,0.10909380090217576,1.0909380090217575
2,10,300,812,3,0.1066768543768505,1.0667685437685048
2,10,300,813,3,0.08723941752127734,0.8723941752127734
2,10,300,814,3,0.10144656885416461,1.014465688541646
2,10,300,815,3,0.08641957973416345,0.8641957973416345
2,10,300,816,3,0.09825543037185683,0.9825543037185683
2,10,300,817,3,0.0904698374920401,0.904698374920401
2,10,300,818,3,0.10438660486919672,1.043866048691967
2,10,300,819,3,0.10605010129069298,1.0605010129069299
2,10,300,820,3,0.10318674495333571,1.031867449533357
2,10,300,821,3,0.09459041747912283,0.9459041747912283
2,10,300,822,3,0.1076574143570427,1.0765741435704268
2,10,300,823,3,0.10444173515672181,1.0444173515672182
2,10,300,824,3,0.09263748898045687,0.9263748898045687
2,10,300,825,3,0.08839086702919935,0.8839086702919935
2,10,300,826,3,0.10395821062678777,1.0395821062678778
2,10,300,827,3,0.1017930413518435,1.017930413518435
2,10,300,828,3,0.0931197420410658,0.931197420410658
2,10,300,829,3,0.10284480517929348,1.0284480517929349
2,10,300,830,3,0.09655943516952999,0.9655943516952998
2,10,300,831,3,0.11367426081058901,1.1367426081058902
2,10,300,832,3,0.08792427113758014,0.8792427113758013
2,10,300,833,3,0.08335365971865945,0.8335365971865945
2,10,300,834,3,0.08713507737549275,0.8713507737549275
2,10,300,835,3,0.10238977716500094,1.0238977716500095
2,10,300,836,3,0.09543987815079244,0.9543987815079245
2,10,300,837,3,0.10567562781707322,1.0567562781707323
2,10,300,838,3,0.09794196335756383,0.9794196335756383
2,10,300,839,3,0.10314755820298815,1.0314755820298815
2,10,300,840,3,0.09622112074502182,0.9622112074502182
2,10,300,841,3,0.09518087210660446,0.9518087210660445
2,10,300,842,3,0.09191789016619623,0.9191789016619623
2,10,300,843,3,0.09796054635245864,0.9796054635245864
2,10,300,844,3,0.09369242681552381,0.9369242681552381
2,10,300,845,3,0.09565712386369643,0.9565712386369644
2,10,300,846,3,0.09284528411572393,0.9284528411572394
2,10,300,847,3,0.09594594249256373,0.9594594249256373
2,10,300,848,3,0.09423631909881094,0.9423631909881094
2,10,300,849,3,0.09329081134131142,0.9329081134131143
2,10,300,850,3,0.08941748309231497,0.8941748309231498
2,10,300,851,3,0.10751258472639007,1.0751258472639007
2,10,300,852,3,0.10870626814019327,1.0870626814019326
2,10,300,853,3,0.09696849339727978,0.9696849339727979
2,10,300,854,3,0.08763356059940931,0.8763356059940931
2,10,300,855,3,0.09143474752599992,0.9143474752599993
2,10,300,856,3,0.0999488111064389,0.999488111064389
2,10,300,857,3,0.11142386695855626,1.1142386695855626
2,10,300,858,3,0.09686679498552175,0.9686679498552176
2,10,300,859,3,0.09702946937061838,0.9702946937061837
2,10,300,860,3,0.09841582840995877,0.9841582840995877
2,10,300,861,3,0.10522754180664586,1.0522754180664586
2,10,300,862,3,0.09436526239118032,0.9436526239118032
2,10,300,863,3,0.10046956562887398,1.0046956562887397
2,10,300,864,3,0.10254926883726033,1.0254926883726034
2,10,300,865,3,0.11287308575706734,1.1287308575706734
2,10,300,866,3,0.09099828653630948,0.9099828653630948
2,10,300,867,3,0.08916715116879882,0.8916715116879882
2,10,300,868,3,0.10701666907495608,1.0701666907495606
2,10,300,869,3,0.0996018031761488,0.9960180317614881
2,10,300,870,3,0.11327812970559,1.1327812970559
2,10,300,871,3,0.09130925922873648,0.9130925922873647
2,10,300,872,3,0.09106958130779412,0.9106958130779412
2,10,300,873,3,0.08363310280881694,0.8363310280881695
2,10,300,874,3,0.10056881047242228,1.0056881047242228
2,10,300,875,3,0.09687412441546196,0.9687412441546196
2,10,300,876,3,0.09732431762114793,0.9732431762114793
2,10,300,877,3,0.09604808739162864,0.9604808739162863
2,10,300,878,3,0.09871998304115985,0.9871998304115984
2,10,300,879,3,0.09765189625830673,0.9765189625830673
2,10,300,880,3,0.10009716953978597,1.0009716953978596
2,10,300,881,3,0.07888210196631293,0.7888210196631292
2,10,300,882,3,0.09403655590999258,0.9403655590999257
2,10,300,883,3,0.08991583688912656,0.8991583688912657
2,10,300,884,3,0.08527286205690482,0.8527286205690482
2,10,300,885,3,0.1103880442819132,1.103880442819132
2,10,300,886,3,0.08897523961587109,0.8897523961587108
2,10,300,887,3,0.09582774693625656,0.9582774693625656
2,10,300,888,3,0.09686462435830528,0.9686462435830528
2,10,300,889,3,0.09447977966668264,0.9447977966668264
2,10,300,890,3,0.08441337512314348,0.8441337512314349
2,10,300,891,3,0.11154047013320462,1.1154047013320463
2,10,300,892,3,0.09286170650099472,0.9286170650099472
2,10,300,893,3,0.09401610114167946,0.9401610114167946
2,10,300,894,3,0.0865319480040749,0.8653194800407491
2,10,300,895,3,0.09700201351606652,0.9700201351606652
2,10,300,896,3,0.10007676762531176,1.0007676762531177
2,10,300,897,3,0.09315339870147982,0.9315339870147982
2,10,300,898,3,0.0998493989414917,0.9984939894149168
2,10,300,899,3,0.10120380701577913,1.0120380701577913
2,10,300,900,3,0.095762428918451,0.95762428918451
2,10,300,901,3,0.0940067966794563,0.9400679667945631
2,10,300,902,3,0.09243471320656678,0.9243471320656678
2,10,300,903,3,0.09982906749051783,0.9982906749051783
2,10,300,904,3,0.10098593769226262,1.0098593769226263
2,10,300,905,3,0.09570744303857132,0.9570744303857132
2,10,300,906,3,0.10251364798609372,1.0251364798609373
2,10,300,907,3,0.09444560764859804,0.9444560764859804
2,10,300,908,3,0.10249849494481605,1.0249849494481604
2,10,300,909,3,0.09054709504477668,0.9054709504477667
2,10,300,910,3,0.10603109127967518,1.0603109127967518
2,10,300,911,3,0.09551475601266851,0.9551475601266851
2,10,300,912,3,0.10185757086160202,1.0185757086160203
2,10,300,913,3,0.10502031724879583,1.0502031724879584
2,10,300,914,3,0.09738177309354232,0.9738177309354231
2,10,300,915,3,0.08629639948675694,0.8629639948675693
2,10,300,916,3,0.0948119657129366,0.948119657129366
2,10,300,917,3,0.09386475552679424,0.9386475552679424
2,10,300,918,3,0.10110413950803741,1.011041395080374
2,10,300,919,3,0.11506407037807592,1.150640703780759
2,10,300,920,3,0.08921455073615658,0.8921455073615658
2,10,300,921,3,0.0987583974518601,0.987583974518601
2,10,300,922,3,0.10062679751947257,1.0062679751947257
2,10,300,923,3,0.09938020732200342,0.9938020732200342
2,10,300,924,3,0.09530485626214874,0.9530485626214874
2,10,300,925,3,0.08798294725029758,0.8798294725029758
2,10,300,926,3,0.10504165531687802,1.0504165531687801
2,10,300,927,3,0.0929516687008329,0.929516687008329
2,10,300,928,3,0.11317571441770677,1.1317571441770677
2,10,300,929,3,0.0861337890069657,0.861337890069657
2,10,300,930,3,0.0866902081313913,0.8669020813139131
2,10,300,931,3,0.1015218714815331,1.015218714815331
2,10,300,932,3,0.08635990596752036,0.8635990596752036
2,10,300,933,3,0.09703315252440442,0.9703315252440442
2,10,300,934,3,0.09433719113201344,0.9433719113201344
2,10,300,935,3,0.10631176012936575,1.0631176012936574
2,10,300,936,3,0.09492565920287996,0.9492565920287995
2,10,300,937,3,0.094273435280181,0.9427343528018101
2,10,300,938,3,0.09218114159674876,0.9218114159674876
2,10,300,939,3,0.09290280206511137,0.9290280206511137
2,10,300,940,3,0.09746481781745406,0.9746481781745405
2,10,300,941,3,0.09682645837021174,0.9682645837021174
2,10,300,942,3,0.09706283382832898,0.9706283382832898
2,10,300,943,3,0.10639900435466461,1.063990043546646
2,10,300,944,3,0.09645106806731027,0.9645106806731026
2,10,300,945,3,0.094209191857859,0.9420919185785901
2,10,300,946,3,0.08894620464976702,0.8894620464976701
2,10,300,947,3,0.08285312583733469,0.828531258373347
2,10,300,948,3,0.10061366077985354,1.0061366077985354
2,10,300,949,3,0.09926202692185855,0.9926202692185855
2,10,300,950,3,0.10694559506384047,1.0694559506384045
2,10,300,951,3,0.10450385649033735,1.0450385649033733
2,10,300,952,3,0.09022641280352037,0.9022641280352037
2,10,300,953,3,0.10211686329586361,1.0211686329586362
2,10,300,954,3,0.08647167552864196,0.8647167552864197
2,10,300,955,3,0.09200451517687236,0.9200451517687236
2,10,300,956,3,0.11191415869257444,1.1191415869257446
2,10,300,957,3,0.09132936524461858,0.9132936524461859
2,10,300,958,3,0.10652009822757955,1.0652009822757955
2,10,300,959,3,0.09508075104610945,0.9508075104610946
2,10,300,960,3,0.09727312297663301,0.9727312297663301
2,10,300,961,3,0.09729117228401095,0.9729117228401095
2,10,300,962,3,0.09686372177636793,0.9686372177636794
2,10,300,963,3,0.09640007097404713,0.9640007097404713
2,10,300,964,3,0.1084864521116117,1.084864521116117
2,10,300,965,3,0.09248042556952762,0.9248042556952762
2,10,300,966,3,0.09035301129746179,0.9035301129746179
2,10,300,967,3,0.09858292397822746,0.9858292397822747
2,10,300,968,3,0.11244598613017162,1.1244598613017163
2,10,300,969,3,0.10931947344468598,1.09319473444686
2,10,300,970,3,0.10604301973906971,1.060430197390697
2,10,300,971,3,0.09264405607965318,0.9264405607965318
2,10,300,972,3,0.08893296786827959,0.8893296786827959
2,10,300,973,3,0.0892724110224076,0.892724110224076
2,10,300,974,3,0.0970372152755602,0.970372152755602
2,10,300,975,3,0.09542007289466273,0.9542007289466273
2,10,300,976,3,0.09656833050931424,0.9656833050931424
2,10,300,977,3,0.09615411172749234,0.9615411172749234
2,10,300,978,3,0.0916062254036122,0.916062254036122
2,10,300,979,3,0.092636092707966,0.92636092707966
2,10,300,980,3,0.09233322251974349,0.9233322251974349
2,10,300,981,3,0.10830001479122171,1.083000147912217
2,10,300,982,3,0.09861995985659916,0.9861995985659916
2,10,300,983,3,0.08438258879586368,0.8438258879586368
2,10,300,984,3,0.11656264544056305,1.1656264544056305
2,10,300,985,3,0.10486400794827908,1.0486400794827908
2,10,300,986,3,0.07998094061948394,0.7998094061948393
2,10,300,987,3,0.09504180780550028,0.9504180780550029
2,10,300,988,3,0.08677656881249385,0.8677656881249385
2,10,300,989,3,0.10533853668616572,1.053385366861657
2,10,300,990,3,0.08562224512449343,0.8562224512449342
2,10,300,991,3,0.09860874753418786,0.9860874753418786
2,10,300,992,3,0.10125996122445025,1.0125996122445025
2,10,300,993,3,0.1011391374875579,1.011391374875579
2,10,300,994,3,0.08983137630583063,0.8983137630583062
2,10,300,995,3,0.08970670444051243,0.8970670444051243
2,10,300,996,3,0.09321648811974964,0.9321648811974964
2,10,300,997,3,0.1017762120029935,1.017762120029935
2,10,300,998,3,0.09003179466099488,0.9003179466099488
2,10,300,999,3,0.10003802521139313,1.0003802521139313
2,10,300,1000,3,0.09374076112374542,0.9374076112374542
2,10,300,1001,3,0.10494476658020106,1.0494476658020107
2,10,300,1002,3,0.09577774287624866,0.9577774287624866
2,10,300,1003,3,0.09097977091492382,0.9097977091492382
2,10,300,1004,3,0.1094788629652215,1.094788629652215
2,10,300,1005,3,0.08907827388958822,0.8907827388958822
2,10,300,1006,3,0.10763445095215918,1.076344509521592
2,10,300,1007,3,0.09561945922839038,0.9561945922839038
2,10,300,1008,3,0.11373607187383225,1.1373607187383223
2,10,300,1009,3,0.09239237314175613,0.9239237314175613
2,10,300,1010,3,0.09414625728028617,0.9414625728028617
2,10,300,1011,3,0.10108262648296189,1.010826264829619
2,10,300,1012,3,0.0995178250817847,0.9951782508178469
2,10,300,1013,3,0.10210148520780186,1.0210148520780187
2,10,300,1014,3,0.11680452126702223,1.1680452126702223
2,10,300,1015,3,0.09001417462510641,0.9001417462510641
2,10,300,1016,3,0.09564337392481093,0.9564337392481093
2,10,300,1017,3,0.12205876099371389,1.2205876099371389
2,10,300,1018,3,0.09371936717909041,0.9371936717909041
2,10,300,1019,3,0.11042136974543157,1.1042136974543157
2,10,300,1020,3,0.12557469430983897,1.2557469430983899
2,10,300,1021,3,0.09735626138719448,0.9735626138719449
2,10,300,1022,3,0.10522385956797713,1.0522385956797713
2,10,300,1023,3,0.08930543171052444,0.8930543171052444
2,10,300,1024,3,0.09921045886790483,0.9921045886790483
2,10,300,1025,3,0.09302720010467438,0.9302720010467438
2,10,300,1026,3,0.09568914831397392,0.9568914831397392
2,10,300,1027,3,0.08716523424041392,0.8716523424041392
2,10,300,1028,3,0.0889507158967833,0.889507158967833
2,10,300,1029,3,0.09621737819870449,0.962173781987045
2,10,300,1030,3,0.09109663336518836,0.9109663336518836
2,10,300,1031,3,0.10803623369473989,1.080362336947399
2,10,300,1032,3,0.11011083067359269,1.1011083067359269
2,10,300,1033,3,0.11485859749858393,1.1485859749858394
2,10,300,1034,3,0.09991950974428679,0.9991950974428679
2,10,300,1035,3,0.10886941362739568,1.0886941362739568
2,10,300,1036,3,0.0976386020339274,0.9763860203392739
2,10,300,1037,3,0.09527297207997161,0.9527297207997161
2,10,300,1038,3,0.09412519518445905,0.9412519518445905
2,10,300,1039,3,0.13356682423023264,1.3356682423023263
2,10,300,1040,3,0.0957736339311479,0.9577363393114791
2,10,300,1041,3,0.09939279923725247,0.9939279923725247
2,10,300,1042,3,0.08505103122580392,0.8505103122580392
2,10,300,1043,3,0.0956595314618918,0.9565953146189179
2,10,300,1044,3,0.102066021219275,1.02066021219275
2,10,300,1045,3,0.10142528484081921,1.014252848408192
2,10,300,1046,3,0.09743764915514003,0.9743764915514003
2,10,300,1047,3,0.11378393246622513,1.1378393246622514
2,10,300,1048,3,0.0870469112928958,0.870469112928958
2,10,300,1049,3,0.1035662775110124,1.035662775110124
2,10,300,1050,3,0.1041083756798011,1.041083756798011
2,10,300,1051,3,0.09153470954284226,0.9153470954284226
2,10,300,1052,3,0.1046404430108496,1.046404430108496
2,10,300,1053,3,0.10165638928533645,1.0165638928533645
2,10,300,1054,3,0.09882802566055485,0.9882802566055485
2,10,300,1055,3,0.10507977875960288,1.0507977875960288
2,10,300,1056,3,0.10794038396405595,1.0794038396405594
2,10,300,1057,3,0.09358323233509329,0.9358323233509329
2,10,300,1058,3,0.09947922839371458,0.9947922839371458
2,10,300,1059,3,0.09309068691593197,0.9309068691593197
2,10,300,1060,3,0.10178640971075446,1.0178640971075448
2,10,300,1061,3,0.08988965035282331,0.8988965035282331
2,10,300,1062,3,0.09133373553827046,0.9133373553827046
2,10,300,1063,3,0.09974196825120059,0.997419682512006
2,10,300,1064,3,0.08765540228870947,0.8765540228870947
2,10,300,1065,3,0.09772102704512724,0.9772102704512723
2,10,300,1066,3,0.10590572468675252,1.0590572468675252
2,10,300,1067,3,0.08786672600554804,0.8786672600554805
2,10,300,1068,3,0.09046683102499456,0.9046683102499457
2,10,300,1069,3,0.09774411346909562,0.9774411346909562
2,10,300,1070,3,0.09878944950029547,0.9878944950029548
2,10,300,1071,3,0.09673625886285438,0.9673625886285439
2,10,300,1072,3,0.10562130390015526,1.0562130390015525
2,10,300,1073,3,0.09424589695585066,0.9424589695585066
2,10,300,1074,3,0.09829469985398391,0.9829469985398391
2,10,300,1075,3,0.10639806563482479,1.063980656348248
2,10,300,1076,3,0.09955605737180986,0.9955605737180986
2,10,300,1077,3,0.11349756388144526,1.1349756388144525
2,10,300,1078,3,0.09609728709570821,0.9609728709570821
2,10,300,1079,3,0.09096097822049881,0.9096097822049881
2,10,300,1080,3,0.08637193824559143,0.8637193824559143
2,10,300,1081,3,0.10549845965605155,1.0549845965605154
2,10,300,1082,3,0.09164053332905345,0.9164053332905344
2,10,300,1083,3,0.10862530050335187,1.0862530050335186
2,10,300,1084,3,0.09244379445396578,0.9244379445396578
2,10,300,1085,3,0.09488426918919171,0.9488426918919171
2,10,300,1086,3,0.11135231641441418,1.1135231641441417
2,10,300,1087,3,0.09951132696895469,0.9951132696895469
2,10,300,1088,3,0.09286024575375319,0.9286024575375319
2,10,300,1089,3,0.0922338477596691,0.922338477596691
2,10,300,1090,3,0.09620880777328936,0.9620880777328935
2,10,300,1091,3,0.08538027464080437,0.8538027464080437
2,10,300,1092,3,0.10392464499156358,1.0392464499156358
2,10,300,1093,3,0.08704008561048175,0.8704008561048175
2,10,300,1094,3,0.07859312557142899,0.7859312557142899
2,10,300,1095,3,0.09577006789218626,0.9577006789218625
2,10,300,1096,3,0.08379247791926889,0.8379247791926888
2,10,300,1097,3,0.11045551149074884,1.1045551149074884
2,10,300,1098,3,0.10219220293849215,1.0219220293849216
2,10,300,1099,3,0.09207817675562326,0.9207817675562325
2,10,300,1100,3,0.09258677528904383,0.9258677528904382
2,10,300,1101,3,0.09802739923258469,0.9802739923258469
2,10,300,1102,3,0.09663830923817217,0.9663830923817217
2,10,300,1103,3,0.09945180049775997,0.9945180049775997
2,10,300,1104,3,0.09343733847192856,0.9343733847192855
2,10,300,1105,3,0.09168503670561814,0.9168503670561814
2,10,300,1106,3,0.0909147388311794,0.909147388311794
2,10,300,1107,3,0.08885021213125847,0.8885021213125847
2,10,300,1108,3,0.08839778749004185,0.8839778749004185
2,10,300,1109,3,0.10199423375281196,1.0199423375281196
2,10,300,1110,3,0.09405679581659078,0.9405679581659078
2,10,300,1111,3,0.10257889213158665,1.0257889213158664
2,10,300,1112,3,0.089995982861592,0.8999598286159199
2,10,300,1113,3,0.09950229987603511,0.995022998760351
2,10,300,1114,3,0.09717168131830722,0.9717168131830722
2,10,300,1115,3,0.10184676747596805,1.0184676747596806
2,10,300,1116,3,0.09468440007301598,0.9468440007301598
2,10,300,1117,3,0.08769434797962807,0.8769434797962806
2,10,300,1118,3,0.12209889594544088,1.2209889594544088
2,10,300,1119,3,0.0986588759753146,0.9865887597531461
2,10,300,1120,3,0.09173176288946466,0.9173176288946466
2,10,300,1121,3,0.10125515369364091,1.012551536936409
2,10,300,1122,3,0.1146367906696438,1.1463679066964378
2,10,300,1123,3,0.09502513501321791,0.9502513501321791
2,10,300,1124,3,0.10930916423183243,1.0930916423183243
2,10,300,1125,3,0.0856775639439622,0.856775639439622
2,10,300,1126,3,0.09745357691304485,0.9745357691304485
2,10,300,1127,3,0.09262192132249986,0.9262192132249986
2,10,300,1128,3,0.09485845868648676,0.9485845868648677
2,10,300,1129,3,0.10358221301068812,1.0358221301068813
2,10,300,1130,3,0.0917769171715564,0.9177691717155639
2,10,300,1131,3,0.09100391638387562,0.910039163838756
2,10,300,1132,3,0.10549951370191872,1.0549951370191872
2,10,300,1133,3,0.10620626541557635,1.0620626541557634
2,10,300,1134,3,0.08477665003805465,0.8477665003805465
2,10,300,1135,3,0.09409237892188926,0.9409237892188926
2,10,300,1136,3,0.10901116219804641,1.090111621980464
2,10,300,1137,3,0.09060987256448347,0.9060987256448347
2,10,300,1138,3,0.08658546475553218,0.8658546475553218
2,10,300,1139,3,0.10248807798978131,1.024880779897813
2,10,300,1140,3,0.08186360919788532,0.8186360919788532
2,10,300,1141,3,0.10077079340803335,1.0077079340803337
2,10,300,1142,3,0.09542724576032777,0.9542724576032776
2,10,300,1143,3,0.09604918782719929,0.9604918782719929
2,10,300,1144,3,0.09502538650396906,0.9502538650396907
2,10,300,1145,3,0.09125640901654769,0.9125640901654769
2,10,300,1146,3,0.1130255257785886,1.130255257785886
2,10,300,1147,3,0.09731547929823976,0.9731547929823976
2,10,300,1148,3,0.09939714740234333,0.9939714740234333
2,10,300,1149,3,0.09874190155577348,0.9874190155577348
2,10,300,1150,3,0.09595668399242455,0.9595668399242455
2,10,300,1151,3,0.09847529581756533,0.9847529581756532
2,10,300,1152,3,0.09900068762443767,0.9900068762443767
2,10,300,1153,3,0.09062219603212768,0.9062219603212768
2,10,300,1154,3,0.10042155320846541,1.0042155320846542
2,10,300,1155,3,0.0837348104129271,0.837348104129271
2,10,300,1156,3,0.099606990709996,0.99606990709996
2,10,300,1157,3,0.1080188982744577,1.080188982744577
2,10,300,1158,3,0.10135161092252713,1.0135161092252714
2,10,300,1159,3,0.10849719327713722,1.084971932771372
2,10,300,1160,3,0.10030009895746153,1.0030009895746153
2,10,300,1161,3,0.08642478208354769,0.8642478208354769
2,10,300,1162,3,0.09986301136224549,0.9986301136224548
2,10,300,1163,3,0.10764169586646469,1.076416958664647
2,10,300,1164,3,0.09383291002494845,0.9383291002494846
2,10,300,1165,3,0.11403579374718012,1.1403579374718011
2,10,300,1166,3,0.08837921582883415,0.8837921582883416
2,10,300,1167,3,0.10143204843751479,1.0143204843751479
2,10,300,1168,3,0.09550715886456182,0.9550715886456181
2,10,300,1169,3,0.10819760910135072,1.0819760910135072
2,10,300,1170,3,0.10357144504991832,1.035714450499183
2,10,300,1171,3,0.10239366231414786,1.0239366231414786
2,10,300,1172,3,0.08745968975772853,0.8745968975772853
2,10,300,1173,3,0.09871124893164455,0.9871124893164455
2,10,300,1174,3,0.09952207203726118,0.9952207203726118
2,10,300,1175,3,0.1026676838067822,1.0266768380678222
2,10,300,1176,3,0.09866070535028398,0.9866070535028398
2,10,300,1177,3,0.10877331483565182,1.087733148356518
2,10,300,1178,3,0.095581868972865,0.95581868972865
2,10,300,1179,3,0.0910281358141186,0.9102813581411859
2,10,300,1180,3,0.09946134010499649,0.9946134010499649
2,10,300,1181,3,0.10216104019652478,1.0216104019652479
2,10,300,1182,3,0.08803583768982035,0.8803583768982034
2,10,300,1183,3,0.09475697122280524,0.9475697122280524
2,10,300,1184,3,0.10228818082464278,1.0228818082464277
2,10,300,1185,3,0.12382173731191032,1.238217373119103
2,10,300,1186,3,0.08739225610260257,0.8739225610260257
2,10,300,1187,3,0.10144914152118203,1.0144914152118203
2,10,300,1188,3,0.10023067442142694,1.0023067442142695
2,10,300,1189,3,0.09258341745584928,0.9258341745584927
2,10,300,1190,3,0.09294577752304936,0.9294577752304937
2,10,300,1191,3,0.08490623713065432,0.8490623713065432
2,10,300,1192,3,0.0962735261819897,0.962735261819897
2,10,300,1193,3,0.09203481961836502,0.9203481961836502
2,10,300,1194,3,0.08701689909856652,0.8701689909856652
2,10,300,1195,3,0.09424674419697503,0.9424674419697503
2,10,300,1196,3,0.09565506738230733,0.9565506738230733
2,10,300,1197,3,0.10845654063723992,1.084565406372399
2,10,300,1198,3,0.08841219745642781,0.8841219745642781
2,10,300,1199,3,0.10437832655241563,1.0437832655241563
2,10,300,1200,3,0.10313803179344336,1.0313803179344336
2,10,300,1201,3,0.09886261011297955,0.9886261011297955
2,10,300,1202,3,0.1009564984838372,1.009564984838372
2,10,300,1203,3,0.09505302100258062,0.9505302100258061
2,10,300,1204,3,0.09718957000531651,0.9718957000531652
2,10,300,1205,3,0.0969740945471785,0.9697409454717849
2,10,300,1206,3,0.08888174584642108,0.8888174584642108
2,10,300,1207,3,0.1059584992088322,1.059584992088322
2,10,300,1208,3,0.11664419829411377,1.1664419829411377
2,10,300,1209,3,0.10968807309658621,1.096880730965862
2,10,300,1210,3,0.08905809468727169,0.8905809468727169
2,10,300,1211,3,0.10723218061536316,1.0723218061536315
2,10,300,1212,3,0.09864577025852932,0.9864577025852932
2,10,300,1213,3,0.09679667882623705,0.9679667882623705
2,10,300,1214,3,0.09179741568739284,0.9179741568739285
2,10,300,1215,3,0.10048474863384643,1.0048474863384642
2,10,300,1216,3,0.08420964196878396,0.8420964196878395
2,10,300,1217,3,0.09288120513208556,0.9288120513208556
2,10,300,1218,3,0.11386195678320898,1.1386195678320898
2,10,300,1219,3,0.08716505148062537,0.8716505148062537
2,10,300,1220,3,0.10192480693080769,1.019248069308077
2,10,300,1221,3,0.10849521585582603,1.0849521585582602
2,10,300,1222,3,0.08989597144730083,0.8989597144730083
2,10,300,1223,3,0.08859607507401945,0.8859607507401945
2,10,300,1224,3,0.09205924263375387,0.9205924263375387
2,10,300,1225,3,0.10163106116095742,1.0163106116095741
2,10,300,1226,3,0.09159230732621401,0.9159230732621402
2,10,300,1227,3,0.09690916606193863,0.9690916606193862
2,10,300,1228,3,0.10341170045503079,1.0341170045503079
2,10,300,1229,3,0.10836722543162575,1.0836722543162576
2,10,300,1230,3,0.08675932556948979,0.8675932556948979
2,10,300,1231,3,0.09046100168310245,0.9046100168310244
2,10,300,1232,3,0.09719637550234844,0.9719637550234844
2,10,300,1233,3,0.09644078382205676,0.9644078382205676
2,10,300,1234,3,0.09375003571196436,0.9375003571196436
2,10,300,1235,3,0.1033997377021923,1.033997377021923
2,10,300,1236,3,0.09757594748895057,0.9757594748895057
2,10,300,1237,3,0.08643333237624937,0.8643333237624937
2,10,300,1238,3,0.09967719036075157,0.9967719036075157
2,10,300,1239,3,0.08593387965654944,0.8593387965654944
2,10,300,1240,3,0.10306394338192215,1.0306394338192215
2,10,300,1241,3,0.1031757230915047,1.0317572309150471
2,10,300,1242,3,0.10968033057629907,1.0968033057629907
2,10,300,1243,3,0.09923979776685302,0.9923979776685301
2,10,300,1244,3,0.1010025849929352,1.010025849929352
2,10,300,1245,3,0.0918369957563963,0.918369957563963
2,10,300,1246,3,0.09849337588724197,0.9849337588724196
2,10,300,1247,3,0.09941488087514869,0.9941488087514868
2,10,300,1248,3,0.096849296147859,0.9684929614785901
2,10,300,1249,3,0.09627656701781441,0.9627656701781441
2,10,300,1250,3,0.11599221128334472,1.1599221128334471
2,10,300,1251,3,0.09875372218071807,0.9875372218071806
2,10,300,1252,3,0.09653934006439156,0.9653934006439155
2,10,300,1253,3,0.08900375832786211,0.8900375832786211
2,10,300,1254,3,0.10377916992819625,1.0377916992819625
2,10,300,1255,3,0.0858261601582681,0.858261601582681
2,10,300,1256,3,0.10785476835804808,1.0785476835804808
2,10,300,1257,3,0.09333330780028987,0.9333330780028987
2,10,300,1258,3,0.09130824018840442,0.9130824018840441
2,10,300,1259,3,0.10300060444717557,1.0300060444717556
2,10,300,1260,3,0.09925578479994854,0.9925578479994854
2,10,300,1261,3,0.09939317728992844,0.9939317728992844
2,10,300,1262,3,0.10982398413737489,1.098239841373749
2,10,300,1263,3,0.10315364375034963,1.0315364375034963
2,10,300,1264,3,0.09693920944577608,0.9693920944577609
2,10,300,1265,3,0.10770779625056205,1.0770779625056204
2,10,300,1266,3,0.0925483880961897,0.925483880961897
2,10,300,1267,3,0.10183245043901619,1.0183245043901619
2,10,300,1268,3,0.10003575966007863,1.0003575966007863
2,10,300,1269,3,0.09355815001275844,0.9355815001275845
2,10,300,1270,3,0.09802432031847749,0.980243203184775
2,10,300,1271,3,0.09326766051172172,0.9326766051172173
2,10,300,1272,3,0.10928261050699623,1.0928261050699624
2,10,300,1273,3,0.11331004737338274,1.1331004737338273
2,10,300,1274,3,0.0903404860654151,0.903404860654151
2,10,300,1275,3,0.11296278590808974,1.1296278590808975
2,10,300,1276,3,0.09706597302246014,0.9706597302246015
2,10,300,1277,3,0.10296732820219077,1.0296732820219077
2,10,300,1278,3,0.08927892651686767,0.8927892651686767
2,10,300,1279,3,0.09157641479190473,0.9157641479190473
2,10,300,1280,3,0.10220849760924079,1.0220849760924078
2,10,300,1281,3,0.10557698472354174,1.0557698472354173
2,10,300,1282,3,0.1033496192123742,1.033496192123742
2,10,300,1283,3,0.1004565059689758,1.004565059689758
2,10,300,1284,3,0.0954882228623076,0.9548822286230759
2,10,300,1285,3,0.10524067497632655,1.0524067497632654
2,10,300,1286,3,0.09640914980164646,0.9640914980164647
2,10,300,1287,3,0.09647499950002766,0.9647499950002767
2,10,300,1288,3,0.10155847415647348,1.0155847415647348
2,10,300,1289,3,0.0918947078285449,0.918947078285449
2,10,300,1290,3,0.08601199929772985,0.8601199929772985
2,10,300,1291,3,0.08615590159302765,0.8615590159302765
2,10,300,1292,3,0.10031737601070953,1.0031737601070954
2,10,300,1293,3,0.09999064935839977,0.9999064935839977
2,10,300,1294,3,0.09202483923619853,0.9202483923619853
2,10,300,1295,3,0.08603433194634424,0.8603433194634424
2,10,300,1296,3,0.09460961417867642,0.9460961417867642
2,10,300,1297,3,0.09758227794080057,0.9758227794080057
2,10,300,1298,3,0.11049603418016021,1.104960341801602
2,10,300,1299,3,0.08871182813313216,0.8871182813313216
2,10,300,1300,3,0.1002444125475932,1.002444125475932
2,10,300,1301,3,0.09806585277208439,0.9806585277208438
2,10,300,1302,3,0.10332669326671957,1.0332669326671957
2,10,300,1303,3,0.09644341938911175,0.9644341938911174
2,10,300,1304,3,0.10155021192556822,1.0155021192556821
2,10,300,1305,3,0.09939662912463004,0.9939662912463004
2,10,300,1306,3,0.10974956288072858,1.097495628807286
2,10,300,1307,3,0.10310529873335675,1.0310529873335674
2,10,300,1308,3,0.1015599930890079,1.015599930890079
2,10,300,1309,3,0.11799647458288565,1.1799647458288567
2,10,300,1310,3,0.08418874445543534,0.8418874445543534
2,10,300,1311,3,0.09734185447439497,0.9734185447439497
2,10,300,1312,3,0.08203298541984766,0.8203298541984766
2,10,300,1313,3,0.09332658856582457,0.9332658856582458
2,10,300,1314,3,0.10291763039962729,1.029176303996273
2,10,300,1315,3,0.0953846323676819,0.953846323676819
2,10,300,1316,3,0.08579622053559782,0.8579622053559782
2,10,300,1317,3,0.0866485150042434,0.8664851500424341
2,10,300,1318,3,0.10059464099346141,1.005946409934614
2,10,300,1319,3,0.12067408568176241,1.206740856817624
2,10,300,1320,3,0.10222283242307195,1.0222283242307195
2,10,300,1321,3,0.10568859978544402,1.0568859978544403
2,10,300,1322,3,0.09745550592529933,0.9745550592529933
2,10,300,1323,3,0.10880532336370571,1.0880532336370572
2,10,300,1324,3,0.1028290726036759,1.0282907260367589
2,10,300,1325,3,0.09625501664587828,0.9625501664587828
2,10,300,1326,3,0.09823161303142533,0.9823161303142532
2,10,300,1327,3,0.10010356840538845,1.0010356840538845
2,10,300,1328,3,0.08871913912496479,0.8871913912496479
2,10,300,1329,3,0.09372921870287708,0.9372921870287708
2,10,300,1330,3,0.10963023784157769,1.096302378415777
2,10,300,1331,3,0.09559533899573,0.9559533899573
2,10,300,1332,3,0.08692629292369135,0.8692629292369135
2,10,300,1333,3,0.09298482041153712,0.9298482041153712
2,10,300,1334,3,0.0838255447550113,0.838255447550113
2,10,300,1335,3,0.10243356484636243,1.0243356484636243
2,10,300,1336,3,0.09634209179514128,0.9634209179514127
2,10,300,1337,3,0.0895312811266244,0.895312811266244
2,10,300,1338,3,0.08579090549147884,0.8579090549147884
2,10,300,1339,3,0.08960735961058772,0.8960735961058771
2,10,300,1340,3,0.11530009720573597,1.1530009720573597
2,10,300,1341,3,0.10006470728751034,1.0006470728751033
2,10,300,1342,3,0.09802238723846327,0.9802238723846326
2,10,300,1343,3,0.10123829354788236,1.0123829354788236
2,10,300,1344,3,0.0931353405936001,0.9313534059360009
2,10,300,1345,3,0.09022821543915271,0.9022821543915271
2,10,300,1346,3,0.10290435556144911,1.0290435556144912
2,10,300,1347,3,0.09011161658865446,0.9011161658865446
2,10,300,1348,3,0.09746247630406425,0.9746247630406425
2,10,300,1349,3,0.09596186493754254,0.9596186493754254
2,10,300,1350,3,0.09348680282599402,0.9348680282599402
2,10,300,1351,3,0.10005028740791164,1.0005028740791164
2,10,300,1352,3,0.09910294820879816,0.9910294820879816
2,10,300,1353,3,0.09182399386021134,0.9182399386021134
2,10,300,1354,3,0.08793585504081057,0.8793585504081057
2,10,300,1355,3,0.11885175286156419,1.1885175286156417
2,10,300,1356,3,0.09548069617508899,0.9548069617508899
2,10,300,1357,3,0.09080426507487198,0.9080426507487197
2,10,300,1358,3,0.10443642579447927,1.0443642579447927
2,10,300,1359,3,0.10905556094307303,1.0905556094307303
2,10,300,1360,3,0.09629166467158493,0.9629166467158492
2,10,300,1361,3,0.09470568544890884,0.9470568544890884
2,10,300,1362,3,0.08378825513418853,0.8378825513418853
2,10,300,1363,3,0.10035895193278964,1.0035895193278965
2,10,300,1364,3,0.09869200709736353,0.9869200709736353
2,10,300,1365,3,0.09588602005700608,0.9588602005700608
2,10,300,1366,3,0.08764376129192684,0.8764376129192685
2,10,300,1367,3,0.11845668526227146,1.1845668526227147
2,10,300,1368,3,0.09891241938533506,0.9891241938533505
2,10,300,1369,3,0.09252988306974336,0.9252988306974336
2,10,300,1370,3,0.10518482054373272,1.0518482054373273
2,10,300,1371,3,0.1017649122449623,1.017649122449623
2,10,300,1372,3,0.09324704187814735,0.9324704187814735
2,10,300,1373,3,0.09739528403255217,0.9739528403255217
2,10,300,1374,3,0.09306688193460855,0.9306688193460855
2,10,300,1375,3,0.09229876005913312,0.9229876005913312
2,10,300,1376,3,0.09118964818330597,0.9118964818330596
2,10,300,1377,3,0.09301073909875843,0.9301073909875843
2,10,300,1378,3,0.10413344483999185,1.0413344483999185
2,10,300,1379,3,0.10473293647143297,1.0473293647143298
2,10,300,1380,3,0.10294990337375051,1.0294990337375052
2,10,300,1381,3,0.10162077708047601,1.01620777080476
2,10,300,1382,3,0.08936000828156401,0.8936000828156401
2,10,300,1383,3,0.08835224066425373,0.8835224066425373
2,10,300,1384,3,0.09569470534333863,0.9569470534333863
2,10,300,1385,3,0.10842327605805456,1.0842327605805455
2,10,300,1386,3,0.0944994034457074,0.9449940344570739
2,10,300,1387,3,0.11447961656840036,1.1447961656840036
2,10,300,1388,3,0.10151384558473056,1.0151384558473056
2,10,300,1389,3,0.08917128063705314,0.8917128063705314
2,10,300,1390,3,0.09014907715266385,0.9014907715266385
2,10,300,1391,3,0.09805611546615081,0.9805611546615082
2,10,300,1392,3,0.09463600394754271,0.9463600394754271
2,10,300,1393,3,0.10836807624811942,1.0836807624811942
2,10,300,1394,3,0.09337898040574395,0.9337898040574396
2,10,300,1395,3,0.10445947141293664,1.0445947141293663
2,10,300,1396,3,0.11442079396940905,1.1442079396940905
2,10,300,1397,3,0.09367649832512966,0.9367649832512966
2,10,300,1398,3,0.09147237509043425,0.9147237509043424
2,10,300,1399,3,0.09413009996573724,0.9413009996573724
2,10,300,1400,3,0.08398223699376149,0.8398223699376149
2,10,300,1401,3,0.09107866268477686,0.9107866268477687
2,10,300,1402,3,0.0891541982042811,0.891541982042811
2,10,300,1403,3,0.09255798658619835,0.9255798658619835
2,10,300,1404,3,0.10256326446426206,1.0256326446426207
2,10,300,1405,3,0.09537294578440567,0.9537294578440567
2,10,300,1406,3,0.08965238328988592,0.8965238328988593
2,10,300,1407,3,0.09906267186665045,0.9906267186665045
2,10,300,1408,3,0.08682956540781639,0.8682956540781639
2,10,300,1409,3,0.09275483125050754,0.9275483125050754
2,10,300,1410,3,0.09974356012712343,0.9974356012712343
2,10,300,1411,3,0.10405471955678341,1.0405471955678343
2,10,300,1412,3,0.09258041705670852,0.9258041705670852
2,10,300,1413,3,0.09235477062027994,0.9235477062027994
2,10,300,1414,3,0.09846034954834013,0.9846034954834013
2,10,300,1415,3,0.1086569878718838,1.086569878718838
2,10,300,1416,3,0.10201858083063226,1.0201858083063224
2,10,300,1417,3,0.09772208524950433,0.9772208524950433
2,10,300,1418,3,0.10164140112617667,1.0164140112617668
2,10,300,1419,3,0.10070009778875189,1.0070009778875189
2,10,300,1420,3,0.08960154653722109,0.8960154653722109
2,10,300,1421,3,0.10600474321875071,1.060047432187507
2,10,300,1422,3,0.09188346985251858,0.9188346985251858
2,10,300,1423,3,0.10112393020015195,1.0112393020015196
2,10,300,1424,3,0.09141898304561974,0.9141898304561974
2,10,300,1425,3,0.08552473308060621,0.8552473308060621
2,10,300,1426,3,0.09515671174155681,0.9515671174155681
2,10,300,1427,3,0.10865757189306743,1.0865757189306744
2,10,300,1428,3,0.09533029735537439,0.9533029735537438
2,10,300,1429,3,0.10800337440071911,1.0800337440071912
2,10,300,1430,3,0.10831125081696724,1.0831125081696724
2,10,300,1431,3,0.09840538706520385,0.9840538706520385
2,10,300,1432,3,0.09410260462666022,0.9410260462666021
2,10,300,1433,3,0.09240967618419195,0.9240967618419195
2,10,300,1434,3,0.08931184888776246,0.8931184888776246
2,10,300,1435,3,0.10189307859615501,1.0189307859615502
2,10,300,1436,3,0.09786747075308756,0.9786747075308757
2,10,300,1437,3,0.11039977880483881,1.1039977880483882
2,10,300,1438,3,0.11941425586043053,1.1941425586043053
2,10,300,1439,3,0.10002568934257172,1.0002568934257172
2,10,300,1440,3,0.09015294868279214,0.9015294868279214
2,10,300,1441,3,0.08730903836774326,0.8730903836774325
2,10,300,1442,3,0.10188164801525236,1.0188164801525237
2,10,300,1443,3,0.0982604512088105,0.982604512088105
2,10,300,1444,3,0.10841007928529041,1.084100792852904
2,10,300,1445,3,0.08431411844755635,0.8431411844755634
2,10,300,1446,3,0.09542234391102178,0.9542234391102178
2,10,300,1447,3,0.09320716168520643,0.9320716168520643
2,10,300,1448,3,0.09650278127370131,0.9650278127370131
2,10,300,1449,3,0.10474357550669182,1.0474357550669182
2,10,300,1450,3,0.09491925650257177,0.9491925650257177
2,10,300,1451,3,0.09429016952562694,0.9429016952562694
2,10,300,1452,3,0.08931557378282523,0.8931557378282523
2,10,300,1453,3,0.10242144655403133,1.0242144655403134
2,10,300,1454,3,0.10210305774820835,1.0210305774820836
2,10,300,1455,3,0.09928427327969108,0.9928427327969108
2,10,300,1456,3,0.09943654358594486,0.9943654358594486
2,10,300,1457,3,0.09894846761522313,0.9894846761522313
2,10,300,1458,3,0.08951368334971128,0.8951368334971128
2,10,300,1459,3,0.09906441729009338,0.9906441729009339
2,10,300,1460,3,0.11991945034833792,1.1991945034833793
2,10,300,1461,3,0.10087759243379289,1.008775924337929
2,10,300,1462,3,0.09280416246804378,0.9280416246804378
2,10,300,1463,3,0.09955200120488984,0.9955200120488984
2,10,300,1464,3,0.09730552378974261,0.9730552378974261
2,10,300,1465,3,0.09611305565027758,0.9611305565027758
2,10,300,1466,3,0.10346200274292175,1.0346200274292174
2,10,300,1467,3,0.10577561615152328,1.0577561615152329
2,10,300,1468,3,0.1055746650333456,1.055746650333456
2,10,300,1469,3,0.08664866783049967,0.8664866783049967
2,10,300,1470,3,0.0968834728142275,0.968834728142275
2,10,300,1471,3,0.09799808709955632,0.9799808709955632
2,10,300,1472,3,0.09286187469065924,0.9286187469065923
2,10,300,1473,3,0.09207604656295282,0.9207604656295282
2,10,300,1474,3,0.08974683776238083,0.8974683776238083
2,10,300,1475,3,0.09640491092015735,0.9640491092015735
2,10,300,1476,3,0.09322987275750358,0.9322987275750358
2,10,300,1477,3,0.10221133445200133,1.0221133445200132
2,10,300,1478,3,0.09762907946323869,0.9762907946323869
2,10,300,1479,3,0.09310344667194295,0.9310344667194296
2,10,300,1480,3,0.1038698340324352,1.0386983403243522
2,10,300,1481,3,0.10723596664127483,1.0723596664127482
2,10,300,1482,3,0.09278347309463747,0.9278347309463747
2,10,300,1483,3,0.09014303220406424,0.9014303220406423
2,10,300,1484,3,0.09560598741189105,0.9560598741189105
2,10,300,1485,3,0.08306453446657672,0.8306453446657671
2,10,300,1486,3,0.08976965237994484,0.8976965237994484
2,10,300,1487,3,0.08562857201130065,0.8562857201130066
2,10,300,1488,3,0.09438102210916213,0.9438102210916213
2,10,300,1489,3,0.09761802012974219,0.9761802012974219
2,10,300,1490,3,0.08794578539562273,0.8794578539562272
2,10,300,1491,3,0.10497651823069107,1.0497651823069107
2,10,300,1492,3,0.11267897897060528,1.1267897897060528
2,10,300,1493,3,0.09747588616482444,0.9747588616482444
2,10,300,1494,3,0.10545201799690675,1.0545201799690676
2,10,300,1495,3,0.09149700151033391,0.9149700151033391
2,10,300,1496,3,0.09205556211828028,0.9205556211828029
2,10,300,1497,3,0.09290689955061317,0.9290689955061316
2,10,300,1498,3,0.09826526180983476,0.9826526180983476
2,10,300,1499,3,0.08745915977873539,0.874591597787354
2,10,300,1500,3,0.0907539955005274,0.9075399550052741
2,10,300,1501,3,0.10481200300766669,1.0481200300766669
2,10,300,1502,3,0.09296057582825563,0.9296057582825564
2,10,300,1503,3,0.09515752248909681,0.9515752248909681
2,10,300,1504,3,0.10182983786191359,1.018298378619136
2,10,300,1505,3,0.10452339115442263,1.0452339115442264
2,10,300,1506,3,0.09301789338548452,0.9301789338548453
2,10,300,1507,3,0.09686286146851134,0.9686286146851134
2,10,300,1508,3,0.10779396916695955,1.0779396916695954
2,10,300,1509,3,0.12061418942142213,1.2061418942142212
2,10,300,1510,3,0.0868271771440326,0.868271771440326
2,10,300,1511,3,0.09995079515528399,0.9995079515528399
2,10,300,1512,3,0.10129490896381133,1.0129490896381133
2,10,300,1513,3,0.10639479554459963,1.0639479554459963
2,10,300,1514,3,0.10285142652613058,1.0285142652613057
2,10,300,1515,3,0.09096671283194958,0.9096671283194958
2,10,300,1516,3,0.10303153930791191,1.0303153930791191
2,10,300,1517,3,0.10061005558594982,1.0061005558594982
2,10,300,1518,3,0.09340911290498366,0.9340911290498366
2,10,300,1519,3,0.09367367659463013,0.9367367659463014
2,10,300,1520,3,0.09888378222565443,0.9888378222565443
2,10,300,1521,3,0.10006997153120843,1.0006997153120845
2,10,300,1522,3,0.10112109620900066,1.0112109620900065
2,10,300,1523,3,0.10141792011882594,1.0141792011882595
2,10,300,1524,3,0.10082015125552837,1.0082015125552837
2,10,300,1525,3,0.09432705707203748,0.9432705707203748
2,10,300,1526,3,0.09004335106626815,0.9004335106626815
2,10,300,1527,3,0.09717929421737057,0.9717929421737056
2,10,300,1528,3,0.10915863952759045,1.0915863952759044
2,10,300,1529,3,0.09018507298733282,0.9018507298733281
2,10,300,1530,3,0.10425354035415327,1.0425354035415326
2,10,300,1531,3,0.10048337069112234,1.0048337069112234
2,10,300,1532,3,0.09337016874747775,0.9337016874747774
2,10,300,1533,3,0.09807019137028589,0.9807019137028589
2,10,300,1534,3,0.09896868564631343,0.9896868564631344
2,10,300,1535,3,0.09112814413137821,0.9112814413137821
2,10,300,1536,3,0.09882838336887503,0.9882838336887504
2,10,300,1537,3,0.1002505539821999,1.0025055398219989
2,10,300,1538,3,0.10684913719290993,1.0684913719290994
2,10,300,1539,3,0.09526126068627701,0.95261260686277
2,10,300,1540,3,0.11104959856569047,1.1104959856569045
2,10,300,1541,3,0.09986961034103706,0.9986961034103706
2,10,300,1542,3,0.10054934023651865,1.0054934023651865
2,10,300,1543,3,0.10618634427151732,1.0618634427151732
2,10,300,1544,3,0.1026369237231893,1.026369237231893
2,10,300,1545,3,0.09772118157468179,0.9772118157468179
2,10,300,1546,3,0.09970440092413152,0.9970440092413152
2,10,300,1547,3,0.10159586852211808,1.0159586852211808
2,10,300,1548,3,0.09306932677577906,0.9306932677577906
2,10,300,1549,3,0.09506122800855801,0.9506122800855802
2,10,300,1550,3,0.08397113805037232,0.8397113805037232
2,10,300,1551,3,0.09278111820574844,0.9278111820574844
2,10,300,1552,3,0.09216179154127355,0.9216179154127354
2,10,300,1553,3,0.08987771264871411,0.8987771264871411
2,10,300,1554,3,0.09349872039443019,0.9349872039443018
2,10,300,1555,3,0.09209410269903334,0.9209410269903334
2,10,300,1556,3,0.09405959675379243,0.9405959675379242
2,10,300,1557,3,0.10256426862754228,1.0256426862754229
2,10,300,1558,3,0.08283333089574704,0.8283333089574704
2,10,300,1559,3,0.09918829842849788,0.9918829842849789
2,10,300,1560,3,0.08506129895231872,0.8506129895231872
2,10,300,1561,3,0.09283182163873789,0.9283182163873789
2,10,300,1562,3,0.09270837170637797,0.9270837170637797
2,10,300,1563,3,0.11204650842137447,1.1204650842137447
2,10,300,1564,3,0.0961932737486193,0.9619327374861929
2,10,300,1565,3,0.09626162495601764,0.9626162495601764
2,10,300,1566,3,0.09683599989914854,0.9683599989914854
2,10,300,1567,3,0.08932458891076599,0.8932458891076599
2,10,300,1568,3,0.10081124816929295,1.0081124816929294
2,10,300,1569,3,0.09166513716620478,0.9166513716620478
2,10,300,1570,3,0.08951364441660963,0.8951364441660963
2,10,300,1571,3,0.10547372419496429,1.0547372419496428
2,10,300,1572,3,0.10350941956317669,1.035094195631767
2,10,300,1573,3,0.09176052811787878,0.9176052811787879
2,10,300,1574,3,0.10022128112275916,1.0022128112275916
2,10,300,1575,3,0.09997787682219028,0.9997787682219028
2,10,300,1576,3,0.09131095840066322,0.9131095840066322
2,10,300,1577,3,0.0869434185092898,0.8694341850928979
2,10,300,1578,3,0.09710141525967357,0.9710141525967357
2,10,300,1579,3,0.10763617169364643,1.0763617169364643
2,10,300,1580,3,0.09006180381389439,0.9006180381389439
2,10,300,1581,3,0.10188361781192018,1.018836178119202
2,10,300,1582,3,0.09350634910118058,0.9350634910118057
2,10,300,1583,3,0.09945280100514034,0.9945280100514035
2,10,300,1584,3,0.09882218004013446,0.9882218004013446
2,10,300,1585,3,0.10064868766804502,1.0064868766804502
2,10,300,1586,3,0.09393862229953281,0.9393862229953281
2,10,300,1587,3,0.09252038823982789,0.9252038823982789
2,10,300,1588,3,0.08929669412769861,0.8929669412769862
2,10,300,1589,3,0.10719679377224145,1.0719679377224145
2,10,300,1590,3,0.10712968500941267,1.0712968500941267
2,10,300,1591,3,0.10368092464325049,1.036809246432505
2,10,300,1592,3,0.10049275945207643,1.0049275945207643
2,10,300,1593,3,0.09215849451243197,0.9215849451243197
2,10,300,1594,3,0.08934771566475116,0.8934771566475117
2,10,300,1595,3,0.0935400467950297,0.935400467950297
2,10,300,1596,3,0.09994909649167105,0.9994909649167105
2,10,300,1597,3,0.09548864471837458,0.9548864471837458
2,10,300,1598,3,0.09674561144712088,0.9674561144712087
2,10,300,1599,3,0.08448208788841009,0.8448208788841008
2,10,300,1600,3,0.10958592486595042,1.0958592486595042
2,10,300,1601,3,0.10241226042613355,1.0241226042613354
2,10,300,1602,3,0.10426904364754144,1.0426904364754144
2,10,300,1603,3,0.09861426653183586,0.9861426653183586
2,10,300,1604,3,0.08486471192502124,0.8486471192502124
2,10,300,1605,3,0.1061702770137464,1.061702770137464
2,10,300,1606,3,0.09651016241878242,0.9651016241878242
2,10,300,1607,3,0.09918859808879327,0.9918859808879327
2,10,300,1608,3,0.10137222568923608,1.0137222568923607
2,10,300,1609,3,0.09396698730936404,0.9396698730936404
2,10,300,1610,3,0.09804837118540599,0.9804837118540599
2,10,300,1611,3,0.09792851831839512,0.9792851831839512
2,10,300,1612,3,0.09818969446681275,0.9818969446681275
2,10,300,1613,3,0.09091582200068134,0.9091582200068135
2,10,300,1614,3,0.10033792492769836,1.0033792492769835
2,10,300,1615,3,0.1085834376854302,1.085834376854302
2,10,300,1616,3,0.1019751724746445,1.019751724746445
2,10,300,1617,3,0.10159893014266427,1.0159893014266428
2,10,300,1618,3,0.10005030671712148,1.0005030671712147
2,10,300,1619,3,0.09922717435895376,0.9922717435895375
2,10,300,1620,3,0.0915189066779984,0.915189066779984
2,10,300,1621,3,0.11927172353140603,1.1927172353140603
2,10,300,1622,3,0.12476801021609378,1.2476801021609378
2,10,300,1623,3,0.094350300627527,0.94350300627527
2,10,300,1624,3,0.11201293064987736,1.1201293064987736
2,10,300,1625,3,0.08755696480087397,0.8755696480087397
2,10,300,1626,3,0.08464011769832198,0.8464011769832198
2,10,300,1627,3,0.09906196817465021,0.9906196817465021
2,10,300,1628,3,0.10065426616681385,1.0065426616681383
2,10,300,1629,3,0.09096281392442382,0.9096281392442382
2,10,300,1630,3,0.0937558150463462,0.9375581504634619
2,10,300,1631,3,0.0978746586579419,0.9787465865794189
2,10,300,1632,3,0.10159025890318116,1.0159025890318116
2,10,300,1633,3,0.09771950585137454,0.9771950585137453
2,10,300,1634,3,0.09763008032719328,0.9763008032719328
2,10,300,1635,3,0.09223356193930661,0.9223356193930662
2,10,300,1636,3,0.10171785964259195,1.0171785964259195
2,10,300,1637,3,0.09490687760265853,0.9490687760265853
2,10,300,1638,3,0.10699012736798322,1.0699012736798321
2,10,300,1639,3,0.1071190791198709,1.071190791198709
2,10,300,1640,3,0.09253372353094569,0.9253372353094569
2,10,300,1641,3,0.08709896545754567,0.8709896545754567
2,10,300,1642,3,0.09302128147770139,0.9302128147770138
2,10,300,1643,3,0.09583133854411058,0.9583133854411058
2,10,300,1644,3,0.09311636350759862,0.9311636350759862
2,10,300,1645,3,0.09225284016355592,0.9225284016355592
2,10,300,1646,3,0.10592924351514207,1.0592924351514208
2,10,300,1647,3,0.10753018649589197,1.0753018649589197
2,10,300,1648,3,0.09697393089949502,0.9697393089949503
2,10,300,1649,3,0.08913364518545452,0.8913364518545452
2,10,300,1650,3,0.08963798943287789,0.896379894328779
2,10,300,1651,3,0.08147628843880841,0.8147628843880842
2,10,300,1652,3,0.09211219126935885,0.9211219126935885
2,10,300,1653,3,0.09415134537698704,0.9415134537698704
2,10,300,1654,3,0.08511932439099723,0.8511932439099723
2,10,300,1655,3,0.08998111107959955,0.8998111107959955
2,10,300,1656,3,0.10746948442563387,1.0746948442563387
2,10,300,1657,3,0.09863381029256044,0.9863381029256043
2,10,300,1658,3,0.0924148911380979,0.9241489113809789
2,10,300,1659,3,0.0941376539734429,0.941376539734429
2,10,300,1660,3,0.09605341691712166,0.9605341691712166
2,10,300,1661,3,0.09232199609716271,0.9232199609716272
2,10,300,1662,3,0.10380202943822989,1.038020294382299
2,10,300,1663,3,0.10049059567817037,1.0049059567817038
2,10,300,1664,3,0.09005869948805667,0.9005869948805667
2,10,300,1665,3,0.10355711480736329,1.035571148073633
2,10,300,1666,3,0.10695826751409356,1.0695826751409356
2,10,300,1667,3,0.09611366053966564,0.9611366053966564
2,10,300,1668,3,0.09965488818085184,0.9965488818085184
2,10,300,1669,3,0.09279779798771658,0.9279779798771658
2,10,300,1670,3,0.08945582025284807,0.8945582025284807
2,10,300,1671,3,0.09822344618172274,0.9822344618172274
2,10,300,1672,3,0.08852442162789836,0.8852442162789836
2,10,300,1673,3,0.10967065993222413,1.0967065993222413
2,10,300,1674,3,0.08653075721240924,0.8653075721240924
2,10,300,1675,3,0.09093627204757379,0.9093627204757379
2,10,300,1676,3,0.11657923710103862,1.1657923710103864
2,10,300,1677,3,0.09597602639982755,0.9597602639982755
2,10,300,1678,3,0.08323794751734576,0.8323794751734576
2,10,300,1679,3,0.09316549669737009,0.931654966973701
2,10,300,1680,3,0.08545772918362404,0.8545772918362405
2,10,300,1681,3,0.0919048004211887,0.919048004211887
2,10,300,1682,3,0.09508814269311334,0.9508814269311334
2,10,300,1683,3,0.10066532323842976,1.0066532323842976
2,10,300,1684,3,0.09088771422162417,0.9088771422162417
2,10,300,1685,3,0.0876997838752889,0.876997838752889
2,10,300,1686,3,0.1060637040743066,1.060637040743066
2,10,300,1687,3,0.0923188343776555,0.9231883437765551
2,10,300,1688,3,0.08462086235533166,0.8462086235533166
2,10,300,1689,3,0.08476897342010138,0.8476897342010138
2,10,300,1690,3,0.09682356106167672,0.9682356106167672
2,10,300,1691,3,0.09979978270446963,0.9979978270446962
2,10,300,1692,3,0.08363862077676792,0.8363862077676792
2,10,300,1693,3,0.09163441935907261,0.9163441935907262
2,10,300,1694,3,0.09555687471626276,0.9555687471626276
2,10,300,1695,3,0.09970054216642629,0.9970054216642629
2,10,300,1696,3,0.09423551636083535,0.9423551636083535
2,10,300,1697,3,0.09784253303943966,0.9784253303943965
2,10,300,1698,3,0.0914310529256116,0.914310529256116
2,10,300,1699,3,0.08749304807949587,0.8749304807949587
2,10,300,1700,3,0.09753062314831865,0.9753062314831864
2,10,300,1701,3,0.09176270845182466,0.9176270845182466
2,10,300,1702,3,0.09358552867776439,0.9358552867776438
2,10,300,1703,3,0.08730747626632081,0.873074762663208
2,10,300,1704,3,0.0987704339224604,0.9877043392246041
2,10,300,1705,3,0.08731321412781828,0.8731321412781828
2,10,300,1706,3,0.09362480626393117,0.9362480626393117
2,10,300,1707,3,0.10063850322181639,1.0063850322181638
2,10,300,1708,3,0.10997211459873327,1.0997211459873326
2,10,300,1709,3,0.10035747849826213,1.0035747849826213
2,10,300,1710,3,0.09850843417879179,0.9850843417879179
2,10,300,1711,3,0.09165565734574571,0.9165565734574571
2,10,300,1712,3,0.10770468218259135,1.0770468218259135
2,10,300,1713,3,0.09696226790227423,0.9696226790227424
2,10,300,1714,3,0.08764900955462025,0.8764900955462025
2,10,300,1715,3,0.09695552628839857,0.9695552628839857
2,10,300,1716,3,0.09642070067440786,0.9642070067440787
2,10,300,1717,3,0.09072322390887191,0.9072322390887191
2,10,300,1718,3,0.08403924895323073,0.8403924895323073
2,10,300,1719,3,0.09543034747183271,0.9543034747183271
2,10,300,1720,3,0.08888992642691586,0.8888992642691586
2,10,300,1721,3,0.10522054701049365,1.0522054701049364
2,10,300,1722,3,0.08855272957988944,0.8855272957988944
2,10,300,1723,3,0.09911430891660779,0.9911430891660779
2,10,300,1724,3,0.10011078878063406,1.0011078878063406
2,10,300,1725,3,0.08759802499894563,0.8759802499894563
2,10,300,1726,3,0.08754684905165196,0.8754684905165195
2,10,300,1727,3,0.11929226248940442,1.1929226248940443
2,10,300,1728,3,0.11106677216982647,1.1106677216982646
2,10,300,1729,3,0.09168127992295577,0.9168127992295577
2,10,300,1730,3,0.10166649958659474,1.0166649958659475
2,10,300,1731,3,0.09137165947003428,0.9137165947003428
2,10,300,1732,3,0.10253754008163042,1.0253754008163043
2,10,300,1733,3,0.0916391656483955,0.9163916564839549
2,10,300,1734,3,0.10672659725237213,1.0672659725237212
2,10,300,1735,3,0.10538768111750318,1.0538768111750318
2,10,300,1736,3,0.09952511179446624,0.9952511179446624
2,10,300,1737,3,0.10359203362437708,1.0359203362437708
2,10,300,1738,3,0.08253060781681479,0.8253060781681479
2,10,300,1739,3,0.10053705682141845,1.0053705682141845
2,10,300,1740,3,0.09494331918104751,0.9494331918104751
2,10,300,1741,3,0.09413373147778628,0.9413373147778629
2,10,300,1742,3,0.08134490333466146,0.8134490333466147
2,10,300,1743,3,0.10828190877663374,1.0828190877663375
2,10,300,1744,3,0.09847352248620461,0.9847352248620461
2,10,300,1745,3,0.1040566362526485,1.040566362526485
2,10,300,1746,3,0.08837981201250962,0.8837981201250962
2,10,300,1747,3,0.10316553748866794,1.0316553748866795
2,10,300,1748,3,0.1037281786960686,1.037281786960686
2,10,300,1749,3,0.10103304349263775,1.0103304349263775
2,10,300,1750,3,0.09365231438469249,0.9365231438469248
2,10,300,1751,3,0.09897469799910358,0.9897469799910358
2,10,300,1752,3,0.08515544347622875,0.8515544347622874
2,10,300,1753,3,0.095378285862937,0.9537828586293701
2,10,300,1754,3,0.09467328662582489,0.9467328662582488
2,10,300,1755,3,0.10590170592019824,1.0590170592019823
2,10,300,1756,3,0.10910110590025557,1.091011059002556
2,10,300,1757,3,0.09196294225488144,0.9196294225488144
2,10,300,1758,3,0.09928372873367333,0.9928372873367334
2,10,300,1759,3,0.0874889602121465,0.874889602121465
2,10,300,1760,3,0.09699254143545019,0.969925414354502
2,10,300,1761,3,0.09843130732450109,0.9843130732450108
2,10,300,1762,3,0.10678383778429835,1.0678383778429834
2,10,300,1763,3,0.10276886875996988,1.0276886875996987
2,10,300,1764,3,0.09308719958974723,0.9308719958974724
2,10,300,1765,3,0.09500561938929156,0.9500561938929156
2,10,300,1766,3,0.09332280005863144,0.9332280005863145
2,10,300,1767,3,0.10075225284002948,1.0075225284002949
2,10,300,1768,3,0.09680995971663901,0.9680995971663902
2,10,300,1769,3,0.12249174937715396,1.2249174937715395
2,10,300,1770,3,0.10505685056715876,1.0505685056715877
2,10,300,1771,3,0.09007990681815191,0.900799068181519
2,10,300,1772,3,0.09215463944386393,0.9215463944386393
2,10,300,1773,3,0.0832998273225968,0.832998273225968
2,10,300,1774,3,0.10562065023241263,1.0562065023241263
2,10,300,1775,3,0.10648278768316943,1.0648278768316943
2,10,300,1776,3,0.09991815300743423,0.9991815300743423
2,10,300,1777,3,0.0933420726112324,0.933420726112324
2,10,300,1778,3,0.10691053107704122,1.069105310770412
2,10,300,1779,3,0.08815278961623141,0.8815278961623141
2,10,300,1780,3,0.09887538513372009,0.9887538513372008
2,10,300,1781,3,0.0919521370911518,0.919521370911518
2,10,300,1782,3,0.1072522434705034,1.0725224347050342
2,10,300,1783,3,0.10258776255938887,1.0258776255938886
2,10,300,1784,3,0.10767437526434698,1.0767437526434698
2,10,300,1785,3,0.08844158778376426,0.8844158778376426
2,10,300,1786,3,0.09316869982737655,0.9316869982737654
2,10,300,1787,3,0.11430288655196251,1.143028865519625
2,10,300,1788,3,0.09223226812394206,0.9223226812394205
2,10,300,1789,3,0.08274716407345542,0.8274716407345543
2,10,300,1790,3,0.09186300440497194,0.9186300440497194
2,10,300,1791,3,0.10478944136208841,1.047894413620884
2,10,300,1792,3,0.08559298323076817,0.8559298323076817
2,10,300,1793,3,0.1064312514090594,1.064312514090594
2,10,300,1794,3,0.09340351078083418,0.9340351078083419
2,10,300,1795,3,0.09566989913985158,0.9566989913985158
2,10,300,1796,3,0.08778102539035978,0.8778102539035978
2,10,300,1797,3,0.09228638368689708,0.9228638368689708
2,10,300,1798,3,0.10947236862285714,1.0947236862285714
2,10,300,1799,3,0.09337207825147406,0.9337207825147406
2,10,300,1800,3,0.08534965956033913,0.8534965956033912
2,10,300,1801,3,0.1036714282355353,1.036714282355353
2,10,300,1802,3,0.09456928427567643,0.9456928427567644
2,10,300,1803,3,0.0726587654218227,0.726587654218227
2,10,300,1804,3,0.0935212246893344,0.935212246893344
2,10,300,1805,3,0.08621697851631006,0.8621697851631006
2,10,300,1806,3,0.08688737351214691,0.868873735121469
2,10,300,1807,3,0.10130725734184537,1.0130725734184538
2,10,300,1808,3,0.11430023180986364,1.1430023180986362
2,10,300,1809,3,0.10831787788952771,1.0831787788952771
2,10,300,1810,3,0.09024370971928067,0.9024370971928067
2,10,300,1811,3,0.08954511038707483,0.8954511038707482
2,10,300,1812,3,0.09724034856123537,0.9724034856123537
2,10,300,1813,3,0.09122403387950168,0.9122403387950168
2,10,300,1814,3,0.1052113240020214,1.052113240020214
2,10,300,1815,3,0.095834660396316,0.95834660396316
2,10,300,1816,3,0.10245976138211609,1.0245976138211608
2,10,300,1817,3,0.11097239579711561,1.109723957971156
2,10,300,1818,3,0.08681188896371336,0.8681188896371336
2,10,300,1819,3,0.09394726847946973,0.9394726847946973
2,10,300,1820,3,0.09207583148739613,0.9207583148739613
2,10,300,1821,3,0.08790902968595043,0.8790902968595043
2,10,300,1822,3,0.10205163805207118,1.0205163805207118
2,10,300,1823,3,0.10015592447789434,1.0015592447789434
2,10,300,1824,3,0.08699711514989403,0.8699711514989403
2,10,300,1825,3,0.08543268657613379,0.8543268657613379
2,10,300,1826,3,0.09603226760614486,0.9603226760614486
2,10,300,1827,3,0.09774255415706842,0.9774255415706842
2,10,300,1828,3,0.09194912667748151,0.9194912667748151
2,10,300,1829,3,0.09657402069444584,0.9657402069444584
2,10,300,1830,3,0.10586912974314769,1.0586912974314768
2,10,300,1831,3,0.09570066654489381,0.9570066654489382
2,10,300,1832,3,0.09421106569465884,0.9421106569465885
2,10,300,1833,3,0.08946937795488427,0.8946937795488428
2,10,300,1834,3,0.09342274512035877,0.9342274512035877
2,10,300,1835,3,0.10634107626393502,1.0634107626393503
2,10,300,1836,3,0.11002023288802773,1.1002023288802774
2,10,300,1837,3,0.09744178654161362,0.9744178654161362
2,10,300,1838,3,0.09176035099448507,0.9176035099448506
2,10,300,1839,3,0.08914530848374487,0.8914530848374488
2,10,300,1840,3,0.09863999651069522,0.9863999651069523
2,10,300,1841,3,0.08079913877516626,0.8079913877516626
2,10,300,1842,3,0.10033947731409315,1.0033947731409316
2,10,300,1843,3,0.1033999737188668,1.033999737188668
2,10,300,1844,3,0.10389616413626351,1.0389616413626352
2,10,300,1845,3,0.08924539937667857,0.8924539937667857
2,10,300,1846,3,0.08855218789390075,0.8855218789390075
2,10,300,1847,3,0.09926709160304818,0.9926709160304819
2,10,300,1848,3,0.12606187720157935,1.2606187720157935
2,10,300,1849,3,0.11518166181848241,1.1518166181848242
2,10,300,1850,3,0.10473317954305714,1.0473317954305714
2,10,300,1851,3,0.10036991172129803,1.0036991172129803
2,10,300,1852,3,0.10115975696143244,1.0115975696143245
2,10,300,1853,3,0.09290691777989017,0.9290691777989016
2,10,300,1854,3,0.0870858650944568,0.870858650944568
2,10,300,1855,3,0.10387300782686365,1.0387300782686364
2,10,300,1856,3,0.10023320393197561,1.0023320393197561
2,10,300,1857,3,0.096070792992977,0.9607079299297699
2,10,300,1858,3,0.10102949742366331,1.0102949742366332
2,10,300,1859,3,0.10273911920786788,1.027391192078679
2,10,300,1860,3,0.09430192696139872,0.9430192696139872
2,10,300,1861,3,0.09823610205307678,0.9823610205307678
2,10,300,1862,3,0.0935744955620482,0.935744955620482
2,10,300,1863,3,0.09071845254869468,0.9071845254869468
2,10,300,1864,3,0.09853899924942983,0.9853899924942983
2,10,300,1865,3,0.09956718774059282,0.9956718774059283
2,10,300,1866,3,0.09826921806995378,0.9826921806995378
2,10,300,1867,3,0.10075887719606114,1.0075887719606114
2,10,300,1868,3,0.10343311848133396,1.0343311848133396
2,10,300,1869,3,0.10006734124319036,1.0006734124319037
2,10,300,1870,3,0.09488310441390063,0.9488310441390063
2,10,300,1871,3,0.08753179714795704,0.8753179714795704
2,10,300,1872,3,0.09802666834046939,0.9802666834046938
2,10,300,1873,3,0.10770230533429387,1.0770230533429386
2,10,300,1874,3,0.0930134411492426,0.9301344114924261
2,10,300,1875,3,0.10265493031070812,1.0265493031070811
2,10,300,1876,3,0.11055568136085302,1.10555681360853
2,10,300,1877,3,0.10122760571121532,1.0122760571121532
2,10,300,1878,3,0.08894628312949025,0.8894628312949026
2,10,300,1879,3,0.10808018218094471,1.0808018218094473
2,10,300,1880,3,0.08795362778414365,0.8795362778414365
2,10,300,1881,3,0.09771433905754451,0.9771433905754451
2,10,300,1882,3,0.08406914215972396,0.8406914215972396
2,10,300,1883,3,0.09050998815039024,0.9050998815039024
2,10,300,1884,3,0.09057286782483034,0.9057286782483035
2,10,300,1885,3,0.10285721454432711,1.0285721454432712
2,10,300,1886,3,0.10523607536753207,1.0523607536753208
2,10,300,1887,3,0.1107121277540006,1.107121277540006
2,10,300,1888,3,0.09091761082413202,0.9091761082413202
2,10,300,1889,3,0.10664211796531455,1.0664211796531453
2,10,300,1890,3,0.08705148964977188,0.8705148964977188
2,10,300,1891,3,0.09735214420853248,0.9735214420853249
2,10,300,1892,3,0.10852621124505096,1.0852621124505097
2,10,300,1893,3,0.10063987519129651,1.0063987519129651
2,10,300,1894,3,0.10189707224772179,1.018970722477218
2,10,300,1895,3,0.09984996133163124,0.9984996133163123
2,10,300,1896,3,0.1050734521715701,1.0507345217157011
2,10,300,1897,3,0.09074055195779254,0.9074055195779255
2,10,300,1898,3,0.09735197082003925,0.9735197082003926
2,10,300,1899,3,0.09780764438160192,0.9780764438160191
2,10,300,1900,3,0.10487884647240663,1.0487884647240662
2,10,300,1901,3,0.092929734537359,0.92929734537359
2,10,300,1902,3,0.10216849644130893,1.0216849644130894
2,10,300,1903,3,0.09295110706010057,0.9295110706010057
2,10,300,1904,3,0.10408598968405439,1.0408598968405438
2,10,300,1905,3,0.10268337801280063,1.0268337801280063
2,10,300,1906,3,0.11950687003239541,1.1950687003239542
2,10,300,1907,3,0.10111018464189434,1.0111018464189434
2,10,300,1908,3,0.09432321895090459,0.943232189509046
2,10,300,1909,3,0.11698716018890003,1.1698716018890003
2,10,300,1910,3,0.10999682588378575,1.0999682588378574
2,10,300,1911,3,0.09126857671814771,0.9126857671814771
2,10,300,1912,3,0.09195728566054975,0.9195728566054976
2,10,300,1913,3,0.10188343199992339,1.0188343199992338
2,10,300,1914,3,0.10293419426736487,1.0293419426736488
2,10,300,1915,3,0.10049981767158958,1.0049981767158958
2,10,300,1916,3,0.09466304833922304,0.9466304833922303
2,10,300,1917,3,0.09379164861953274,0.9379164861953273
2,10,300,1918,3,0.09333684224838307,0.9333684224838307
2,10,300,1919,3,0.10692821979350177,1.0692821979350176
2,10,300,1920,3,0.10682431037438553,1.0682431037438553
2,10,300,1921,3,0.09618792217351374,0.9618792217351374
2,10,300,1922,3,0.11321080978584402,1.1321080978584404
2,10,300,1923,3,0.09456866531959403,0.9456866531959403
2,10,300,1924,3,0.09831376152339615,0.9831376152339614
2,10,300,1925,3,0.09376580100472148,0.9376580100472148
2,10,300,1926,3,0.0912423306307991,0.9124233063079911
2,10,300,1927,3,0.10758301393458497,1.0758301393458498
2,10,300,1928,3,0.09633305062120569,0.9633305062120568
2,10,300,1929,3,0.09508557789537452,0.9508557789537452
2,10,300,1930,3,0.09846420467277194,0.9846420467277194
2,10,300,1931,3,0.09203700818934857,0.9203700818934857
2,10,300,1932,3,0.09910904592172556,0.9910904592172557
2,10,300,1933,3,0.11917172512645587,1.1917172512645586
2,10,300,1934,3,0.08701935167735188,0.8701935167735187
2,10,300,1935,3,0.09988957995138895,0.9988957995138894
2,10,300,1936,3,0.10456678716065325,1.0456678716065324
2,10,300,1937,3,0.09531554753035427,0.9531554753035427
2,10,300,1938,3,0.09482561700466477,0.9482561700466476
2,10,300,1939,3,0.10585681661445957,1.0585681661445956
2,10,300,1940,3,0.10816271652602391,1.0816271652602392
2,10,300,1941,3,0.09204554760829795,0.9204554760829795
2,10,300,1942,3,0.08856670935807301,0.8856670935807301
2,10,300,1943,3,0.10071231072496242,1.0071231072496243
2,10,300,1944,3,0.10112560797665474,1.0112560797665473
2,10,300,1945,3,0.0946798267211586,0.946798267211586
2,10,300,1946,3,0.09482811183515014,0.9482811183515013
2,10,300,1947,3,0.09011291799215197,0.9011291799215198
2,10,300,1948,3,0.10119330534159354,1.0119330534159354
2,10,300,1949,3,0.0927881930833612,0.927881930833612
2,10,300,1950,3,0.09750169348524411,0.9750169348524411
2,10,300,1951,3,0.09734505684449844,0.9734505684449845
2,10,300,1952,3,0.08732797789543705,0.8732797789543704
2,10,300,1953,3,0.09866003772143947,0.9866003772143946
2,10,300,1954,3,0.09332356930396692,0.9332356930396692
2,10,300,1955,3,0.09071272952344622,0.9071272952344622
2,10,300,1956,3,0.09559974732427426,0.9559974732427426
2,10,300,1957,3,0.10422625846293046,1.0422625846293045
2,10,300,1958,3,0.09632521824764073,0.9632521824764073
2,10,300,1959,3,0.10071352303002254,1.0071352303002254
2,10,300,1960,3,0.08813474493520883,0.8813474493520883
2,10,300,1961,3,0.10917320682668141,1.0917320682668141
2,10,300,1962,3,0.10102856822100702,1.01028568221007
2,10,300,1963,3,0.101308958173531,1.01308958173531
2,10,300,1964,3,0.10277875936016101,1.02778759360161
2,10,300,1965,3,0.09563951828234146,0.9563951828234146
2,10,300,1966,3,0.10772390668183508,1.077239066818351
2,10,300,1967,3,0.09725669416363088,0.9725669416363087
2,10,300,1968,3,0.10228387243558205,1.0228387243558206
2,10,300,1969,3,0.08330050556509216,0.8330050556509216
2,10,300,1970,3,0.09271373930869291,0.927137393086929
2,10,300,1971,3,0.0947746390898712,0.9477463908987119
2,10,300,1972,3,0.10126700625319965,1.0126700625319964
2,10,300,1973,3,0.09842555138882395,0.9842555138882395
2,10,300,1974,3,0.09939535056736351,0.9939535056736352
2,10,300,1975,3,0.08977806339461825,0.8977806339461825
2,10,300,1976,3,0.09215364164314199,0.9215364164314199
2,10,300,1977,3,0.09570786496086113,0.9570786496086113
2,10,300,1978,3,0.11743082872114595,1.1743082872114594
2,10,300,1979,3,0.09605132379763814,0.9605132379763813
2,10,300,1980,3,0.09345807555811624,0.9345807555811624
2,10,300,1981,3,0.0975591256237391,0.9755912562373911
2,10,300,1982,3,0.0846871575716383,0.846871575716383
2,10,300,1983,3,0.08988641071412848,0.8988641071412847
2,10,300,1984,3,0.10906711388763937,1.0906711388763939
2,10,300,1985,3,0.1096748391360507,1.096748391360507
2,10,300,1986,3,0.09292984602937546,0.9292984602937545
2,10,300,1987,3,0.11061349153020522,1.1061349153020523
2,10,300,1988,3,0.09245399262735848,0.9245399262735848
2,10,300,1989,3,0.0930741960230835,0.930741960230835
2,10,300,1990,3,0.08454547837823796,0.8454547837823796
2,10,300,1991,3,0.09477054803185342,0.9477054803185342
2,10,300,1992,3,0.09098746654724835,0.9098746654724834
2,10,300,1993,3,0.09207142048276853,0.9207142048276854
2,10,300,1994,3,0.10263292673768787,1.0263292673768787
2,10,300,1995,3,0.10191772573962549,1.019177257396255
2,10,300,1996,3,0.10051739544219554,1.0051739544219553
2,10,300,1997,3,0.09584991680108687,0.9584991680108688
2,10,300,1998,3,0.1040231126802959,1.040231126802959
2,10,300,1999,3,0.1028279937464272,1.028279937464272
2,10,300,2000,3,0.1031763348285059,1.031763348285059
2,10,300,2001,3,0.09071196702265757,0.9071196702265758
2,10,300,2002,3,0.0906260527139655,0.9062605271396549
2,10,300,2003,3,0.09199110698801019,0.919911069880102
2,10,300,2004,3,0.08704108318211061,0.8704108318211061
2,10,300,2005,3,0.11268575492244196,1.1268575492244195
2,10,300,2006,3,0.09399491515780689,0.9399491515780689
2,10,300,2007,3,0.09139899759134351,0.9139899759134351
2,10,300,2008,3,0.10068282229808442,1.0068282229808443
2,10,300,2009,3,0.08580230573403708,0.8580230573403708
2,10,300,2010,3,0.07695258044055796,0.7695258044055796
2,10,300,2011,3,0.09230058606985725,0.9230058606985725
2,10,300,2012,3,0.090800410832721,0.90800410832721
2,10,300,2013,3,0.09239291495218195,0.9239291495218196
2,10,300,2014,3,0.09078929805217142,0.9078929805217142
2,10,300,2015,3,0.09664029030497348,0.9664029030497349
2,10,300,2016,3,0.0802849542067198,0.802849542067198
2,10,300,2017,3,0.09248332428588951,0.9248332428588951
2,10,300,2018,3,0.09605087349495076,0.9605087349495076
2,10,300,2019,3,0.11146874524559222,1.1146874524559223
2,10,300,2020,3,0.09187568501523287,0.9187568501523287
2,10,300,2021,3,0.11087700035718442,1.1087700035718442
2,10,300,2022,3,0.10542672098893102,1.0542672098893102
2,10,300,2023,3,0.08361910633556328,0.8361910633556329
2,10,300,2024,3,0.1023091732222637,1.023091732222637
2,10,300,2025,3,0.09592703305795613,0.9592703305795613
2,10,300,2026,3,0.10474131009050562,1.0474131009050562
2,10,300,2027,3,0.09871685669877138,0.9871685669877138
2,10,300,2028,3,0.10126543515135056,1.0126543515135056
2,10,300,2029,3,0.08914185280560982,0.8914185280560982
2,10,300,2030,3,0.08488441692520175,0.8488441692520176
2,10,300,2031,3,0.09179895297306406,0.9179895297306406
2,10,300,2032,3,0.0994917035964958,0.994917035964958
2,10,300,2033,3,0.09570026342715857,0.9570026342715856
2,10,300,2034,3,0.09033064505108124,0.9033064505108125
2,10,300,2035,3,0.09982993685446892,0.9982993685446893
2,10,300,2036,3,0.09575373436036291,0.9575373436036292
2,10,300,2037,3,0.09946427198654396,0.9946427198654396
2,10,300,2038,3,0.09668992211278214,0.9668992211278215
2,10,300,2039,3,0.0894029443748803,0.894029443748803
2,10,300,2040,3,0.09831201265079724,0.9831201265079723
2,10,300,2041,3,0.08521588314445444,0.8521588314445444
2,10,300,2042,3,0.09394250783191091,0.9394250783191092
2,10,300,2043,3,0.09517798658005577,0.9517798658005577
2,10,300,2044,3,0.09423369291040158,0.9423369291040158
2,10,300,2045,3,0.10411107111333666,1.0411107111333666
2,10,300,2046,3,0.09703039920390952,0.9703039920390952
2,10,300,2047,3,0.08596690495903739,0.8596690495903739
2,10,300,2048,3,0.09071761565013736,0.9071761565013736
2,10,300,2049,3,0.09068837683492145,0.9068837683492145
2,10,300,2050,3,0.10571441692358438,1.0571441692358439
2,10,300,2051,3,0.0923580535608975,0.923580535608975
2,10,300,2052,3,0.08488044013967529,0.848804401396753
2,10,300,2053,3,0.11572761372012676,1.1572761372012677
2,10,300,2054,3,0.0936300441740502,0.936300441740502
2,10,300,2055,3,0.10209551065955738,1.0209551065955738
2,10,300,2056,3,0.09556788663773318,0.9556788663773318
2,10,300,2057,3,0.09547526547476627,0.9547526547476628
2,10,300,2058,3,0.10114495687630651,1.0114495687630651
2,10,300,2059,3,0.08604762265134758,0.8604762265134757
2,10,300,2060,3,0.10221308953504118,1.0221308953504118
2,10,300,2061,3,0.09902691469051429,0.990269146905143
2,10,300,2062,3,0.08953635791562083,0.8953635791562083
2,10,300,2063,3,0.0977379481857005,0.977379481857005
2,10,300,2064,3,0.09666359712105232,0.9666359712105232
2,10,300,2065,3,0.08945694909880164,0.8945694909880164
2,10,300,2066,3,0.10561871164106446,1.0561871164106447
2,10,300,2067,3,0.09784744005847168,0.9784744005847169
2,10,300,2068,3,0.09721273104098571,0.9721273104098571
2,10,300,2069,3,0.10120828323377606,1.0120828323377606
2,10,300,2070,3,0.10271463971866664,1.0271463971866663
2,10,300,2071,3,0.09434209485125215,0.9434209485125216
2,10,300,2072,3,0.10873025810820677,1.0873025810820678
2,10,300,2073,3,0.08754387495783911,0.8754387495783911
2,10,300,2074,3,0.10382322811231558,1.038232281123156
2,10,300,2075,3,0.10576781604118733,1.0576781604118735
2,10,300,2076,3,0.09607341240463645,0.9607341240463645
2,10,300,2077,3,0.10073857123128444,1.0073857123128442
2,10,300,2078,3,0.09295700206864482,0.9295700206864482
2,10,300,2079,3,0.1012631281966258,1.0126312819662582
2,10,300,2080,3,0.09136926922602372,0.9136926922602372
2,10,300,2081,3,0.09820367175532557,0.9820367175532557
2,10,300,2082,3,0.09072976766807456,0.9072976766807456
2,10,300,2083,3,0.08909853551774259,0.8909853551774259
2,10,300,2084,3,0.0959295285160904,0.959295285160904
2,10,300,2085,3,0.09504664056693324,0.9504664056693325
2,10,300,2086,3,0.08924634669667462,0.8924634669667462
2,10,300,2087,3,0.10621300265914513,1.0621300265914513
2,10,300,2088,3,0.09023417473345666,0.9023417473345666
2,10,300,2089,3,0.09265955430152863,0.9265955430152863
2,10,300,2090,3,0.09141631014478965,0.9141631014478965
2,10,300,2091,3,0.08630569992497339,0.8630569992497339
2,10,300,2092,3,0.09786595753620603,0.9786595753620603
2,10,300,2093,3,0.11008690740111637,1.1008690740111637
2,10,300,2094,3,0.09545154460400487,0.9545154460400487
2,10,300,2095,3,0.09777693474939686,0.9777693474939686
2,10,300,2096,3,0.09970955922834489,0.9970955922834489
2,10,300,2097,3,0.10564931808274107,1.0564931808274107
2,10,300,2098,3,0.09473680783965963,0.9473680783965963
2,10,300,2099,3,0.08889672649018941,0.888967264901894
2,10,300,2100,3,0.095987404926574,0.9598740492657399
2,10,300,2101,3,0.1017785502743716,1.017785502743716
2,10,300,2102,3,0.10080184244259151,1.0080184244259152
2,10,300,2103,3,0.10947952839026692,1.0947952839026693
2,10,300,2104,3,0.1231878009213663,1.231878009213663
2,10,300,2105,3,0.09653774288028269,0.9653774288028268
2,10,300,2106,3,0.09083159114897643,0.9083159114897643
2,10,300,2107,3,0.09675940295796556,0.9675940295796557
2,10,300,2108,3,0.08878414070911333,0.8878414070911333
2,10,300,2109,3,0.10151686208621419,1.015168620862142
2,10,300,2110,3,0.08403863689140849,0.8403863689140849
2,10,300,2111,3,0.09972333175560318,0.9972333175560318
2,10,300,2112,3,0.0975836354615719,0.9758363546157189
2,10,300,2113,3,0.09996369564165228,0.9996369564165228
2,10,300,2114,3,0.0985684289610782,0.985684289610782
2,10,300,2115,3,0.09815547984023427,0.9815547984023427
2,10,300,2116,3,0.08302023214198757,0.8302023214198757
2,10,300,2117,3,0.09169493376793139,0.916949337679314
2,10,300,2118,3,0.09102477682523957,0.9102477682523957
2,10,300,2119,3,0.09144330138190182,0.9144330138190182
2,10,300,2120,3,0.1020750968665211,1.020750968665211
2,10,300,2121,3,0.11367113184756275,1.1367113184756275
2,10,300,2122,3,0.09270782140518488,0.9270782140518488
2,10,300,2123,3,0.10023641331761562,1.0023641331761561
2,10,300,2124,3,0.09458230549144613,0.9458230549144613
2,10,300,2125,3,0.11267880854977647,1.1267880854977648
2,10,300,2126,3,0.11316013476595946,1.1316013476595945
2,10,300,2127,3,0.10686059898140005,1.0686059898140003
2,10,300,2128,3,0.11186000010659482,1.1186000010659483
2,10,300,2129,3,0.1053543795972442,1.053543795972442
2,10,300,2130,3,0.10175405237976815,1.0175405237976816
2,10,300,2131,3,0.10088110382669599,1.00881103826696
2,10,300,2132,3,0.09742620921034284,0.9742620921034284
2,10,300,2133,3,0.09691992775616262,0.9691992775616263
2,10,300,2134,3,0.09159207843001933,0.9159207843001933
2,10,300,2135,3,0.09153320553756311,0.9153320553756311
2,10,300,2136,3,0.0977130436662024,0.977130436662024
2,10,300,2137,3,0.1018201788483907,1.018201788483907
2,10,300,2138,3,0.09391638544954724,0.9391638544954723
2,10,300,2139,3,0.10088349485682255,1.0088349485682255
2,10,300,2140,3,0.09049273543096337,0.9049273543096337
2,10,300,2141,3,0.106915467777194,1.06915467777194
2,10,300,2142,3,0.0939587912381014,0.939587912381014
2,10,300,2143,3,0.09342858737216293,0.9342858737216293
2,10,300,2144,3,0.12291995238782068,1.2291995238782067
2,10,300,2145,3,0.10368633251918427,1.0368633251918427
2,10,300,2146,3,0.09468277223485581,0.9468277223485582
2,10,300,2147,3,0.10142841423599097,1.0142841423599096
2,10,300,2148,3,0.10108648290880023,1.0108648290880025
2,10,300,2149,3,0.11198146915227501,1.1198146915227503
2,10,300,2150,3,0.09569954247671761,0.956995424767176
2,10,300,2151,3,0.09369706582700546,0.9369706582700545
2,10,300,2152,3,0.10283820514319804,1.0283820514319804
2,10,300,2153,3,0.09833239568785473,0.9833239568785473
2,10,300,2154,3,0.09310419889080435,0.9310419889080435
2,10,300,2155,3,0.09338662186129901,0.9338662186129901
2,10,300,2156,3,0.10586982168876484,1.0586982168876484
2,10,300,2157,3,0.10197395817800878,1.0197395817800878
2,10,300,2158,3,0.10269132421878593,1.0269132421878593
2,10,300,2159,3,0.10396712000121139,1.039671200012114
2,10,300,2160,3,0.1012944847031397,1.012944847031397
2,10,300,2161,3,0.08123891844124703,0.8123891844124703
2,10,300,2162,3,0.08867578119063692,0.8867578119063692
2,10,300,2163,3,0.10620163868823465,1.0620163868823465
2,10,300,2164,3,0.09032950304678794,0.9032950304678794
2,10,300,2165,3,0.09273854832489822,0.9273854832489822
2,10,300,2166,3,0.11179536991667842,1.1179536991667842
2,10,300,2167,3,0.10153295433981502,1.0153295433981502
2,10,300,2168,3,0.10649734694607324,1.0649734694607325
2,10,300,2169,3,0.10075584172604965,1.0075584172604966
2,10,300,2170,3,0.09955350201531735,0.9955350201531735
2,10,300,2171,3,0.08808945443915533,0.8808945443915533
2,10,300,2172,3,0.0904243585116272,0.9042435851162719
2,10,300,2173,3,0.0986020262460882,0.9860202624608819
2,10,300,2174,3,0.09425857608295587,0.9425857608295587
2,10,300,2175,3,0.08870014116533592,0.8870014116533592
2,10,300,2176,3,0.09589383920398489,0.958938392039849
2,10,300,2177,3,0.09714828306129816,0.9714828306129816
2,10,300,2178,3,0.10700862040806615,1.0700862040806614
2,10,300,2179,3,0.09747387308822725,0.9747387308822725
2,10,300,2180,3,0.09680896490478585,0.9680896490478585
2,10,300,2181,3,0.0987968971631682,0.987968971631682
2,10,300,2182,3,0.10389233663471084,1.0389233663471085
2,10,300,2183,3,0.10344833366054645,1.0344833366054644
2,10,300,2184,3,0.09771961612316821,0.9771961612316821
2,10,300,2185,3,0.09233771035025087,0.9233771035025087
2,10,300,2186,3,0.0951481903147072,0.9514819031470719
2,10,300,2187,3,0.10146737709235117,1.0146737709235116
2,10,300,2188,3,0.09546726824106375,0.9546726824106374
2,10,300,2189,3,0.09836169280237222,0.9836169280237222
2,10,300,2190,3,0.09855655171032407,0.9855655171032407
2,10,300,2191,3,0.10502756806830801,1.0502756806830802
2,10,300,2192,3,0.0995499977188728,0.995499977188728
2,10,300,2193,3,0.0812757053424844,0.8127570534248441
2,10,300,2194,3,0.09605546421026051,0.9605546421026051
2,10,300,2195,3,0.08958695788238467,0.8958695788238468
2,10,300,2196,3,0.09394812622320785,0.9394812622320785
2,10,300,2197,3,0.09151849131689763,0.9151849131689763
2,10,300,2198,3,0.12396603629288871,1.2396603629288871
2,10,300,2199,3,0.0984583523192239,0.984583523192239
2,10,300,2200,3,0.09061519293527517,0.9061519293527518
2,10,300,2201,3,0.09947402274616084,0.9947402274616084
2,10,300,2202,3,0.09787566771882117,0.9787566771882117
2,10,300,2203,3,0.10646598093190378,1.0646598093190378
2,10,300,2204,3,0.09638988698957857,0.9638988698957857
2,10,300,2205,3,0.11045830008299926,1.1045830008299926
2,10,300,2206,3,0.09517240750684815,0.9517240750684814
2,10,300,2207,3,0.10936976970288065,1.0936976970288064
2,10,300,2208,3,0.10400600620104708,1.0400600620104707
2,10,300,2209,3,0.08365682393357463,0.8365682393357462
2,10,300,2210,3,0.1089051401008434,1.089051401008434
2,10,300,2211,3,0.10660926831643144,1.0660926831643145
2,10,300,2212,3,0.085211813840713,0.85211813840713
2,10,300,2213,3,0.10430115870907136,1.0430115870907135
2,10,300,2214,3,0.09465099454152578,0.9465099454152579
2,10,300,2215,3,0.1110737965135258,1.1107379651352578
2,10,300,2216,3,0.09778058525758726,0.9778058525758726
2,10,300,2217,3,0.08713196531866885,0.8713196531866885
2,10,300,2218,3,0.10553684937371019,1.055368493737102
2,10,300,2219,3,0.10457344373447616,1.0457344373447617
2,10,300,2220,3,0.08786469683998871,0.8786469683998871
2,10,300,2221,3,0.09559649974636633,0.9559649974636634
2,10,300,2222,3,0.10001920375635537,1.0001920375635536
2,10,300,2223,3,0.08509404258768116,0.8509404258768117
2,10,300,2224,3,0.09583442569594328,0.9583442569594328
2,10,300,2225,3,0.08799810888765158,0.8799810888765158
2,10,300,2226,3,0.09944251355083165,0.9944251355083166
2,10,300,2227,3,0.0968367394386302,0.968367394386302
2,10,300,2228,3,0.09874380187391374,0.9874380187391374
2,10,300,2229,3,0.10318115606598567,1.0318115606598568
2,10,300,2230,3,0.09340932908730773,0.9340932908730774
2,10,300,2231,3,0.10669354175545034,1.0669354175545034
2,10,300,2232,3,0.10122052769754455,1.0122052769754455
2,10,300,2233,3,0.10811740692110822,1.0811740692110823
2,10,300,2234,3,0.09280819211956967,0.9280819211956967
2,10,300,2235,3,0.08813045685050283,0.8813045685050283
2,10,300,2236,3,0.10742512683407679,1.074251268340768
2,10,300,2237,3,0.10809210874034142,1.0809210874034143
2,10,300,2238,3,0.09886021214914065,0.9886021214914064
2,10,300,2239,3,0.09673983244022555,0.9673983244022555
2,10,300,2240,3,0.0952649778193499,0.9526497781934989
2,10,300,2241,3,0.09578271189520948,0.9578271189520948
2,10,300,2242,3,0.09580568750648608,0.9580568750648607
2,10,300,2243,3,0.1040030333395606,1.040030333395606
2,10,300,2244,3,0.09965687047954355,0.9965687047954356
2,10,300,2245,3,0.09909584599638624,0.9909584599638623
2,10,300,2246,3,0.1116364768081311,1.1163647680813111
2,10,300,2247,3,0.09885045110593067,0.9885045110593068
2,10,300,2248,3,0.10624104694598627,1.0624104694598626
2,10,300,2249,3,0.1057900815278647,1.057900815278647
2,10,300,2250,3,0.10602513287242196,1.0602513287242197
2,10,300,2251,3,0.08574738278773222,0.8574738278773223
2,10,300,2252,3,0.08915291791321184,0.8915291791321184
2,10,300,2253,3,0.10290146643762167,1.0290146643762168
2,10,300,2254,3,0.10675752824037213,1.0675752824037212
2,10,300,2255,3,0.08951860181904556,0.8951860181904556
2,10,300,2256,3,0.09614166695879159,0.9614166695879158
2,10,300,2257,3,0.1181787773846433,1.181787773846433
2,10,300,2258,3,0.09649290436594221,0.9649290436594221
2,10,300,2259,3,0.10577234649278781,1.0577234649278782
2,10,300,2260,3,0.10356532051463796,1.0356532051463796
2,10,300,2261,3,0.10985271498081887,1.0985271498081888
2,10,300,2262,3,0.0893161267480849,0.893161267480849
2,10,300,2263,3,0.08993515080874534,0.8993515080874535
2,10,300,2264,3,0.08546573803028538,0.8546573803028539
2,10,300,2265,3,0.1019783543605325,1.019783543605325
2,10,300,2266,3,0.08534392631177197,0.8534392631177197
2,10,300,2267,3,0.09758698143623859,0.975869814362386
2,10,300,2268,3,0.10078959104570115,1.0078959104570115
2,10,300,2269,3,0.08911681525090873,0.8911681525090872
2,10,300,2270,3,0.08302772862642815,0.8302772862642815
2,10,300,2271,3,0.10329766607666495,1.0329766607666495
2,10,300,2272,3,0.1072409738889068,1.0724097388890679
2,10,300,2273,3,0.09050066783804056,0.9050066783804056
2,10,300,2274,3,0.10262316629024382,1.0262316629024382
2,10,300,2275,3,0.10136304347254604,1.0136304347254605
2,10,300,2276,3,0.08968868094350033,0.8968868094350032
2,10,300,2277,3,0.09355621754764834,0.9355621754764835
2,10,300,2278,3,0.09285576130003406,0.9285576130003406
2,10,300,2279,3,0.09035739144726757,0.9035739144726757
2,10,300,2280,3,0.10383325717868383,1.0383325717868384
2,10,300,2281,3,0.09519292791687349,0.9519292791687348
2,10,300,2282,3,0.09474552913895673,0.9474552913895674
2,10,300,2283,3,0.09373296799285916,0.9373296799285916
2,10,300,2284,3,0.0938127322481688,0.938127322481688
2,10,300,2285,3,0.0949217459356165,0.949217459356165
2,10,300,2286,3,0.0882499925242983,0.882499925242983
2,10,300,2287,3,0.0926507746090813,0.9265077460908131
2,10,300,2288,3,0.0939247325482886,0.9392473254828861
2,10,300,2289,3,0.09899380884020895,0.9899380884020895
2,10,300,2290,3,0.10211487790495832,1.0211487790495832
2,10,300,2291,3,0.11015477908303084,1.1015477908303084
2,10,300,2292,3,0.08799667633280923,0.8799667633280923
2,10,300,2293,3,0.10190322360064828,1.0190322360064827
2,10,300,2294,3,0.08659881033352666,0.8659881033352667
2,10,300,2295,3,0.10733399488821194,1.0733399488821194
2,10,300,2296,3,0.10245277239118025,1.0245277239118025
2,10,300,2297,3,0.08305398551702345,0.8305398551702345
2,10,300,2298,3,0.09645628711481294,0.9645628711481293
2,10,300,2299,3,0.08970695839144471,0.8970695839144471
2,10,300,2300,3,0.08306114602141004,0.8306114602141005
2,10,300,2301,3,0.10887256407206064,1.0887256407206065
2,10,300,2302,3,0.10610114296156284,1.0610114296156283
2,10,300,2303,3,0.09314040965705844,0.9314040965705844
2,10,300,2304,3,0.1048828053022988,1.048828053022988
2,10,300,2305,3,0.10963545418991638,1.0963545418991638
2,10,300,2306,3,0.09643719830364372,0.9643719830364372
2,10,300,2307,3,0.09542964944927837,0.9542964944927838
2,10,300,2308,3,0.10019544458272717,1.0019544458272718
2,10,300,2309,3,0.0946594256393059,0.946594256393059
2,10,300,2310,3,0.08965199589973222,0.8965199589973222
2,10,300,2311,3,0.08499854808917806,0.8499854808917806
2,10,300,2312,3,0.09826060337189489,0.9826060337189488
2,10,300,2313,3,0.09163580460654076,0.9163580460654077
2,10,300,2314,3,0.10252407287017157,1.0252407287017156
2,10,300,2315,3,0.10958880226459389,1.095888022645939
2,10,300,2316,3,0.09818595737529745,0.9818595737529745
2,10,300,2317,3,0.08761295668897806,0.8761295668897806
2,10,300,2318,3,0.09404929217800333,0.9404929217800332
2,10,300,2319,3,0.08309444822502851,0.830944482250285
2,10,300,2320,3,0.0919211315427095,0.919211315427095
2,10,300,2321,3,0.09619751622811118,0.9619751622811118
2,10,300,2322,3,0.10540162887771465,1.0540162887771465
2,10,300,2323,3,0.10232692076882469,1.0232692076882468
2,10,300,2324,3,0.09977398406777556,0.9977398406777556
2,10,300,2325,3,0.0937071518427764,0.937071518427764
2,10,300,2326,3,0.09682849606689127,0.9682849606689127
2,10,300,2327,3,0.09163764307834854,0.9163764307834854
2,10,300,2328,3,0.10826873794128762,1.0826873794128764
2,10,300,2329,3,0.09362503536184294,0.9362503536184295
2,10,300,2330,3,0.11983582672106237,1.1983582672106237
2,10,300,2331,3,0.10308120369439788,1.0308120369439788
2,10,300,2332,3,0.1071714035764808,1.0717140357648083
2,10,300,2333,3,0.09999790294922462,0.9999790294922462
2,10,300,2334,3,0.08886866822810735,0.8886866822810735
2,10,300,2335,3,0.10286605809467304,1.0286605809467304
2,10,300,2336,3,0.08969583170916293,0.8969583170916292
2,10,300,2337,3,0.09425461063101134,0.9425461063101134
2,10,300,2338,3,0.0957297498436948,0.9572974984369479
2,10,300,2339,3,0.08258118052712489,0.8258118052712489
2,10,300,2340,3,0.09280605898480407,0.9280605898480407
2,10,300,2341,3,0.09067225624514488,0.9067225624514489
2,10,300,2342,3,0.10952154788165772,1.095215478816577
2,10,300,2343,3,0.09959082219889423,0.9959082219889424
2,10,300,2344,3,0.09903455832240243,0.9903455832240243
2,10,300,2345,3,0.10011737665675041,1.001173766567504
2,10,300,2346,3,0.10009983845658177,1.0009983845658177
2,10,300,2347,3,0.09859173243692927,0.9859173243692927
2,10,300,2348,3,0.10909490099679994,1.0909490099679995
2,10,300,2349,3,0.09492496277583569,0.9492496277583569
2,10,300,2350,3,0.09564427901085182,0.9564427901085182
2,10,300,2351,3,0.1051738813177504,1.051738813177504
2,10,300,2352,3,0.09472532237276808,0.9472532237276808
2,10,300,2353,3,0.10572959737942332,1.0572959737942331
2,10,300,2354,3,0.09956725350795997,0.9956725350795997
2,10,300,2355,3,0.1015725165288216,1.015725165288216
2,10,300,2356,3,0.09788483007841556,0.9788483007841556
2,10,300,2357,3,0.08119775720838611,0.8119775720838611
2,10,300,2358,3,0.10020933018938552,1.0020933018938551
2,10,300,2359,3,0.09785873509503501,0.9785873509503501
2,10,300,2360,3,0.09115640868654011,0.911564086865401
2,10,300,2361,3,0.09129377406994887,0.9129377406994887
2,10,300,2362,3,0.09838979639862995,0.9838979639862995
2,10,300,2363,3,0.1006342155197196,1.006342155197196
2,10,300,2364,3,0.10772389721914677,1.0772389721914677
2,10,300,2365,3,0.09876444472807933,0.9876444472807933
2,10,300,2366,3,0.11289220192935612,1.1289220192935612
2,10,300,2367,3,0.105959550854336,1.05959550854336
2,10,300,2368,3,0.08813377001879805,0.8813377001879805
2,10,300,2369,3,0.09185532342638424,0.9185532342638424
2,10,300,2370,3,0.08684118715235709,0.8684118715235709
2,10,300,2371,3,0.11260557589921236,1.1260557589921236
2,10,300,2372,3,0.1027101111704902,1.027101111704902
2,10,300,2373,3,0.09203168618383185,0.9203168618383185
2,10,300,2374,3,0.10985790153467526,1.0985790153467527
2,10,300,2375,3,0.10903945664417643,1.0903945664417642
2,10,300,2376,3,0.09429245590095076,0.9429245590095076
2,10,300,2377,3,0.09889013621422617,0.9889013621422617
2,10,300,2378,3,0.09432577034879884,0.9432577034879884
2,10,300,2379,3,0.10266142326712299,1.02661423267123
2,10,300,2380,3,0.09953562263098349,0.9953562263098349
2,10,300,2381,3,0.0983024002834901,0.983024002834901
2,10,300,2382,3,0.10179989790767567,1.0179989790767567
2,10,300,2383,3,0.09985809413931002,0.9985809413931002
2,10,300,2384,3,0.08792634666518746,0.8792634666518746
2,10,300,2385,3,0.10362565147916408,1.036256514791641
2,10,300,2386,3,0.11321344830071547,1.1321344830071547
2,10,300,2387,3,0.08587107848714326,0.8587107848714326
2,10,300,2388,3,0.10123432027400114,1.0123432027400114
2,10,300,2389,3,0.0772944632583302,0.772944632583302
2,10,300,2390,3,0.09672245200225313,0.9672245200225313
2,10,300,2391,3,0.10754110756754234,1.0754110756754234
2,10,300,2392,3,0.08532054317882834,0.8532054317882835
2,10,300,2393,3,0.09014536275398556,0.9014536275398556
2,10,300,2394,3,0.09310417775337003,0.9310417775337003
2,10,300,2395,3,0.09708592357437762,0.9708592357437762
2,10,300,2396,3,0.12036999784942434,1.2036999784942433
2,10,300,2397,3,0.08841403570917523,0.8841403570917523
2,10,300,2398,3,0.09105587904151186,0.9105587904151186
2,10,300,2399,3,0.08859892811143841,0.885989281114384
2,10,300,2400,3,0.09793979038536932,0.9793979038536932
2,10,300,2401,3,0.09425628220247224,0.9425628220247224
2,10,300,2402,3,0.09394014688697284,0.9394014688697285
2,10,300,2403,3,0.10457524307945204,1.0457524307945205
2,10,300,2404,3,0.09652906492463988,0.9652906492463987
2,10,300,2405,3,0.09821202990424982,0.9821202990424982
2,10,300,2406,3,0.10061278751079061,1.0061278751079061
2,10,300,2407,3,0.10623358907886682,1.0623358907886682
2,10,300,2408,3,0.09133436675285621,0.913343667528562
2,10,300,2409,3,0.10956706768531696,1.0956706768531697
2,10,300,2410,3,0.09898037045608898,0.9898037045608898
2,10,300,2411,3,0.09026800733363388,0.9026800733363388
2,10,300,2412,3,0.10820027942896132,1.0820027942896133
2,10,300,2413,3,0.09563025246329787,0.9563025246329787
2,10,300,2414,3,0.08965545161820836,0.8965545161820836
2,10,300,2415,3,0.09674084892369036,0.9674084892369037
2,10,300,2416,3,0.09327782099457758,0.9327782099457758
2,10,300,2417,3,0.1107784923425724,1.1077849234257238
2,10,300,2418,3,0.08731720393407458,0.8731720393407458
2,10,300,2419,3,0.10175193345139752,1.0175193345139752
2,10,300,2420,3,0.09517998428153668,0.9517998428153668
2,10,300,2421,3,0.09685719482325587,0.9685719482325587
2,10,300,2422,3,0.10685841638424436,1.0685841638424436
2,10,300,2423,3,0.10859423135779324,1.0859423135779323
2,10,300,2424,3,0.08555548658617217,0.8555548658617217
2,10,300,2425,3,0.09570208748080113,0.9570208748080112
2,10,300,2426,3,0.10816012304106927,1.0816012304106928
2,10,300,2427,3,0.0929411975061753,0.929411975061753
2,10,300,2428,3,0.11014022647723884,1.1014022647723885
2,10,300,2429,3,0.09565147890599315,0.9565147890599316
2,10,300,2430,3,0.10311747456605905,1.0311747456605904
2,10,300,2431,3,0.09960515784239084,0.9960515784239085
2,10,300,2432,3,0.09968170091621584,0.9968170091621584
2,10,300,2433,3,0.09035940878745326,0.9035940878745325
2,10,300,2434,3,0.0987184925576689,0.987184925576689
2,10,300,2435,3,0.09369246181741105,0.9369246181741104
2,10,300,2436,3,0.09565244851561616,0.9565244851561616
2,10,300,2437,3,0.09708812575900697,0.9708812575900697
2,10,300,2438,3,0.09851621614684236,0.9851621614684236
2,10,300,2439,3,0.09044456775201896,0.9044456775201897
2,10,300,2440,3,0.08532497767331802,0.8532497767331803
2,10,300,2441,3,0.10341529081889146,1.0341529081889145
2,10,300,2442,3,0.1026650013794245,1.026650013794245
2,10,300,2443,3,0.09305295115180887,0.9305295115180886
2,10,300,2444,3,0.09059649667721675,0.9059649667721675
2,10,300,2445,3,0.09422580825565033,0.9422580825565032
2,10,300,2446,3,0.10688109153860535,1.0688109153860534
2,10,300,2447,3,0.09295225168772239,0.929522516877224
2,10,300,2448,3,0.10243700690058788,1.0243700690058788
2,10,300,2449,3,0.09886810477999913,0.9886810477999913
2,10,300,2450,3,0.09740487323201186,0.9740487323201186
2,10,300,2451,3,0.08779268030752369,0.8779268030752369
2,10,300,2452,3,0.10149657876013177,1.0149657876013176
2,10,300,2453,3,0.11339263557625959,1.133926355762596
2,10,300,2454,3,0.09208124643901464,0.9208124643901463
2,10,300,2455,3,0.09638708772286056,0.9638708772286056
2,10,300,2456,3,0.093656792233353,0.9365679223335301
2,10,300,2457,3,0.09633611488486507,0.9633611488486508
2,10,300,2458,3,0.09387569105280982,0.9387569105280983
2,10,300,2459,3,0.08991813302591027,0.8991813302591027
2,10,300,2460,3,0.12207877500594223,1.2207877500594224
2,10,300,2461,3,0.08243346189114653,0.8243346189114653
2,10,300,2462,3,0.09951068709667366,0.9951068709667366
2,10,300,2463,3,0.10163540982400275,1.0163540982400276
2,10,300,2464,3,0.101637079976017,1.0163707997601699
2,10,300,2465,3,0.08855513669339059,0.8855513669339058
2,10,300,2466,3,0.10520151047553328,1.0520151047553328
2,10,300,2467,3,0.10422589230530449,1.042258923053045
2,10,300,2468,3,0.099924168933294,0.9992416893329401
2,10,300,2469,3,0.091780364370209,0.91780364370209
2,10,300,2470,3,0.12146847817403238,1.2146847817403237
2,10,300,2471,3,0.11135312397963852,1.113531239796385
2,10,300,2472,3,0.09536540028611999,0.9536540028612
2,10,300,2473,3,0.0920772759381328,0.9207727593813279
2,10,300,2474,3,0.10064113491466775,1.0064113491466775
2,10,300,2475,3,0.09160222259535855,0.9160222259535854
2,10,300,2476,3,0.09658858767742012,0.9658858767742012
2,10,300,2477,3,0.10757369337592765,1.0757369337592766
2,10,300,2478,3,0.10060163001469624,1.0060163001469624
2,10,300,2479,3,0.10657595414797122,1.065759541479712
2,10,300,2480,3,0.10087781360771567,1.0087781360771566
2,10,300,2481,3,0.0924293766490826,0.9242937664908261
2,10,300,2482,3,0.0833757268017606,0.8337572680176061
2,10,300,2483,3,0.10887589817961082,1.0887589817961083
2,10,300,2484,3,0.09209271194423907,0.9209271194423907
2,10,300,2485,3,0.09940970320109893,0.9940970320109893
2,10,300,2486,3,0.09966162254242704,0.9966162254242704
2,10,300,2487,3,0.09156434477810478,0.9156434477810478
2,10,300,2488,3,0.0964608267585857,0.9646082675858569
2,10,300,2489,3,0.08389529916831513,0.8389529916831513
2,10,300,2490,3,0.1071306066769197,1.071306066769197
2,10,300,2491,3,0.09327959903807914,0.9327959903807914
2,10,300,2492,3,0.09070054901960228,0.9070054901960228
2,10,300,2493,3,0.09036247522445895,0.9036247522445895
2,10,300,2494,3,0.10206741298653599,1.0206741298653599
2,10,300,2495,3,0.09470569331680048,0.9470569331680049
2,10,300,2496,3,0.11402385206207709,1.1402385206207708
2,10,300,2497,3,0.09028603653138534,0.9028603653138535
2,10,300,2498,3,0.09765147239123209,0.9765147239123209
2,10,300,2499,3,0.09005896895122222,0.9005896895122221
2,10,300,2500,3,0.09423982487881508,0.9423982487881507
2,10,300,2501,3,0.09823470806139369,0.9823470806139369
2,10,300,2502,3,0.0871190417516396,0.8711904175163961
2,10,300,2503,3,0.10165548817559389,1.0165548817559389
2,10,300,2504,3,0.10052096849122205,1.0052096849122205
2,10,300,2505,3,0.09263792333219588,0.9263792333219587
2,10,300,2506,3,0.10142665517822091,1.0142665517822091
2,10,300,2507,3,0.10396256108192939,1.0396256108192938
2,10,300,2508,3,0.10131646005606304,1.0131646005606305
2,10,300,2509,3,0.09074126874403694,0.9074126874403695
2,10,300,2510,3,0.08498215438696627,0.8498215438696627
2,10,300,2511,3,0.10295519141321643,1.0295519141321643
2,10,300,2512,3,0.10164139387512187,1.0164139387512188
2,10,300,2513,3,0.10327570250677126,1.0327570250677125
2,10,300,2514,3,0.09673217830906278,0.9673217830906278
2,10,300,2515,3,0.11330170542081397,1.1330170542081397
2,10,300,2516,3,0.09394222072255956,0.9394222072255956
2,10,300,2517,3,0.11453853923077925,1.1453853923077923
2,10,300,2518,3,0.10625696979018076,1.0625696979018076
2,10,300,2519,3,0.11193647246853856,1.1193647246853857
2,10,300,2520,3,0.09440437353804246,0.9440437353804245
2,10,300,2521,3,0.08463621716731459,0.846362171673146
2,10,300,2522,3,0.1041496922300342,1.041496922300342
2,10,300,2523,3,0.09953490727236186,0.9953490727236186
2,10,300,2524,3,0.10428479315673549,1.042847931567355
2,10,300,2525,3,0.11267709235328693,1.1267709235328693
2,10,300,2526,3,0.0968368896012487,0.968368896012487
2,10,300,2527,3,0.10502321942358765,1.0502321942358765
2,10,300,2528,3,0.08860349010181381,0.8860349010181382
2,10,300,2529,3,0.09855171208004804,0.9855171208004804
2,10,300,2530,3,0.10314130787119125,1.0314130787119125
2,10,300,2531,3,0.08811276961076252,0.8811276961076252
2,10,300,2532,3,0.09385220822588693,0.9385220822588692
2,10,300,2533,3,0.09790200077683597,0.9790200077683597
2,10,300,2534,3,0.09566117686882589,0.9566117686882588
2,10,300,2535,3,0.08758079063371096,0.8758079063371097
2,10,300,2536,3,0.09869694220576235,0.9869694220576234
2,10,300,2537,3,0.08768737762317173,0.8768737762317174
2,10,300,2538,3,0.1186733075222811,1.186733075222811
2,10,300,2539,3,0.08880849131666804,0.8880849131666805
2,10,300,2540,3,0.09425426934599376,0.9425426934599377
2,10,300,2541,3,0.10429660306509293,1.0429660306509294
2,10,300,2542,3,0.09958843956071525,0.9958843956071526
2,10,300,2543,3,0.10114300283882774,1.0114300283882773
2,10,300,2544,3,0.09104227214856757,0.9104227214856757
2,10,300,2545,3,0.08968286545123494,0.8968286545123494
2,10,300,2546,3,0.09676057989674558,0.9676057989674558
2,10,300,2547,3,0.09493795188575126,0.9493795188575125
2,10,300,2548,3,0.10427665102896672,1.0427665102896673
2,10,300,2549,3,0.08348994256685091,0.834899425668509
2,10,300,2550,3,0.10270812764858105,1.0270812764858104
2,10,300,2551,3,0.10538620097902696,1.0538620097902696
2,10,300,2552,3,0.11082894476476596,1.1082894476476597
2,10,300,2553,3,0.0865857430731805,0.8658574307318049
2,10,300,2554,3,0.09254823897275544,0.9254823897275544
2,10,300,2555,3,0.10656979489278275,1.0656979489278275
2,10,300,2556,3,0.09411961360367854,0.9411961360367854
2,10,300,2557,3,0.0919341170218424,0.919341170218424
2,10,300,2558,3,0.09413436982098322,0.9413436982098322
2,10,300,2559,3,0.09912655432408904,0.9912655432408904
2,10,300,2560,3,0.10669060461783675,1.0669060461783675
2,10,300,2561,3,0.10642751422123917,1.0642751422123917
2,10,300,2562,3,0.10011085533002512,1.0011085533002513
2,10,300,2563,3,0.0964921613604976,0.964921613604976
2,10,300,2564,3,0.09719414308848924,0.9719414308848925
2,10,300,2565,3,0.09876606326302603,0.9876606326302604
2,10,300,2566,3,0.09482301534823862,0.9482301534823862
2,10,300,2567,3,0.09796187577352544,0.9796187577352544
2,10,300,2568,3,0.08763215431390636,0.8763215431390636
2,10,300,2569,3,0.09545779544525768,0.9545779544525768
2,10,300,2570,3,0.1064702996404579,1.064702996404579
2,10,300,2571,3,0.10217086408205678,1.0217086408205678
2,10,300,2572,3,0.09156491371066179,0.9156491371066179
2,10,300,2573,3,0.11499387438286239,1.149938743828624
2,10,300,2574,3,0.09053149315277652,0.9053149315277652
2,10,300,2575,3,0.1109598090841358,1.109598090841358
2,10,300,2576,3,0.09109266259979765,0.9109266259979765
2,10,300,2577,3,0.0999082656968414,0.9990826569684139
2,10,300,2578,3,0.08825874823790203,0.8825874823790204
2,10,300,2579,3,0.10103137015444374,1.0103137015444374
2,10,300,2580,3,0.0998030914509146,0.9980309145091459
2,10,300,2581,3,0.09349365173031288,0.9349365173031288
2,10,300,2582,3,0.08211902866432641,0.8211902866432641
2,10,300,2583,3,0.09560358970194063,0.9560358970194063
2,10,300,2584,3,0.09525759324499364,0.9525759324499364
2,10,300,2585,3,0.1002182354167005,1.002182354167005
2,10,300,2586,3,0.09187010490249675,0.9187010490249675
2,10,300,2587,3,0.11378132915279005,1.1378132915279005
2,10,300,2588,3,0.10454639748042902,1.0454639748042902
2,10,300,2589,3,0.08685632257869168,0.8685632257869167
2,10,300,2590,3,0.0870344314711827,0.870344314711827
2,10,300,2591,3,0.10862506654585576,1.0862506654585575
2,10,300,2592,3,0.09106160304083327,0.9106160304083327
2,10,300,2593,3,0.0864914461653152,0.864914461653152
2,10,300,2594,3,0.09216097345466238,0.9216097345466239
2,10,300,2595,3,0.09944042444147096,0.9944042444147096
2,10,300,2596,3,0.12232990190498685,1.2232990190498685
2,10,300,2597,3,0.09320828861761388,0.9320828861761388
2,10,300,2598,3,0.1050173638379924,1.050173638379924
2,10,300,2599,3,0.0975013871878415,0.975013871878415
2,10,300,2600,3,0.09075942337153114,0.9075942337153114
2,10,300,2601,3,0.08921067627015476,0.8921067627015477
2,10,300,2602,3,0.09147589297384398,0.9147589297384399
2,10,300,2603,3,0.08988618121426013,0.8988618121426014
2,10,300,2604,3,0.09870367460797771,0.9870367460797772
2,10,300,2605,3,0.0892512979504748,0.892512979504748
2,10,300,2606,3,0.09509603297872735,0.9509603297872734
2,10,300,2607,3,0.09032990554864964,0.9032990554864964
2,10,300,2608,3,0.09855079394179597,0.9855079394179598
2,10,300,2609,3,0.09842189625557204,0.9842189625557205
2,10,300,2610,3,0.10699541274134045,1.0699541274134043
2,10,300,2611,3,0.10500338592272901,1.0500338592272902
2,10,300,2612,3,0.089408485591912,0.89408485591912
2,10,300,2613,3,0.09878401942119769,0.9878401942119769
2,10,300,2614,3,0.09210010920038726,0.9210010920038727
2,10,300,2615,3,0.08370369511529518,0.8370369511529518
2,10,300,2616,3,0.10121900397092329,1.012190039709233
2,10,300,2617,3,0.09598175036424128,0.9598175036424128
2,10,300,2618,3,0.10323756814431445,1.0323756814431446
2,10,300,2619,3,0.10301132327804488,1.0301132327804488
2,10,300,2620,3,0.09084925036924565,0.9084925036924566
2,10,300,2621,3,0.09687421491102195,0.9687421491102195
2,10,300,2622,3,0.1113734713968359,1.113734713968359
2,10,300,2623,3,0.09393160483344076,0.9393160483344076
2,10,300,2624,3,0.09395783178401534,0.9395783178401534
2,10,300,2625,3,0.09399942243532315,0.9399942243532315
2,10,300,2626,3,0.09331273984135809,0.9331273984135808
2,10,300,2627,3,0.10091499491080093,1.0091499491080094
2,10,300,2628,3,0.09419883328232667,0.9419883328232667
2,10,300,2629,3,0.10311849210405476,1.0311849210405475
2,10,300,2630,3,0.11691692340629908,1.169169234062991
2,10,300,2631,3,0.08741354289488515,0.8741354289488515
2,10,300,2632,3,0.09596367494330313,0.9596367494330312
2,10,300,2633,3,0.09673620348648365,0.9673620348648365
2,10,300,2634,3,0.11415775088852922,1.1415775088852922
2,10,300,2635,3,0.08912861718079118,0.8912861718079118
2,10,300,2636,3,0.10668936441124766,1.0668936441124766
2,10,300,2637,3,0.09716326722246774,0.9716326722246773
2,10,300,2638,3,0.10193679118974036,1.0193679118974037
2,10,300,2639,3,0.10040550353368749,1.004055035336875
2,10,300,2640,3,0.09263466262802363,0.9263466262802363
2,10,300,2641,3,0.0956990729675702,0.956990729675702
2,10,300,2642,3,0.09530995037655826,0.9530995037655826
2,10,300,2643,3,0.08997235744938373,0.8997235744938372
2,10,300,2644,3,0.09091559969816645,0.9091559969816646
2,10,300,2645,3,0.09083654512958828,0.9083654512958828
2,10,300,2646,3,0.08842103903669254,0.8842103903669255
2,10,300,2647,3,0.09445163145803767,0.9445163145803767
2,10,300,2648,3,0.07950593979168454,0.7950593979168453
2,10,300,2649,3,0.0894402977196356,0.894402977196356
2,10,300,2650,3,0.095336447203278,0.95336447203278
2,10,300,2651,3,0.10350147743594229,1.035014774359423
2,10,300,2652,3,0.0972566006723497,0.972566006723497
2,10,300,2653,3,0.11214395928128036,1.1214395928128036
2,10,300,2654,3,0.10151566609556517,1.0151566609556517
2,10,300,2655,3,0.0916148710600753,0.9161487106007531
2,10,300,2656,3,0.10430795932517156,1.0430795932517156
2,10,300,2657,3,0.08685562417792016,0.8685562417792015
2,10,300,2658,3,0.07557294427641445,0.7557294427641444
2,10,300,2659,3,0.10447456910552617,1.0447456910552617
2,10,300,2660,3,0.08788321878931238,0.8788321878931238
2,10,300,2661,3,0.10766005567550566,1.0766005567550565
2,10,300,2662,3,0.09092356009841607,0.9092356009841607
2,10,300,2663,3,0.09621075336319715,0.9621075336319715
2,10,300,2664,3,0.09382196991899522,0.9382196991899522
2,10,300,2665,3,0.09680040332131375,0.9680040332131374
2,10,300,2666,3,0.08562474312297944,0.8562474312297944
2,10,300,2667,3,0.10490582399379009,1.049058239937901
2,10,300,2668,3,0.09026752138986588,0.9026752138986588
2,10,300,2669,3,0.09769541977968274,0.9769541977968274
2,10,300,2670,3,0.09312237359398429,0.9312237359398429
2,10,300,2671,3,0.10783528359829817,1.0783528359829817
2,10,300,2672,3,0.11338499865756195,1.1338499865756195
2,10,300,2673,3,0.08436719673991898,0.8436719673991898
2,10,300,2674,3,0.11146418943233928,1.1146418943233927
2,10,300,2675,3,0.10246314902331424,1.0246314902331424
2,10,300,2676,3,0.09844374549434227,0.9844374549434227
2,10,300,2677,3,0.10451243144366985,1.0451243144366986
2,10,300,2678,3,0.10016003124852316,1.0016003124852315
2,10,300,2679,3,0.09675802033373448,0.9675802033373448
2,10,300,2680,3,0.09158540916467625,0.9158540916467626
2,10,300,2681,3,0.10464795833920461,1.0464795833920462
2,10,300,2682,3,0.09854386311003392,0.9854386311003391
2,10,300,2683,3,0.09508467813779178,0.9508467813779178
2,10,300,2684,3,0.09311805189245677,0.9311805189245678
2,10,300,2685,3,0.10365971291983467,1.0365971291983467
2,10,300,2686,3,0.09575054491639848,0.9575054491639848
2,10,300,2687,3,0.0862979000136181,0.8629790001361811
2,10,300,2688,3,0.09268172740678937,0.9268172740678937
2,10,300,2689,3,0.09757689596329391,0.9757689596329391
2,10,300,2690,3,0.10935927018142023,1.0935927018142024
2,10,300,2691,3,0.09022736767711673,0.9022736767711673
2,10,300,2692,3,0.09990968989477193,0.9990968989477194
2,10,300,2693,3,0.09963068230303707,0.9963068230303708
2,10,300,2694,3,0.10612641958368088,1.0612641958368088
2,10,300,2695,3,0.0930798995383149,0.930798995383149
2,10,300,2696,3,0.10236433146290262,1.0236433146290262
2,10,300,2697,3,0.09538602737013832,0.9538602737013833
2,10,300,2698,3,0.10057237656284579,1.0057237656284579
2,10,300,2699,3,0.09720776558846426,0.9720776558846427
2,10,300,2700,3,0.09139473519259311,0.9139473519259311
2,10,300,2701,3,0.10434539076618793,1.0434539076618792
2,10,300,2702,3,0.1042634264952414,1.042634264952414
2,10,300,2703,3,0.09526989133310126,0.9526989133310126
2,10,300,2704,3,0.10409215655429352,1.0409215655429351
2,10,300,2705,3,0.08737050805098258,0.8737050805098258
2,10,300,2706,3,0.09990315332318302,0.9990315332318302
2,10,300,2707,3,0.09946983954220706,0.9946983954220706
2,10,300,2708,3,0.10959412976472632,1.0959412976472633
2,10,300,2709,3,0.09080396046415079,0.9080396046415079
2,10,300,2710,3,0.08768694711552952,0.8768694711552952
2,10,300,2711,3,0.10030694537640648,1.003069453764065
2,10,300,2712,3,0.10068869209738832,1.006886920973883
2,10,300,2713,3,0.08742378491398244,0.8742378491398244
2,10,300,2714,3,0.09661937060842754,0.9661937060842755
2,10,300,2715,3,0.09102827387572981,0.9102827387572981
2,10,300,2716,3,0.103854998612413,1.03854998612413
2,10,300,2717,3,0.09289320992624968,0.9289320992624968
2,10,300,2718,3,0.09749754178383466,0.9749754178383465
2,10,300,2719,3,0.12096151046002607,1.2096151046002606
2,10,300,2720,3,0.0972366699501466,0.9723666995014659
2,10,300,2721,3,0.08989128972560984,0.8989128972560984
2,10,300,2722,3,0.10718406419201637,1.0718406419201638
2,10,300,2723,3,0.0878634822031259,0.878634822031259
2,10,300,2724,3,0.09116885900811808,0.9116885900811807
2,10,300,2725,3,0.10969459521036519,1.096945952103652
2,10,300,2726,3,0.10054334061113429,1.0054334061113428
2,10,300,2727,3,0.10787276238762793,1.0787276238762793
2,10,300,2728,3,0.10901927382410041,1.0901927382410042
2,10,300,2729,3,0.09777860603562422,0.9777860603562422
2,10,300,2730,3,0.09448781631139716,0.9448781631139715
2,10,300,2731,3,0.08790097004422048,0.8790097004422048
2,10,300,2732,3,0.10378616342825896,1.0378616342825895
2,10,300,2733,3,0.09116950231171293,0.9116950231171294
2,10,300,2734,3,0.0986535502277651,0.986535502277651
2,10,300,2735,3,0.08942574112733576,0.8942574112733576
2,10,300,2736,3,0.09666162193931999,0.9666162193931999
2,10,300,2737,3,0.09551338826775528,0.9551338826775528
2,10,300,2738,3,0.09788104101025001,0.9788104101025001
2,10,300,2739,3,0.09355123322973374,0.9355123322973374
2,10,300,2740,3,0.10320605417015213,1.0320605417015214
2,10,300,2741,3,0.10246788170775056,1.0246788170775056
2,10,300,2742,3,0.08168764325935413,0.8168764325935413
2,10,300,2743,3,0.10172651086460702,1.0172651086460702
2,10,300,2744,3,0.08929343809716431,0.8929343809716431
2,10,300,2745,3,0.09705775092454688,0.9705775092454688
2,10,300,2746,3,0.09581900010805203,0.9581900010805203
2,10,300,2747,3,0.08394075959554458,0.8394075959554458
2,10,300,2748,3,0.08998122155506533,0.8998122155506533
2,10,300,2749,3,0.09310733334892062,0.9310733334892061
2,10,300,2750,3,0.09541019846543118,0.9541019846543118
2,10,300,2751,3,0.08723542328246536,0.8723542328246536
2,10,300,2752,3,0.09166705229232856,0.9166705229232855
2,10,300,2753,3,0.10464554251886057,1.0464554251886058
2,10,300,2754,3,0.10838394220141187,1.0838394220141188
2,10,300,2755,3,0.09412414469315206,0.9412414469315206
2,10,300,2756,3,0.08953528923558922,0.8953528923558921
2,10,300,2757,3,0.0915798292344855,0.915798292344855
2,10,300,2758,3,0.0818830693197741,0.818830693197741
2,10,300,2759,3,0.10203304882421146,1.0203304882421147
2,10,300,2760,3,0.10067971415844604,1.0067971415844603
2,10,300,2761,3,0.10710991308756862,1.0710991308756863
2,10,300,2762,3,0.09304071440747107,0.9304071440747106
2,10,300,2763,3,0.08454217616704252,0.8454217616704252
2,10,300,2764,3,0.09288077245109816,0.9288077245109816
2,10,300,2765,3,0.09523762807657557,0.9523762807657558
2,10,300,2766,3,0.09057905150718887,0.9057905150718887
2,10,300,2767,3,0.08997193687625075,0.8997193687625076
2,10,300,2768,3,0.08983041252291254,0.8983041252291255
2,10,300,2769,3,0.10722441632641203,1.0722441632641202
2,10,300,2770,3,0.08843870513591634,0.8843870513591635
2,10,300,2771,3,0.09656785045532325,0.9656785045532325
2,10,300,2772,3,0.09690417541750629,0.9690417541750629
2,10,300,2773,3,0.0885518202622374,0.885518202622374
2,10,300,2774,3,0.0949903253635075,0.949903253635075
2,10,300,2775,3,0.09879475868482515,0.9879475868482516
2,10,300,2776,3,0.11314257670950678,1.1314257670950678
2,10,300,2777,3,0.09157267017428322,0.9157267017428322
2,10,300,2778,3,0.11067261437180072,1.1067261437180071
2,10,300,2779,3,0.09562588105775043,0.9562588105775043
2,10,300,2780,3,0.10072342672446616,1.0072342672446615
2,10,300,2781,3,0.09600703800341642,0.9600703800341642
2,10,300,2782,3,0.08834839255816777,0.8834839255816777
2,10,300,2783,3,0.08643690739551685,0.8643690739551685
2,10,300,2784,3,0.10443126356942542,1.0443126356942543
2,10,300,2785,3,0.09531123756130402,0.9531123756130402
2,10,300,2786,3,0.1103388524959134,1.103388524959134
2,10,300,2787,3,0.09322748891145326,0.9322748891145326
2,10,300,2788,3,0.10521185850647027,1.0521185850647028
2,10,300,2789,3,0.10177627348298804,1.0177627348298803
2,10,300,2790,3,0.0987682418220587,0.987682418220587
2,10,300,2791,3,0.10425473760318946,1.0425473760318946
2,10,300,2792,3,0.09193951742620435,0.9193951742620434
2,10,300,2793,3,0.09625855683577057,0.9625855683577058
2,10,300,2794,3,0.11034428202774994,1.1034428202774995
2,10,300,2795,3,0.09224033467855763,0.9224033467855765
2,10,300,2796,3,0.10632463972933612,1.0632463972933612
2,10,300,2797,3,0.10278385206044491,1.0278385206044491
2,10,300,2798,3,0.10062903995981672,1.0062903995981671
2,10,300,2799,3,0.09413019020273702,0.9413019020273702
2,10,300,2800,3,0.1060414878716136,1.060414878716136
2,10,300,2801,3,0.09859446685639653,0.9859446685639652
2,10,300,2802,3,0.09907819522398084,0.9907819522398085
2,10,300,2803,3,0.10403557435169997,1.0403557435169997
2,10,300,2804,3,0.08172439609985316,0.8172439609985316
2,10,300,2805,3,0.09474649981023275,0.9474649981023275
2,10,300,2806,3,0.1173038436373586,1.173038436373586
2,10,300,2807,3,0.09067664478568001,0.9067664478568
2,10,300,2808,3,0.0979369570581706,0.979369570581706
2,10,300,2809,3,0.09823640996230237,0.9823640996230237
2,10,300,2810,3,0.10092049077154214,1.0092049077154213
2,10,300,2811,3,0.09942912339946945,0.9942912339946945
2,10,300,2812,3,0.10112850492816555,1.0112850492816556
2,10,300,2813,3,0.09896025798814016,0.9896025798814017
2,10,300,2814,3,0.10149223364783927,1.0149223364783928
2,10,300,2815,3,0.1229652133325382,1.2296521333253818
2,10,300,2816,3,0.10261734855877372,1.0261734855877371
2,10,300,2817,3,0.10380650254152234,1.0380650254152235
2,10,300,2818,3,0.09228683787808278,0.9228683787808278
2,10,300,2819,3,0.09323561138979995,0.9323561138979994
2,10,300,2820,3,0.09013387830384999,0.9013387830384999
2,10,300,2821,3,0.09519738193639257,0.9519738193639257
2,10,300,2822,3,0.09280180280300745,0.9280180280300745
2,10,300,2823,3,0.10855162274426483,1.0855162274426484
2,10,300,2824,3,0.09435710796706541,0.9435710796706541
2,10,300,2825,3,0.09327272644507761,0.9327272644507761
2,10,300,2826,3,0.09809969874934615,0.9809969874934615
2,10,300,2827,3,0.09441283178120372,0.9441283178120372
2,10,300,2828,3,0.09448382227633784,0.9448382227633784
2,10,300,2829,3,0.10998142659927214,1.0998142659927213
2,10,300,2830,3,0.09493660492482256,0.9493660492482257
2,10,300,2831,3,0.09300977436658303,0.9300977436658303
2,10,300,2832,3,0.10127715083827758,1.0127715083827757
2,10,300,2833,3,0.0877507760920348,0.877507760920348
2,10,300,2834,3,0.10708812555901047,1.0708812555901048
2,10,300,2835,3,0.11275987037824374,1.1275987037824373
2,10,300,2836,3,0.10009659112254743,1.0009659112254743
2,10,300,2837,3,0.09100240343328936,0.9100240343328936
2,10,300,2838,3,0.0876981231625213,0.8769812316252131
2,10,300,2839,3,0.1057440966958858,1.057440966958858
2,10,300,2840,3,0.09400266247377038,0.9400266247377039
2,10,300,2841,3,0.09271808488705606,0.9271808488705606
2,10,300,2842,3,0.08675708491638438,0.8675708491638439
2,10,300,2843,3,0.0959814726693216,0.959814726693216
2,10,300,2844,3,0.1081080831815373,1.081080831815373
2,10,300,2845,3,0.09118174034990531,0.9118174034990532
2,10,300,2846,3,0.10001904780589992,1.0001904780589992
2,10,300,2847,3,0.10782160045416612,1.0782160045416613
2,10,300,2848,3,0.0972057124367402,0.972057124367402
2,10,300,2849,3,0.11287255628056488,1.1287255628056487
2,10,300,2850,3,0.11032043908116544,1.1032043908116544
2,10,300,2851,3,0.1021053318944032,1.0210533189440318
2,10,300,2852,3,0.08799816356417377,0.8799816356417377
2,10,300,2853,3,0.10251909292211561,1.025190929221156
2,10,300,2854,3,0.09119505926253102,0.9119505926253102
2,10,300,2855,3,0.0953507660641973,0.953507660641973
2,10,300,2856,3,0.08396285232975638,0.8396285232975639
2,10,300,2857,3,0.09458512294290276,0.9458512294290277
2,10,300,2858,3,0.09417963448010101,0.9417963448010102
2,10,300,2859,3,0.08446955569239151,0.8446955569239151
2,10,300,2860,3,0.10971784298828108,1.0971784298828107
2,10,300,2861,3,0.0947561606129508,0.9475616061295079
2,10,300,2862,3,0.10279651891537907,1.0279651891537906
2,10,300,2863,3,0.10185454490613965,1.0185454490613965
2,10,300,2864,3,0.0934794014055447,0.9347940140554469
2,10,300,2865,3,0.08955689049413915,0.8955689049413915
2,10,300,2866,3,0.08465422501246286,0.8465422501246286
2,10,300,2867,3,0.09473198379941553,0.9473198379941553
2,10,300,2868,3,0.09249579927002759,0.9249579927002759
2,10,300,2869,3,0.10271924977495256,1.0271924977495255
2,10,300,2870,3,0.11040749238286654,1.1040749238286653
2,10,300,2871,3,0.10485067858606384,1.0485067858606383
2,10,300,2872,3,0.09926581428615613,0.9926581428615613
2,10,300,2873,3,0.11180040331324466,1.1180040331324466
2,10,300,2874,3,0.08999704757660786,0.8999704757660786
2,10,300,2875,3,0.0973674147747138,0.973674147747138
2,10,300,2876,3,0.09206744341435273,0.9206744341435272
2,10,300,2877,3,0.09319467415915673,0.9319467415915673
2,10,300,2878,3,0.12446842531195995,1.2446842531195996
2,10,300,2879,3,0.10044384346006192,1.0044384346006192
2,10,300,2880,3,0.09839529724883844,0.9839529724883843
2,10,300,2881,3,0.09454799754620238,0.9454799754620239
2,10,300,2882,3,0.09415518685613447,0.9415518685613447
2,10,300,2883,3,0.1021987673761152,1.021987673761152
2,10,300,2884,3,0.08997893258521006,0.8997893258521006
2,10,300,2885,3,0.10212144912196865,1.0212144912196865
2,10,300,2886,3,0.10172745592326482,1.0172745592326482
2,10,300,2887,3,0.10420288485915648,1.0420288485915647
2,10,300,2888,3,0.10712683697038981,1.071268369703898
2,10,300,2889,3,0.09557533736618723,0.9557533736618723
2,10,300,2890,3,0.0930738746779031,0.930738746779031
2,10,300,2891,3,0.09957540778193895,0.9957540778193895
2,10,300,2892,3,0.1028199375611012,1.028199375611012
2,10,300,2893,3,0.08925989006487162,0.8925989006487162
2,10,300,2894,3,0.11539961868243764,1.1539961868243764
2,10,300,2895,3,0.08252118789130834,0.8252118789130835
2,10,300,2896,3,0.10099067130068974,1.0099067130068975
2,10,300,2897,3,0.1032610072887451,1.032610072887451
2,10,300,2898,3,0.10846032469014963,1.0846032469014963
2,10,300,2899,3,0.08566163923340081,0.8566163923340081
2,10,300,2900,3,0.09092950594684146,0.9092950594684146
2,10,300,2901,3,0.08905558318518281,0.8905558318518281
2,10,300,2902,3,0.09879256893499425,0.9879256893499425
2,10,300,2903,3,0.11109066983137021,1.1109066983137021
2,10,300,2904,3,0.09367329314124925,0.9367329314124926
2,10,300,2905,3,0.09474103215805045,0.9474103215805045
2,10,300,2906,3,0.09837186297734016,0.9837186297734015
2,10,300,2907,3,0.08916290645007727,0.8916290645007727
2,10,300,2908,3,0.09937897917916513,0.9937897917916513
2,10,300,2909,3,0.08957605214309022,0.8957605214309022
2,10,300,2910,3,0.09343446457421452,0.9343446457421452
2,10,300,2911,3,0.1011750579932856,1.011750579932856
2,10,300,2912,3,0.09219919746271468,0.9219919746271469
2,10,300,2913,3,0.09161444914350525,0.9161444914350525
2,10,300,2914,3,0.08897167775666587,0.8897167775666587
2,10,300,2915,3,0.10929073054806147,1.0929073054806149
2,10,300,2916,3,0.08739823067280536,0.8739823067280537
2,10,300,2917,3,0.09875655937432243,0.9875655937432243
2,10,300,2918,3,0.09398473798535426,0.9398473798535426
2,10,300,2919,3,0.10939525093202981,1.0939525093202982
2,10,300,2920,3,0.0937699615920154,0.9376996159201539
2,10,300,2921,3,0.10248318050705271,1.0248318050705272
2,10,300,2922,3,0.10063991382401483,1.0063991382401483
2,10,300,2923,3,0.10239442201905725,1.0239442201905726
2,10,300,2924,3,0.09507379896363569,0.9507379896363569
2,10,300,2925,3,0.09212460806362945,0.9212460806362944
2,10,300,2926,3,0.10330196353143992,1.0330196353143992
2,10,300,2927,3,0.09755238529655309,0.9755238529655309
2,10,300,2928,3,0.09007492074050777,0.9007492074050777
2,10,300,2929,3,0.09335842909566228,0.9335842909566228
2,10,300,2930,3,0.11310497528787691,1.131049752878769
2,10,300,2931,3,0.1057377703226153,1.057377703226153
2,10,300,2932,3,0.0851950454901386,0.851950454901386
2,10,300,2933,3,0.1013251517473785,1.0132515174737848
2,10,300,2934,3,0.11888139401347617,1.1888139401347617
2,10,300,2935,3,0.10465097254611029,1.0465097254611029
2,10,300,2936,3,0.09765059459092357,0.9765059459092357
2,10,300,2937,3,0.12820610687852388,1.2820610687852387
2,10,300,2938,3,0.08643248623686173,0.8643248623686173
2,10,300,2939,3,0.10297581912546261,1.029758191254626
2,10,300,2940,3,0.08776470781310895,0.8776470781310894
2,10,300,2941,3,0.1000970159911822,1.0009701599118221
2,10,300,2942,3,0.07998542748474288,0.7998542748474288
2,10,300,2943,3,0.10710486306306412,1.0710486306306413
2,10,300,2944,3,0.09116056314813949,0.9116056314813948
2,10,300,2945,3,0.10128768059455065,1.0128768059455064
2,10,300,2946,3,0.09544449118859322,0.9544449118859322
2,10,300,2947,3,0.0820383144022622,0.820383144022622
2,10,300,2948,3,0.09498356422810054,0.9498356422810055
2,10,300,2949,3,0.10151630064649739,1.015163006464974
2,10,300,2950,3,0.0960003299445894,0.960003299445894
2,10,300,2951,3,0.09027288039350968,0.9027288039350968
2,10,300,2952,3,0.10705113942034614,1.0705113942034614
2,10,300,2953,3,0.08613930298868747,0.8613930298868747
2,10,300,2954,3,0.1086549629523537,1.0865496295235368
2,10,300,2955,3,0.09354072673476153,0.9354072673476154
2,10,300,2956,3,0.10229105677875378,1.0229105677875379
2,10,300,2957,3,0.09834134171562477,0.9834134171562476
2,10,300,2958,3,0.09605024187692905,0.9605024187692905
2,10,300,2959,3,0.08946294327115906,0.8946294327115906
2,10,300,2960,3,0.08923805845038829,0.8923805845038829
2,10,300,2961,3,0.09615961270936413,0.9615961270936413
2,10,300,2962,3,0.10549481780858813,1.0549481780858814
2,10,300,2963,3,0.09712862570631467,0.9712862570631468
2,10,300,2964,3,0.09485122970601247,0.9485122970601246
2,10,300,2965,3,0.08288317498938334,0.8288317498938335
2,10,300,2966,3,0.0936241142973063,0.936241142973063
2,10,300,2967,3,0.09417926145338268,0.9417926145338268
2,10,300,2968,3,0.09137263998664504,0.9137263998664503
2,10,300,2969,3,0.09769438094058377,0.9769438094058377
2,10,300,2970,3,0.10413047512424262,1.041304751242426
2,10,300,2971,3,0.09341387150142669,0.9341387150142669
2,10,300,2972,3,0.10145446615589349,1.0145446615589349
2,10,300,2973,3,0.0953251660769307,0.953251660769307
2,10,300,2974,3,0.08538214322390478,0.8538214322390478
2,10,300,2975,3,0.0903358496560544,0.903358496560544
2,10,300,2976,3,0.12146399985648326,1.2146399985648324
2,10,300,2977,3,0.0821501958579817,0.821501958579817
2,10,300,2978,3,0.11246946363311676,1.1246946363311676
2,10,300,2979,3,0.08929585913786257,0.8929585913786258
2,10,300,2980,3,0.0975272160900186,0.975272160900186
2,10,300,2981,3,0.0942032659430586,0.942032659430586
2,10,300,2982,3,0.09086132140928388,0.9086132140928388
2,10,300,2983,3,0.09548787776047185,0.9548787776047185
2,10,300,2984,3,0.09449765066287644,0.9449765066287643
2,10,300,2985,3,0.10539709012601016,1.0539709012601015
2,10,300,2986,3,0.10787644232752733,1.0787644232752733
2,10,300,2987,3,0.11443586722958835,1.1443586722958834
2,10,300,2988,3,0.09017008753237946,0.9017008753237945
2,10,300,2989,3,0.09669564489049634,0.9669564489049634
2,10,300,2990,3,0.10621664398678196,1.0621664398678197
2,10,300,2991,3,0.09628275091512131,0.9628275091512131
2,10,300,2992,3,0.09236134898207121,0.9236134898207121
2,10,300,2993,3,0.1061241871931434,1.061241871931434
2,10,300,2994,3,0.10181115208164256,1.0181115208164255
2,10,300,2995,3,0.1110497831386539,1.110497831386539
2,10,300,2996,3,0.09258659003206406,0.9258659003206406
2,10,300,2997,3,0.0915212708984692,0.915212708984692
2,10,300,2998,3,0.09214203250339144,0.9214203250339144
2,10,300,2999,3,0.08754954138937984,0.8754954138937984
2,10,300,3000,3,0.09950325868461188,0.9950325868461187
2,10,300,3001,3,0.0916330494892479,0.916330494892479
2,10,300,3002,3,0.09173169473118442,0.9173169473118442
2,10,300,3003,3,0.09187547621836781,0.918754762183678
2,10,300,3004,3,0.09536505756380392,0.9536505756380392
2,10,300,3005,3,0.10029888440074522,1.0029888440074521
2,10,300,3006,3,0.09527570771732882,0.9527570771732883
2,10,300,3007,3,0.09793031874396069,0.9793031874396069
2,10,300,3008,3,0.10197598319480539,1.0197598319480539
2,10,300,3009,3,0.10634659347413905,1.0634659347413904
2,10,300,3010,3,0.08376193566026116,0.8376193566026117
2,10,300,3011,3,0.10071311832245373,1.0071311832245373
2,10,300,3012,3,0.10329172431946379,1.0329172431946378
2,10,300,3013,3,0.11065501775028036,1.1065501775028037
2,10,300,3014,3,0.09759530144543158,0.9759530144543157
2,10,300,3015,3,0.09409558412063353,0.9409558412063352
2,10,300,3016,3,0.09626839539975193,0.9626839539975194
2,10,300,3017,3,0.1047663071613352,1.047663071613352
2,10,300,3018,3,0.10259015096778178,1.025901509677818
2,10,300,3019,3,0.0898067339540534,0.8980673395405341
2,10,300,3020,3,0.09617304414585559,0.9617304414585559
2,10,300,3021,3,0.09750727994038186,0.9750727994038186
2,10,300,3022,3,0.09881274773118823,0.9881274773118823
2,10,300,3023,3,0.10865990389168066,1.0865990389168065
2,10,300,3024,3,0.09589338243337316,0.9589338243337315
2,10,300,3025,3,0.08619071086777833,0.8619071086777833
2,10,300,3026,3,0.08750524400423099,0.8750524400423099
2,10,300,3027,3,0.0988512144269747,0.988512144269747
2,10,300,3028,3,0.08699839929406922,0.8699839929406922
2,10,300,3029,3,0.10447351141563128,1.0447351141563128
2,10,300,3030,3,0.0996821184718196,0.9968211847181959
2,10,300,3031,3,0.0864096446080985,0.864096446080985
2,10,300,3032,3,0.08783193872580417,0.8783193872580417
2,10,300,3033,3,0.11186236979038908,1.1186236979038908
2,10,300,3034,3,0.10054590415732387,1.0054590415732387
2,10,300,3035,3,0.08377400313844395,0.8377400313844395
2,10,300,3036,3,0.09078585489535884,0.9078585489535885
2,10,300,3037,3,0.10744891823011495,1.0744891823011495
2,10,300,3038,3,0.09404204006368715,0.9404204006368714
2,10,300,3039,3,0.0858490131654456,0.858490131654456
2,10,300,3040,3,0.10236983651627675,1.0236983651627676
2,10,300,3041,3,0.09098998059664173,0.9098998059664173
2,10,300,3042,3,0.1067280504911331,1.067280504911331
2,10,300,3043,3,0.0943034113678883,0.943034113678883
2,10,300,3044,3,0.11709138966003317,1.1709138966003318
2,10,300,3045,3,0.09972138520307017,0.9972138520307017
2,10,300,3046,3,0.08817658258665284,0.8817658258665284
2,10,300,3047,3,0.09111561151367165,0.9111561151367165
2,10,300,3048,3,0.10187154786973121,1.018715478697312
2,10,300,3049,3,0.10608167098161975,1.0608167098161974
2,10,300,3050,3,0.0797098369974173,0.7970983699741729
2,10,300,3051,3,0.09745662570372318,0.9745662570372318
2,10,300,3052,3,0.09512759924388386,0.9512759924388386
2,10,300,3053,3,0.08948047061037043,0.8948047061037042
2,10,300,3054,3,0.09088596713457185,0.9088596713457185
2,10,300,3055,3,0.09305848084612096,0.9305848084612097
2,10,300,3056,3,0.09198125450487321,0.9198125450487321
2,10,300,3057,3,0.09924053716523082,0.9924053716523082
2,10,300,3058,3,0.09509012291412289,0.9509012291412289
2,10,300,3059,3,0.0925300310614584,0.9253003106145841
2,10,300,3060,3,0.09843030607273118,0.9843030607273118
2,10,300,3061,3,0.09687991007248192,0.9687991007248192
2,10,300,3062,3,0.09968315649049928,0.9968315649049927
2,10,300,3063,3,0.10266251187804207,1.0266251187804207
2,10,300,3064,3,0.10092905104979621,1.0092905104979621
2,10,300,3065,3,0.09461012631411755,0.9461012631411755
2,10,300,3066,3,0.10494658457249495,1.0494658457249495
2,10,300,3067,3,0.1057715485674253,1.057715485674253
2,10,300,3068,3,0.10736181834199005,1.0736181834199003
2,10,300,3069,3,0.09338133073677203,0.9338133073677203
2,10,300,3070,3,0.10927558443539209,1.092755844353921
2,10,300,3071,3,0.124342035327733,1.24342035327733
2,10,300,3072,3,0.1022812133668061,1.022812133668061
2,10,300,3073,3,0.09831970234592705,0.9831970234592705
2,10,300,3074,3,0.11819003486633844,1.1819003486633843
2,10,300,3075,3,0.09528460532467863,0.9528460532467862
2,10,300,3076,3,0.0928494738521294,0.928494738521294
2,10,300,3077,3,0.11644809693798625,1.1644809693798626
2,10,300,3078,3,0.09903109344633775,0.9903109344633774
2,10,300,3079,3,0.08874897837248358,0.8874897837248358
2,10,300,3080,3,0.09836963465241477,0.9836963465241477
2,10,300,3081,3,0.1017241984455724,1.017241984455724
2,10,300,3082,3,0.09242948325158,0.9242948325158
2,10,300,3083,3,0.09670645159322774,0.9670645159322774
2,10,300,3084,3,0.10191394870556186,1.0191394870556187
2,10,300,3085,3,0.1090880493965475,1.090880493965475
2,10,300,3086,3,0.09388069617823974,0.9388069617823974
2,10,300,3087,3,0.09887132461831208,0.9887132461831207
2,10,300,3088,3,0.0937686525129128,0.9376865251291281
2,10,300,3089,3,0.09751134706146021,0.9751134706146021
2,10,300,3090,3,0.09701731157693785,0.9701731157693786
2,10,300,3091,3,0.11425403662782765,1.1425403662782765
2,10,300,3092,3,0.09288958460658658,0.9288958460658658
2,10,300,3093,3,0.09499306911331998,0.9499306911331998
2,10,300,3094,3,0.09311106384794035,0.9311106384794035
2,10,300,3095,3,0.10955754123161923,1.0955754123161925
2,10,300,3096,3,0.08657117003218934,0.8657117003218934
2,10,300,3097,3,0.09840852201273662,0.9840852201273661
2,10,300,3098,3,0.10296896995898593,1.0296896995898592
2,10,300,3099,3,0.09767539854593726,0.9767539854593726
2,10,300,3100,3,0.08531336980483623,0.8531336980483623
2,10,300,3101,3,0.10064176902067247,1.0064176902067248
2,10,300,3102,3,0.09605766637571889,0.9605766637571889
2,10,300,3103,3,0.0946049208701034,0.946049208701034
2,10,300,3104,3,0.09612315944585159,0.9612315944585159
2,10,300,3105,3,0.09288171444344925,0.9288171444344926
2,10,300,3106,3,0.09012137889110844,0.9012137889110844
2,10,300,3107,3,0.09525647361721823,0.9525647361721823
2,10,300,3108,3,0.09212474061967212,0.9212474061967212
2,10,300,3109,3,0.10767066377748935,1.0767066377748935
2,10,300,3110,3,0.09064750065810423,0.9064750065810423
2,10,300,3111,3,0.1005489444377439,1.005489444377439
2,10,300,3112,3,0.10908802365089273,1.0908802365089274
2,10,300,3113,3,0.09869270173939365,0.9869270173939365
2,10,300,3114,3,0.08632538746721528,0.8632538746721529
2,10,300,3115,3,0.08707363469325713,0.8707363469325713
2,10,300,3116,3,0.09655491956861058,0.9655491956861059
2,10,300,3117,3,0.10510225659387741,1.0510225659387742
2,10,300,3118,3,0.09810476763110007,0.9810476763110006
2,10,300,3119,3,0.09900748815209871,0.9900748815209872
2,10,300,3120,3,0.10459506804708375,1.0459506804708376
2,10,300,3121,3,0.09398071471010633,0.9398071471010633
2,10,300,3122,3,0.08726385782890904,0.8726385782890903
2,10,300,3123,3,0.09378610929265738,0.9378610929265737
2,10,300,3124,3,0.0949214350839406,0.9492143508394061
2,10,300,3125,3,0.09173825887756963,0.9173825887756963
2,10,300,3126,3,0.09955742865122924,0.9955742865122924
2,10,300,3127,3,0.10602392391137215,1.0602392391137214
2,10,300,3128,3,0.09608670227198984,0.9608670227198984
2,10,300,3129,3,0.09583820274997484,0.9583820274997484
2,10,300,3130,3,0.10596870139102701,1.05968701391027
2,10,300,3131,3,0.09690050537375615,0.9690050537375615
2,10,300,3132,3,0.09459577260700439,0.9459577260700438
2,10,300,3133,3,0.09242496507695298,0.9242496507695299
2,10,300,3134,3,0.10783476538950537,1.0783476538950538
2,10,300,3135,3,0.10635572719763123,1.0635572719763122
2,10,300,3136,3,0.0927235518990997,0.927235518990997
2,10,300,3137,3,0.10089407985458781,1.0089407985458783
2,10,300,3138,3,0.11040562191642594,1.1040562191642596
2,10,300,3139,3,0.09699600848098648,0.9699600848098648
2,10,300,3140,3,0.09575935448285394,0.9575935448285394
2,10,300,3141,3,0.08390541678087199,0.8390541678087199
2,10,300,3142,3,0.09858535471005975,0.9858535471005975
2,10,300,3143,3,0.08066899400878597,0.8066899400878597
2,10,300,3144,3,0.11150779324450914,1.1150779324450915
2,10,300,3145,3,0.096885921370963,0.9688592137096299
2,10,300,3146,3,0.09270714439202148,0.9270714439202147
2,10,300,3147,3,0.09847198424187546,0.9847198424187547
2,10,300,3148,3,0.08705303341271348,0.8705303341271348
2,10,300,3149,3,0.10379317364356068,1.0379317364356069
2,10,300,3150,3,0.10147740577237582,1.0147740577237583
2,10,300,3151,3,0.10293034118874851,1.029303411887485
2,10,300,3152,3,0.09381790197899269,0.9381790197899268
2,10,300,3153,3,0.10788351711936343,1.0788351711936344
2,10,300,3154,3,0.08751728920371094,0.8751728920371094
2,10,300,3155,3,0.10908956553839412,1.0908956553839413
2,10,300,3156,3,0.10326729677119316,1.0326729677119315
2,10,300,3157,3,0.10723802199235183,1.0723802199235182
2,10,300,3158,3,0.09860157746845807,0.9860157746845808
2,10,300,3159,3,0.08441249691747749,0.8441249691747749
2,10,300,3160,3,0.09830977227990999,0.9830977227990999
2,10,300,3161,3,0.10144448182406679,1.014444818240668
2,10,300,3162,3,0.10410446631120046,1.0410446631120047
2,10,300,3163,3,0.08351007387597473,0.8351007387597473
2,10,300,3164,3,0.09523272058412355,0.9523272058412355
2,10,300,3165,3,0.10030930814757498,1.0030930814757497
2,10,300,3166,3,0.09639622794227172,0.9639622794227172
2,10,300,3167,3,0.09911528067089205,0.9911528067089205
2,10,300,3168,3,0.09914242868631182,0.9914242868631182
2,10,300,3169,3,0.10092323243516672,1.0092323243516672
2,10,300,3170,3,0.09028505432976619,0.9028505432976619
2,10,300,3171,3,0.09296669321717735,0.9296669321717735
2,10,300,3172,3,0.11144459415571246,1.1144459415571246
2,10,300,3173,3,0.1093702486290337,1.093702486290337
2,10,300,3174,3,0.10293027915518897,1.0293027915518898
2,10,300,3175,3,0.10285174680491134,1.0285174680491134
2,10,300,3176,3,0.09331079019861535,0.9331079019861535
2,10,300,3177,3,0.1010732344338328,1.010732344338328
2,10,300,3178,3,0.09285380010858924,0.9285380010858924
2,10,300,3179,3,0.09215097451711829,0.921509745171183
2,10,300,3180,3,0.0875869613514641,0.875869613514641
2,10,300,3181,3,0.10265994798370098,1.0265994798370097
2,10,300,3182,3,0.09394139323899423,0.9394139323899423
2,10,300,3183,3,0.09360643950815858,0.9360643950815858
2,10,300,3184,3,0.10401450107436067,1.0401450107436068
2,10,300,3185,3,0.09433799283526093,0.9433799283526092
2,10,300,3186,3,0.10831778920489431,1.0831778920489432
2,10,300,3187,3,0.08823367779152086,0.8823367779152086
2,10,300,3188,3,0.08692127969199995,0.8692127969199994
2,10,300,3189,3,0.10167261263983912,1.0167261263983913
2,10,300,3190,3,0.08882125520369152,0.8882125520369152
2,10,300,3191,3,0.10372043384248222,1.0372043384248222
2,10,300,3192,3,0.09336060964945221,0.9336060964945221
2,10,300,3193,3,0.09219041717520549,0.921904171752055
2,10,300,3194,3,0.10877532270071974,1.0877532270071975
2,10,300,3195,3,0.10128892507925456,1.0128892507925458
2,10,300,3196,3,0.09696129356055512,0.9696129356055513
2,10,300,3197,3,0.09888479063744243,0.9888479063744243
2,10,300,3198,3,0.10563142021224245,1.0563142021224246
2,10,300,3199,3,0.09488302742525359,0.948830274252536
2,10,300,3200,3,0.09149774734955415,0.9149774734955416
2,10,300,3201,3,0.10533909546848802,1.05339095468488
2,10,300,3202,3,0.09999862456530428,0.9999862456530428
2,10,300,3203,3,0.08400412714307429,0.8400412714307428
2,10,300,3204,3,0.09603188264817733,0.9603188264817732
2,10,300,3205,3,0.10573907091991722,1.057390709199172
2,10,300,3206,3,0.09458729962469123,0.9458729962469122
2,10,300,3207,3,0.09960537649897491,0.9960537649897492
2,10,300,3208,3,0.09740627398751031,0.9740627398751032
2,10,300,3209,3,0.090822392228408,0.90822392228408
2,10,300,3210,3,0.09729380632300638,0.9729380632300638
2,10,300,3211,3,0.09011547216004807,0.9011547216004807
2,10,300,3212,3,0.0913860723966439,0.9138607239664389
2,10,300,3213,3,0.10089487799419339,1.0089487799419339
2,10,300,3214,3,0.09929694149100537,0.9929694149100537
2,10,300,3215,3,0.09620943456739939,0.962094345673994
2,10,300,3216,3,0.09751610795930822,0.9751610795930822
2,10,300,3217,3,0.10861351923770698,1.08613519237707
2,10,300,3218,3,0.08462262337929405,0.8462262337929405
2,10,300,3219,3,0.09671473295804106,0.9671473295804106
2,10,300,3220,3,0.09328919141041561,0.9328919141041561
2,10,300,3221,3,0.08676088356071716,0.8676088356071716
2,10,300,3222,3,0.09169253258080758,0.9169253258080758
2,10,300,3223,3,0.09367183695527612,0.9367183695527611
2,10,300,3224,3,0.10017790635445954,1.0017790635445953
2,10,300,3225,3,0.09670453626085357,0.9670453626085357
2,10,300,3226,3,0.09526462467512223,0.9526462467512222
2,10,300,3227,3,0.10368308918958907,1.0368308918958908
2,10,300,3228,3,0.10117464942938405,1.0117464942938406
2,10,300,3229,3,0.10027277307773859,1.0027277307773859
2,10,300,3230,3,0.11036941534748132,1.1036941534748133
2,10,300,3231,3,0.09592095124741779,0.9592095124741779
2,10,300,3232,3,0.09040442207150526,0.9040442207150525
2,10,300,3233,3,0.09616332929935535,0.9616332929935535
2,10,300,3234,3,0.10422885144136285,1.0422885144136285
2,10,300,3235,3,0.11685229082060097,1.1685229082060098
2,10,300,3236,3,0.101242713264311,1.01242713264311
2,10,300,3237,3,0.10773265150590286,1.0773265150590285
2,10,300,3238,3,0.09880635616645761,0.9880635616645761
2,10,300,3239,3,0.09404023815919535,0.9404023815919534
2,10,300,3240,3,0.08624278896573984,0.8624278896573984
2,10,300,3241,3,0.09667084952209343,0.9667084952209343
2,10,300,3242,3,0.08872898432081613,0.8872898432081614
2,10,300,3243,3,0.08842031414873498,0.8842031414873498
2,10,300,3244,3,0.10477992241733233,1.0477992241733234
2,10,300,3245,3,0.10602608393345792,1.0602608393345792
2,10,300,3246,3,0.10020811849249242,1.0020811849249243
2,10,300,3247,3,0.09459135648462749,0.945913564846275
2,10,300,3248,3,0.1004788558394783,1.004788558394783
2,10,300,3249,3,0.10292624910179925,1.0292624910179924
2,10,300,3250,3,0.08150003036545046,0.8150003036545047
2,10,300,3251,3,0.10449037222468975,1.0449037222468975
2,10,300,3252,3,0.09797442755137512,0.9797442755137511
2,10,300,3253,3,0.08964484206144253,0.8964484206144253
2,10,300,3254,3,0.09299010428839573,0.9299010428839573
2,10,300,3255,3,0.108200128336222,1.0820012833622201
2,10,300,3256,3,0.0873095404790003,0.873095404790003
2,10,300,3257,3,0.09351435191137787,0.9351435191137788
2,10,300,3258,3,0.08904288762965823,0.8904288762965823
2,10,300,3259,3,0.10899416191037282,1.0899416191037283
2,10,300,3260,3,0.10174094791668532,1.0174094791668533
2,10,300,3261,3,0.09912740207950718,0.9912740207950718
2,10,300,3262,3,0.08328109699555877,0.8328109699555878
2,10,300,3263,3,0.11168303398232238,1.1168303398232238
2,10,300,3264,3,0.09334628260664911,0.933462826066491
2,10,300,3265,3,0.09901471875917223,0.9901471875917223
2,10,300,3266,3,0.09240909897992478,0.9240909897992478
2,10,300,3267,3,0.10268790250651635,1.0268790250651636
2,10,300,3268,3,0.0916921677675551,0.916921677675551
2,10,300,3269,3,0.09295821961886787,0.9295821961886788
2,10,300,3270,3,0.09154207637661915,0.9154207637661915
2,10,300,3271,3,0.09837960121695685,0.9837960121695685
2,10,300,3272,3,0.10010067800152082,1.0010067800152083
2,10,300,3273,3,0.08946616481430716,0.8946616481430716
2,10,300,3274,3,0.08404322264490932,0.8404322264490932
2,10,300,3275,3,0.10438245305712068,1.0438245305712068
2,10,300,3276,3,0.11750559464309615,1.1750559464309616
2,10,300,3277,3,0.0869135824278159,0.8691358242781589
2,10,300,3278,3,0.11316020843883094,1.1316020843883094
2,10,300,3279,3,0.09743755554888309,0.9743755554888308
2,10,300,3280,3,0.10538591160141084,1.0538591160141084
2,10,300,3281,3,0.10560940865797785,1.0560940865797785
2,10,300,3282,3,0.10415060017037782,1.041506001703778
2,10,300,3283,3,0.09265555434134179,0.9265555434134178
2,10,300,3284,3,0.10108934234962055,1.0108934234962055
2,10,300,3285,3,0.1120590433007654,1.120590433007654
2,10,300,3286,3,0.11220968021537087,1.1220968021537088
2,10,300,3287,3,0.09770075548919892,0.9770075548919892
2,10,300,3288,3,0.10341277407328203,1.0341277407328202
2,10,300,3289,3,0.09727476098831764,0.9727476098831764
2,10,300,3290,3,0.09949407406801954,0.9949407406801954
2,10,300,3291,3,0.1040106887774637,1.040106887774637
2,10,300,3292,3,0.07812297938763338,0.7812297938763337
2,10,300,3293,3,0.10855868399460537,1.0855868399460538
2,10,300,3294,3,0.10161480002604087,1.0161480002604086
2,10,300,3295,3,0.08548068056359831,0.8548068056359831
2,10,300,3296,3,0.09489341347398304,0.9489341347398305
2,10,300,3297,3,0.10409084953437987,1.0409084953437988
2,10,300,3298,3,0.1093832554852737,1.0938325548527368
2,10,300,3299,3,0.0901155233299758,0.901155233299758
2,10,300,3300,3,0.09276762095361119,0.9276762095361119
2,10,300,3301,3,0.09836543051193539,0.9836543051193538
2,10,300,3302,3,0.10241340999653956,1.0241340999653956
2,10,300,3303,3,0.09988031389189586,0.9988031389189587
2,10,300,3304,3,0.09419080905641342,0.9419080905641342
2,10,300,3305,3,0.11380025178857203,1.1380025178857203
2,10,300,3306,3,0.09964536037021522,0.9964536037021522
2,10,300,3307,3,0.09409054311869602,0.9409054311869602
2,10,300,3308,3,0.09610166067193235,0.9610166067193234
2,10,300,3309,3,0.0967302062462841,0.967302062462841
2,10,300,3310,3,0.10139480571219012,1.0139480571219013
2,10,300,3311,3,0.09800081969663638,0.9800081969663638
2,10,300,3312,3,0.10281890467266619,1.028189046726662
2,10,300,3313,3,0.09667803997533489,0.9667803997533488
2,10,300,3314,3,0.0929954062134747,0.9299540621347471
2,10,300,3315,3,0.11213258586488678,1.1213258586488677
2,10,300,3316,3,0.09705151367864351,0.9705151367864351
2,10,300,3317,3,0.1060428467873735,1.060428467873735
2,10,300,3318,3,0.09269994192614225,0.9269994192614225
2,10,300,3319,3,0.09746370226648864,0.9746370226648864
2,10,300,3320,3,0.08695595639121828,0.8695595639121828
2,10,300,3321,3,0.10481220793331864,1.0481220793331862
2,10,300,3322,3,0.09995762637325212,0.9995762637325212
2,10,300,3323,3,0.10590303665075287,1.0590303665075287
2,10,300,3324,3,0.1012223978419278,1.012223978419278
2,10,300,3325,3,0.10191571527411533,1.0191571527411534
2,10,300,3326,3,0.09558585027652176,0.9558585027652176
2,10,300,3327,3,0.09971167066493361,0.9971167066493362
2,10,300,3328,3,0.09478882115325603,0.9478882115325603
2,10,300,3329,3,0.10724407741121833,1.0724407741121833
2,10,300,3330,3,0.10523019579301464,1.0523019579301465
2,10,300,3331,3,0.09458688804209522,0.9458688804209523
2,10,300,3332,3,0.09940836836946171,0.9940836836946171
2,10,300,3333,3,0.11246010438896589,1.124601043889659
2,10,300,3334,3,0.08671571486528501,0.8671571486528501
2,10,300,3335,3,0.09244833684471399,0.9244833684471399
2,10,300,3336,3,0.0945006904086929,0.945006904086929
2,10,300,3337,3,0.1007407764634272,1.007407764634272
2,10,300,3338,3,0.0902116506061681,0.902116506061681
2,10,300,3339,3,0.10762252288842823,1.0762252288842824
2,10,300,3340,3,0.08501233356880805,0.8501233356880805
2,10,300,3341,3,0.10137548872998373,1.0137548872998372
2,10,300,3342,3,0.08964292463547474,0.8964292463547474
2,10,300,3343,3,0.09134929914097434,0.9134929914097434
2,10,300,3344,3,0.09666785626172117,0.9666785626172116
2,10,300,3345,3,0.11442072714244325,1.1442072714244325
2,10,300,3346,3,0.10077962712784669,1.007796271278467
2,10,300,3347,3,0.10501227135528758,1.050122713552876
2,10,300,3348,3,0.09245806856631997,0.9245806856631997
2,10,300,3349,3,0.09026773634102492,0.9026773634102493
2,10,300,3350,3,0.08802385011052259,0.8802385011052258
2,10,300,3351,3,0.09099845195161366,0.9099845195161366
2,10,300,3352,3,0.10159060737483963,1.0159060737483963
2,10,300,3353,3,0.10192981347763228,1.0192981347763228
2,10,300,3354,3,0.09333572514510834,0.9333572514510834
2,10,300,3355,3,0.09400408043367386,0.9400408043367386
2,10,300,3356,3,0.11727927727995024,1.1727927727995024
2,10,300,3357,3,0.10838176022604165,1.0838176022604165
2,10,300,3358,3,0.10266236323588701,1.0266236323588702
2,10,300,3359,3,0.09538276544004487,0.9538276544004487
2,10,300,3360,3,0.10121674179087946,1.0121674179087945
2,10,300,3361,3,0.09224053781842118,0.9224053781842118
2,10,300,3362,3,0.08859101770542757,0.8859101770542758
2,10,300,3363,3,0.0914283497785491,0.914283497785491
2,10,300,3364,3,0.10386322503529792,1.0386322503529792
2,10,300,3365,3,0.10156844334385101,1.01568443343851
2,10,300,3366,3,0.0923207930405211,0.923207930405211
2,10,300,3367,3,0.09703572500867672,0.9703572500867672
2,10,300,3368,3,0.09403841991403751,0.9403841991403751
2,10,300,3369,3,0.08739105009497894,0.8739105009497894
2,10,300,3370,3,0.09628995191181319,0.9628995191181319
2,10,300,3371,3,0.10746647988594231,1.0746647988594231
2,10,300,3372,3,0.08900958983422033,0.8900958983422033
2,10,300,3373,3,0.08538720724043627,0.8538720724043627
2,10,300,3374,3,0.08881749070716569,0.8881749070716568
2,10,300,3375,3,0.09861203989119213,0.9861203989119214
2,10,300,3376,3,0.09439579206444745,0.9439579206444745
2,10,300,3377,3,0.08163559602828374,0.8163559602828374
2,10,300,3378,3,0.10384286546813673,1.0384286546813672
2,10,300,3379,3,0.11821418796088465,1.1821418796088465
2,10,300,3380,3,0.0880222663961345,0.880222663961345
2,10,300,3381,3,0.11674875129957854,1.1674875129957853
2,10,300,3382,3,0.11509246363479134,1.1509246363479133
2,10,300,3383,3,0.09447037759860319,0.9447037759860318
2,10,300,3384,3,0.11612305260241965,1.1612305260241966
2,10,300,3385,3,0.09746071334212172,0.9746071334212173
2,10,300,3386,3,0.0868325667165782,0.8683256671657821
2,10,300,3387,3,0.09019429424820505,0.9019429424820504
2,10,300,3388,3,0.09042045236312005,0.9042045236312005
2,10,300,3389,3,0.10227369776662813,1.0227369776662814
2,10,300,3390,3,0.09684611333701965,0.9684611333701965
2,10,300,3391,3,0.08694457372849758,0.8694457372849758
2,10,300,3392,3,0.08224100620567559,0.8224100620567559
2,10,300,3393,3,0.10985430430750623,1.0985430430750622
2,10,300,3394,3,0.1269032711527695,1.2690327115276951
2,10,300,3395,3,0.10462434032145304,1.0462434032145305
2,10,300,3396,3,0.09207535918387585,0.9207535918387586
2,10,300,3397,3,0.09392558758138954,0.9392558758138954
2,10,300,3398,3,0.09181468699284605,0.9181468699284605
2,10,300,3399,3,0.09417955055382063,0.9417955055382062
2,10,300,3400,3,0.10917430173677264,1.0917430173677265
2,10,300,3401,3,0.09735141662323385,0.9735141662323384
2,10,300,3402,3,0.08808689470879941,0.880868947087994
2,10,300,3403,3,0.07891227296092543,0.7891227296092542
2,10,300,3404,3,0.09517590934411109,0.951759093441111
2,10,300,3405,3,0.09923596678357421,0.9923596678357421
2,10,300,3406,3,0.10703575553979239,1.0703575553979239
2,10,300,3407,3,0.10645047794467363,1.0645047794467364
2,10,300,3408,3,0.08957767011731851,0.8957767011731851
2,10,300,3409,3,0.09063517048913006,0.9063517048913006
2,10,300,3410,3,0.08652130392202642,0.8652130392202643
2,10,300,3411,3,0.09189285475189246,0.9189285475189247
2,10,300,3412,3,0.09260891951818082,0.9260891951818081
2,10,300,3413,3,0.09981052369354501,0.9981052369354501
2,10,300,3414,3,0.09277562296774912,0.9277562296774913
2,10,300,3415,3,0.10545388281491758,1.0545388281491759
2,10,300,3416,3,0.09660830553781162,0.9660830553781161
2,10,300,3417,3,0.1065840714701842,1.065840714701842
2,10,300,3418,3,0.11144802074867964,1.1144802074867963
2,10,300,3419,3,0.09679297007900062,0.9679297007900062
2,10,300,3420,3,0.10978058936414559,1.0978058936414559
2,10,300,3421,3,0.07889288202086892,0.7889288202086892
2,10,300,3422,3,0.08275811286784253,0.8275811286784253
2,10,300,3423,3,0.10809415822429852,1.0809415822429853
2,10,300,3424,3,0.10461686974236405,1.0461686974236406
2,10,300,3425,3,0.09119118971848543,0.9119118971848543
2,10,300,3426,3,0.084907164766091,0.84907164766091
2,10,300,3427,3,0.09865474013136195,0.9865474013136196
2,10,300,3428,3,0.0907887462136782,0.9078874621367821
2,10,300,3429,3,0.09525546587960998,0.9525546587960998
2,10,300,3430,3,0.1189360718380875,1.189360718380875
2,10,300,3431,3,0.09473164938681372,0.9473164938681372
2,10,300,3432,3,0.09189106061206231,0.9189106061206231
2,10,300,3433,3,0.09500465182962851,0.9500465182962851
2,10,300,3434,3,0.10510540888222884,1.0510540888222883
2,10,300,3435,3,0.10275730297698465,1.0275730297698464
2,10,300,3436,3,0.10467883954143638,1.0467883954143637
2,10,300,3437,3,0.10146281226816672,1.0146281226816671
2,10,300,3438,3,0.09484588972402559,0.9484588972402559
2,10,300,3439,3,0.09472095268170824,0.9472095268170825
2,10,300,3440,3,0.1015849266099346,1.015849266099346
2,10,300,3441,3,0.105345353301326,1.05345353301326
2,10,300,3442,3,0.10191971106016494,1.0191971106016493
2,10,300,3443,3,0.1058162417212237,1.058162417212237
2,10,300,3444,3,0.09417667773062427,0.9417667773062427
2,10,300,3445,3,0.1084138313694209,1.0841383136942089
2,10,300,3446,3,0.10664859691645724,1.0664859691645723
2,10,300,3447,3,0.10290671688529163,1.0290671688529163
2,10,300,3448,3,0.09804677735866221,0.9804677735866221
2,10,300,3449,3,0.09277266186679012,0.9277266186679012
2,10,300,3450,3,0.09237069944241869,0.9237069944241868
2,10,300,3451,3,0.08942714421233153,0.8942714421233153
2,10,300,3452,3,0.10054563289887286,1.0054563289887286
2,10,300,3453,3,0.11037670553615665,1.1037670553615664
2,10,300,3454,3,0.09959624251227286,0.9959624251227286
2,10,300,3455,3,0.11493682214317094,1.1493682214317096
2,10,300,3456,3,0.0959328381482738,0.959328381482738
2,10,300,3457,3,0.09259226250795088,0.9259226250795088
2,10,300,3458,3,0.0962077054990974,0.9620770549909741
2,10,300,3459,3,0.09278158205324923,0.9278158205324922
2,10,300,3460,3,0.1002013653320317,1.002013653320317
2,10,300,3461,3,0.09422052744121638,0.9422052744121638
2,10,300,3462,3,0.0933416798209835,0.933416798209835
2,10,300,3463,3,0.10208088982586538,1.0208088982586538
2,10,300,3464,3,0.11199724359421384,1.1199724359421384
2,10,300,3465,3,0.0985793002492584,0.985793002492584
2,10,300,3466,3,0.09855889247975229,0.9855889247975228
2,10,300,3467,3,0.08591706388474409,0.8591706388474409
2,10,300,3468,3,0.09806872011161921,0.9806872011161921
2,10,300,3469,3,0.09692319858495727,0.9692319858495727
2,10,300,3470,3,0.09101003992732855,0.9101003992732856
2,10,300,3471,3,0.10021382010083194,1.0021382010083193
2,10,300,3472,3,0.09527645307282978,0.9527645307282978
2,10,300,3473,3,0.08677266122698228,0.8677266122698228
2,10,300,3474,3,0.1087640796145114,1.087640796145114
2,10,300,3475,3,0.09984382082571099,0.9984382082571098
2,10,300,3476,3,0.09694599201972821,0.9694599201972821
2,10,300,3477,3,0.09461018569269608,0.9461018569269608
2,10,300,3478,3,0.10194022993228133,1.0194022993228133
2,10,300,3479,3,0.11109918224164765,1.1109918224164765
2,10,300,3480,3,0.093778981243845,0.9377898124384499
2,10,300,3481,3,0.11327400298515858,1.1327400298515857
2,10,300,3482,3,0.09189370993494661,0.918937099349466
2,10,300,3483,3,0.1031061155792986,1.0310611557929859
2,10,300,3484,3,0.08412065990039573,0.8412065990039573
2,10,300,3485,3,0.10804787957365958,1.0804787957365958
2,10,300,3486,3,0.10399848482829366,1.0399848482829366
2,10,300,3487,3,0.09174425524996038,0.9174425524996038
2,10,300,3488,3,0.10601320293541369,1.060132029354137
2,10,300,3489,3,0.09590999313336693,0.9590999313336693
2,10,300,3490,3,0.09633379546452067,0.9633379546452067
2,10,300,3491,3,0.11463989510170855,1.1463989510170856
2,10,300,3492,3,0.09078783090126959,0.907878309012696
2,10,300,3493,3,0.10068173397245345,1.0068173397245344
2,10,300,3494,3,0.09405435986333177,0.9405435986333177
2,10,300,3495,3,0.09629440712636222,0.9629440712636222
2,10,300,3496,3,0.10143227363573196,1.0143227363573195
2,10,300,3497,3,0.10253790317502928,1.0253790317502929
2,10,300,3498,3,0.08750049923795479,0.8750049923795479
2,10,300,3499,3,0.10741783454731502,1.0741783454731502
2,10,300,3500,3,0.10090423393642439,1.0090423393642438
2,10,300,3501,3,0.10722646862171337,1.0722646862171337
2,10,300,3502,3,0.09253310011533164,0.9253310011533163
2,10,300,3503,3,0.09478287240958945,0.9478287240958945
2,10,300,3504,3,0.0974565152605639,0.9745651526056389
2,10,300,3505,3,0.10062019022826614,1.0062019022826614
2,10,300,3506,3,0.10620985736124763,1.0620985736124764
2,10,300,3507,3,0.08825040652011479,0.8825040652011479
2,10,300,3508,3,0.09236285721119938,0.9236285721119939
2,10,300,3509,3,0.10871580044116969,1.0871580044116969
2,10,300,3510,3,0.08919280627090122,0.8919280627090121
2,10,300,3511,3,0.09784578836966347,0.9784578836966347
2,10,300,3512,3,0.11053682787858521,1.105368278785852
2,10,300,3513,3,0.08684420000096099,0.8684420000096099
2,10,300,3514,3,0.09534193468623825,0.9534193468623825
2,10,300,3515,3,0.09840537460621004,0.9840537460621004
2,10,300,3516,3,0.08923204402321307,0.8923204402321308
2,10,300,3517,3,0.10762668342301954,1.0762668342301955
2,10,300,3518,3,0.10292470616230925,1.0292470616230927
2,10,300,3519,3,0.08786351097056183,0.8786351097056183
2,10,300,3520,3,0.0963367149942578,0.963367149942578
2,10,300,3521,3,0.08766014941948023,0.8766014941948023
2,10,300,3522,3,0.08795353398972242,0.8795353398972241
2,10,300,3523,3,0.12766955177869388,1.2766955177869386
2,10,300,3524,3,0.08930960643072677,0.8930960643072677
2,10,300,3525,3,0.09024848812787217,0.9024848812787217
2,10,300,3526,3,0.09598898498638958,0.9598898498638958
2,10,300,3527,3,0.10610585479318801,1.0610585479318801
2,10,300,3528,3,0.09643361570568126,0.9643361570568126
2,10,300,3529,3,0.0962944713702467,0.9629447137024669
2,10,300,3530,3,0.09733288250608385,0.9733288250608385
2,10,300,3531,3,0.09140882628829425,0.9140882628829424
2,10,300,3532,3,0.09687817390101358,0.9687817390101359
2,10,300,3533,3,0.10228040518364914,1.0228040518364914
2,10,300,3534,3,0.10942083981975476,1.0942083981975477
2,10,300,3535,3,0.0909680300115441,0.9096803001154411
2,10,300,3536,3,0.07853022085064482,0.7853022085064482
2,10,300,3537,3,0.10752828213942921,1.0752828213942922
2,10,300,3538,3,0.1002667306726717,1.002667306726717
2,10,300,3539,3,0.09225081119978201,0.9225081119978201
2,10,300,3540,3,0.1165896761198688,1.165896761198688
2,10,300,3541,3,0.09800265019288405,0.9800265019288406
2,10,300,3542,3,0.11153398520948474,1.1153398520948474
2,10,300,3543,3,0.10052374879720208,1.0052374879720207
2,10,300,3544,3,0.09292591965061614,0.9292591965061614
2,10,300,3545,3,0.08999941857008775,0.8999941857008775
2,10,300,3546,3,0.09569877325651759,0.9569877325651759
2,10,300,3547,3,0.0999945462361721,0.999945462361721
2,10,300,3548,3,0.09873282524716614,0.9873282524716614
2,10,300,3549,3,0.09544556124289329,0.954455612428933
2,10,300,3550,3,0.1070908994969525,1.070908994969525
2,10,300,3551,3,0.10733113579455583,1.0733113579455584
2,10,300,3552,3,0.09340876443233054,0.9340876443233054
2,10,300,3553,3,0.0924094612029289,0.924094612029289
2,10,300,3554,3,0.0935461794318206,0.935461794318206
2,10,300,3555,3,0.10962982525482219,1.0962982525482219
2,10,300,3556,3,0.07730948745252383,0.7730948745252384
2,10,300,3557,3,0.08716083828207305,0.8716083828207305
2,10,300,3558,3,0.10590664069197903,1.0590664069197904
2,10,300,3559,3,0.09294664297883079,0.9294664297883078
2,10,300,3560,3,0.08684675697538838,0.8684675697538838
2,10,300,3561,3,0.09801844312558709,0.980184431255871
2,10,300,3562,3,0.09752817853845669,0.9752817853845669
2,10,300,3563,3,0.09668772207876736,0.9668772207876736
2,10,300,3564,3,0.09517084795025899,0.9517084795025899
2,10,300,3565,3,0.0909006137175733,0.909006137175733
2,10,300,3566,3,0.1096931601219604,1.096931601219604
2,10,300,3567,3,0.09860041583856642,0.9860041583856642
2,10,300,3568,3,0.09546104177370479,0.9546104177370479
2,10,300,3569,3,0.10696514151376037,1.0696514151376035
2,10,300,3570,3,0.09483060675946803,0.9483060675946803
2,10,300,3571,3,0.10152772776880464,1.0152772776880465
2,10,300,3572,3,0.10027058145529932,1.0027058145529932
2,10,300,3573,3,0.09941921284434588,0.9941921284434587
2,10,300,3574,3,0.10346060583705943,1.0346060583705943
2,10,300,3575,3,0.08667436606931056,0.8667436606931056
2,10,300,3576,3,0.09809924721041251,0.9809924721041251
2,10,300,3577,3,0.10659271790381455,1.0659271790381455
2,10,300,3578,3,0.1218264762432413,1.218264762432413
2,10,300,3579,3,0.09878111978120514,0.9878111978120514
2,10,300,3580,3,0.0872659557494345,0.872659557494345
2,10,300,3581,3,0.09191837095703295,0.9191837095703296
2,10,300,3582,3,0.09789396648618418,0.9789396648618418
2,10,300,3583,3,0.09466164183110869,0.9466164183110869
2,10,300,3584,3,0.10115446064367287,1.0115446064367286
2,10,300,3585,3,0.08846072670195398,0.8846072670195398
2,10,300,3586,3,0.095819728173995,0.9581972817399501
2,10,300,3587,3,0.09732385868071405,0.9732385868071405
2,10,300,3588,3,0.09549381919328326,0.9549381919328326
2,10,300,3589,3,0.09192050317875056,0.9192050317875056
2,10,300,3590,3,0.11087450814706015,1.1087450814706015
2,10,300,3591,3,0.08305081225891939,0.8305081225891939
2,10,300,3592,3,0.12245973039713404,1.2245973039713403
2,10,300,3593,3,0.1068754968611245,1.068754968611245
2,10,300,3594,3,0.11033661841499662,1.1033661841499662
2,10,300,3595,3,0.09610463888688911,0.961046388868891
2,10,300,3596,3,0.10973525627787492,1.0973525627787493
2,10,300,3597,3,0.09272615572952836,0.9272615572952836
2,10,300,3598,3,0.08783056513069229,0.8783056513069228
2,10,300,3599,3,0.0987476600552486,0.9874766005524859
2,10,300,3600,3,0.10436466511112003,1.0436466511112004
2,10,300,3601,3,0.10930599171019928,1.0930599171019928
2,10,300,3602,3,0.09080525848073026,0.9080525848073027
2,10,300,3603,3,0.08953921305747908,0.8953921305747908
2,10,300,3604,3,0.08550284506690192,0.8550284506690192
2,10,300,3605,3,0.11287025844715959,1.1287025844715959
2,10,300,3606,3,0.0962851793477977,0.9628517934779771
2,10,300,3607,3,0.10398797606573781,1.0398797606573782
2,10,300,3608,3,0.0963746756555347,0.963746756555347
2,10,300,3609,3,0.08542673106393277,0.8542673106393277
2,10,300,3610,3,0.1072485419878256,1.072485419878256
2,10,300,3611,3,0.08938898712711593,0.8938898712711594
2,10,300,3612,3,0.1007306452075994,1.007306452075994
2,10,300,3613,3,0.10534417874238305,1.0534417874238307
2,10,300,3614,3,0.09565177681748059,0.9565177681748058
2,10,300,3615,3,0.1014075117780433,1.014075117780433
2,10,300,3616,3,0.09502537626620161,0.9502537626620161
2,10,300,3617,3,0.094732401824053,0.9473240182405299
2,10,300,3618,3,0.09275181436635527,0.9275181436635527
2,10,300,3619,3,0.09302187528543483,0.9302187528543483
2,10,300,3620,3,0.0905758612736452,0.905758612736452
2,10,300,3621,3,0.09721730235956375,0.9721730235956374
2,10,300,3622,3,0.09414240396135527,0.9414240396135527
2,10,300,3623,3,0.0969408302364054,0.969408302364054
2,10,300,3624,3,0.1037414269676698,1.037414269676698
2,10,300,3625,3,0.09931226470490359,0.993122647049036
2,10,300,3626,3,0.08138033201033978,0.8138033201033978
2,10,300,3627,3,0.10520930881454421,1.052093088145442
2,10,300,3628,3,0.1210293404477017,1.210293404477017
2,10,300,3629,3,0.09608773805240106,0.9608773805240106
2,10,300,3630,3,0.10008663053706923,1.0008663053706923
2,10,300,3631,3,0.10768175797157438,1.0768175797157438
2,10,300,3632,3,0.0968424271805889,0.968424271805889
2,10,300,3633,3,0.09852609010938124,0.9852609010938124
2,10,300,3634,3,0.11186436371918003,1.1186436371918005
2,10,300,3635,3,0.10536864539448271,1.053686453944827
2,10,300,3636,3,0.08987534323147983,0.8987534323147983
2,10,300,3637,3,0.11000735404935978,1.1000735404935977
2,10,300,3638,3,0.099228505758783,0.99228505758783
2,10,300,3639,3,0.07853925788341806,0.7853925788341806
2,10,300,3640,3,0.10334074117871077,1.0334074117871077
2,10,300,3641,3,0.1104884770651805,1.104884770651805
2,10,300,3642,3,0.09643255545157528,0.9643255545157529
2,10,300,3643,3,0.10726675952412254,1.0726675952412252
2,10,300,3644,3,0.10333905818954393,1.0333905818954394
2,10,300,3645,3,0.11003305457161211,1.1003305457161212
2,10,300,3646,3,0.09941222112771939,0.9941222112771939
2,10,300,3647,3,0.08809863151095244,0.8809863151095244
2,10,300,3648,3,0.09753527412105015,0.9753527412105015
2,10,300,3649,3,0.10278923723964109,1.0278923723964108
2,10,300,3650,3,0.09770277635484652,0.9770277635484652
2,10,300,3651,3,0.07850343594722763,0.7850343594722762
2,10,300,3652,3,0.09103455733080848,0.9103455733080849
2,10,300,3653,3,0.095767315936066,0.9576731593606599
2,10,300,3654,3,0.09597811928828752,0.9597811928828752
2,10,300,3655,3,0.10304889251413468,1.030488925141347
2,10,300,3656,3,0.10225886280630235,1.0225886280630234
2,10,300,3657,3,0.08709428312663635,0.8709428312663635
2,10,300,3658,3,0.09563316706224054,0.9563316706224054
2,10,300,3659,3,0.09467802648610318,0.9467802648610318
2,10,300,3660,3,0.09578256862098727,0.9578256862098727
2,10,300,3661,3,0.09667790589240996,0.9667790589240997
2,10,300,3662,3,0.09288866655930889,0.9288866655930889
2,10,300,3663,3,0.09546281156534756,0.9546281156534756
2,10,300,3664,3,0.10231358206969729,1.023135820696973
2,10,300,3665,3,0.10880531725381762,1.0880531725381763
2,10,300,3666,3,0.11031372926016621,1.103137292601662
2,10,300,3667,3,0.10744039465144556,1.0744039465144555
2,10,300,3668,3,0.0996006661919677,0.996006661919677
2,10,300,3669,3,0.09480600475217882,0.9480600475217881
2,10,300,3670,3,0.09998626640096223,0.9998626640096223
2,10,300,3671,3,0.08829282037202776,0.8829282037202777
2,10,300,3672,3,0.10220930552710317,1.0220930552710317
2,10,300,3673,3,0.09887175239436805,0.9887175239436805
2,10,300,3674,3,0.11014845942399862,1.101484594239986
2,10,300,3675,3,0.11053620204046678,1.105362020404668
2,10,300,3676,3,0.09757803682568822,0.9757803682568823
2,10,300,3677,3,0.09849682533490556,0.9849682533490556
2,10,300,3678,3,0.09818179404968316,0.9818179404968317
2,10,300,3679,3,0.0857373089373367,0.857373089373367
2,10,300,3680,3,0.09679528243175704,0.9679528243175705
2,10,300,3681,3,0.11726484327000941,1.1726484327000941
2,10,300,3682,3,0.10975628096697805,1.0975628096697805
2,10,300,3683,3,0.10839319374511582,1.0839319374511582
2,10,300,3684,3,0.09530254373972051,0.9530254373972051
2,10,300,3685,3,0.09514496981751279,0.9514496981751279
2,10,300,3686,3,0.10389911797864448,1.0389911797864448
2,10,300,3687,3,0.10823667184716002,1.0823667184716002
2,10,300,3688,3,0.09258084242931272,0.9258084242931272
2,10,300,3689,3,0.12365807337998383,1.2365807337998382
2,10,300,3690,3,0.09092847033725049,0.9092847033725049
2,10,300,3691,3,0.09052054993429579,0.9052054993429579
2,10,300,3692,3,0.10840982675888047,1.0840982675888047
2,10,300,3693,3,0.10160982486366874,1.0160982486366874
2,10,300,3694,3,0.09341858063327857,0.9341858063327858
2,10,300,3695,3,0.10296105942978213,1.0296105942978213
2,10,300,3696,3,0.10773059688863759,1.0773059688863758
2,10,300,3697,3,0.09875676292702004,0.9875676292702005
2,10,300,3698,3,0.1007741205447451,1.007741205447451
2,10,300,3699,3,0.08451408303448721,0.8451408303448721
2,10,300,3700,3,0.09219176705556412,0.9219176705556412
2,10,300,3701,3,0.09240296124570617,0.9240296124570617
2,10,300,3702,3,0.10659772151500894,1.0659772151500895
2,10,300,3703,3,0.10870779248795029,1.0870779248795028
2,10,300,3704,3,0.11445347639262538,1.1445347639262538
2,10,300,3705,3,0.08971702242431423,0.8971702242431423
2,10,300,3706,3,0.09082533058650406,0.9082533058650406
2,10,300,3707,3,0.09649801094670263,0.9649801094670263
2,10,300,3708,3,0.09544260636668489,0.9544260636668489
2,10,300,3709,3,0.09564716815702237,0.9564716815702237
2,10,300,3710,3,0.10179365394583809,1.0179365394583808
2,10,300,3711,3,0.11405496840201881,1.1405496840201883
2,10,300,3712,3,0.09565384940515993,0.9565384940515993
2,10,300,3713,3,0.09577216165683652,0.9577216165683653
2,10,300,3714,3,0.11180943126665925,1.1180943126665925
2,10,300,3715,3,0.09607903629779663,0.9607903629779663
2,10,300,3716,3,0.0815286512996514,0.8152865129965139
2,10,300,3717,3,0.09503932371215684,0.9503932371215684
2,10,300,3718,3,0.0941347097081395,0.9413470970813951
2,10,300,3719,3,0.09178036642807189,0.9178036642807188
2,10,300,3720,3,0.09974967044554214,0.9974967044554215
2,10,300,3721,3,0.09720770380526636,0.9720770380526637
2,10,300,3722,3,0.09459391407708123,0.9459391407708123
2,10,300,3723,3,0.0953625804316506,0.953625804316506
2,10,300,3724,3,0.09440433317418989,0.9440433317418989
2,10,300,3725,3,0.09290529669565173,0.9290529669565173
2,10,300,3726,3,0.0976327277673228,0.976327277673228
2,10,300,3727,3,0.10305913363119341,1.0305913363119341
2,10,300,3728,3,0.0831721021123861,0.831721021123861
2,10,300,3729,3,0.09166994444084359,0.9166994444084359
2,10,300,3730,3,0.10303018382260627,1.0303018382260627
2,10,300,3731,3,0.09213824519545617,0.9213824519545617
2,10,300,3732,3,0.10729850943127334,1.0729850943127335
2,10,300,3733,3,0.1057381484622499,1.057381484622499
2,10,300,3734,3,0.09972568759563832,0.9972568759563832
2,10,300,3735,3,0.08692830818547617,0.8692830818547618
2,10,300,3736,3,0.09094195522611934,0.9094195522611933
2,10,300,3737,3,0.0880236673056293,0.880236673056293
2,10,300,3738,3,0.099704803377112,0.9970480337711201
2,10,300,3739,3,0.09085543609108741,0.908554360910874
2,10,300,3740,3,0.09879356011240059,0.9879356011240059
2,10,300,3741,3,0.09524438758917475,0.9524438758917475
2,10,300,3742,3,0.09651476988479893,0.9651476988479892
2,10,300,3743,3,0.10900463516502276,1.0900463516502275
2,10,300,3744,3,0.10771277721721155,1.0771277721721155
2,10,300,3745,3,0.1059200627184632,1.0592006271846321
2,10,300,3746,3,0.10619065707262146,1.0619065707262145
2,10,300,3747,3,0.10144551749823377,1.0144551749823376
2,10,300,3748,3,0.09598916128116679,0.9598916128116678
2,10,300,3749,3,0.10126236033195056,1.0126236033195055
2,10,300,3750,3,0.09159863994135323,0.9159863994135322
2,10,300,3751,3,0.09808687104729534,0.9808687104729533
2,10,300,3752,3,0.08729766710327329,0.8729766710327329
2,10,300,3753,3,0.10365661340367624,1.0365661340367625
2,10,300,3754,3,0.10578521593198824,1.0578521593198824
2,10,300,3755,3,0.09216457590006802,0.9216457590006802
2,10,300,3756,3,0.09534741971386812,0.9534741971386812
2,10,300,3757,3,0.11700089541357606,1.1700089541357606
2,10,300,3758,3,0.10463067406051407,1.0463067406051407
2,10,300,3759,3,0.09963175696501388,0.9963175696501387
2,10,300,3760,3,0.09238231477322585,0.9238231477322585
2,10,300,3761,3,0.09326527166374762,0.9326527166374762
2,10,300,3762,3,0.09424592770641899,0.9424592770641899
2,10,300,3763,3,0.11114893600985513,1.1114893600985514
2,10,300,3764,3,0.09289408944686481,0.928940894468648
2,10,300,3765,3,0.09707274783951317,0.9707274783951316
2,10,300,3766,3,0.09895505208667377,0.9895505208667377
2,10,300,3767,3,0.09239308960849431,0.923930896084943
2,10,300,3768,3,0.11946938363772341,1.1946938363772341
2,10,300,3769,3,0.11468806585621653,1.1468806585621654
2,10,300,3770,3,0.09164951552454959,0.9164951552454959
2,10,300,3771,3,0.09328177385690409,0.9328177385690408
2,10,300,3772,3,0.08931298601937834,0.8931298601937834
2,10,300,3773,3,0.09495384058980974,0.9495384058980975
2,10,300,3774,3,0.09474369043223729,0.9474369043223729
2,10,300,3775,3,0.10535883234730307,1.0535883234730308
2,10,300,3776,3,0.0959994278216251,0.959994278216251
2,10,300,3777,3,0.10000688389806048,1.0000688389806047
2,10,300,3778,3,0.0954195699357697,0.954195699357697
2,10,300,3779,3,0.10274541062659165,1.0274541062659166
2,10,300,3780,3,0.10152346964967197,1.0152346964967198
2,10,300,3781,3,0.10062278773475689,1.0062278773475688
2,10,300,3782,3,0.08986535367408072,0.8986535367408072
2,10,300,3783,3,0.09811031358845926,0.9811031358845926
2,10,300,3784,3,0.09497999556945672,0.9497999556945672
2,10,300,3785,3,0.09713143221595127,0.9713143221595127
2,10,300,3786,3,0.09799147848281106,0.9799147848281107
2,10,300,3787,3,0.12058484759868113,1.2058484759868113
2,10,300,3788,3,0.10432843572729547,1.0432843572729547
2,10,300,3789,3,0.10676838720305266,1.0676838720305268
2,10,300,3790,3,0.10232222126851259,1.023222212685126
2,10,300,3791,3,0.10123011906712963,1.0123011906712962
2,10,300,3792,3,0.08734510136146034,0.8734510136146034
2,10,300,3793,3,0.11373787235369037,1.1373787235369037
2,10,300,3794,3,0.09466314359504492,0.9466314359504492
2,10,300,3795,3,0.11036252962742234,1.1036252962742235
2,10,300,3796,3,0.09258556700901732,0.9258556700901732
2,10,300,3797,3,0.1087292230873029,1.087292230873029
2,10,300,3798,3,0.08721698648947854,0.8721698648947853
2,10,300,3799,3,0.10589611474701158,1.0589611474701157
2,10,300,3800,3,0.09658188634979284,0.9658188634979283
2,10,300,3801,3,0.1059538762755168,1.059538762755168
2,10,300,3802,3,0.09224838906469578,0.9224838906469578
2,10,300,3803,3,0.0862029464793415,0.8620294647934149
2,10,300,3804,3,0.08746178793936132,0.8746178793936132
2,10,300,3805,3,0.09245070847836825,0.9245070847836825
2,10,300,3806,3,0.09110593717919613,0.9110593717919613
2,10,300,3807,3,0.09840544153304012,0.9840544153304013
2,10,300,3808,3,0.09455113584319524,0.9455113584319524
2,10,300,3809,3,0.10203637103266713,1.0203637103266714
2,10,300,3810,3,0.08996381562833426,0.8996381562833426
2,10,300,3811,3,0.10159289733800189,1.015928973380019
2,10,300,3812,3,0.10952494284915901,1.0952494284915901
2,10,300,3813,3,0.10072102958546511,1.0072102958546512
2,10,300,3814,3,0.10200785575929491,1.0200785575929492
2,10,300,3815,3,0.09545427138740775,0.9545427138740775
2,10,300,3816,3,0.10812281926366062,1.081228192636606
2,10,300,3817,3,0.10733241640632486,1.0733241640632485
2,10,300,3818,3,0.08640165083021786,0.8640165083021786
2,10,300,3819,3,0.10854128108271047,1.0854128108271046
2,10,300,3820,3,0.10897312314885016,1.0897312314885015
2,10,300,3821,3,0.07912440190177478,0.7912440190177478
2,10,300,3822,3,0.10526346077835821,1.0526346077835822
2,10,300,3823,3,0.09761596194384643,0.9761596194384643
2,10,300,3824,3,0.09922654729466493,0.9922654729466492
2,10,300,3825,3,0.09309202628421943,0.9309202628421943
2,10,300,3826,3,0.09941756655813871,0.9941756655813871
2,10,300,3827,3,0.10277181658187776,1.0277181658187775
2,10,300,3828,3,0.10642920963993158,1.0642920963993159
2,10,300,3829,3,0.0928697845885639,0.928697845885639
2,10,300,3830,3,0.09065922579754196,0.9065922579754196
2,10,300,3831,3,0.09660887853894964,0.9660887853894965
2,10,300,3832,3,0.09457939405653076,0.9457939405653076
2,10,300,3833,3,0.0917766675153151,0.917766675153151
2,10,300,3834,3,0.09093713093609285,0.9093713093609285
2,10,300,3835,3,0.0883628074159371,0.8836280741593711
2,10,300,3836,3,0.08807403720555396,0.8807403720555396
2,10,300,3837,3,0.08424744136439796,0.8424744136439796
2,10,300,3838,3,0.10669697232513063,1.0669697232513065
2,10,300,3839,3,0.11176443513471024,1.1176443513471024
2,10,300,3840,3,0.08459761362698186,0.8459761362698186
2,10,300,3841,3,0.09461361367497136,0.9461361367497135
2,10,300,3842,3,0.11128237639666055,1.1128237639666057
2,10,300,3843,3,0.09566428792821013,0.9566428792821013
2,10,300,3844,3,0.10366106499018074,1.0366106499018075
2,10,300,3845,3,0.09031867496711928,0.9031867496711927
2,10,300,3846,3,0.09539040031036947,0.9539040031036947
2,10,300,3847,3,0.09394659237830165,0.9394659237830165
2,10,300,3848,3,0.08322281554958039,0.8322281554958039
2,10,300,3849,3,0.08698832494337197,0.8698832494337196
2,10,300,3850,3,0.10485355587970903,1.0485355587970904
2,10,300,3851,3,0.08739344130542905,0.8739344130542904
2,10,300,3852,3,0.0944326702233325,0.9443267022333249
2,10,300,3853,3,0.09679137637420379,0.9679137637420379
2,10,300,3854,3,0.10586757575550922,1.0586757575550922
2,10,300,3855,3,0.09195995393731306,0.9195995393731305
2,10,300,3856,3,0.08780517975606839,0.8780517975606839
2,10,300,3857,3,0.09673381270884708,0.9673381270884708
2,10,300,3858,3,0.08877852505377734,0.8877852505377734
2,10,300,3859,3,0.08980026013063952,0.8980026013063952
2,10,300,3860,3,0.10079021598086393,1.0079021598086393
2,10,300,3861,3,0.09342979513388074,0.9342979513388073
2,10,300,3862,3,0.10089898178088902,1.00898981780889
2,10,300,3863,3,0.10168137323937293,1.0168137323937294
2,10,300,3864,3,0.10082738576669749,1.008273857666975
2,10,300,3865,3,0.08755397584029458,0.8755397584029457
2,10,300,3866,3,0.09080977360066425,0.9080977360066425
2,10,300,3867,3,0.08570518819553335,0.8570518819553335
2,10,300,3868,3,0.10606343718183639,1.060634371818364
2,10,300,3869,3,0.09173684878717535,0.9173684878717535
2,10,300,3870,3,0.10548558161022434,1.0548558161022434
2,10,300,3871,3,0.08360530657413456,0.8360530657413456
2,10,300,3872,3,0.1004088083264984,1.004088083264984
2,10,300,3873,3,0.08401099253653879,0.8401099253653879
2,10,300,3874,3,0.11234277943787829,1.123427794378783
2,10,300,3875,3,0.09908581177206169,0.9908581177206168
2,10,300,3876,3,0.11220380759478782,1.122038075947878
2,10,300,3877,3,0.1048867698374466,1.048867698374466
2,10,300,3878,3,0.08654132839551366,0.8654132839551366
2,10,300,3879,3,0.08983584129061703,0.8983584129061702
2,10,300,3880,3,0.09213274125013908,0.9213274125013908
2,10,300,3881,3,0.1094351602697715,1.094351602697715
2,10,300,3882,3,0.10272904074750369,1.0272904074750369
2,10,300,3883,3,0.10750136596713677,1.0750136596713677
2,10,300,3884,3,0.09143287420687705,0.9143287420687706
2,10,300,3885,3,0.10232186777515577,1.0232186777515577
2,10,300,3886,3,0.10481035325142844,1.0481035325142845
2,10,300,3887,3,0.10391605929934647,1.0391605929934646
2,10,300,3888,3,0.11890715722153622,1.1890715722153622
2,10,300,3889,3,0.09417664192333715,0.9417664192333715
2,10,300,3890,3,0.1119652924510978,1.1196529245109779
2,10,300,3891,3,0.08930994586747798,0.8930994586747798
2,10,300,3892,3,0.09269475509958934,0.9269475509958933
2,10,300,3893,3,0.0905218557550618,0.9052185575506181
2,10,300,3894,3,0.11354331086360761,1.135433108636076
2,10,300,3895,3,0.08996191725922834,0.8996191725922833
2,10,300,3896,3,0.09327022844235175,0.9327022844235174
2,10,300,3897,3,0.10949570965878462,1.0949570965878463
2,10,300,3898,3,0.11086001563578327,1.1086001563578327
2,10,300,3899,3,0.09415446749727588,0.9415446749727588
2,10,300,3900,3,0.10026511880984172,1.0026511880984172
2,10,300,3901,3,0.10638862549741955,1.0638862549741954
2,10,300,3902,3,0.08970934311630702,0.8970934311630702
2,10,300,3903,3,0.10749628292747479,1.074962829274748
2,10,300,3904,3,0.09887387411843582,0.9887387411843581
2,10,300,3905,3,0.09318220445593935,0.9318220445593934
2,10,300,3906,3,0.09596956785331642,0.9596956785331642
2,10,300,3907,3,0.10642788727444366,1.0642788727444366
2,10,300,3908,3,0.1032800595623182,1.032800595623182
2,10,300,3909,3,0.1092409373901305,1.092409373901305
2,10,300,3910,3,0.10174200740566824,1.0174200740566826
2,10,300,3911,3,0.10139519913391135,1.0139519913391135
2,10,300,3912,3,0.0980645694704403,0.980645694704403
2,10,300,3913,3,0.09321142318484488,0.9321142318484488
2,10,300,3914,3,0.09658321654922393,0.9658321654922393
2,10,300,3915,3,0.09130135885834281,0.9130135885834282
2,10,300,3916,3,0.10067127609671778,1.0067127609671778
2,10,300,3917,3,0.11209634855434214,1.1209634855434214
2,10,300,3918,3,0.10477504236864421,1.0477504236864421
2,10,300,3919,3,0.10288424460488621,1.028842446048862
2,10,300,3920,3,0.09269170426098752,0.9269170426098753
2,10,300,3921,3,0.09276226019536889,0.9276226019536888
2,10,300,3922,3,0.09403859379983631,0.9403859379983631
2,10,300,3923,3,0.10972645775018648,1.0972645775018648
2,10,300,3924,3,0.08392377782474142,0.8392377782474142
2,10,300,3925,3,0.09121205673805899,0.9121205673805899
2,10,300,3926,3,0.09183924869764631,0.9183924869764631
2,10,300,3927,3,0.09599263280625736,0.9599263280625736
2,10,300,3928,3,0.10194040353838113,1.0194040353838114
2,10,300,3929,3,0.1047411609649356,1.047411609649356
2,10,300,3930,3,0.09602369773316743,0.9602369773316742
2,10,300,3931,3,0.11673210031844665,1.1673210031844665
2,10,300,3932,3,0.09913265387847257,0.9913265387847258
2,10,300,3933,3,0.09439429552335427,0.9439429552335427
2,10,300,3934,3,0.08940027191113027,0.8940027191113027
2,10,300,3935,3,0.10423874697826283,1.0423874697826283
2,10,300,3936,3,0.0939578633326416,0.939578633326416
2,10,300,3937,3,0.08965108956242829,0.8965108956242829
2,10,300,3938,3,0.11091999121639641,1.109199912163964
2,10,300,3939,3,0.11351006949628098,1.1351006949628097
2,10,300,3940,3,0.10230325877010303,1.0230325877010302
2,10,300,3941,3,0.07754765578151848,0.7754765578151849
2,10,300,3942,3,0.09198022115535298,0.9198022115535298
2,10,300,3943,3,0.10283010385281667,1.0283010385281668
2,10,300,3944,3,0.09283445113705967,0.9283445113705967
2,10,300,3945,3,0.09193649292429637,0.9193649292429636
2,10,300,3946,3,0.09064450061939398,0.9064450061939398
2,10,300,3947,3,0.11703888793032069,1.170388879303207
2,10,300,3948,3,0.10487324953753079,1.0487324953753079
2,10,300,3949,3,0.10575135295382307,1.0575135295382307
2,10,300,3950,3,0.0876263979660738,0.876263979660738
2,10,300,3951,3,0.11131968973339561,1.113196897333956
2,10,300,3952,3,0.08808452759608035,0.8808452759608034
2,10,300,3953,3,0.09350576110049921,0.9350576110049922
2,10,300,3954,3,0.09665538654328543,0.9665538654328543
2,10,300,3955,3,0.09927045479060322,0.9927045479060321
2,10,300,3956,3,0.09331604665681265,0.9331604665681265
2,10,300,3957,3,0.09775995276560241,0.9775995276560241
2,10,300,3958,3,0.09210635591208682,0.9210635591208682
2,10,300,3959,3,0.11304114705906892,1.1304114705906894
2,10,300,3960,3,0.1107808168699405,1.1078081686994048
2,10,300,3961,3,0.08236461978666135,0.8236461978666135
2,10,300,3962,3,0.10045957528729446,1.0045957528729446
2,10,300,3963,3,0.08212665719674217,0.8212665719674217
2,10,300,3964,3,0.09302010419761397,0.9302010419761397
2,10,300,3965,3,0.10028356714839029,1.0028356714839028
2,10,300,3966,3,0.09570124717251284,0.9570124717251285
2,10,300,3967,3,0.10439172661819897,1.0439172661819898
2,10,300,3968,3,0.09284085341816069,0.9284085341816068
2,10,300,3969,3,0.09637226263904307,0.9637226263904306
2,10,300,3970,3,0.09696534004498272,0.9696534004498272
2,10,300,3971,3,0.09091840198105135,0.9091840198105134
2,10,300,3972,3,0.10298141876719344,1.0298141876719344
2,10,300,3973,3,0.10225618709849435,1.0225618709849436
2,10,300,3974,3,0.08826639619648766,0.8826639619648766
2,10,300,3975,3,0.09085298224123137,0.9085298224123137
2,10,300,3976,3,0.08476733762646886,0.8476733762646886
2,10,300,3977,3,0.10574393632947061,1.0574393632947061
2,10,300,3978,3,0.1092837123023076,1.092837123023076
2,10,300,3979,3,0.09931039141902231,0.9931039141902231
2,10,300,3980,3,0.10962855348931592,1.0962855348931593
2,10,300,3981,3,0.09487768822811904,0.9487768822811904
2,10,300,3982,3,0.09415708712297832,0.9415708712297832
2,10,300,3983,3,0.0998695258155993,0.9986952581559929
2,10,300,3984,3,0.10568521142620248,1.0568521142620246
2,10,300,3985,3,0.1017008568882672,1.017008568882672
2,10,300,3986,3,0.0873999755545302,0.8739997555453021
2,10,300,3987,3,0.08714088207555543,0.8714088207555543
2,10,300,3988,3,0.08678630584145443,0.8678630584145443
2,10,300,3989,3,0.09006854321524599,0.9006854321524599
2,10,300,3990,3,0.10091488290802797,1.0091488290802797
2,10,300,3991,3,0.09274537926348977,0.9274537926348978
2,10,300,3992,3,0.08927906293543454,0.8927906293543455
2,10,300,3993,3,0.09897221053694572,0.9897221053694572
2,10,300,3994,3,0.11357127981935855,1.1357127981935855
2,10,300,3995,3,0.08573716581198698,0.8573716581198698
2,10,300,3996,3,0.09369490019355499,0.93694900193555
2,10,300,3997,3,0.11104283836513572,1.110428383651357
2,10,300,3998,3,0.09768527000254315,0.9768527000254316
2,10,300,3999,3,0.10355966191537161,1.035596619153716
3,10,300,0,9,0.18207185832710376,0.6069061944236792
3,10,300,1,9,0.22703597877634493,0.7567865959211498
3,10,300,2,9,0.18669833786111828,0.6223277928703943
3,10,300,3,9,0.21786441553630442,0.7262147184543482
3,10,300,4,9,0.29486864746471453,0.9828954915490484
3,10,300,5,9,0.20093310885470264,0.6697770295156755
3,10,300,6,9,0.2690588950664243,0.8968629835547476
3,10,300,7,9,0.22331525554496323,0.7443841851498775
3,10,300,8,9,0.23079334152889486,0.7693111384296496
3,10,300,9,9,0.1908145248179462,0.6360484160598207
3,10,300,10,9,0.2209656335375469,0.736552111791823
3,10,300,11,9,0.24144965164478369,0.8048321721492789
3,10,300,12,9,0.2758971908636346,0.9196573028787821
3,10,300,13,9,0.1940524152460352,0.6468413841534507
3,10,300,14,9,0.24771033253876906,0.8257011084625636
3,10,300,15,9,0.23184699956755012,0.7728233318918337
3,10,300,16,9,0.20296626226964745,0.6765542075654915
3,10,300,17,9,0.2450483420947115,0.8168278069823717
3,10,300,18,9,0.17447193286731827,0.5815731095577276
3,10,300,19,9,0.20471714271870103,0.6823904757290035
3,10,300,20,9,0.18755409741745144,0.6251803247248382
3,10,300,21,9,0.17260742351918704,0.5753580783972901
3,10,300,22,9,0.18052234083309077,0.6017411361103026
3,10,300,23,9,0.2166036214145004,0.722012071381668
3,10,300,24,9,0.2595666764804214,0.865222254934738
3,10,300,25,9,0.22115254373426924,0.7371751457808974
3,10,300,26,9,0.1824589586491207,0.6081965288304024
3,10,300,27,9,0.19566783693939685,0.6522261231313229
3,10,300,28,9,0.21681449004147532,0.7227149668049178
3,10,300,29,9,0.2081334958030368,0.693778319343456
3,10,300,30,9,0.17857591689323402,0.5952530563107801
3,10,300,31,9,0.23591465650690188,0.7863821883563396
3,10,300,32,9,0.1569356084586069,0.523118694862023
3,10,300,33,9,0.21140505776016721,0.704683525867224
3,10,300,34,9,0.17087158962919874,0.5695719654306625
3,10,300,35,9,0.22347967689544013,0.7449322563181338
3,10,300,36,9,0.213046403590259,0.7101546786341967
3,10,300,37,9,0.2512890741768623,0.8376302472562077
3,10,300,38,9,0.19681864923344752,0.6560621641114918
3,10,300,39,9,0.2101450760579341,0.7004835868597803
3,10,300,40,9,0.19839562575279382,0.6613187525093127
3,10,300,41,9,0.22287749265058582,0.7429249755019528
3,10,300,42,9,0.181850370816121,0.6061679027204033
3,10,300,43,9,0.21702472613406582,0.7234157537802193
3,10,300,44,9,0.19116405415203397,0.6372135138401133
3,10,300,45,9,0.1846776698393936,0.6155922327979787
3,10,300,46,9,0.26192904366697733,0.8730968122232577
3,10,300,47,9,0.21858684726251248,0.728622824208375
3,10,300,48,9,0.1692816912001119,0.564272304000373
3,10,300,49,9,0.2185744750283367,0.728581583427789
3,10,300,50,9,0.23583476847223234,0.7861158949074412
3,10,300,51,9,0.28816243825960663,0.9605414608653555
3,10,300,52,9,0.17369650830959268,0.5789883610319756
3,10,300,53,9,0.2034333146745808,0.6781110489152694
3,10,300,54,9,0.1676986655285166,0.558995551761722
3,10,300,55,9,0.1850330602181409,0.616776867393803
3,10,300,56,9,0.25055495357956303,0.8351831785985434
3,10,300,57,9,0.1659109037003194,0.5530363456677314
3,10,300,58,9,0.19391926694728387,0.6463975564909462
3,10,300,59,9,0.16358290414848375,0.5452763471616126
3,10,300,60,9,0.17982457511215066,0.5994152503738356
3,10,300,61,9,0.18597029399900852,0.619900979996695
3,10,300,62,9,0.2361126341399456,0.7870421137998187
3,10,300,63,9,0.2323096603668512,0.7743655345561706
3,10,300,64,9,0.1928925862797656,0.6429752875992187
3,10,300,65,9,0.1969554458851666,0.6565181529505554
3,10,300,66,9,0.19556378192066132,0.6518792730688711
3,10,300,67,9,0.20479966801129346,0.6826655600376449
3,10,300,68,9,0.19491078199759398,0.6497026066586465
3,10,300,69,9,0.22481138494953035,0.7493712831651012
3,10,300,70,9,0.2206709516764117,0.7355698389213724
3,10,300,71,9,0.24097863309328474,0.8032621103109492
3,10,300,72,9,0.2009306202643215,0.669768734214405
3,10,300,73,9,0.20582531035543145,0.6860843678514381
3,10,300,74,9,0.19683658344285182,0.656121944809506
3,10,300,75,9,0.1942473242776477,0.6474910809254923
3,10,300,76,9,0.17389275921779423,0.5796425307259808
3,10,300,77,9,0.2145305054563763,0.7151016848545878
3,10,300,78,9,0.23391887949595747,0.7797295983198582
3,10,300,79,9,0.2326856691031896,0.775618897010632
3,10,300,80,9,0.1991943100022714,0.6639810333409046
3,10,300,81,9,0.18394777506268473,0.6131592502089491
3,10,300,82,9,0.2532057774419358,0.8440192581397861
3,10,300,83,9,0.1855941967661649,0.618647322553883
3,10,300,84,9,0.2250813980974149,0.750271326991383
3,10,300,85,9,0.31649096670426735,1.0549698890142245
3,10,300,86,9,0.27058740833436135,0.9019580277812044
3,10,300,87,9,0.19724219475812158,0.6574739825270719
3,10,300,88,9,0.2337760618472102,0.7792535394907008
3,10,300,89,9,0.1936904250463921,0.6456347501546403
3,10,300,90,9,0.16004263942816,0.5334754647605333
3,10,300,91,9,0.21070567907925702,0.7023522635975235
3,10,300,92,9,0.21188843004022703,0.7062947668007568
3,10,300,93,9,0.20005774209500435,0.6668591403166811
3,10,300,94,9,0.1824042490820894,0.6080141636069647
3,10,300,95,9,0.22287274789105424,0.7429091596368474
3,10,300,96,9,0.16483526719257888,0.5494508906419296
3,10,300,97,9,0.23437630013198274,0.7812543337732758
3,10,300,98,9,0.15552231372106592,0.5184077124035531
3,10,300,99,9,0.15569449824006262,0.5189816608002088
3,10,300,100,9,0.24848465928907848,0.8282821976302616
3,10,300,101,9,0.24120182705835697,0.8040060901945233
3,10,300,102,9,0.22524296631005225,0.7508098877001741
3,10,300,103,9,0.14481462957799873,0.48271543192666244
3,10,300,104,9,0.22297798395465018,0.7432599465155006
3,10,300,105,9,0.18255111584518502,0.6085037194839501
3,10,300,106,9,0.22863519983171804,0.7621173327723935
3,10,300,107,9,0.21982218700470993,0.7327406233490331
3,10,300,108,9,0.1695747235016845,0.5652490783389484
3,10,300,109,9,0.19698195550157277,0.6566065183385759
3,10,300,110,9,0.19086013835278934,0.6362004611759644
3,10,300,111,9,0.32243292050383987,1.074776401679466
3,10,300,112,9,0.18239291227965898,0.60797637426553
3,10,300,113,9,0.24624089470496396,0.8208029823498799
3,10,300,114,9,0.22419787355109908,0.7473262451703303
3,10,300,115,9,0.17899772516747908,0.5966590838915969
3,10,300,116,9,0.24900191535789584,0.8300063845263195
3,10,300,117,9,0.1671705807686944,0.5572352692289814
3,10,300,118,9,0.17762173270677942,0.5920724423559314
3,10,300,119,9,0.22618996019897458,0.7539665339965819
3,10,300,120,9,0.20548998738623947,0.6849666246207982
3,10,300,121,9,0.1981930228810012,0.6606434096033373
3,10,300,122,9,0.21846162357122384,0.7282054119040795
3,10,300,123,9,0.17059072330950859,0.5686357443650286
3,10,300,124,9,0.2378864203539232,0.7929547345130773
3,10,300,125,9,0.22302022499458735,0.7434007499819578
3,10,300,126,9,0.2549547020879454,0.8498490069598179
3,10,300,127,9,0.2543158861484224,0.8477196204947413
3,10,300,128,9,0.17982357106732558,0.5994119035577519
3,10,300,129,9,0.18724556584631147,0.6241518861543716
3,10,300,130,9,0.18818064489579006,0.6272688163193002
3,10,300,131,9,0.14531898436724777,0.4843966145574926
3,10,300,132,9,0.27198340021781664,0.9066113340593889
3,10,300,133,9,0.18635171824514063,0.6211723941504688
3,10,300,134,9,0.2682124336930587,0.894041445643529
3,10,300,135,9,0.15875056204719312,0.5291685401573104
3,10,300,136,9,0.17527867496252686,0.5842622498750896
3,10,300,137,9,0.2479717024845753,0.8265723416152511
3,10,300,138,9,0.2039657555014765,0.6798858516715883
3,10,300,139,9,0.19334446774911773,0.6444815591637257
3,10,300,140,9,0.3001350306261512,1.0004501020871706
3,10,300,141,9,0.18872074654050564,0.6290691551350188
3,10,300,142,9,0.23435008553758813,0.7811669517919604
3,10,300,143,9,0.22170675405383566,0.7390225135127856
3,10,300,144,9,0.2194293327325439,0.7314311091084795
3,10,300,145,9,0.19457545361859002,0.6485848453953
3,10,300,146,9,0.19090122186663888,0.6363374062221296
3,10,300,147,9,0.19177860820292575,0.6392620273430858
3,10,300,148,9,0.1890765124659698,0.6302550415532326
3,10,300,149,9,0.17830772029835462,0.5943590676611821
3,10,300,150,9,0.19354231548644082,0.6451410516214694
3,10,300,151,9,0.2107171466002099,0.7023904886673663
3,10,300,152,9,0.22948152252146883,0.7649384084048961
3,10,300,153,9,0.19229189438263436,0.6409729812754479
3,10,300,154,9,0.18196824790112642,0.6065608263370881
3,10,300,155,9,0.21287562504224522,0.7095854168074841
3,10,300,156,9,0.22814611892633757,0.760487063087792
3,10,300,157,9,0.19326339010455168,0.6442113003485056
3,10,300,158,9,0.19451253808045865,0.6483751269348622
3,10,300,159,9,0.26595706384198786,0.8865235461399595
3,10,300,160,9,0.1699747435395459,0.566582478465153
3,10,300,161,9,0.25046949298023424,0.8348983099341142
3,10,300,162,9,0.19896505376625706,0.6632168458875236
3,10,300,163,9,0.23135464461613553,0.7711821487204518
3,10,300,164,9,0.19335521045722315,0.6445173681907438
3,10,300,165,9,0.18040696994813998,0.6013565664938
3,10,300,166,9,0.27310127393350664,0.9103375797783555
3,10,300,167,9,0.19853661913280324,0.6617887304426775
3,10,300,168,9,0.23428660098364945,0.7809553366121648
3,10,300,169,9,0.2508002563942792,0.8360008546475973
3,10,300,170,9,0.224919321174209,0.7497310705806968
3,10,300,171,9,0.221113113059926,0.7370437101997533
3,10,300,172,9,0.22076648845888344,0.7358882948629447
3,10,300,173,9,0.20036165428073138,0.6678721809357713
3,10,300,174,9,0.2539279480464789,0.8464264934882629
3,10,300,175,9,0.19241473320025326,0.6413824440008442
3,10,300,176,9,0.2013618540124852,0.6712061800416173
3,10,300,177,9,0.17841905601939856,0.5947301867313286
3,10,300,178,9,0.19989390626722564,0.6663130208907522
3,10,300,179,9,0.2152630997558404,0.7175436658528014
3,10,300,180,9,0.21712376797886496,0.7237458932628832
3,10,300,181,9,0.22501175304679585,0.7500391768226529
3,10,300,182,9,0.17658490570532157,0.5886163523510719
3,10,300,183,9,0.2840814489499577,0.9469381631665256
3,10,300,184,9,0.24781435412506864,0.826047847083562
3,10,300,185,9,0.25614501950813084,0.8538167316937695
3,10,300,186,9,0.22784712090383877,0.7594904030127959
3,10,300,187,9,0.2020375386686682,0.6734584622288939
3,10,300,188,9,0.13930633606157433,0.4643544535385811
3,10,300,189,9,0.1728785990398558,0.5762619967995194
3,10,300,190,9,0.2524239346491487,0.8414131154971624
3,10,300,191,9,0.30858110344773926,1.0286036781591308
3,10,300,192,9,0.1472524045312096,0.4908413484373654
3,10,300,193,9,0.18727677413401433,0.6242559137800477
3,10,300,194,9,0.1886719080886184,0.6289063602953947
3,10,300,195,9,0.2650268563243481,0.8834228544144936
3,10,300,196,9,0.15223272346976346,0.5074424115658782
3,10,300,197,9,0.22436878639815847,0.7478959546605282
3,10,300,198,9,0.21771144545915055,0.7257048181971685
3,10,300,199,9,0.19660338909225908,0.6553446303075303
3,10,300,200,9,0.21731003311595937,0.7243667770531979
3,10,300,201,9,0.16387154171356033,0.5462384723785344
3,10,300,202,9,0.1998409921059547,0.6661366403531824
3,10,300,203,9,0.21653358359031682,0.7217786119677226
3,10,300,204,9,0.20343881405630757,0.6781293801876919
3,10,300,205,9,0.31854845385929825,1.0618281795309943
3,10,300,206,9,0.3019420202500994,1.0064734008336649
3,10,300,207,9,0.20609105876500242,0.6869701958833414
3,10,300,208,9,0.23535866009212147,0.7845288669737382
3,10,300,209,9,0.1874380268601705,0.624793422867235
3,10,300,210,9,0.20657165894471602,0.6885721964823867
3,10,300,211,9,0.26021108987092645,0.8673702995697549
3,10,300,212,9,0.20629677104061228,0.6876559034687075
3,10,300,213,9,0.16832721805878156,0.5610907268626052
3,10,300,214,9,0.2445266963697,0.815088987899
3,10,300,215,9,0.30321659329321493,1.0107219776440497
3,10,300,216,9,0.22414319449259268,0.7471439816419756
3,10,300,217,9,0.24324526450936046,0.8108175483645349
3,10,300,218,9,0.22053698364828506,0.7351232788276169
3,10,300,219,9,0.1949887041660679,0.6499623472202263
3,10,300,220,9,0.21070821278109575,0.7023607092703191
3,10,300,221,9,0.17949380847192872,0.5983126949064291
3,10,300,222,9,0.21262763746335955,0.7087587915445319
3,10,300,223,9,0.21160187274219738,0.7053395758073245
3,10,300,224,9,0.22675283712364508,0.7558427904121503
3,10,300,225,9,0.17476966530922872,0.5825655510307625
3,10,300,226,9,0.24068785350449978,0.8022928450149992
3,10,300,227,9,0.16299234469433097,0.54330781564777
3,10,300,228,9,0.20212366207479615,0.6737455402493204
3,10,300,229,9,0.2007913069198063,0.6693043563993543
3,10,300,230,9,0.2699108259356614,0.8997027531188713
3,10,300,231,9,0.18783594913693885,0.6261198304564628
3,10,300,232,9,0.18354141350817543,0.611804711693918
3,10,300,233,9,0.24656244581319242,0.8218748193773081
3,10,300,234,9,0.23513621977008578,0.7837873992336193
3,10,300,235,9,0.2582441084426892,0.860813694808964
3,10,300,236,9,0.18708537880634513,0.6236179293544838
3,10,300,237,9,0.21771443647818617,0.7257147882606206
3,10,300,238,9,0.19925886113085667,0.6641962037695223
3,10,300,239,9,0.3104972652158518,1.0349908840528395
3,10,300,240,9,0.16497174351708224,0.5499058117236075
3,10,300,241,9,0.19218439252988226,0.6406146417662743
3,10,300,242,9,0.18462983749403816,0.6154327916467939
3,10,300,243,9,0.2238684753605015,0.7462282512016717
3,10,300,244,9,0.17424684591854522,0.580822819728484
3,10,300,245,9,0.27160135601852653,0.9053378533950884
3,10,300,246,9,0.24154483486449843,0.8051494495483281
3,10,300,247,9,0.17679803412037376,0.5893267804012459
3,10,300,248,9,0.21927422602717833,0.7309140867572612
3,10,300,249,9,0.23289998180317473,0.776333272677249
3,10,300,250,9,0.2060692588205278,0.6868975294017593
3,10,300,251,9,0.18924886937598254,0.6308295645866084
3,10,300,252,9,0.17933410557541427,0.5977803519180476
3,10,300,253,9,0.15455621771402694,0.5151873923800898
3,10,300,254,9,0.22345471534534572,0.7448490511511524
3,10,300,255,9,0.20237229363891496,0.6745743121297165
3,10,300,256,9,0.2072185186027731,0.690728395342577
3,10,300,257,9,0.22751094955424772,0.7583698318474924
3,10,300,258,9,0.20068954899791758,0.6689651633263919
3,10,300,259,9,0.1940032847166281,0.6466776157220936
3,10,300,260,9,0.20622461054976476,0.6874153684992159
3,10,300,261,9,0.25662036159731,0.8554012053243666
3,10,300,262,9,0.18079422075077073,0.6026474025025691
3,10,300,263,9,0.17673379334446265,0.5891126444815421
3,10,300,264,9,0.20658254474283366,0.6886084824761122
3,10,300,265,9,0.19636806672309595,0.6545602224103197
3,10,300,266,9,0.1643090411549453,0.5476968038498177
3,10,300,267,9,0.255880475295326,0.8529349176510865
3,10,300,268,9,0.17989214008699295,0.5996404669566432
3,10,300,269,9,0.23735371415135484,0.7911790471711828
3,10,300,270,9,0.19250448984923813,0.6416816328307937
3,10,300,271,9,0.17549214842436822,0.5849738280812274
3,10,300,272,9,0.2006437435433813,0.6688124784779377
3,10,300,273,9,0.1950399344601696,0.6501331148672319
3,10,300,274,9,0.2266220080358125,0.7554066934527084
3,10,300,275,9,0.24708190129710034,0.8236063376570011
3,10,300,276,9,0.2331492998746259,0.7771643329154198
3,10,300,277,9,0.22613807557679272,0.7537935852559757
3,10,300,278,9,0.21682125625728926,0.7227375208576308
3,10,300,279,9,0.2215762645039492,0.7385875483464973
3,10,300,280,9,0.25845196599629583,0.8615065533209861
3,10,300,281,9,0.181694055520197,0.60564685173399
3,10,300,282,9,0.1913685036920469,0.637895012306823
3,10,300,283,9,0.27237581478437944,0.9079193826145981
3,10,300,284,9,0.17231056745124057,0.5743685581708019
3,10,300,285,9,0.1772098110035753,0.5906993700119176
3,10,300,286,9,0.20280845321934482,0.6760281773978161
3,10,300,287,9,0.2623241373418391,0.8744137911394637
3,10,300,288,9,0.28807863350846,0.9602621116948667
3,10,300,289,9,0.2875074851191507,0.9583582837305022
3,10,300,290,9,0.20292472896093977,0.6764157632031326
3,10,300,291,9,0.17178941158194516,0.5726313719398172
3,10,300,292,9,0.22140573923701165,0.7380191307900388
3,10,300,293,9,0.1764055582714238,0.5880185275714126
3,10,300,294,9,0.1937336252600408,0.6457787508668027
3,10,300,295,9,0.1525105179654458,0.5083683932181526
3,10,300,296,9,0.19863977966887383,0.6621325988962461
3,10,300,297,9,0.2157915953290642,0.7193053177635473
3,10,300,298,9,0.19811419358070878,0.6603806452690293
3,10,300,299,9,0.26093429634277504,0.8697809878092501
3,10,300,300,9,0.22818281435407192,0.7606093811802397
3,10,300,301,9,0.2000570770555285,0.6668569235184284
3,10,300,302,9,0.18850443648203938,0.6283481216067979
3,10,300,303,9,0.20436686942930224,0.6812228980976742
3,10,300,304,9,0.26199166605029967,0.8733055535009989
3,10,300,305,9,0.19613782682386877,0.6537927560795626
3,10,300,306,9,0.17372803060847364,0.5790934353615789
3,10,300,307,9,0.23383324188074817,0.7794441396024939
3,10,300,308,9,0.19042486292796623,0.6347495430932207
3,10,300,309,9,0.21108634105471685,0.7036211368490561
3,10,300,310,9,0.20186549399869344,0.6728849799956448
3,10,300,311,9,0.1761367584263478,0.587122528087826
3,10,300,312,9,0.19776327034276064,0.6592109011425354
3,10,300,313,9,0.23395966618206146,0.7798655539402048
3,10,300,314,9,0.2232071849190391,0.7440239497301303
3,10,300,315,9,0.18305731314206553,0.610191043806885
3,10,300,316,9,0.194881826837853,0.6496060894595099
3,10,300,317,9,0.2451468299569116,0.817156099856372
3,10,300,318,9,0.19870052133912097,0.6623350711304032
3,10,300,319,9,0.16958369160034678,0.565278972001156
3,10,300,320,9,0.23516705494602447,0.783890183153415
3,10,300,321,9,0.19936397123434024,0.6645465707811341
3,10,300,322,9,0.2356394376222038,0.7854647920740127
3,10,300,323,9,0.2375746420371218,0.7919154734570727
3,10,300,324,9,0.2286830960773319,0.7622769869244397
3,10,300,325,9,0.19361596630852912,0.6453865543617637
3,10,300,326,9,0.22109609159680876,0.7369869719893626
3,10,300,327,9,0.20383385195289638,0.6794461731763213
3,10,300,328,9,0.23970526523568125,0.7990175507856042
3,10,300,329,9,0.1810179314916085,0.6033931049720284
3,10,300,330,9,0.23560891622900898,0.7853630540966966
3,10,300,331,9,0.17842385171372083,0.5947461723790693
3,10,300,332,9,0.19761679772803864,0.6587226590934622
3,10,300,333,9,0.25337685807525956,0.844589526917532
3,10,300,334,9,0.28097985107894297,0.9365995035964766
3,10,300,335,9,0.18452411683645842,0.6150803894548614
3,10,300,336,9,0.211484706210682,0.7049490207022733
3,10,300,337,9,0.22780859584212848,0.7593619861404283
3,10,300,338,9,0.19004633682499977,0.633487789416666
3,10,300,339,9,0.18521833387346334,0.6173944462448778
3,10,300,340,9,0.1813227064847029,0.6044090216156763
3,10,300,341,9,0.1918993578713754,0.639664526237918
3,10,300,342,9,0.22205461387693057,0.7401820462564352
3,10,300,343,9,0.21278490480341583,0.7092830160113861
3,10,300,344,9,0.20244798133772218,0.6748266044590739
3,10,300,345,9,0.30443149950396364,1.0147716650132121
3,10,300,346,9,0.25899984000297505,0.8633328000099167
3,10,300,347,9,0.18453882366030705,0.6151294122010235
3,10,300,348,9,0.20064070780218468,0.6688023593406156
3,10,300,349,9,0.19625364703079407,0.6541788234359802
3,10,300,350,9,0.22406789395873444,0.7468929798624482
3,10,300,351,9,0.17867265331149162,0.5955755110383054
3,10,300,352,9,0.1905571512927689,0.6351905043092297
3,10,300,353,9,0.16405913063494865,0.5468637687831621
3,10,300,354,9,0.19605114989580408,0.6535038329860136
3,10,300,355,9,0.2285868240418687,0.7619560801395623
3,10,300,356,9,0.3372928167925131,1.124309389308377
3,10,300,357,9,0.17686654979083521,0.5895551659694507
3,10,300,358,9,0.2646853614554902,0.8822845381849673
3,10,300,359,9,0.1796670579169653,0.598890193056551
3,10,300,360,9,0.2145859736475378,0.715286578825126
3,10,300,361,9,0.20912904287951123,0.6970968095983707
3,10,300,362,9,0.16513607246928252,0.5504535748976084
3,10,300,363,9,0.18065184600113465,0.6021728200037822
3,10,300,364,9,0.1947484418882185,0.6491614729607283
3,10,300,365,9,0.19692237858354195,0.6564079286118065
3,10,300,366,9,0.2553613606030676,0.8512045353435587
3,10,300,367,9,0.2933688802297714,0.9778962674325715
3,10,300,368,9,0.20780569089074524,0.6926856363024841
3,10,300,369,9,0.2503331735789703,0.834443911929901
3,10,300,370,9,0.22454507029311452,0.7484835676437152
3,10,300,371,9,0.1765297715816115,0.5884325719387051
3,10,300,372,9,0.2209703542424717,0.7365678474749056
3,10,300,373,9,0.2500002754505459,0.8333342515018196
3,10,300,374,9,0.16184019328417487,0.5394673109472495
3,10,300,375,9,0.2538683193402803,0.8462277311342677
3,10,300,376,9,0.23211675281716088,0.7737225093905362
3,10,300,377,9,0.23127334605762384,0.7709111535254128
3,10,300,378,9,0.1982280288779401,0.6607600962598004
3,10,300,379,9,0.25865486589124465,0.8621828863041487
3,10,300,380,9,0.23528087649181245,0.7842695883060415
3,10,300,381,9,0.24184396553544774,0.8061465517848257
3,10,300,382,9,0.20613685540602167,0.6871228513534056
3,10,300,383,9,0.2217705989984008,0.7392353299946693
3,10,300,384,9,0.20527313431194316,0.6842437810398105
3,10,300,385,9,0.18898030858121953,0.6299343619373985
3,10,300,386,9,0.19427317278499945,0.6475772426166648
3,10,300,387,9,0.17931539968649382,0.5977179989549793
3,10,300,388,9,0.19248319282879384,0.6416106427626461
3,10,300,389,9,0.1826241249535061,0.6087470831783537
3,10,300,390,9,0.1619246288145106,0.5397487627150354
3,10,300,391,9,0.28041944072839764,0.9347314690946588
3,10,300,392,9,0.1704403216046537,0.5681344053488456
3,10,300,393,9,0.21505634047741987,0.7168544682580662
3,10,300,394,9,0.21756323264545208,0.7252107754848403
3,10,300,395,9,0.2121928201690511,0.7073094005635038
3,10,300,396,9,0.16366574705045933,0.5455524901681977
3,10,300,397,9,0.2504019994336111,0.8346733314453703
3,10,300,398,9,0.20816895125275742,0.6938965041758581
3,10,300,399,9,0.23295797691784126,0.7765265897261375
3,10,300,400,9,0.18639750006122988,0.6213250002040996
3,10,300,401,9,0.1830021209570118,0.6100070698567059
3,10,300,402,9,0.21618733945904128,0.720624464863471
3,10,300,403,9,0.231034419149215,0.7701147304973833
3,10,300,404,9,0.2336445951979368,0.7788153173264559
3,10,300,405,9,0.23315325100397286,0.7771775033465761
3,10,300,406,9,0.211055180965603,0.7035172698853434
3,10,300,407,9,0.18846135752565013,0.6282045250855005
3,10,300,408,9,0.4041176931355064,1.3470589771183548
3,10,300,409,9,0.24605188880196005,0.8201729626732002
3,10,300,410,9,0.22841105332633058,0.7613701777544353
3,10,300,411,9,0.22379996129259205,0.7459998709753068
3,10,300,412,9,0.24840814506951348,0.8280271502317116
3,10,300,413,9,0.15788120020640492,0.5262706673546831
3,10,300,414,9,0.1593881669061298,0.5312938896870993
3,10,300,415,9,0.24468698081945525,0.8156232693981841
3,10,300,416,9,0.21601698915716128,0.7200566305238709
3,10,300,417,9,0.2665165111320683,0.8883883704402277
3,10,300,418,9,0.23514802075736163,0.783826735857872
3,10,300,419,9,0.21934033271774872,0.7311344423924957
3,10,300,420,9,0.20233750291581742,0.6744583430527248
3,10,300,421,9,0.18796203767192074,0.6265401255730692
3,10,300,422,9,0.17990597600759567,0.5996865866919856
3,10,300,423,9,0.25158117031993965,0.8386039010664655
3,10,300,424,9,0.19080561848079738,0.6360187282693246
3,10,300,425,9,0.22825270253709354,0.7608423417903117
3,10,300,426,9,0.19714028455828575,0.6571342818609526
3,10,300,427,9,0.21689784210679053,0.722992807022635
3,10,300,428,9,0.23390448838398642,0.7796816279466213
3,10,300,429,9,0.16698941124898012,0.5566313708299337
3,10,300,430,9,0.18860493383927526,0.6286831127975842
3,10,300,431,9,0.2801012233387196,0.9336707444623987
3,10,300,432,9,0.20378957950642612,0.6792985983547537
3,10,300,433,9,0.1923330231278631,0.641110077092877
3,10,300,434,9,0.1702843972062425,0.5676146573541416
3,10,300,435,9,0.2136002251276231,0.7120007504254104
3,10,300,436,9,0.22811917635962287,0.7603972545320763
3,10,300,437,9,0.22092809311255304,0.7364269770418435
3,10,300,438,9,0.17036082973787192,0.5678694324595731
3,10,300,439,9,0.20400192772553494,0.680006425751783
3,10,300,440,9,0.18568596148081953,0.6189532049360651
3,10,300,441,9,0.16766752593953096,0.5588917531317699
3,10,300,442,9,0.22859194785352524,0.7619731595117508
3,10,300,443,9,0.1751144508098168,0.5837148360327227
3,10,300,444,9,0.23728010808243555,0.7909336936081185
3,10,300,445,9,0.1957312023983337,0.652437341327779
3,10,300,446,9,0.2274245919167133,0.758081973055711
3,10,300,447,9,0.24426141800697554,0.8142047266899185
3,10,300,448,9,0.17561910191217056,0.5853970063739019
3,10,300,449,9,0.1741599670157054,0.5805332233856847
3,10,300,450,9,0.2328017947439403,0.776005982479801
3,10,300,451,9,0.24472480237543698,0.8157493412514566
3,10,300,452,9,0.27074487987373375,0.9024829329124457
3,10,300,453,9,0.28195317676652076,0.9398439225550692
3,10,300,454,9,0.2298969652607505,0.766323217535835
3,10,300,455,9,0.2505143661897741,0.8350478872992468
3,10,300,456,9,0.27948988273829667,0.9316329424609888
3,10,300,457,9,0.18802652922967,0.6267550974322333
3,10,300,458,9,0.22645758164332694,0.7548586054777565
3,10,300,459,9,0.21143976804708153,0.7047992268236051
3,10,300,460,9,0.24572523815709157,0.8190841271903052
3,10,300,461,9,0.2547063177983794,0.8490210593279314
3,10,300,462,9,0.2107778265256074,0.702592755085358
3,10,300,463,9,0.24548608405531408,0.8182869468510469
3,10,300,464,9,0.19231710326657203,0.6410570108885735
3,10,300,465,9,0.2859479459224511,0.9531598197415037
3,10,300,466,9,0.2823334579944625,0.9411115266482083
3,10,300,467,9,0.21450282557356484,0.7150094185785494
3,10,300,468,9,0.20843340232112062,0.6947780077370688
3,10,300,469,9,0.21332140489596435,0.7110713496532145
3,10,300,470,9,0.17317959807159575,0.5772653269053192
3,10,300,471,9,0.18458980097411293,0.6152993365803764
3,10,300,472,9,0.25441994353581454,0.8480664784527151
3,10,300,473,9,0.1815490878405176,0.6051636261350587
3,10,300,474,9,0.2302587325446751,0.7675291084822504
3,10,300,475,9,0.21670859801245346,0.7223619933748449
3,10,300,476,9,0.17276961701782573,0.5758987233927524
3,10,300,477,9,0.21804268683029757,0.7268089561009918
3,10,300,478,9,0.1987709489546966,0.6625698298489887
3,10,300,479,9,0.2226713374221827,0.7422377914072756
3,10,300,480,9,0.20147619956790438,0.6715873318930146
3,10,300,481,9,0.20926447203554632,0.6975482401184878
3,10,300,482,9,0.2887985116055586,0.9626617053518619
3,10,300,483,9,0.17591788868473304,0.5863929622824434
3,10,300,484,9,0.23346331408941456,0.7782110469647152
3,10,300,485,9,0.230630192325669,0.76876730775223
3,10,300,486,9,0.1798489175916012,0.599496391972004
3,10,300,487,9,0.22161665162509286,0.7387221720836428
3,10,300,488,9,0.2371120052582372,0.7903733508607906
3,10,300,489,9,0.21084617573059594,0.7028205857686531
3,10,300,490,9,0.21693359876644883,0.7231119958881627
3,10,300,491,9,0.2792111325642038,0.9307037752140128
3,10,300,492,9,0.18271504979471365,0.6090501659823788
3,10,300,493,9,0.21507614264497993,0.7169204754832664
3,10,300,494,9,0.24700036166388217,0.8233345388796072
3,10,300,495,9,0.2058467322938738,0.6861557743129126
3,10,300,496,9,0.21094371403435114,0.7031457134478372
3,10,300,497,9,0.2410587321592356,0.8035291071974521
3,10,300,498,9,0.21137344848609502,0.7045781616203167
3,10,300,499,9,0.21295809713131925,0.7098603237710641
3,10,300,500,9,0.17246160069278818,0.5748720023092939
3,10,300,501,9,0.24268918818479135,0.8089639606159712
3,10,300,502,9,0.1922741040420503,0.6409136801401677
3,10,300,503,9,0.21372990317424972,0.7124330105808324
3,10,300,504,9,0.16358095464989386,0.5452698488329795
3,10,300,505,9,0.2293360507696036,0.7644535025653453
3,10,300,506,9,0.21108638599554794,0.7036212866518264
3,10,300,507,9,0.21655476293797726,0.7218492097932576
3,10,300,508,9,0.20821940613094908,0.6940646871031636
3,10,300,509,9,0.22015441768101945,0.7338480589367316
3,10,300,510,9,0.19720118934189973,0.6573372978063324
3,10,300,511,9,0.2201448093731531,0.7338160312438435
3,10,300,512,9,0.2186631395185332,0.7288771317284439
3,10,300,513,9,0.21145694651025768,0.7048564883675256
3,10,300,514,9,0.22565563213400835,0.7521854404466946
3,10,300,515,9,0.20767516833913327,0.6922505611304443
3,10,300,516,9,0.24375566022563644,0.8125188674187882
3,10,300,517,9,0.18438379665751067,0.6146126555250355
3,10,300,518,9,0.219288068117892,0.73096022705964
3,10,300,519,9,0.23824839638303863,0.7941613212767954
3,10,300,520,9,0.20427742057662812,0.6809247352554271
3,10,300,521,9,0.14168338959956878,0.4722779653318959
3,10,300,522,9,0.2402451688228346,0.8008172294094487
3,10,300,523,9,0.21692268781827567,0.723075626060919
3,10,300,524,9,0.19267251391297613,0.6422417130432537
3,10,300,525,9,0.16802648983109197,0.5600882994369732
3,10,300,526,9,0.21232241030472923,0.7077413676824308
3,10,300,527,9,0.19867833248815867,0.6622611082938622
3,10,300,528,9,0.24872588608339588,0.8290862869446529
3,10,300,529,9,0.24063010723730832,0.8021003574576944
3,10,300,530,9,0.2273868345705805,0.7579561152352683
3,10,300,531,9,0.23137447575506084,0.7712482525168695
3,10,300,532,9,0.1499928927957075,0.4999763093190249
3,10,300,533,9,0.19326018999303002,0.6442006333101001
3,10,300,534,9,0.21056769625381472,0.7018923208460491
3,10,300,535,9,0.23396578604252352,0.7798859534750784
3,10,300,536,9,0.2519394498934178,0.8397981663113927
3,10,300,537,9,0.21327879036320016,0.7109293012106672
3,10,300,538,9,0.2064552839592569,0.6881842798641897
3,10,300,539,9,0.2721816252498759,0.9072720841662528
3,10,300,540,9,0.2096146908001273,0.6987156360004243
3,10,300,541,9,0.2688876413244575,0.8962921377481917
3,10,300,542,9,0.21211860195620258,0.7070620065206753
3,10,300,543,9,0.2582809511740608,0.8609365039135359
3,10,300,544,9,0.21935235587783286,0.7311745195927762
3,10,300,545,9,0.15701385823792557,0.5233795274597519
3,10,300,546,9,0.18233429718033628,0.607780990601121
3,10,300,547,9,0.25412007700185507,0.8470669233395169
3,10,300,548,9,0.24071024352495657,0.8023674784165219
3,10,300,549,9,0.17715442027937991,0.5905147342645998
3,10,300,550,9,0.26662875931031305,0.8887625310343767
3,10,300,551,9,0.2566477723086636,0.8554925743622119
3,10,300,552,9,0.17928704995103598,0.5976234998367866
3,10,300,553,9,0.23719446612069528,0.7906482204023176
3,10,300,554,9,0.18547125624840488,0.6182375208280162
3,10,300,555,9,0.1905246044026946,0.6350820146756486
3,10,300,556,9,0.22441399985261093,0.7480466661753699
3,10,300,557,9,0.18024737934334423,0.6008245978111474
3,10,300,558,9,0.2178674242524317,0.7262247475081057
3,10,300,559,9,0.23095340791235883,0.7698446930411962
3,10,300,560,9,0.16894173999772036,0.5631391333257345
3,10,300,561,9,0.3117269064137583,1.0390896880458609
3,10,300,562,9,0.2547211521194296,0.8490705070647653
3,10,300,563,9,0.21132237200874754,0.7044079066958252
3,10,300,564,9,0.19449955299374413,0.6483318433124805
3,10,300,565,9,0.29900521354868914,0.9966840451622971
3,10,300,566,9,0.2776850823649902,0.9256169412166338
3,10,300,567,9,0.2244620179992923,0.7482067266643078
3,10,300,568,9,0.19261180024936103,0.6420393341645367
3,10,300,569,9,0.20573578594001862,0.6857859531333954
3,10,300,570,9,0.17537221805677042,0.5845740601892347
3,10,300,571,9,0.15724286549393351,0.5241428849797783
3,10,300,572,9,0.21086997730407522,0.7028999243469174
3,10,300,573,9,0.21513366005553286,0.7171122001851095
3,10,300,574,9,0.24059642146824703,0.8019880715608235
3,10,300,575,9,0.21380002920173918,0.7126667640057972
3,10,300,576,9,0.2109669277103109,0.703223092367703
3,10,300,577,9,0.2269910370161449,0.7566367900538163
3,10,300,578,9,0.2159395113917873,0.7197983713059576
3,10,300,579,9,0.16040929977600402,0.5346976659200133
3,10,300,580,9,0.17682250820300088,0.5894083606766696
3,10,300,581,9,0.19509904043500215,0.6503301347833405
3,10,300,582,9,0.24280558137682812,0.8093519379227604
3,10,300,583,9,0.20246738477586146,0.6748912825862049
3,10,300,584,9,0.21664073277808438,0.7221357759269479
3,10,300,585,9,0.24715020304620916,0.8238340101540306
3,10,300,586,9,0.1745226137017818,0.581742045672606
3,10,300,587,9,0.16659684178962642,0.5553228059654214
3,10,300,588,9,0.2024301537201816,0.674767179067272
3,10,300,589,9,0.24588779109103664,0.8196259703034555
3,10,300,590,9,0.26431828661668305,0.8810609553889435
3,10,300,591,9,0.1735216910966813,0.5784056369889377
3,10,300,592,9,0.22720770699193055,0.7573590233064351
3,10,300,593,9,0.19240185085379397,0.6413395028459798
3,10,300,594,9,0.21220126417394236,0.7073375472464746
3,10,300,595,9,0.259240821436009,0.8641360714533635
3,10,300,596,9,0.22174351940839904,0.7391450646946635
3,10,300,597,9,0.17196654961197422,0.5732218320399141
3,10,300,598,9,0.19714271832786517,0.6571423944262172
3,10,300,599,9,0.20906151204149903,0.6968717068049968
3,10,300,600,9,0.1995740427437922,0.665246809145974
3,10,300,601,9,0.19653272466973737,0.6551090822324579
3,10,300,602,9,0.22141179794728047,0.7380393264909348
3,10,300,603,9,0.30410165292382485,1.0136721764127496
3,10,300,604,9,0.22478821211532352,0.7492940403844118
3,10,300,605,9,0.2124924342727178,0.7083081142423927
3,10,300,606,9,0.2337687521419468,0.7792291738064895
3,10,300,607,9,0.20643249491027665,0.6881083163675888
3,10,300,608,9,0.18734767880960218,0.624492262698674
3,10,300,609,9,0.2116097929840478,0.7053659766134927
3,10,300,610,9,0.1967725110794386,0.6559083702647953
3,10,300,611,9,0.18449370772319382,0.6149790257439793
3,10,300,612,9,0.18455445760592665,0.6151815253530888
3,10,300,613,9,0.16838784073915358,0.5612928024638453
3,10,300,614,9,0.19115326194751586,0.6371775398250529
3,10,300,615,9,0.21637301323104516,0.7212433774368171
3,10,300,616,9,0.19523622935817786,0.6507874311939262
3,10,300,617,9,0.2204704408367339,0.7349014694557796
3,10,300,618,9,0.23871459885517096,0.7957153295172366
3,10,300,619,9,0.20296742305177193,0.6765580768392397
3,10,300,620,9,0.18070766087190399,0.6023588695730133
3,10,300,621,9,0.18630135331512643,0.6210045110504214
3,10,300,622,9,0.2278727625765014,0.7595758752550046
3,10,300,623,9,0.19526333289504713,0.6508777763168238
3,10,300,624,9,0.2242974122459944,0.7476580408199813
3,10,300,625,9,0.2132740036684398,0.710913345561466
3,10,300,626,9,0.21204452478317098,0.7068150826105699
3,10,300,627,9,0.1927699199170565,0.6425663997235217
3,10,300,628,9,0.27469559204418564,0.9156519734806188
3,10,300,629,9,0.1869316240357385,0.6231054134524616
3,10,300,630,9,0.17793659665457534,0.5931219888485845
3,10,300,631,9,0.2399424616666962,0.799808205555654
3,10,300,632,9,0.25399637851584334,0.8466545950528112
3,10,300,633,9,0.2949966217144242,0.983322072381414
3,10,300,634,9,0.21042073308550605,0.7014024436183535
3,10,300,635,9,0.23969239606870035,0.7989746535623344
3,10,300,636,9,0.16591948547066157,0.5530649515688719
3,10,300,637,9,0.22947379911207688,0.764912663706923
3,10,300,638,9,0.25023733593319847,0.8341244531106615
3,10,300,639,9,0.15031612902416785,0.5010537634138928
3,10,300,640,9,0.30068505518117,1.0022835172705666
3,10,300,641,9,0.22766272803981635,0.7588757601327212
3,10,300,642,9,0.21821576210777438,0.7273858736925812
3,10,300,643,9,0.27636044586241165,0.9212014862080389
3,10,300,644,9,0.32845366682463,1.0948455560821
3,10,300,645,9,0.15391610993941596,0.5130536997980532
3,10,300,646,9,0.2341548631750206,0.7805162105834019
3,10,300,647,9,0.18191227645784103,0.60637425485947
3,10,300,648,9,0.20311529949495688,0.6770509983165229
3,10,300,649,9,0.1809902173450862,0.6033007244836206
3,10,300,650,9,0.21025844969698124,0.7008614989899374
3,10,300,651,9,0.1699334161877239,0.5664447206257464
3,10,300,652,9,0.1883440643350287,0.627813547783429
3,10,300,653,9,0.17576630774060537,0.5858876924686846
3,10,300,654,9,0.15725099260378117,0.5241699753459372
3,10,300,655,9,0.1641685898988407,0.5472286329961357
3,10,300,656,9,0.24015185363343616,0.8005061787781205
3,10,300,657,9,0.24409669173397452,0.8136556391132483
3,10,300,658,9,0.22509363209206068,0.7503121069735356
3,10,300,659,9,0.23121394505719198,0.77071315019064
3,10,300,660,9,0.23253325829534433,0.7751108609844811
3,10,300,661,9,0.2076234418416542,0.6920781394721807
3,10,300,662,9,0.17296814413222705,0.5765604804407568
3,10,300,663,9,0.3097278410186143,1.0324261367287142
3,10,300,664,9,0.16594723788566162,0.5531574596188721
3,10,300,665,9,0.28589760838763223,0.952992027958774
3,10,300,666,9,0.22148744569549095,0.7382914856516365
3,10,300,667,9,0.1597274773660302,0.532424924553434
3,10,300,668,9,0.2192754359311662,0.730918119770554
3,10,300,669,9,0.2217361005230753,0.7391203350769177
3,10,300,670,9,0.20044072815677744,0.6681357605225915
3,10,300,671,9,0.185170318885761,0.61723439628587
3,10,300,672,9,0.20108332366886394,0.6702777455628798
3,10,300,673,9,0.24001583173837288,0.800052772461243
3,10,300,674,9,0.17252635127230886,0.5750878375743629
3,10,300,675,9,0.21434833221512617,0.7144944407170873
3,10,300,676,9,0.17316644501652603,0.5772214833884202
3,10,300,677,9,0.22605265256456863,0.7535088418818955
3,10,300,678,9,0.19807713017039072,0.660257100567969
3,10,300,679,9,0.1850892172434951,0.6169640574783171
3,10,300,680,9,0.20937597939895677,0.6979199313298559
3,10,300,681,9,0.2434179004906843,0.8113930016356143
3,10,300,682,9,0.20334807652527936,0.6778269217509312
3,10,300,683,9,0.18501704734583943,0.6167234911527981
3,10,300,684,9,0.25270650072616613,0.8423550024205538
3,10,300,685,9,0.20803460115243186,0.6934486705081062
3,10,300,686,9,0.19255562937752432,0.641852097925081
3,10,300,687,9,0.2031313632491058,0.677104544163686
3,10,300,688,9,0.23963344088995936,0.7987781362998645
3,10,300,689,9,0.24146478312975914,0.8048826104325305
3,10,300,690,9,0.21555132864232077,0.7185044288077359
3,10,300,691,9,0.19519027795230318,0.6506342598410105
3,10,300,692,9,0.16107750896684883,0.5369250298894961
3,10,300,693,9,0.24249655369132223,0.8083218456377408
3,10,300,694,9,0.25514953679438435,0.8504984559812812
3,10,300,695,9,0.22550591981411405,0.7516863993803802
3,10,300,696,9,0.19917312254413427,0.6639104084804476
3,10,300,697,9,0.2213029887056628,0.7376766290188761
3,10,300,698,9,0.2662142029368052,0.8873806764560174
3,10,300,699,9,0.19668548567005553,0.6556182855668518
3,10,300,700,9,0.2135450745032722,0.7118169150109073
3,10,300,701,9,0.18543533318072797,0.6181177772690932
3,10,300,702,9,0.17474674326649492,0.5824891442216498
3,10,300,703,9,0.23193379814688922,0.7731126604896307
3,10,300,704,9,0.1863300751832453,0.6211002506108176
3,10,300,705,9,0.21627820590502317,0.7209273530167438
3,10,300,706,9,0.1666244727198674,0.5554149090662247
3,10,300,707,9,0.24444483496820327,0.8148161165606775
3,10,300,708,9,0.2005507784254142,0.6685025947513806
3,10,300,709,9,0.20484130636050568,0.682804354535019
3,10,300,710,9,0.17385018092880022,0.5795006030960007
3,10,300,711,9,0.16285201090508314,0.5428400363502771
3,10,300,712,9,0.18316725406151108,0.6105575135383703
3,10,300,713,9,0.28312520807870034,0.9437506935956678
3,10,300,714,9,0.20944921076961004,0.6981640358987001
3,10,300,715,9,0.28830387447090877,0.9610129149030292
3,10,300,716,9,0.21032619670683,0.7010873223561
3,10,300,717,9,0.2874033977465158,0.9580113258217193
3,10,300,718,9,0.26072902770205664,0.8690967590068555
3,10,300,719,9,0.16190491142631397,0.5396830380877132
3,10,300,720,9,0.18728812064037242,0.6242937354679081
3,10,300,721,9,0.2872976186050868,0.9576587286836227
3,10,300,722,9,0.19885404565500625,0.6628468188500208
3,10,300,723,9,0.22037368986321418,0.7345789662107138
3,10,300,724,9,0.2213312147813114,0.7377707159377047
3,10,300,725,9,0.25888871377434103,0.8629623792478035
3,10,300,726,9,0.2246120310927793,0.7487067703092644
3,10,300,727,9,0.24306949639616449,0.8102316546538816
3,10,300,728,9,0.22322052811321647,0.7440684270440548
3,10,300,729,9,0.20503761645453394,0.6834587215151131
3,10,300,730,9,0.2319547270353559,0.7731824234511864
3,10,300,731,9,0.12569027947912098,0.4189675982637366
3,10,300,732,9,0.22897217153111113,0.7632405717703705
3,10,300,733,9,0.23552149708898684,0.7850716569632894
3,10,300,734,9,0.20903735790454658,0.6967911930151552
3,10,300,735,9,0.2550219896624079,0.8500732988746931
3,10,300,736,9,0.1893524229980002,0.6311747433266673
3,10,300,737,9,0.2073078593703047,0.6910261979010156
3,10,300,738,9,0.184510983602474,0.6150366120082467
3,10,300,739,9,0.2779546574636408,0.9265155248788026
3,10,300,740,9,0.21874158964806026,0.7291386321602008
3,10,300,741,9,0.17504004099671935,0.5834668033223979
3,10,300,742,9,0.1872255778906148,0.6240852596353826
3,10,300,743,9,0.17894892365211543,0.5964964121737181
3,10,300,744,9,0.2563076377441563,0.854358792480521
3,10,300,745,9,0.23176971483717834,0.7725657161239279
3,10,300,746,9,0.16867380655880662,0.5622460218626887
3,10,300,747,9,0.2101261433100266,0.7004204777000886
3,10,300,748,9,0.21014777880333677,0.7004925960111226
3,10,300,749,9,0.23714175049128314,0.7904725016376105
3,10,300,750,9,0.21605876061069884,0.7201958687023294
3,10,300,751,9,0.20754084590284527,0.6918028196761509
3,10,300,752,9,0.21197096862871023,0.7065698954290341
3,10,300,753,9,0.22295259714176746,0.7431753238058916
3,10,300,754,9,0.19139193674524066,0.6379731224841355
3,10,300,755,9,0.23291086677413952,0.7763695559137984
3,10,300,756,9,0.1938281840294449,0.6460939467648164
3,10,300,757,9,0.2428127059987903,0.8093756866626343
3,10,300,758,9,0.19456306513627442,0.648543550454248
3,10,300,759,9,0.19532316727521726,0.6510772242507242
3,10,300,760,9,0.18855596345220066,0.6285198781740022
3,10,300,761,9,0.18675470648182674,0.6225156882727558
3,10,300,762,9,0.2326631073612256,0.7755436912040854
3,10,300,763,9,0.1872143110850914,0.6240477036169713
3,10,300,764,9,0.2655172773337848,0.8850575911126158
3,10,300,765,9,0.23507695960901587,0.7835898653633862
3,10,300,766,9,0.25774972672909824,0.8591657557636608
3,10,300,767,9,0.19050142076062704,0.6350047358687567
3,10,300,768,9,0.23318554756581827,0.7772851585527276
3,10,300,769,9,0.2058902853566936,0.6863009511889786
3,10,300,770,9,0.18738531141474063,0.6246177047158021
3,10,300,771,9,0.20873516712848808,0.6957838904282936
3,10,300,772,9,0.2169752236522252,0.7232507455074173
3,10,300,773,9,0.22733403992711496,0.7577801330903833
3,10,300,774,9,0.18298069297824182,0.6099356432608061
3,10,300,775,9,0.22979036879547945,0.7659678959849314
3,10,300,776,9,0.154653454616499,0.51551151538833
3,10,300,777,9,0.20469722619936384,0.6823240873312127
3,10,300,778,9,0.20260058598043884,0.6753352866014628
3,10,300,779,9,0.2414582142338752,0.8048607141129174
3,10,300,780,9,0.20834946375358512,0.6944982125119504
3,10,300,781,9,0.1681006503457167,0.560335501152389
3,10,300,782,9,0.1686230502831917,0.5620768342773056
3,10,300,783,9,0.2514019393873842,0.838006464624614
3,10,300,784,9,0.2737588806186312,0.9125296020621039
3,10,300,785,9,0.2651212517383628,0.8837375057945427
3,10,300,786,9,0.1759238962322477,0.5864129874408256
3,10,300,787,9,0.22177623515165773,0.7392541171721925
3,10,300,788,9,0.1577749317088558,0.5259164390295193
3,10,300,789,9,0.22899839827331947,0.7633279942443981
3,10,300,790,9,0.17712443072799886,0.5904147690933296
3,10,300,791,9,0.20990025257065112,0.6996675085688371
3,10,300,792,9,0.2069448097522578,0.689816032507526
3,10,300,793,9,0.2115818385403066,0.7052727951343554
3,10,300,794,9,0.21963699880104548,0.7321233293368182
3,10,300,795,9,0.17172253094202566,0.5724084364734189
3,10,300,796,9,0.2566055947591607,0.8553519825305358
3,10,300,797,9,0.18935310708307584,0.6311770236102529
3,10,300,798,9,0.2701187207209972,0.9003957357366573
3,10,300,799,9,0.18145916155289699,0.60486387184299
3,10,300,800,9,0.20001711776981101,0.66672372589937
3,10,300,801,9,0.20459958722965751,0.6819986240988584
3,10,300,802,9,0.22514925824078363,0.7504975274692789
3,10,300,803,9,0.2211337859629471,0.7371126198764902
3,10,300,804,9,0.18185363733440585,0.6061787911146861
3,10,300,805,9,0.19333601610926274,0.6444533870308757
3,10,300,806,9,0.20411152381813782,0.6803717460604595
3,10,300,807,9,0.20704176591055845,0.6901392197018615
3,10,300,808,9,0.1851267184978165,0.6170890616593884
3,10,300,809,9,0.23856443864837218,0.795214795494574
3,10,300,810,9,0.2132850736473897,0.7109502454912989
3,10,300,811,9,0.2542192178661684,0.847397392887228
3,10,300,812,9,0.17919966353689956,0.5973322117896652
3,10,300,813,9,0.25395943227578216,0.8465314409192738
3,10,300,814,9,0.18899464536008115,0.6299821512002706
3,10,300,815,9,0.2116656365358025,0.7055521217860083
3,10,300,816,9,0.22727126837930858,0.7575708945976953
3,10,300,817,9,0.23277909067685235,0.7759303022561744
3,10,300,818,9,0.20144604591870166,0.6714868197290055
3,10,300,819,9,0.21908555206679506,0.7302851735559834
3,10,300,820,9,0.221565016622787,0.73855005540929
3,10,300,821,9,0.1947628431886283,0.6492094772954277
3,10,300,822,9,0.17074886931824687,0.5691628977274895
3,10,300,823,9,0.1885836037217655,0.628612012405885
3,10,300,824,9,0.20750256353808272,0.6916752117936091
3,10,300,825,9,0.236652402857975,0.7888413428599167
3,10,300,826,9,0.18202079549653527,0.6067359849884509
3,10,300,827,9,0.2690582331063188,0.8968607770210628
3,10,300,828,9,0.2514911516185809,0.8383038387286029
3,10,300,829,9,0.2173704662650516,0.7245682208835054
3,10,300,830,9,0.25008667301082044,0.8336222433694014
3,10,300,831,9,0.18408591881953737,0.6136197293984579
3,10,300,832,9,0.24873909373352582,0.829130312445086
3,10,300,833,9,0.22396895086713586,0.7465631695571194
3,10,300,834,9,0.24639860060876928,0.8213286686958976
3,10,300,835,9,0.16039946071852906,0.5346648690617635
3,10,300,836,9,0.24453879134105505,0.8151293044701835
3,10,300,837,9,0.21416365908593096,0.7138788636197699
3,10,300,838,9,0.27729861781199194,0.9243287260399732
3,10,300,839,9,0.2023414206721755,0.674471402240585
3,10,300,840,9,0.19386500250756683,0.6462166750252227
3,10,300,841,9,0.23558941678316975,0.7852980559438991
3,10,300,842,9,0.2303930352996328,0.7679767843321093
3,10,300,843,9,0.18085908193467998,0.6028636064489332
3,10,300,844,9,0.2018958758029154,0.6729862526763847
3,10,300,845,9,0.19546267828055103,0.6515422609351701
3,10,300,846,9,0.18989921936707183,0.6329973978902395
3,10,300,847,9,0.1894847175010043,0.6316157250033476
3,10,300,848,9,0.24135790223930403,0.8045263407976802
3,10,300,849,9,0.183738189943148,0.6124606331438267
3,10,300,850,9,0.28817113175510234,0.9605704391836745
3,10,300,851,9,0.18366276843674376,0.6122092281224791
3,10,300,852,9,0.24142177276246252,0.8047392425415418
3,10,300,853,9,0.223797203136546,0.7459906771218201
3,10,300,854,9,0.16611967946787548,0.5537322648929183
3,10,300,855,9,0.25544997128667346,0.8514999042889115
3,10,300,856,9,0.2447287525436289,0.815762508478763
3,10,300,857,9,0.2779086829679307,0.926362276559769
3,10,300,858,9,0.215372990263264,0.7179099675442133
3,10,300,859,9,0.2576678258480631,0.8588927528268769
3,10,300,860,9,0.2153273963132338,0.7177579877107794
3,10,300,861,9,0.2309157541718557,0.7697191805728524
3,10,300,862,9,0.2938636449824822,0.9795454832749406
3,10,300,863,9,0.202829984454225,0.67609994818075
3,10,300,864,9,0.18625281155642454,0.6208427051880818
3,10,300,865,9,0.1898759299490742,0.6329197664969141
3,10,300,866,9,0.1793160520069665,0.5977201733565549
3,10,300,867,9,0.2108388986140949,0.7027963287136497
3,10,300,868,9,0.19889413006924528,0.6629804335641509
3,10,300,869,9,0.2219202775063749,0.7397342583545831
3,10,300,870,9,0.22622399492866163,0.7540799830955388
3,10,300,871,9,0.2365137976840619,0.7883793256135395
3,10,300,872,9,0.2621433258667587,0.873811086222529
3,10,300,873,9,0.2211195646434694,0.7370652154782313
3,10,300,874,9,0.2768232746466732,0.9227442488222442
3,10,300,875,9,0.18902604600294226,0.6300868200098075
3,10,300,876,9,0.2495780421286922,0.8319268070956407
3,10,300,877,9,0.1691014316575461,0.5636714388584869
3,10,300,878,9,0.19841455905215566,0.6613818635071855
3,10,300,879,9,0.21835137111081981,0.7278379037027327
3,10,300,880,9,0.1769592296993317,0.5898640989977723
3,10,300,881,9,0.22715415629430694,0.7571805209810232
3,10,300,882,9,0.22411992319677393,0.7470664106559131
3,10,300,883,9,0.18130214161722863,0.6043404720574288
3,10,300,884,9,0.2235733670111001,0.745244556703667
3,10,300,885,9,0.2562191915476085,0.8540639718253616
3,10,300,886,9,0.18084912894216004,0.6028304298072001
3,10,300,887,9,0.19233469108234752,0.6411156369411585
3,10,300,888,9,0.2681327411519783,0.8937758038399277
3,10,300,889,9,0.241412544619144,0.8047084820638133
3,10,300,890,9,0.3196757054130418,1.0655856847101393
3,10,300,891,9,0.1886749394946849,0.6289164649822829
3,10,300,892,9,0.23031566609535928,0.767718886984531
3,10,300,893,9,0.19939794538212716,0.6646598179404238
3,10,300,894,9,0.2381921879850432,0.7939739599501441
3,10,300,895,9,0.22740846792040192,0.7580282264013397
3,10,300,896,9,0.27001236260903644,0.9000412086967882
3,10,300,897,9,0.21837442133685278,0.7279147377895092
3,10,300,898,9,0.20336068759588305,0.6778689586529435
3,10,300,899,9,0.1940061670211694,0.6466872234038981
3,10,300,900,9,0.22949231435805956,0.7649743811935319
3,10,300,901,9,0.1711929215316151,0.5706430717720504
3,10,300,902,9,0.2620662220500561,0.873554073500187
3,10,300,903,9,0.19846182763476633,0.6615394254492212
3,10,300,904,9,0.25764658495976267,0.8588219498658756
3,10,300,905,9,0.20518313344835526,0.6839437781611842
3,10,300,906,9,0.1584460218373312,0.5281534061244374
3,10,300,907,9,0.2491067112617165,0.8303557042057217
3,10,300,908,9,0.21350627639713649,0.7116875879904551
3,10,300,909,9,0.1870709467988722,0.6235698226629073
3,10,300,910,9,0.1966990328019965,0.6556634426733217
3,10,300,911,9,0.25958718218611976,0.865290607287066
3,10,300,912,9,0.15460977696070577,0.5153659232023525
3,10,300,913,9,0.18576836451235446,0.6192278817078483
3,10,300,914,9,0.2124164203284075,0.7080547344280249
3,10,300,915,9,0.2567224643309949,0.8557415477699829
3,10,300,916,9,0.23567273773811095,0.7855757924603698
3,10,300,917,9,0.28582422011550446,0.9527474003850148
3,10,300,918,9,0.2511517431257606,0.8371724770858686
3,10,300,919,9,0.26749192759496776,0.8916397586498925
3,10,300,920,9,0.18471074988771116,0.6157024996257039
3,10,300,921,9,0.21714712224497948,0.7238237408165983
3,10,300,922,9,0.27103914711351085,0.9034638237117029
3,10,300,923,9,0.20707869638576942,0.690262321285898
3,10,300,924,9,0.15009066284155173,0.5003022094718391
3,10,300,925,9,0.27238673217401976,0.9079557739133992
3,10,300,926,9,0.2061286821624182,0.6870956072080606
3,10,300,927,9,0.22197378534472462,0.7399126178157488
3,10,300,928,9,0.22581407670468487,0.7527135890156162
3,10,300,929,9,0.20234691603811203,0.6744897201270401
3,10,300,930,9,0.1482548082128938,0.4941826940429793
3,10,300,931,9,0.25507034468993606,0.8502344822997868
3,10,300,932,9,0.20083049409368176,0.6694349803122724
3,10,300,933,9,0.18494955877153882,0.6164985292384627
3,10,300,934,9,0.18381510852960364,0.6127170284320121
3,10,300,935,9,0.21185017313660304,0.7061672437886768
3,10,300,936,9,0.23248263450676518,0.7749421150225506
3,10,300,937,9,0.1884366939910913,0.6281223133036378
3,10,300,938,9,0.267280169989245,0.89093389996415
3,10,300,939,9,0.2239866299580584,0.7466220998601947
3,10,300,940,9,0.25787973687911303,0.8595991229303768
3,10,300,941,9,0.19900931870690614,0.6633643956896871
3,10,300,942,9,0.18266980025526647,0.6088993341842216
3,10,300,943,9,0.188500047487833,0.6283334916261101
3,10,300,944,9,0.23160825888669329,0.7720275296223109
3,10,300,945,9,0.18661484912664655,0.6220494970888218
3,10,300,946,9,0.23488100525962152,0.7829366841987384
3,10,300,947,9,0.22048659226125505,0.7349553075375168
3,10,300,948,9,0.2622872150257239,0.874290716752413
3,10,300,949,9,0.19782169796248422,0.6594056598749474
3,10,300,950,9,0.24435151365609292,0.8145050455203097
3,10,300,951,9,0.1989406177964052,0.663135392654684
3,10,300,952,9,0.22441234898301948,0.7480411632767315
3,10,300,953,9,0.20536250625880176,0.6845416875293392
3,10,300,954,9,0.20436178604477662,0.6812059534825887
3,10,300,955,9,0.19703432887579037,0.6567810962526346
3,10,300,956,9,0.21332610008715638,0.7110870002905213
3,10,300,957,9,0.2165658072888928,0.7218860242963093
3,10,300,958,9,0.17237919415749448,0.5745973138583149
3,10,300,959,9,0.17410009850176483,0.5803336616725494
3,10,300,960,9,0.16551950250902686,0.5517316750300895
3,10,300,961,9,0.14128186513346724,0.4709395504448908
3,10,300,962,9,0.2276105216882876,0.7587017389609586
3,10,300,963,9,0.23880974818690356,0.7960324939563452
3,10,300,964,9,0.2554888010909918,0.8516293369699728
3,10,300,965,9,0.1828837422622952,0.6096124742076506
3,10,300,966,9,0.22631589605463176,0.7543863201821058
3,10,300,967,9,0.20231946809158158,0.6743982269719386
3,10,300,968,9,0.24793572124662594,0.8264524041554198
3,10,300,969,9,0.1698341073860098,0.5661136912866993
3,10,300,970,9,0.1903631390517121,0.6345437968390404
3,10,300,971,9,0.1844045430898758,0.614681810299586
3,10,300,972,9,0.21815891827729958,0.7271963942576652
3,10,300,973,9,0.21682835900170117,0.7227611966723373
3,10,300,974,9,0.34692414318676845,1.1564138106225614
3,10,300,975,9,0.24847660224807544,0.8282553408269182
3,10,300,976,9,0.22522005256809646,0.7507335085603215
3,10,300,977,9,0.20784262244905272,0.6928087414968424
3,10,300,978,9,0.19694213091722856,0.6564737697240952
3,10,300,979,9,0.17931636868034095,0.5977212289344698
3,10,300,980,9,0.25040329458312893,0.8346776486104297
3,10,300,981,9,0.15762638004474108,0.5254212668158036
3,10,300,982,9,0.273413922214752,0.9113797407158402
3,10,300,983,9,0.19190211078883715,0.6396737026294572
3,10,300,984,9,0.2653152328448133,0.884384109482711
3,10,300,985,9,0.22600498887628045,0.7533499629209348
3,10,300,986,9,0.17281883388070146,0.5760627796023382
3,10,300,987,9,0.21008008606747913,0.7002669535582638
3,10,300,988,9,0.29722346419587775,0.9907448806529259
3,10,300,989,9,0.21038257897482124,0.7012752632494041
3,10,300,990,9,0.22455105554233312,0.7485035184744437
3,10,300,991,9,0.19645261722514737,0.6548420574171578
3,10,300,992,9,0.24044574925504986,0.8014858308501661
3,10,300,993,9,0.19569636969002657,0.6523212323000885
3,10,300,994,9,0.20030480306544163,0.6676826768848054
3,10,300,995,9,0.16769320663130505,0.5589773554376835
3,10,300,996,9,0.2849339152810813,0.9497797176036044
3,10,300,997,9,0.24133785588676046,0.8044595196225349
3,10,300,998,9,0.18657112539070528,0.6219037513023509
3,10,300,999,9,0.21225691817156073,0.7075230605718691
3,10,300,1000,9,0.21723895715233055,0.7241298571744352
3,10,300,1001,9,0.18926977174025783,0.6308992391341928
3,10,300,1002,9,0.1835164551941423,0.6117215173138077
3,10,300,1003,9,0.16846449102468836,0.5615483034156279
3,10,300,1004,9,0.19630273067064186,0.6543424355688062
3,10,300,1005,9,0.21504579071458,0.7168193023819334
3,10,300,1006,9,0.21748512932538386,0.7249504310846129
3,10,300,1007,9,0.2957594227834911,0.9858647426116369
3,10,300,1008,9,0.2118748202959762,0.7062494009865874
3,10,300,1009,9,0.23141161185341447,0.7713720395113816
3,10,300,1010,9,0.1912517093254117,0.6375056977513723
3,10,300,1011,9,0.23599124871653296,0.7866374957217765
3,10,300,1012,9,0.202984514270865,0.67661504756955
3,10,300,1013,9,0.17076164258308063,0.5692054752769354
3,10,300,1014,9,0.2293346792735526,0.7644489309118421
3,10,300,1015,9,0.16235076220841865,0.5411692073613955
3,10,300,1016,9,0.17957197643494116,0.5985732547831373
3,10,300,1017,9,0.19394978949559416,0.6464992983186472
3,10,300,1018,9,0.23070928220510922,0.7690309406836974
3,10,300,1019,9,0.21937464104749385,0.7312488034916462
3,10,300,1020,9,0.21934207629196148,0.7311402543065383
3,10,300,1021,9,0.20838758082453557,0.6946252694151186
3,10,300,1022,9,0.22730832515951313,0.757694417198377
3,10,300,1023,9,0.28007379537328847,0.9335793179109615
3,10,300,1024,9,0.23594841061686306,0.7864947020562102
3,10,300,1025,9,0.16402896559367366,0.5467632186455789
3,10,300,1026,9,0.19125605192326606,0.6375201730775535
3,10,300,1027,9,0.22903034317810594,0.7634344772603531
3,10,300,1028,9,0.22945047106192798,0.7648349035397599
3,10,300,1029,9,0.19265401082051842,0.6421800360683948
3,10,300,1030,9,0.22766108916753064,0.7588702972251021
3,10,300,1031,9,0.2455159773822989,0.8183865912743298
3,10,300,1032,9,0.2937688242941877,0.979229414313959
3,10,300,1033,9,0.20843485620352725,0.6947828540117575
3,10,300,1034,9,0.2549097018192405,0.8496990060641351
3,10,300,1035,9,0.21064762477332669,0.7021587492444223
3,10,300,1036,9,0.17170531195140784,0.5723510398380262
3,10,300,1037,9,0.26767267070994705,0.8922422356998235
3,10,300,1038,9,0.1910090144955977,0.6366967149853257
3,10,300,1039,9,0.23799805095372514,0.7933268365124172
3,10,300,1040,9,0.21414378155269864,0.7138126051756621
3,10,300,1041,9,0.2582666938757085,0.860888979585695
3,10,300,1042,9,0.2545117820930523,0.848372606976841
3,10,300,1043,9,0.2160168162042765,0.720056054014255
3,10,300,1044,9,0.2281558049864802,0.760519349954934
3,10,300,1045,9,0.2269903239266991,0.756634413088997
3,10,300,1046,9,0.18198355642492314,0.6066118547497438
3,10,300,1047,9,0.20871747841773397,0.6957249280591132
3,10,300,1048,9,0.18981877573334974,0.6327292524444992
3,10,300,1049,9,0.193580716871557,0.6452690562385234
3,10,300,1050,9,0.25971996146637283,0.8657332048879094
3,10,300,1051,9,0.22603094790709818,0.7534364930236606
3,10,300,1052,9,0.1976136273527747,0.6587120911759157
3,10,300,1053,9,0.174125615009998,0.5804187166999935
3,10,300,1054,9,0.20709154067533167,0.690305135584439
3,10,300,1055,9,0.21588912314578987,0.7196304104859662
3,10,300,1056,9,0.19955883750198067,0.6651961250066022
3,10,300,1057,9,0.21591460322203906,0.7197153440734635
3,10,300,1058,9,0.2681064712670139,0.8936882375567131
3,10,300,1059,9,0.23518770261308156,0.7839590087102719
3,10,300,1060,9,0.1865378239858262,0.6217927466194206
3,10,300,1061,9,0.22137378015515488,0.737912600517183
3,10,300,1062,9,0.21664468996493863,0.7221489665497954
3,10,300,1063,9,0.2763181690977294,0.9210605636590979
3,10,300,1064,9,0.2177939847525847,0.7259799491752823
3,10,300,1065,9,0.19875569990322126,0.6625189996774041
3,10,300,1066,9,0.21090457160356801,0.7030152386785601
3,10,300,1067,9,0.2666312567230239,0.888770855743413
3,10,300,1068,9,0.21982571163923204,0.7327523721307734
3,10,300,1069,9,0.20082366836415438,0.6694122278805146
3,10,300,1070,9,0.18257692581104334,0.6085897527034778
3,10,300,1071,9,0.2765128994476875,0.921709664825625
3,10,300,1072,9,0.19150784954828753,0.6383594984942917
3,10,300,1073,9,0.29563014120955755,0.9854338040318585
3,10,300,1074,9,0.19133941861547799,0.6377980620515933
3,10,300,1075,9,0.26255872303270256,0.8751957434423419
3,10,300,1076,9,0.2396679065327924,0.7988930217759748
3,10,300,1077,9,0.1771028554867235,0.5903428516224116
3,10,300,1078,9,0.19490111638689275,0.6496703879563092
3,10,300,1079,9,0.25980523488037705,0.8660174496012568
3,10,300,1080,9,0.21618753655192194,0.7206251218397398
3,10,300,1081,9,0.14776740411821027,0.4925580137273675
3,10,300,1082,9,0.18997470082777346,0.6332490027592448
3,10,300,1083,9,0.2003158980475584,0.667719660158528
3,10,300,1084,9,0.1839339430536383,0.6131131435121276
3,10,300,1085,9,0.2318616526136303,0.7728721753787676
3,10,300,1086,9,0.21297994196350067,0.7099331398783356
3,10,300,1087,9,0.2178647776029159,0.726215925343053
3,10,300,1088,9,0.2291369793117016,0.7637899310390054
3,10,300,1089,9,0.24233239167120554,0.8077746389040185
3,10,300,1090,9,0.24604936464756696,0.8201645488252232
3,10,300,1091,9,0.24477074778278163,0.8159024926092721
3,10,300,1092,9,0.22410777630203255,0.7470259210067752
3,10,300,1093,9,0.20521389070361187,0.6840463023453729
3,10,300,1094,9,0.24506630000460647,0.8168876666820215
3,10,300,1095,9,0.3000411879042423,1.000137293014141
3,10,300,1096,9,0.22757256882410012,0.7585752294136672
3,10,300,1097,9,0.24109346364081885,0.8036448788027296
3,10,300,1098,9,0.20979339929248758,0.6993113309749587
3,10,300,1099,9,0.15250715781173613,0.508357192705787
3,10,300,1100,9,0.20897243282861033,0.6965747760953678
3,10,300,1101,9,0.24181101116497325,0.8060367038832442
3,10,300,1102,9,0.2434177578998178,0.8113925263327258
3,10,300,1103,9,0.24461692123174553,0.8153897374391518
3,10,300,1104,9,0.18215403885868475,0.6071801295289492
3,10,300,1105,9,0.21608255967693307,0.7202751989231102
3,10,300,1106,9,0.1535494648030059,0.5118315493433531
3,10,300,1107,9,0.2332374819142965,0.7774582730476549
3,10,300,1108,9,0.1783006852385784,0.594335617461928
3,10,300,1109,9,0.19696616211014162,0.656553873700472
3,10,300,1110,9,0.16556084543751598,0.5518694847917199
3,10,300,1111,9,0.20082524904515098,0.6694174968171699
3,10,300,1112,9,0.23927942346566222,0.7975980782188741
3,10,300,1113,9,0.24733028247615307,0.8244342749205102
3,10,300,1114,9,0.18026345154004042,0.6008781718001348
3,10,300,1115,9,0.20772662788044235,0.6924220929348078
3,10,300,1116,9,0.26024410019334887,0.8674803339778296
3,10,300,1117,9,0.24570253281774596,0.81900844272582
3,10,300,1118,9,0.26905153040674074,0.8968384346891358
3,10,300,1119,9,0.26459261089007613,0.881975369633587
3,10,300,1120,9,0.18709498475564754,0.6236499491854918
3,10,300,1121,9,0.18769121292651636,0.6256373764217211
3,10,300,1122,9,0.206753824332821,0.6891794144427367
3,10,300,1123,9,0.219614042773,0.7320468092433333
3,10,300,1124,9,0.24080223571135034,0.8026741190378346
3,10,300,1125,9,0.18862350894500587,0.6287450298166862
3,10,300,1126,9,0.22190522622868,0.7396840874289334
3,10,300,1127,9,0.22020237281522126,0.7340079093840709
3,10,300,1128,9,0.23745979123693525,0.7915326374564509
3,10,300,1129,9,0.1327551659451418,0.4425172198171393
3,10,300,1130,9,0.20713222578554608,0.6904407526184869
3,10,300,1131,9,0.20832849600413822,0.6944283200137941
3,10,300,1132,9,0.1550206565869498,0.5167355219564994
3,10,300,1133,9,0.18589699541802204,0.6196566513934069
3,10,300,1134,9,0.22263567214333513,0.7421189071444505
3,10,300,1135,9,0.2818009726529772,0.9393365755099241
3,10,300,1136,9,0.26155356854869327,0.8718452284956442
3,10,300,1137,9,0.1607392133174368,0.5357973777247893
3,10,300,1138,9,0.19357104313953316,0.6452368104651106
3,10,300,1139,9,0.21997093996190345,0.7332364665396781
3,10,300,1140,9,0.18797309084807293,0.6265769694935764
3,10,300,1141,9,0.21086671511655786,0.7028890503885261
3,10,300,1142,9,0.18902840512579006,0.6300946837526334
3,10,300,1143,9,0.18653373084903271,0.6217791028301091
3,10,300,1144,9,0.21394861632687773,0.7131620544229258
3,10,300,1145,9,0.2218611896242783,0.7395372987475943
3,10,300,1146,9,0.22231004385971154,0.7410334795323718
3,10,300,1147,9,0.17432553921472765,0.5810851307157588
3,10,300,1148,9,0.22103312550902499,0.7367770850300832
3,10,300,1149,9,0.22281569428102063,0.7427189809367355
3,10,300,1150,9,0.25341800127847425,0.8447266709282475
3,10,300,1151,9,0.20362690742860126,0.6787563580953375
3,10,300,1152,9,0.2784846880572768,0.928282293524256
3,10,300,1153,9,0.19679455780478156,0.6559818593492719
3,10,300,1154,9,0.27389884844146706,0.9129961614715569
3,10,300,1155,9,0.17333973163092742,0.5777991054364247
3,10,300,1156,9,0.2323670694607201,0.7745568982024003
3,10,300,1157,9,0.2021497146901066,0.6738323823003552
3,10,300,1158,9,0.2588589919498142,0.8628633064993807
3,10,300,1159,9,0.22473894408518535,0.7491298136172846
3,10,300,1160,9,0.22218722735196617,0.7406240911732206
3,10,300,1161,9,0.20620744916200173,0.6873581638733391
3,10,300,1162,9,0.19656457599348837,0.6552152533116279
3,10,300,1163,9,0.2445132863145292,0.8150442877150973
3,10,300,1164,9,0.17424594980879574,0.5808198326959858
3,10,300,1165,9,0.19728917162772316,0.6576305720924106
3,10,300,1166,9,0.2119521359749818,0.7065071199166061
3,10,300,1167,9,0.22582322885161385,0.7527440961720462
3,10,300,1168,9,0.2011244145256227,0.670414715085409
3,10,300,1169,9,0.18085408519559495,0.6028469506519832
3,10,300,1170,9,0.2237134701745983,0.7457115672486611
3,10,300,1171,9,0.1916832222160575,0.6389440740535249
3,10,300,1172,9,0.22777453073436926,0.7592484357812309
3,10,300,1173,9,0.374786296796849,1.2492876559894968
3,10,300,1174,9,0.24085217875952136,0.8028405958650712
3,10,300,1175,9,0.1783362095846324,0.5944540319487747
3,10,300,1176,9,0.2156786900274946,0.7189289667583154
3,10,300,1177,9,0.18500790558248653,0.6166930186082884
3,10,300,1178,9,0.270187123548839,0.9006237451627968
3,10,300,1179,9,0.23860116410877846,0.7953372136959282
3,10,300,1180,9,0.17418884171154714,0.5806294723718237
3,10,300,1181,9,0.22627444869983115,0.7542481623327705
3,10,300,1182,9,0.1909658620920991,0.6365528736403303
3,10,300,1183,9,0.24880381414869476,0.8293460471623159
3,10,300,1184,9,0.20476224649808242,0.6825408216602747
3,10,300,1185,9,0.25084945167484185,0.8361648389161395
3,10,300,1186,9,0.19814273541609112,0.6604757847203037
3,10,300,1187,9,0.23284568193426763,0.7761522731142255
3,10,300,1188,9,0.2272146310939,0.7573821036463334
3,10,300,1189,9,0.18633770478001066,0.6211256826000355
3,10,300,1190,9,0.17890865803819928,0.5963621934606642
3,10,300,1191,9,0.23240785982515066,0.7746928660838356
3,10,300,1192,9,0.20593908014420317,0.6864636004806772
3,10,300,1193,9,0.18599190220207878,0.6199730073402626
3,10,300,1194,9,0.18689376218096365,0.6229792072698789
3,10,300,1195,9,0.24040446849396258,0.8013482283132085
3,10,300,1196,9,0.23389557554042006,0.7796519184680668
3,10,300,1197,9,0.2156977729128725,0.7189925763762417
3,10,300,1198,9,0.15748037586014182,0.5249345862004727
3,10,300,1199,9,0.23064191576336285,0.7688063858778762
3,10,300,1200,9,0.22643463633112476,0.7547821211037492
3,10,300,1201,9,0.21469346300393105,0.7156448766797701
3,10,300,1202,9,0.23011973248660642,0.7670657749553548
3,10,300,1203,9,0.18666709786689245,0.6222236595563082
3,10,300,1204,9,0.22618923784679465,0.7539641261559822
3,10,300,1205,9,0.2095275183330621,0.698425061110207
3,10,300,1206,9,0.2546910647144155,0.8489702157147183
3,10,300,1207,9,0.32427444582835,1.0809148194278335
3,10,300,1208,9,0.2232450684685813,0.7441502282286042
3,10,300,1209,9,0.17995524208970246,0.5998508069656748
3,10,300,1210,9,0.2269525836771569,0.7565086122571897
3,10,300,1211,9,0.15319125178107462,0.5106375059369154
3,10,300,1212,9,0.1753770081987458,0.5845900273291527
3,10,300,1213,9,0.20155120940765225,0.6718373646921741
3,10,300,1214,9,0.21009160989645304,0.7003053663215102
3,10,300,1215,9,0.1935733808987668,0.6452446029958894
3,10,300,1216,9,0.21590555712627857,0.7196851904209285
3,10,300,1217,9,0.24412276177964903,0.8137425392654968
3,10,300,1218,9,0.21555444235328455,0.7185148078442819
3,10,300,1219,9,0.18336503724458209,0.6112167908152736
3,10,300,1220,9,0.27281854132648165,0.9093951377549387
3,10,300,1221,9,0.16940036059406682,0.5646678686468894
3,10,300,1222,9,0.20566644538406703,0.6855548179468901
3,10,300,1223,9,0.18141345469295764,0.6047115156431921
3,10,300,1224,9,0.20654561986360062,0.6884853995453354
3,10,300,1225,9,0.22303008769519772,0.7434336256506591
3,10,300,1226,9,0.28548783002222183,0.9516261000740728
3,10,300,1227,9,0.1835799325362864,0.6119331084542879
3,10,300,1228,9,0.21186157106924774,0.7062052368974925
3,10,300,1229,9,0.22312358834318108,0.7437452944772703
3,10,300,1230,9,0.1704497534628867,0.5681658448762891
3,10,300,1231,9,0.2179598044315751,0.7265326814385836
3,10,300,1232,9,0.21746748938164592,0.7248916312721531
3,10,300,1233,9,0.24674504625436117,0.8224834875145373
3,10,300,1234,9,0.24410867448840956,0.8136955816280319
3,10,300,1235,9,0.2575022502379666,0.8583408341265553
3,10,300,1236,9,0.2420437067184367,0.8068123557281224
3,10,300,1237,9,0.20360735440987557,0.6786911813662518
3,10,300,1238,9,0.24152051542330777,0.8050683847443593
3,10,300,1239,9,0.16837906728110622,0.5612635576036874
3,10,300,1240,9,0.23593193693331155,0.7864397897777051
3,10,300,1241,9,0.19148239940472622,0.6382746646824208
3,10,300,1242,9,0.23730915006202985,0.7910305002067662
3,10,300,1243,9,0.22201500194515442,0.7400500064838481
3,10,300,1244,9,0.1770262588631556,0.590087529543852
3,10,300,1245,9,0.25784016772784957,0.8594672257594985
3,10,300,1246,9,0.239619688972156,0.7987322965738533
3,10,300,1247,9,0.21225764852126633,0.7075254950708878
3,10,300,1248,9,0.24841518242318786,0.8280506080772928
3,10,300,1249,9,0.1794971217837549,0.598323739279183
3,10,300,1250,9,0.20771315931558473,0.6923771977186158
3,10,300,1251,9,0.1854377832449664,0.618125944149888
3,10,300,1252,9,0.2744357848188158,0.9147859493960527
3,10,300,1253,9,0.19688110095620576,0.6562703365206859
3,10,300,1254,9,0.16916341790087172,0.5638780596695724
3,10,300,1255,9,0.21650092329188741,0.7216697443062914
3,10,300,1256,9,0.17122440008726236,0.5707480002908746
3,10,300,1257,9,0.2009071376846372,0.6696904589487906
3,10,300,1258,9,0.18873838017600245,0.6291279339200082
3,10,300,1259,9,0.25743684013895385,0.8581228004631795
3,10,300,1260,9,0.3092198297375476,1.0307327657918253
3,10,300,1261,9,0.26313242388249297,0.8771080796083099
3,10,300,1262,9,0.17300231301234678,0.5766743767078226
3,10,300,1263,9,0.24258254557666456,0.8086084852555485
3,10,300,1264,9,0.2502619084502731,0.8342063615009102
3,10,300,1265,9,0.23370502191180215,0.779016739706007
3,10,300,1266,9,0.2228232519817704,0.7427441732725679
3,10,300,1267,9,0.1857095380759783,0.6190317935865943
3,10,300,1268,9,0.195703791510892,0.6523459717029734
3,10,300,1269,9,0.26785205635166487,0.8928401878388829
3,10,300,1270,9,0.3184600848240696,1.061533616080232
3,10,300,1271,9,0.16217488563362326,0.5405829521120775
3,10,300,1272,9,0.24214532252450177,0.8071510750816726
3,10,300,1273,9,0.1511243206013499,0.503747735337833
3,10,300,1274,9,0.20310650934210667,0.6770216978070221
3,10,300,1275,9,0.24821833225574214,0.8273944408524738
3,10,300,1276,9,0.18417706282946167,0.6139235427648722
3,10,300,1277,9,0.22672688514576075,0.7557562838192026
3,10,300,1278,9,0.18261151142085394,0.6087050380695131
3,10,300,1279,9,0.3035940164009045,1.0119800546696816
3,10,300,1280,9,0.2584694197743895,0.8615647325812983
3,10,300,1281,9,0.18443521564917228,0.6147840521639076
3,10,300,1282,9,0.2116818196558505,0.7056060655195017
3,10,300,1283,9,0.22483928893472885,0.7494642964490961
3,10,300,1284,9,0.23091082151554054,0.769702738385135
3,10,300,1285,9,0.20248463640944916,0.6749487880314973
3,10,300,1286,9,0.1925808049567949,0.6419360165226496
3,10,300,1287,9,0.21497426258842212,0.7165808752947403
3,10,300,1288,9,0.32347191082124144,1.0782397027374715
3,10,300,1289,9,0.18621256417021653,0.6207085472340551
3,10,300,1290,9,0.21417201856464102,0.7139067285488034
3,10,300,1291,9,0.19197285064340341,0.639909502144678
3,10,300,1292,9,0.16967115967823226,0.5655705322607741
3,10,300,1293,9,0.25734104827954085,0.8578034942651361
3,10,300,1294,9,0.206613034923203,0.6887101164106766
3,10,300,1295,9,0.29199144567569285,0.9733048189189762
3,10,300,1296,9,0.1623962367593521,0.5413207891978403
3,10,300,1297,9,0.24457980358894355,0.8152660119631452
3,10,300,1298,9,0.24109172193849474,0.8036390731283158
3,10,300,1299,9,0.18268012549153276,0.6089337516384425
3,10,300,1300,9,0.2024912719949205,0.674970906649735
3,10,300,1301,9,0.186808488353634,0.6226949611787801
3,10,300,1302,9,0.2122911139425571,0.7076370464751902
3,10,300,1303,9,0.17137165694900558,0.5712388564966853
3,10,300,1304,9,0.26789653586150897,0.8929884528716965
3,10,300,1305,9,0.19312452870516822,0.6437484290172274
3,10,300,1306,9,0.20131322640906207,0.6710440880302069
3,10,300,1307,9,0.21487290751905835,0.7162430250635279
3,10,300,1308,9,0.17050894490605184,0.5683631496868394
3,10,300,1309,9,0.1920741966984461,0.6402473223281537
3,10,300,1310,9,0.20902071222458649,0.6967357074152883
3,10,300,1311,9,0.1766835215032537,0.5889450716775124
3,10,300,1312,9,0.17365786822149962,0.578859560738332
3,10,300,1313,9,0.24332912889059097,0.8110970963019699
3,10,300,1314,9,0.321287816082363,1.07095938694121
3,10,300,1315,9,0.16429729506991322,0.547657650233044
3,10,300,1316,9,0.17590416960729602,0.58634723202432
3,10,300,1317,9,0.18042936697923845,0.6014312232641281
3,10,300,1318,9,0.20614363949360456,0.6871454649786819
3,10,300,1319,9,0.21463056069129383,0.7154352023043128
3,10,300,1320,9,0.3065555764347946,1.0218519214493154
3,10,300,1321,9,0.25321722436791416,0.844057414559714
3,10,300,1322,9,0.21086824158948514,0.7028941386316171
3,10,300,1323,9,0.25454684366959707,0.8484894788986569
3,10,300,1324,9,0.23346295947682108,0.7782098649227369
3,10,300,1325,9,0.18942278877458932,0.6314092959152977
3,10,300,1326,9,0.277099410030493,0.9236647001016434
3,10,300,1327,9,0.20907502111727042,0.6969167370575681
3,10,300,1328,9,0.21110247105804128,0.7036749035268043
3,10,300,1329,9,0.2048329101313837,0.6827763671046123
3,10,300,1330,9,0.19518806802764294,0.6506268934254764
3,10,300,1331,9,0.17784095086568555,0.5928031695522852
3,10,300,1332,9,0.20952925262020045,0.6984308420673349
3,10,300,1333,9,0.18578567319452804,0.6192855773150935
3,10,300,1334,9,0.20240272565257394,0.6746757521752464
3,10,300,1335,9,0.2009051388168606,0.669683796056202
3,10,300,1336,9,0.17518441425528863,0.5839480475176287
3,10,300,1337,9,0.19820409338404177,0.6606803112801393
3,10,300,1338,9,0.17911443037464195,0.5970481012488065
3,10,300,1339,9,0.2533393311813604,0.8444644372712015
3,10,300,1340,9,0.1668014575311868,0.5560048584372893
3,10,300,1341,9,0.18253018512787725,0.6084339504262575
3,10,300,1342,9,0.28340045086799387,0.9446681695599796
3,10,300,1343,9,0.26039453014099434,0.8679817671366479
3,10,300,1344,9,0.22700954097761467,0.7566984699253823
3,10,300,1345,9,0.22617431170081767,0.753914372336059
3,10,300,1346,9,0.2369705725282078,0.7899019084273593
3,10,300,1347,9,0.16587261025195182,0.5529087008398395
3,10,300,1348,9,0.18754068771290308,0.625135625709677
3,10,300,1349,9,0.2652483908219774,0.8841613027399247
3,10,300,1350,9,0.22824556071440485,0.7608185357146827
3,10,300,1351,9,0.23261487914893603,0.7753829304964535
3,10,300,1352,9,0.22525121576883494,0.7508373858961164
3,10,300,1353,9,0.18311262256476474,0.6103754085492158
3,10,300,1354,9,0.1734710496984573,0.578236832328191
3,10,300,1355,9,0.18977707900853483,0.6325902633617828
3,10,300,1356,9,0.2131834496773098,0.710611498924366
3,10,300,1357,9,0.16818405224439176,0.5606135074813058
3,10,300,1358,9,0.2832413411229865,0.9441378037432884
3,10,300,1359,9,0.249871103302038,0.83290367767346
3,10,300,1360,9,0.17284695285237242,0.5761565095079081
3,10,300,1361,9,0.3430305056344141,1.1434350187813804
3,10,300,1362,9,0.2906131791916439,0.9687105973054797
3,10,300,1363,9,0.2596936149784335,0.865645383261445
3,10,300,1364,9,0.1693276880982878,0.5644256269942927
3,10,300,1365,9,0.2177554054769314,0.7258513515897713
3,10,300,1366,9,0.24907604908686143,0.8302534969562048
3,10,300,1367,9,0.1943115909039257,0.6477053030130856
3,10,300,1368,9,0.21423909469892405,0.71413031566308
3,10,300,1369,9,0.19272471522983564,0.6424157174327855
3,10,300,1370,9,0.18904625222664784,0.6301541740888261
3,10,300,1371,9,0.2397622795694943,0.799207598564981
3,10,300,1372,9,0.27051589710535096,0.9017196570178366
3,10,300,1373,9,0.20548800449110322,0.6849600149703441
3,10,300,1374,9,0.23896749401528805,0.7965583133842935
3,10,300,1375,9,0.13983637635903878,0.46612125453012926
3,10,300,1376,9,0.2482403256505321,0.8274677521684404
3,10,300,1377,9,0.20106512024915807,0.6702170674971936
3,10,300,1378,9,0.2510002192315435,0.8366673974384783
3,10,300,1379,9,0.1973865637420393,0.6579552124734643
3,10,300,1380,9,0.21906235133198648,0.7302078377732883
3,10,300,1381,9,0.21171565990881513,0.7057188663627171
3,10,300,1382,9,0.19276465539661425,0.6425488513220475
3,10,300,1383,9,0.17228285002768703,0.5742761667589568
3,10,300,1384,9,0.2276357182944856,0.7587857276482853
3,10,300,1385,9,0.24071239077403228,0.8023746359134409
3,10,300,1386,9,0.2538409198168735,0.8461363993895784
3,10,300,1387,9,0.1630390011716934,0.543463337238978
3,10,300,1388,9,0.18868235825951318,0.6289411941983774
3,10,300,1389,9,0.20730081787200716,0.6910027262400238
3,10,300,1390,9,0.16808508089020965,0.5602836029673656
3,10,300,1391,9,0.2842006178094619,0.9473353926982063
3,10,300,1392,9,0.20787016526249186,0.6929005508749728
3,10,300,1393,9,0.24307542089525772,0.8102514029841924
3,10,300,1394,9,0.2076185226984318,0.692061742328106
3,10,300,1395,9,0.19556220651294026,0.6518740217098009
3,10,300,1396,9,0.20940189620545807,0.6980063206848602
3,10,300,1397,9,0.24594611139827355,0.8198203713275785
3,10,300,1398,9,0.16395221512670416,0.5465073837556805
3,10,300,1399,9,0.2138046788340386,0.7126822627801286
3,10,300,1400,9,0.24834570279085105,0.8278190093028368
3,10,300,1401,9,0.23834733847816786,0.7944911282605596
3,10,300,1402,9,0.16821042881510323,0.5607014293836774
3,10,300,1403,9,0.19449515098491976,0.6483171699497325
3,10,300,1404,9,0.2301521322355811,0.7671737741186037
3,10,300,1405,9,0.2532772124032625,0.8442573746775417
3,10,300,1406,9,0.2957958035600014,0.9859860118666713
3,10,300,1407,9,0.3629159650533725,1.2097198835112417
3,10,300,1408,9,0.186038420846263,0.6201280694875433
3,10,300,1409,9,0.19910225809327098,0.6636741936442365
3,10,300,1410,9,0.1734622916760739,0.5782076389202463
3,10,300,1411,9,0.23006891771075372,0.7668963923691792
3,10,300,1412,9,0.1935487103749114,0.6451623679163713
3,10,300,1413,9,0.21426185204375706,0.7142061734791901
3,10,300,1414,9,0.218064144188303,0.7268804806276766
3,10,300,1415,9,0.24443368708470578,0.8147789569490193
3,10,300,1416,9,0.18825333291666574,0.6275111097222191
3,10,300,1417,9,0.2103368705618111,0.7011229018727037
3,10,300,1418,9,0.17620307753689501,0.5873435917896501
3,10,300,1419,9,0.20276189570759895,0.6758729856919965
3,10,300,1420,9,0.22285231922250517,0.7428410640750173
3,10,300,1421,9,0.2217691132583973,0.739230377527991
3,10,300,1422,9,0.25383667275697647,0.8461222425232549
3,10,300,1423,9,0.20356119735295997,0.6785373245098665
3,10,300,1424,9,0.24507773544640582,0.8169257848213527
3,10,300,1425,9,0.17454702052742704,0.5818234017580901
3,10,300,1426,9,0.22068995862006924,0.7356331954002309
3,10,300,1427,9,0.21674750012253294,0.7224916670751098
3,10,300,1428,9,0.17905601974927637,0.5968533991642546
3,10,300,1429,9,0.20768757921925438,0.6922919307308479
3,10,300,1430,9,0.2866498049336535,0.955499349778845
3,10,300,1431,9,0.2239731563603608,0.7465771878678693
3,10,300,1432,9,0.2742117831673049,0.9140392772243496
3,10,300,1433,9,0.24776955019923108,0.8258985006641036
3,10,300,1434,9,0.20725670632440413,0.6908556877480138
3,10,300,1435,9,0.22160494095144703,0.7386831365048234
3,10,300,1436,9,0.23937082797061263,0.7979027599020421
3,10,300,1437,9,0.26768565438162467,0.8922855146054156
3,10,300,1438,9,0.19850799151038834,0.6616933050346278
3,10,300,1439,9,0.16668190438087138,0.5556063479362379
3,10,300,1440,9,0.16987004991719323,0.5662334997239775
3,10,300,1441,9,0.26062540203727247,0.8687513401242416
3,10,300,1442,9,0.2511773064029996,0.8372576880099988
3,10,300,1443,9,0.18432823823991634,0.6144274607997211
3,10,300,1444,9,0.24111057782283826,0.8037019260761276
3,10,300,1445,9,0.21905998478432667,0.730199949281089
3,10,300,1446,9,0.23504754140496528,0.7834918046832177
3,10,300,1447,9,0.2283080038525362,0.761026679508454
3,10,300,1448,9,0.21181902455879534,0.7060634151959845
3,10,300,1449,9,0.1816877303334495,0.605625767778165
3,10,300,1450,9,0.21438691516389313,0.7146230505463104
3,10,300,1451,9,0.20347803496656333,0.6782601165552111
3,10,300,1452,9,0.22752320653653224,0.7584106884551075
3,10,300,1453,9,0.17919500305354738,0.597316676845158
3,10,300,1454,9,0.22035809610349047,0.734526987011635
3,10,300,1455,9,0.18536023252637862,0.6178674417545954
3,10,300,1456,9,0.1927238246145847,0.6424127487152823
3,10,300,1457,9,0.25910787724915024,0.8636929241638341
3,10,300,1458,9,0.1884569339778983,0.6281897799263276
3,10,300,1459,9,0.2432485572951499,0.8108285243171663
3,10,300,1460,9,0.24883574404516118,0.8294524801505373
3,10,300,1461,9,0.20493094209273763,0.6831031403091254
3,10,300,1462,9,0.23418726180126806,0.7806242060042269
3,10,300,1463,9,0.19606092489440383,0.6535364163146794
3,10,300,1464,9,0.16637751920907762,0.5545917306969255
3,10,300,1465,9,0.2124958648722194,0.7083195495740646
3,10,300,1466,9,0.20142678414252171,0.6714226138084057
3,10,300,1467,9,0.2469668888917451,0.8232229629724837
3,10,300,1468,9,0.18696830962461175,0.6232276987487059
3,10,300,1469,9,0.3082328577530018,1.0274428591766727
3,10,300,1470,9,0.24400338829201468,0.813344627640049
3,10,300,1471,9,0.25477499452331165,0.8492499817443722
3,10,300,1472,9,0.18736597789995202,0.6245532596665068
3,10,300,1473,9,0.20262657839224155,0.6754219279741385
3,10,300,1474,9,0.19217019561160176,0.6405673187053392
3,10,300,1475,9,0.17401336752920454,0.5800445584306818
3,10,300,1476,9,0.23596899465145382,0.7865633155048462
3,10,300,1477,9,0.19941106361161393,0.6647035453720465
3,10,300,1478,9,0.16650613311768495,0.5550204437256165
3,10,300,1479,9,0.24608718318782896,0.8202906106260965
3,10,300,1480,9,0.18443109528577528,0.6147703176192509
3,10,300,1481,9,0.17956507542788594,0.5985502514262865
3,10,300,1482,9,0.2143983551946768,0.714661183982256
3,10,300,1483,9,0.18036022243983413,0.6012007414661138
3,10,300,1484,9,0.21483646913968718,0.7161215637989572
3,10,300,1485,9,0.25187791118540725,0.8395930372846908
3,10,300,1486,9,0.2465713460881891,0.8219044869606302
3,10,300,1487,9,0.19528616655677672,0.6509538885225891
3,10,300,1488,9,0.19835470590906074,0.6611823530302025
3,10,300,1489,9,0.2106675478422169,0.7022251594740563
3,10,300,1490,9,0.18334019006808763,0.6111339668936254
3,10,300,1491,9,0.2304214570632889,0.7680715235442963
3,10,300,1492,9,0.2204285527848639,0.734761842616213
3,10,300,1493,9,0.19335307901911047,0.6445102633970349
3,10,300,1494,9,0.17885425246888903,0.5961808415629635
3,10,300,1495,9,0.18364879117066837,0.6121626372355612
3,10,300,1496,9,0.2083969482645475,0.6946564942151583
3,10,300,1497,9,0.20589198669626246,0.6863066223208749
3,10,300,1498,9,0.1983090294764805,0.661030098254935
3,10,300,1499,9,0.17381510818042242,0.5793836939347414
3,10,300,1500,9,0.225436801267818,0.75145600422606
3,10,300,1501,9,0.19108198836741125,0.6369399612247041
3,10,300,1502,9,0.23410307408378034,0.7803435802792679
3,10,300,1503,9,0.19238659448182183,0.6412886482727395
3,10,300,1504,9,0.17707049432221672,0.5902349810740558
3,10,300,1505,9,0.23446153662871444,0.7815384554290481
3,10,300,1506,9,0.2847879687144005,0.9492932290480016
3,10,300,1507,9,0.15603360209532768,0.5201120069844256
3,10,300,1508,9,0.20370767947202012,0.679025598240067
3,10,300,1509,9,0.24046398215695425,0.8015466071898475
3,10,300,1510,9,0.21122612554973436,0.7040870851657812
3,10,300,1511,9,0.20878370058497553,0.695945668616585
3,10,300,1512,9,0.19816937920047978,0.6605645973349326
3,10,300,1513,9,0.19885414799051998,0.6628471599683999
3,10,300,1514,9,0.2363775117247469,0.7879250390824897
3,10,300,1515,9,0.25008131241945375,0.8336043747315125
3,10,300,1516,9,0.21104463743240467,0.7034821247746823
3,10,300,1517,9,0.22556791800196846,0.7518930600065616
3,10,300,1518,9,0.18335561479890133,0.6111853826630045
3,10,300,1519,9,0.24605182542806608,0.820172751426887
3,10,300,1520,9,0.22199772570159526,0.7399924190053174
3,10,300,1521,9,0.2796976101543043,0.9323253671810142
3,10,300,1522,9,0.1530820241402065,0.5102734138006882
3,10,300,1523,9,0.20447227120688022,0.6815742373562674
3,10,300,1524,9,0.2189123133533515,0.7297077111778383
3,10,300,1525,9,0.20614081080944627,0.6871360360314875
3,10,300,1526,9,0.20337858701340739,0.6779286233780246
3,10,300,1527,9,0.207392252154049,0.6913075071801633
3,10,300,1528,9,0.2578088085265294,0.8593626950884312
3,10,300,1529,9,0.24748592837086214,0.8249530945695404
3,10,300,1530,9,0.23528911378147865,0.7842970459382622
3,10,300,1531,9,0.16703861601699282,0.5567953867233094
3,10,300,1532,9,0.20189582820959878,0.6729860940319959
3,10,300,1533,9,0.2174348135487365,0.7247827118291217
3,10,300,1534,9,0.17217180436425317,0.5739060145475106
3,10,300,1535,9,0.2784630654797802,0.9282102182659341
3,10,300,1536,9,0.2843478469975053,0.9478261566583511
3,10,300,1537,9,0.22751594151664062,0.7583864717221354
3,10,300,1538,9,0.2289887758899205,0.7632959196330683
3,10,300,1539,9,0.23678745869579138,0.7892915289859712
3,10,300,1540,9,0.24063951345940987,0.8021317115313663
3,10,300,1541,9,0.19492263366107385,0.6497421122035795
3,10,300,1542,9,0.25707736813524346,0.8569245604508114
3,10,300,1543,9,0.18859746579509157,0.6286582193169719
3,10,300,1544,9,0.21092365711250194,0.703078857041673
3,10,300,1545,9,0.23974772780917558,0.7991590926972519
3,10,300,1546,9,0.19279001521450542,0.6426333840483514
3,10,300,1547,9,0.18702808365241058,0.6234269455080353
3,10,300,1548,9,0.25286564929635785,0.8428854976545263
3,10,300,1549,9,0.2748745863221689,0.9162486210738964
3,10,300,1550,9,0.17316411129886283,0.5772137043295428
3,10,300,1551,9,0.21734674646080338,0.7244891548693445
3,10,300,1552,9,0.1873418069050002,0.624472689683334
3,10,300,1553,9,0.25520917639360613,0.8506972546453538
3,10,300,1554,9,0.20392598833246317,0.679753294441544
3,10,300,1555,9,0.18457104285248682,0.6152368095082894
3,10,300,1556,9,0.16106585002021095,0.5368861667340366
3,10,300,1557,9,0.22732647479285525,0.7577549159761843
3,10,300,1558,9,0.2209892798243585,0.7366309327478616
3,10,300,1559,9,0.21454156904485594,0.7151385634828532
3,10,300,1560,9,0.17672148779853228,0.5890716259951077
3,10,300,1561,9,0.197698810422511,0.6589960347417033
3,10,300,1562,9,0.20296865010271092,0.6765621670090365
3,10,300,1563,9,0.2209218226767663,0.736406075589221
3,10,300,1564,9,0.20243775011011847,0.6747925003670615
3,10,300,1565,9,0.23597737192378754,0.7865912397459585
3,10,300,1566,9,0.19482537643772918,0.6494179214590973
3,10,300,1567,9,0.20013618896429558,0.6671206298809853
3,10,300,1568,9,0.2023885140482944,0.6746283801609814
3,10,300,1569,9,0.2697022893394291,0.8990076311314302
3,10,300,1570,9,0.20002396412974943,0.6667465470991648
3,10,300,1571,9,0.23139342108483857,0.7713114036161285
3,10,300,1572,9,0.2399046992647364,0.7996823308824547
3,10,300,1573,9,0.23072910278733558,0.7690970092911187
3,10,300,1574,9,0.17237114403804848,0.5745704801268283
3,10,300,1575,9,0.1916005073379059,0.6386683577930197
3,10,300,1576,9,0.19983670634480075,0.6661223544826692
3,10,300,1577,9,0.19494756331133814,0.6498252110377938
3,10,300,1578,9,0.25987036660517754,0.8662345553505918
3,10,300,1579,9,0.20336457355824772,0.6778819118608257
3,10,300,1580,9,0.2869424565693118,0.9564748552310393
3,10,300,1581,9,0.21303852095580283,0.7101284031860094
3,10,300,1582,9,0.19475182009290326,0.6491727336430109
3,10,300,1583,9,0.26853242136212774,0.8951080712070925
3,10,300,1584,9,0.20191167848275784,0.6730389282758595
3,10,300,1585,9,0.3019707451708784,1.0065691505695946
3,10,300,1586,9,0.24963246799900762,0.8321082266633588
3,10,300,1587,9,0.2449624924959665,0.8165416416532216
3,10,300,1588,9,0.18868345349824306,0.6289448449941435
3,10,300,1589,9,0.19808603219451024,0.6602867739817009
3,10,300,1590,9,0.20079524754154726,0.6693174918051575
3,10,300,1591,9,0.17975701706072694,0.5991900568690898
3,10,300,1592,9,0.22959734283107738,0.7653244761035913
3,10,300,1593,9,0.1929714706171066,0.6432382353903553
3,10,300,1594,9,0.167818304328723,0.55939434776241
3,10,300,1595,9,0.2286398042825591,0.7621326809418636
3,10,300,1596,9,0.2503722590714562,0.834574196904854
3,10,300,1597,9,0.25782868391702474,0.8594289463900825
3,10,300,1598,9,0.220876410392813,0.7362547013093766
3,10,300,1599,9,0.2905645941515388,0.968548647171796
3,10,300,1600,9,0.2017680537679259,0.6725601792264196
3,10,300,1601,9,0.17893219544083522,0.5964406514694507
3,10,300,1602,9,0.2395087305159348,0.798362435053116
3,10,300,1603,9,0.3026621700967089,1.008873900322363
3,10,300,1604,9,0.18203527566447986,0.6067842522149328
3,10,300,1605,9,0.21379117736528142,0.7126372578842713
3,10,300,1606,9,0.17119152084470313,0.5706384028156771
3,10,300,1607,9,0.1819427743970714,0.6064759146569046
3,10,300,1608,9,0.21798110222974773,0.7266036740991592
3,10,300,1609,9,0.18665377300478114,0.6221792433492705
3,10,300,1610,9,0.19461106180886106,0.6487035393628702
3,10,300,1611,9,0.18106044676133723,0.6035348225377908
3,10,300,1612,9,0.2417020324230373,0.8056734414101244
3,10,300,1613,9,0.2189230128476147,0.7297433761587157
3,10,300,1614,9,0.2026917372359925,0.675639124119975
3,10,300,1615,9,0.2093858686112725,0.6979528953709083
3,10,300,1616,9,0.20503765423700981,0.6834588474566994
3,10,300,1617,9,0.2281831979323679,0.7606106597745597
3,10,300,1618,9,0.19481860670749007,0.6493953556916335
3,10,300,1619,9,0.2335402256847783,0.778467418949261
3,10,300,1620,9,0.19027911979539652,0.6342637326513217
3,10,300,1621,9,0.21571500714173106,0.7190500238057702
3,10,300,1622,9,0.3040836218336977,1.0136120727789923
3,10,300,1623,9,0.23246001634073238,0.7748667211357746
3,10,300,1624,9,0.20625277183179574,0.6875092394393192
3,10,300,1625,9,0.17804065787493645,0.5934688595831215
3,10,300,1626,9,0.1831938588500352,0.610646196166784
3,10,300,1627,9,0.18497750587435688,0.6165916862478562
3,10,300,1628,9,0.1893346378412973,0.631115459470991
3,10,300,1629,9,0.16804981250640344,0.5601660416880114
3,10,300,1630,9,0.179708941071936,0.59902980357312
3,10,300,1631,9,0.2732234213841417,0.910744737947139
3,10,300,1632,9,0.24451240423651935,0.8150413474550645
3,10,300,1633,9,0.20618900938183088,0.6872966979394363
3,10,300,1634,9,0.20544969612523556,0.6848323204174519
3,10,300,1635,9,0.2278923795374816,0.7596412651249387
3,10,300,1636,9,0.2162817932430185,0.7209393108100617
3,10,300,1637,9,0.1939635136749311,0.6465450455831037
3,10,300,1638,9,0.18066492783530042,0.6022164261176681
3,10,300,1639,9,0.22564308332203037,0.7521436110734345
3,10,300,1640,9,0.1841786654489329,0.6139288848297764
3,10,300,1641,9,0.17110981086107757,0.5703660362035918
3,10,300,1642,9,0.23952117571448006,0.7984039190482668
3,10,300,1643,9,0.23214047285997239,0.773801576199908
3,10,300,1644,9,0.2345389487275858,0.7817964957586192
3,10,300,1645,9,0.21677883562034347,0.7225961187344783
3,10,300,1646,9,0.20304199621171806,0.6768066540390603
3,10,300,1647,9,0.2156916578063483,0.7189721926878276
3,10,300,1648,9,0.20687991493097863,0.6895997164365953
3,10,300,1649,9,0.29994441538164573,0.9998147179388192
3,10,300,1650,9,0.2581429937977202,0.8604766459924006
3,10,300,1651,9,0.17046840418076387,0.5682280139358795
3,10,300,1652,9,0.2363837377245842,0.7879457924152807
3,10,300,1653,9,0.19989850496682782,0.666328349889426
3,10,300,1654,9,0.20783892500493487,0.6927964166831162
3,10,300,1655,9,0.23700899052188684,0.7900299684062895
3,10,300,1656,9,0.21390094407005023,0.7130031469001674
3,10,300,1657,9,0.2111829888900036,0.703943296300012
3,10,300,1658,9,0.1767753948498769,0.5892513161662564
3,10,300,1659,9,0.22328652832024273,0.7442884277341425
3,10,300,1660,9,0.27020228947320046,0.9006742982440015
3,10,300,1661,9,0.2192676688470591,0.7308922294901969
3,10,300,1662,9,0.16848370084293768,0.5616123361431256
3,10,300,1663,9,0.20595063122069873,0.6865021040689958
3,10,300,1664,9,0.19585884528196323,0.6528628176065442
3,10,300,1665,9,0.2282383431224268,0.760794477074756
3,10,300,1666,9,0.18467612199803563,0.6155870733267854
3,10,300,1667,9,0.19616674858185304,0.6538891619395101
3,10,300,1668,9,0.22729800609940454,0.7576600203313485
3,10,300,1669,9,0.2396465137619872,0.7988217125399574
3,10,300,1670,9,0.20125054813639082,0.6708351604546361
3,10,300,1671,9,0.25527921378731355,0.8509307126243785
3,10,300,1672,9,0.19579539068604618,0.6526513022868206
3,10,300,1673,9,0.17526057325445277,0.5842019108481759
3,10,300,1674,9,0.2117909557340555,0.7059698524468517
3,10,300,1675,9,0.20126455999705348,0.6708818666568449
3,10,300,1676,9,0.2435440234838863,0.8118134116129543
3,10,300,1677,9,0.2217344921231022,0.7391149737436741
3,10,300,1678,9,0.22014630937529672,0.7338210312509891
3,10,300,1679,9,0.21109047303653736,0.7036349101217912
3,10,300,1680,9,0.21143004998643994,0.704766833288133
3,10,300,1681,9,0.2192599548820936,0.7308665162736454
3,10,300,1682,9,0.19953612123868936,0.6651204041289646
3,10,300,1683,9,0.18131896690978502,0.6043965563659501
3,10,300,1684,9,0.18805157048853466,0.6268385682951155
3,10,300,1685,9,0.1817248032901462,0.6057493443004873
3,10,300,1686,9,0.24131136996255448,0.804371233208515
3,10,300,1687,9,0.20910756456116752,0.6970252152038918
3,10,300,1688,9,0.20543296935705113,0.6847765645235038
3,10,300,1689,9,0.20116670372315926,0.6705556790771975
3,10,300,1690,9,0.1838999942631909,0.612999980877303
3,10,300,1691,9,0.23194401120460012,0.7731467040153337
3,10,300,1692,9,0.2091835533669588,0.697278511223196
3,10,300,1693,9,0.20027930623817006,0.6675976874605669
3,10,300,1694,9,0.21495133885069467,0.716504462835649
3,10,300,1695,9,0.23754791011455914,0.7918263670485304
3,10,300,1696,9,0.19629427611208394,0.6543142537069465
3,10,300,1697,9,0.2859980161509078,0.9533267205030261
3,10,300,1698,9,0.17617313403066254,0.5872437801022085
3,10,300,1699,9,0.21077133622005184,0.7025711207335061
3,10,300,1700,9,0.1895669692671457,0.6318898975571523
3,10,300,1701,9,0.16608929830388994,0.5536309943462998
3,10,300,1702,9,0.21339672613071825,0.7113224204357276
3,10,300,1703,9,0.14719779656824944,0.49065932189416483
3,10,300,1704,9,0.23839800498916164,0.7946600166305388
3,10,300,1705,9,0.2609216973205106,0.8697389910683687
3,10,300,1706,9,0.24338501822525366,0.8112833940841788
3,10,300,1707,9,0.22220450057151797,0.7406816685717266
3,10,300,1708,9,0.18526655556125185,0.6175551852041729
3,10,300,1709,9,0.25512738777382177,0.8504246259127393
3,10,300,1710,9,0.28809036033752955,0.9603012011250985
3,10,300,1711,9,0.22697976437389178,0.7565992145796392
3,10,300,1712,9,0.31228131208174276,1.0409377069391426
3,10,300,1713,9,0.19166171388323822,0.6388723796107941
3,10,300,1714,9,0.17232061882056374,0.5744020627352124
3,10,300,1715,9,0.1706993944966581,0.568997981655527
3,10,300,1716,9,0.1965964137415933,0.6553213791386443
3,10,300,1717,9,0.2080757470184424,0.6935858233948079
3,10,300,1718,9,0.20580098105843242,0.6860032701947747
3,10,300,1719,9,0.20679409963624204,0.6893136654541402
3,10,300,1720,9,0.16670842141626613,0.5556947380542204
3,10,300,1721,9,0.20662343344940698,0.6887447781646899
3,10,300,1722,9,0.29804962600595336,0.9934987533531778
3,10,300,1723,9,0.15009250623125256,0.5003083541041752
3,10,300,1724,9,0.20493115739114867,0.6831038579704956
3,10,300,1725,9,0.25275880049739796,0.8425293349913265
3,10,300,1726,9,0.20308214189312754,0.6769404729770918
3,10,300,1727,9,0.17817330198505443,0.593911006616848
3,10,300,1728,9,0.2250897754962544,0.7502992516541812
3,10,300,1729,9,0.24766851184183564,0.8255617061394521
3,10,300,1730,9,0.23893928926587454,0.7964642975529151
3,10,300,1731,9,0.171524154044834,0.5717471801494467
3,10,300,1732,9,0.19500441292081727,0.6500147097360576
3,10,300,1733,9,0.21676688578502099,0.7225562859500699
3,10,300,1734,9,0.22591995092200964,0.7530665030733655
3,10,300,1735,9,0.21825877893760962,0.7275292631253654
3,10,300,1736,9,0.22189659869032474,0.7396553289677491
3,10,300,1737,9,0.2175670207237817,0.7252234024126056
3,10,300,1738,9,0.1721093965354376,0.5736979884514587
3,10,300,1739,9,0.22870524386153254,0.7623508128717751
3,10,300,1740,9,0.22934258321587248,0.7644752773862415
3,10,300,1741,9,0.23411733847952315,0.7803911282650772
3,10,300,1742,9,0.1779479673054748,0.5931598910182493
3,10,300,1743,9,0.2102083654986992,0.7006945516623306
3,10,300,1744,9,0.17323326206611278,0.5774442068870426
3,10,300,1745,9,0.22933851923776288,0.764461730792543
3,10,300,1746,9,0.20717286242176947,0.6905762080725649
3,10,300,1747,9,0.19703775583257255,0.6567925194419085
3,10,300,1748,9,0.2166756557538802,0.7222521858462674
3,10,300,1749,9,0.23718669282259025,0.7906223094086341
3,10,300,1750,9,0.22528286798410832,0.7509428932803611
3,10,300,1751,9,0.22508659957893712,0.7502886652631238
3,10,300,1752,9,0.21541088785988038,0.7180362928662679
3,10,300,1753,9,0.262497487216253,0.8749916240541766
3,10,300,1754,9,0.21445562447026667,0.7148520815675555
3,10,300,1755,9,0.2518167131807497,0.8393890439358324
3,10,300,1756,9,0.2541446394621745,0.8471487982072484
3,10,300,1757,9,0.22235566634062853,0.7411855544687618
3,10,300,1758,9,0.2331044888456225,0.7770149628187416
3,10,300,1759,9,0.20062946838006124,0.6687648946002042
3,10,300,1760,9,0.2370152685445559,0.7900508951485197
3,10,300,1761,9,0.20758246606602054,0.6919415535534018
3,10,300,1762,9,0.23084979762846902,0.7694993254282301
3,10,300,1763,9,0.1701136212056743,0.5670454040189143
3,10,300,1764,9,0.26032287946409244,0.8677429315469749
3,10,300,1765,9,0.23886989195889297,0.7962329731963098
3,10,300,1766,9,0.15449878308764775,0.5149959436254925
3,10,300,1767,9,0.1832287237921899,0.610762412640633
3,10,300,1768,9,0.2619383168327723,0.8731277227759077
3,10,300,1769,9,0.21582996545580138,0.7194332181860047
3,10,300,1770,9,0.17029414849106858,0.5676471616368953
3,10,300,1771,9,0.2568532530095521,0.8561775100318403
3,10,300,1772,9,0.25120987297417463,0.8373662432472487
3,10,300,1773,9,0.2295327059512159,0.7651090198373863
3,10,300,1774,9,0.22218555338670454,0.7406185112890152
3,10,300,1775,9,0.1721934652284924,0.573978217428308
3,10,300,1776,9,0.15691905898282038,0.5230635299427345
3,10,300,1777,9,0.20002504424284812,0.6667501474761603
3,10,300,1778,9,0.18005724629938702,0.6001908209979567
3,10,300,1779,9,0.31116190909634944,1.0372063636544981
3,10,300,1780,9,0.2434551680399848,0.8115172267999493
3,10,300,1781,9,0.19379139193630868,0.6459713064543623
3,10,300,1782,9,0.19540248767519347,0.6513416255839782
3,10,300,1783,9,0.27097411057134313,0.9032470352378105
3,10,300,1784,9,0.282048317749894,0.9401610591663132
3,10,300,1785,9,0.30423108290819467,1.0141036096939822
3,10,300,1786,9,0.18233999186345715,0.6077999728781905
3,10,300,1787,9,0.25335207389929393,0.8445069129976465
3,10,300,1788,9,0.21411334168749632,0.7137111389583211
3,10,300,1789,9,0.18959598194457922,0.6319866064819307
3,10,300,1790,9,0.2325603062061631,0.7752010206872103
3,10,300,1791,9,0.2614926965950696,0.8716423219835652
3,10,300,1792,9,0.19547831403411065,0.6515943801137022
3,10,300,1793,9,0.19011339113406883,0.6337113037802294
3,10,300,1794,9,0.18290385418152075,0.6096795139384025
3,10,300,1795,9,0.18137779066571746,0.6045926355523915
3,10,300,1796,9,0.20391331417840508,0.6797110472613503
3,10,300,1797,9,0.18973012438182965,0.6324337479394322
3,10,300,1798,9,0.25267452316909045,0.8422484105636348
3,10,300,1799,9,0.2086428246198548,0.6954760820661827
3,10,300,1800,9,0.19805448624453503,0.6601816208151168
3,10,300,1801,9,0.22227265101706856,0.7409088367235619
3,10,300,1802,9,0.2175792127965741,0.725264042655247
3,10,300,1803,9,0.1736691169578593,0.5788970565261977
3,10,300,1804,9,0.22828463623882805,0.7609487874627602
3,10,300,1805,9,0.2275178893913392,0.7583929646377974
3,10,300,1806,9,0.33089030518389734,1.1029676839463245
3,10,300,1807,9,0.21510982309379606,0.7170327436459868
3,10,300,1808,9,0.20480332357994196,0.6826777452664732
3,10,300,1809,9,0.17143199384739166,0.5714399794913055
3,10,300,1810,9,0.2199482440484633,0.7331608134948777
3,10,300,1811,9,0.26320811664539384,0.8773603888179794
3,10,300,1812,9,0.23032151555653269,0.7677383851884423
3,10,300,1813,9,0.20506540723260624,0.6835513574420209
3,10,300,1814,9,0.19327178801649225,0.6442392933883075
3,10,300,1815,9,0.2311839740744511,0.770613246914837
3,10,300,1816,9,0.23082182871739595,0.7694060957246531
3,10,300,1817,9,0.21257967687275586,0.7085989229091862
3,10,300,1818,9,0.19510419332679976,0.6503473110893325
3,10,300,1819,9,0.23943897450652274,0.7981299150217425
3,10,300,1820,9,0.18057651579593492,0.6019217193197831
3,10,300,1821,9,0.19814448323744,0.6604816107914667
3,10,300,1822,9,0.20902308855555496,0.6967436285185166
3,10,300,1823,9,0.20819402737594994,0.6939800912531665
3,10,300,1824,9,0.21377076926428473,0.712569230880949
3,10,300,1825,9,0.22536169448953527,0.7512056482984509
3,10,300,1826,9,0.17743586315884646,0.5914528771961549
3,10,300,1827,9,0.20687773796373876,0.6895924598791292
3,10,300,1828,9,0.2366182509524915,0.7887275031749718
3,10,300,1829,9,0.21435923007551558,0.7145307669183852
3,10,300,1830,9,0.21082938042771326,0.702764601425711
3,10,300,1831,9,0.18269890795322563,0.6089963598440854
3,10,300,1832,9,0.24323059103899156,0.8107686367966385
3,10,300,1833,9,0.20399225595947504,0.6799741865315835
3,10,300,1834,9,0.2089091776459175,0.6963639254863916
3,10,300,1835,9,0.2184716427288742,0.7282388090962474
3,10,300,1836,9,0.16874198856254782,0.5624732952084928
3,10,300,1837,9,0.2042377754747492,0.6807925849158306
3,10,300,1838,9,0.23616251438948216,0.7872083812982739
3,10,300,1839,9,0.28336017267840696,0.9445339089280232
3,10,300,1840,9,0.16966710659179285,0.5655570219726428
3,10,300,1841,9,0.2662989598684552,0.8876631995615174
3,10,300,1842,9,0.18584575232739997,0.6194858410913333
3,10,300,1843,9,0.22307729855366543,0.7435909951788847
3,10,300,1844,9,0.18486270114465575,0.6162090038155192
3,10,300,1845,9,0.21280862580194523,0.7093620860064841
3,10,300,1846,9,0.21112854175170584,0.7037618058390195
3,10,300,1847,9,0.2274603540187683,0.758201180062561
3,10,300,1848,9,0.2226608979878398,0.7422029932927994
3,10,300,1849,9,0.19166778853357114,0.6388926284452371
3,10,300,1850,9,0.24375252880026976,0.8125084293342326
3,10,300,1851,9,0.21842821905503745,0.7280940635167915
3,10,300,1852,9,0.20751783421853215,0.6917261140617738
3,10,300,1853,9,0.19197127573161607,0.6399042524387202
3,10,300,1854,9,0.2166859172604085,0.7222863908680283
3,10,300,1855,9,0.26225069461011163,0.8741689820337055
3,10,300,1856,9,0.1960392004635505,0.6534640015451684
3,10,300,1857,9,0.1564436973741071,0.5214789912470237
3,10,300,1858,9,0.19697635388126733,0.6565878462708911
3,10,300,1859,9,0.2316240925273294,0.7720803084244314
3,10,300,1860,9,0.24309815452759798,0.8103271817586599
3,10,300,1861,9,0.16006432223986744,0.5335477407995581
3,10,300,1862,9,0.14927612239017482,0.4975870746339161
3,10,300,1863,9,0.22447228755407087,0.7482409585135695
3,10,300,1864,9,0.2688292620025233,0.8960975400084109
3,10,300,1865,9,0.2371583645697246,0.7905278818990821
3,10,300,1866,9,0.2315512190629827,0.771837396876609
3,10,300,1867,9,0.18753005918528473,0.6251001972842825
3,10,300,1868,9,0.1959288866482626,0.653096288827542
3,10,300,1869,9,0.2020137699014215,0.6733792330047383
3,10,300,1870,9,0.29584400652707493,0.986146688423583
3,10,300,1871,9,0.17715469529119937,0.5905156509706645
3,10,300,1872,9,0.15367723005478082,0.512257433515936
3,10,300,1873,9,0.20659629564788534,0.6886543188262845
3,10,300,1874,9,0.14876752485391498,0.4958917495130499
3,10,300,1875,9,0.28630131126469993,0.9543377042156665
3,10,300,1876,9,0.20593909472673813,0.686463649089127
3,10,300,1877,9,0.3195905525149899,1.0653018417166331
3,10,300,1878,9,0.25716236697393413,0.8572078899131138
3,10,300,1879,9,0.21722000010225662,0.724066667007522
3,10,300,1880,9,0.23362158529638846,0.7787386176546283
3,10,300,1881,9,0.18682188770480118,0.6227396256826706
3,10,300,1882,9,0.15333983188980732,0.5111327729660243
3,10,300,1883,9,0.22125090489934574,0.7375030163311525
3,10,300,1884,9,0.2363555179926598,0.7878517266421993
3,10,300,1885,9,0.21470530524958442,0.7156843508319481
3,10,300,1886,9,0.22374643695114413,0.7458214565038138
3,10,300,1887,9,0.2901991731833823,0.967330577277941
3,10,300,1888,9,0.18289896691507723,0.6096632230502574
3,10,300,1889,9,0.21946317531817047,0.7315439177272349
3,10,300,1890,9,0.22131048994491603,0.73770163314972
3,10,300,1891,9,0.20884469082084256,0.6961489694028086
3,10,300,1892,9,0.2015792294403989,0.6719307648013297
3,10,300,1893,9,0.2397502536864732,0.7991675122882441
3,10,300,1894,9,0.22769837352337752,0.7589945784112584
3,10,300,1895,9,0.17647274952627723,0.5882424984209241
3,10,300,1896,9,0.19321532459837276,0.6440510819945758
3,10,300,1897,9,0.20846679249229347,0.6948893083076448
3,10,300,1898,9,0.18922499196928622,0.630749973230954
3,10,300,1899,9,0.27364777348773445,0.9121592449591148
3,10,300,1900,9,0.1895296647054231,0.631765549018077
3,10,300,1901,9,0.17506847595305935,0.5835615865101978
3,10,300,1902,9,0.22829021821332357,0.7609673940444119
3,10,300,1903,9,0.21269205368651967,0.7089735122883989
3,10,300,1904,9,0.17373562378112423,0.5791187459370808
3,10,300,1905,9,0.17821063588293912,0.5940354529431304
3,10,300,1906,9,0.18569882296730353,0.6189960765576784
3,10,300,1907,9,0.1878544198244234,0.6261813994147447
3,10,300,1908,9,0.21571020411539174,0.7190340137179725
3,10,300,1909,9,0.1997602904778427,0.6658676349261423
3,10,300,1910,9,0.19030045648796068,0.634334854959869
3,10,300,1911,9,0.1819859755478714,0.6066199184929048
3,10,300,1912,9,0.17234684705537723,0.5744894901845908
3,10,300,1913,9,0.2178261301250723,0.7260871004169077
3,10,300,1914,9,0.26630257069720226,0.8876752356573409
3,10,300,1915,9,0.2085029636698003,0.6950098788993344
3,10,300,1916,9,0.19860140142569066,0.6620046714189688
3,10,300,1917,9,0.20384177796974304,0.6794725932324768
3,10,300,1918,9,0.21507732430436077,0.7169244143478692
3,10,300,1919,9,0.25574248785362425,0.8524749595120807
3,10,300,1920,9,0.182485359743231,0.6082845324774366
3,10,300,1921,9,0.23982807309270607,0.7994269103090202
3,10,300,1922,9,0.20286412647170876,0.6762137549056959
3,10,300,1923,9,0.22882884764404,0.7627628254801332
3,10,300,1924,9,0.21280420226796187,0.7093473408932063
3,10,300,1925,9,0.2082172537415965,0.6940575124719883
3,10,300,1926,9,0.1864895998947822,0.621631999649274
3,10,300,1927,9,0.24108784483233942,0.8036261494411314
3,10,300,1928,9,0.21881375086505042,0.729379169550168
3,10,300,1929,9,0.18226186713626816,0.6075395571208939
3,10,300,1930,9,0.21548558116610578,0.718285270553686
3,10,300,1931,9,0.2515163834964559,0.8383879449881864
3,10,300,1932,9,0.19714983973100117,0.6571661324366705
3,10,300,1933,9,0.19871732334009695,0.6623910778003231
3,10,300,1934,9,0.19049491436519927,0.6349830478839975
3,10,300,1935,9,0.15290372788610576,0.5096790929536859
3,10,300,1936,9,0.24506454293341667,0.8168818097780556
3,10,300,1937,9,0.2062898012456264,0.6876326708187547
3,10,300,1938,9,0.16728841098038866,0.5576280366012956
3,10,300,1939,9,0.1830405564930953,0.6101351883103177
3,10,300,1940,9,0.20230613467800335,0.6743537822600112
3,10,300,1941,9,0.20426229644215316,0.6808743214738439
3,10,300,1942,9,0.2316517626293797,0.7721725420979324
3,10,300,1943,9,0.20568962057009094,0.6856320685669698
3,10,300,1944,9,0.19287228799013278,0.6429076266337759
3,10,300,1945,9,0.2184329029347333,0.7281096764491111
3,10,300,1946,9,0.2532758873413729,0.8442529578045763
3,10,300,1947,9,0.23749840163205407,0.7916613387735135
3,10,300,1948,9,0.2106636249864003,0.702212083288001
3,10,300,1949,9,0.19779189728163496,0.6593063242721166
3,10,300,1950,9,0.2208720646695133,0.7362402155650443
3,10,300,1951,9,0.1796560353188386,0.5988534510627953
3,10,300,1952,9,0.16733399493261958,0.557779983108732
3,10,300,1953,9,0.24971543924639,0.8323847974879666
3,10,300,1954,9,0.21480688859427682,0.7160229619809227
3,10,300,1955,9,0.21065876069568285,0.7021958689856095
3,10,300,1956,9,0.2707128911520248,0.9023763038400827
3,10,300,1957,9,0.18801035981688852,0.6267011993896283
3,10,300,1958,9,0.21064877685483002,0.7021625895161001
3,10,300,1959,9,0.2562070606289003,0.8540235354296677
3,10,300,1960,9,0.1754043687903074,0.5846812293010247
3,10,300,1961,9,0.23733804657753071,0.7911268219251024
3,10,300,1962,9,0.21728324388886128,0.7242774796295376
3,10,300,1963,9,0.20335997667051875,0.6778665889017291
3,10,300,1964,9,0.19818287002548118,0.660609566751604
3,10,300,1965,9,0.21402626723800014,0.7134208907933337
3,10,300,1966,9,0.2958950152157593,0.9863167173858643
3,10,300,1967,9,0.24038774219247838,0.8012924739749279
3,10,300,1968,9,0.1785039673144203,0.595013224381401
3,10,300,1969,9,0.1718253015689531,0.5727510052298436
3,10,300,1970,9,0.2254243555005545,0.7514145183351816
3,10,300,1971,9,0.19720154491106412,0.6573384830368804
3,10,300,1972,9,0.22536587025564683,0.7512195675188228
3,10,300,1973,9,0.19850193182225048,0.6616731060741683
3,10,300,1974,9,0.23871140178157801,0.79570467260526
3,10,300,1975,9,0.18845768729857965,0.6281922909952655
3,10,300,1976,9,0.17168733606025244,0.5722911202008415
3,10,300,1977,9,0.16885857229708148,0.5628619076569383
3,10,300,1978,9,0.19705901105586124,0.6568633701862041
3,10,300,1979,9,0.20958135596305802,0.69860451987686
3,10,300,1980,9,0.17278384871235192,0.5759461623745064
3,10,300,1981,9,0.1820439801321153,0.6068132671070511
3,10,300,1982,9,0.1550176430148013,0.5167254767160044
3,10,300,1983,9,0.22993426342945097,0.7664475447648367
3,10,300,1984,9,0.1867304727482356,0.6224349091607854
3,10,300,1985,9,0.15985014554191201,0.53283381847304
3,10,300,1986,9,0.21644757409486068,0.7214919136495356
3,10,300,1987,9,0.2159400765499832,0.7198002551666107
3,10,300,1988,9,0.21103512477351463,0.7034504159117154
3,10,300,1989,9,0.19425344444042347,0.6475114814680782
3,10,300,1990,9,0.19302491326732066,0.6434163775577355
3,10,300,1991,9,0.1617157914564491,0.5390526381881636
3,10,300,1992,9,0.20612123939595808,0.6870707979865269
3,10,300,1993,9,0.20130609355930107,0.6710203118643369
3,10,300,1994,9,0.20097991713602997,0.6699330571200999
3,10,300,1995,9,0.22524806400051822,0.7508268800017274
3,10,300,1996,9,0.2021245044860227,0.6737483482867423
3,10,300,1997,9,0.17920313150472847,0.5973437716824282
3,10,300,1998,9,0.21715437792402661,0.7238479264134221
3,10,300,1999,9,0.16440748704598537,0.5480249568199512
3,10,300,2000,9,0.167670790531751,0.5589026351058367
3,10,300,2001,9,0.25312244144610746,0.8437414714870248
3,10,300,2002,9,0.16518292597438144,0.5506097532479381
3,10,300,2003,9,0.2501897750362301,0.8339659167874335
3,10,300,2004,9,0.1882111162260291,0.627370387420097
3,10,300,2005,9,0.2463255741627614,0.8210852472092047
3,10,300,2006,9,0.2350715160218561,0.7835717200728537
3,10,300,2007,9,0.2249448214610985,0.749816071536995
3,10,300,2008,9,0.2998865916812487,0.9996219722708289
3,10,300,2009,9,0.21461155116816477,0.7153718372272159
3,10,300,2010,9,0.2513658055937981,0.8378860186459938
3,10,300,2011,9,0.22269881611941716,0.742329387064724
3,10,300,2012,9,0.23958747586297924,0.7986249195432641
3,10,300,2013,9,0.17921120120856962,0.5973706706952321
3,10,300,2014,9,0.19638679498313436,0.6546226499437812
3,10,300,2015,9,0.2139389638449176,0.7131298794830586
3,10,300,2016,9,0.24265904833386812,0.8088634944462271
3,10,300,2017,9,0.25796482529492526,0.8598827509830842
3,10,300,2018,9,0.22058330914478003,0.7352776971492667
3,10,300,2019,9,0.17649230934095023,0.5883076978031674
3,10,300,2020,9,0.22763469171037778,0.7587823057012593
3,10,300,2021,9,0.17767691644218497,0.5922563881406165
3,10,300,2022,9,0.22321889489855545,0.7440629829951848
3,10,300,2023,9,0.21420337463912648,0.7140112487970883
3,10,300,2024,9,0.2249796916608251,0.7499323055360836
3,10,300,2025,9,0.26119565736158845,0.8706521912052949
3,10,300,2026,9,0.23133621419727868,0.771120713990929
3,10,300,2027,9,0.21726208167283734,0.7242069389094579
3,10,300,2028,9,0.19438946586087985,0.6479648862029328
3,10,300,2029,9,0.20743843124666778,0.6914614374888925
3,10,300,2030,9,0.21543043242500637,0.7181014414166879
3,10,300,2031,9,0.1969631202991501,0.6565437343305004
3,10,300,2032,9,0.21582976461847417,0.7194325487282472
3,10,300,2033,9,0.19886992865947267,0.6628997621982423
3,10,300,2034,9,0.18886592324044782,0.6295530774681594
3,10,300,2035,9,0.2413964971618884,0.8046549905396281
3,10,300,2036,9,0.2159360940948029,0.7197869803160096
3,10,300,2037,9,0.1881461717288569,0.6271539057628563
3,10,300,2038,9,0.24762572211634204,0.8254190737211401
3,10,300,2039,9,0.22435404194478734,0.7478468064826245
3,10,300,2040,9,0.21545080546370346,0.7181693515456783
3,10,300,2041,9,0.16335785032325917,0.5445261677441972
3,10,300,2042,9,0.23324191335628336,0.7774730445209446
3,10,300,2043,9,0.3200161742370485,1.0667205807901616
3,10,300,2044,9,0.26554878915124236,0.8851626305041411
3,10,300,2045,9,0.1799093119475848,0.5996977064919494
3,10,300,2046,9,0.19148889542897732,0.638296318096591
3,10,300,2047,9,0.20642284623525367,0.6880761541175122
3,10,300,2048,9,0.20208930208442666,0.6736310069480889
3,10,300,2049,9,0.2747698777287084,0.9158995924290281
3,10,300,2050,9,0.17332983158857793,0.5777661052952597
3,10,300,2051,9,0.20235651880654693,0.6745217293551564
3,10,300,2052,9,0.2467728465356168,0.8225761551187227
3,10,300,2053,9,0.2223804263469565,0.7412680878231883
3,10,300,2054,9,0.1924506853885329,0.641502284628443
3,10,300,2055,9,0.22787990864454277,0.7595996954818093
3,10,300,2056,9,0.21398952977821462,0.7132984325940487
3,10,300,2057,9,0.23412150333505866,0.7804050111168621
3,10,300,2058,9,0.21680522561294224,0.7226840853764742
3,10,300,2059,9,0.21977748340389627,0.732591611346321
3,10,300,2060,9,0.19951675197404248,0.6650558399134749
3,10,300,2061,9,0.19226834489345468,0.6408944829781823
3,10,300,2062,9,0.2368659504588309,0.789553168196103
3,10,300,2063,9,0.18530092621732341,0.6176697540577447
3,10,300,2064,9,0.1703919871189407,0.567973290396469
3,10,300,2065,9,0.20716236706484864,0.6905412235494954
3,10,300,2066,9,0.18102639454822747,0.6034213151607583
3,10,300,2067,9,0.2004170700904682,0.6680569003015606
3,10,300,2068,9,0.24829841212551593,0.8276613737517198
3,10,300,2069,9,0.2208254185592575,0.7360847285308583
3,10,300,2070,9,0.19305980169122156,0.6435326723040719
3,10,300,2071,9,0.1810317748716564,0.603439249572188
3,10,300,2072,9,0.2099615927822619,0.699871975940873
3,10,300,2073,9,0.20665164791910057,0.6888388263970019
3,10,300,2074,9,0.22448717114596273,0.7482905704865425
3,10,300,2075,9,0.2183749435054101,0.7279164783513669
3,10,300,2076,9,0.1901670123865669,0.6338900412885564
3,10,300,2077,9,0.21498550285847573,0.7166183428615857
3,10,300,2078,9,0.2395765274323492,0.7985884247744974
3,10,300,2079,9,0.19328218200793262,0.644273940026442
3,10,300,2080,9,0.23276009937816064,0.7758669979272022
3,10,300,2081,9,0.18436560404506463,0.6145520134835488
3,10,300,2082,9,0.2889218462598773,0.9630728208662578
3,10,300,2083,9,0.17720331246887766,0.5906777082295922
3,10,300,2084,9,0.19012293194084673,0.6337431064694891
3,10,300,2085,9,0.19394882176222217,0.6464960725407405
3,10,300,2086,9,0.2394846129829193,0.7982820432763975
3,10,300,2087,9,0.2126143533716533,0.7087145112388443
3,10,300,2088,9,0.24324011593573322,0.810800386452444
3,10,300,2089,9,0.19661836862972393,0.6553945620990798
3,10,300,2090,9,0.22868481629106957,0.7622827209702319
3,10,300,2091,9,0.18237358224278438,0.6079119408092812
3,10,300,2092,9,0.20057995860004235,0.6685998620001412
3,10,300,2093,9,0.2383450516119943,0.7944835053733144
3,10,300,2094,9,0.15286198881680602,0.5095399627226868
3,10,300,2095,9,0.1866576607148236,0.6221922023827453
3,10,300,2096,9,0.2623841226655096,0.8746137422183652
3,10,300,2097,9,0.2113605489490002,0.704535163163334
3,10,300,2098,9,0.2294088412478018,0.7646961374926727
3,10,300,2099,9,0.2666218156407143,0.8887393854690477
3,10,300,2100,9,0.19525964002404278,0.6508654667468092
3,10,300,2101,9,0.22353805966051776,0.7451268655350591
3,10,300,2102,9,0.21626780489823283,0.7208926829941095
3,10,300,2103,9,0.20454512407716843,0.6818170802572281
3,10,300,2104,9,0.22987735132978737,0.7662578377659579
3,10,300,2105,9,0.2534093406225847,0.8446978020752823
3,10,300,2106,9,0.2865324449073538,0.9551081496911793
3,10,300,2107,9,0.16860945955467072,0.5620315318489024
3,10,300,2108,9,0.16707725072953755,0.5569241690984584
3,10,300,2109,9,0.24909655990514754,0.8303218663504919
3,10,300,2110,9,0.1887364785254919,0.629121595084973
3,10,300,2111,9,0.2313007572503314,0.7710025241677713
3,10,300,2112,9,0.17775224648207363,0.5925074882735788
3,10,300,2113,9,0.20591682121294735,0.6863894040431578
3,10,300,2114,9,0.2024060652312899,0.6746868841042997
3,10,300,2115,9,0.1986467100606224,0.6621557002020747
3,10,300,2116,9,0.18795309059270388,0.6265103019756796
3,10,300,2117,9,0.2861121742297982,0.9537072474326607
3,10,300,2118,9,0.22942241817451547,0.7647413939150515
3,10,300,2119,9,0.19912716538110892,0.6637572179370298
3,10,300,2120,9,0.22414552030012283,0.7471517343337428
3,10,300,2121,9,0.22290876183214064,0.7430292061071354
3,10,300,2122,9,0.2211235811439261,0.737078603813087
3,10,300,2123,9,0.3387878507166773,1.1292928357222576
3,10,300,2124,9,0.2738637188928456,0.9128790629761521
3,10,300,2125,9,0.2266080112458842,0.7553600374862808
3,10,300,2126,9,0.15655107901637144,0.5218369300545714
3,10,300,2127,9,0.2677837729881418,0.8926125766271394
3,10,300,2128,9,0.2042737308332801,0.6809124361109337
3,10,300,2129,9,0.16154105605539304,0.5384701868513102
3,10,300,2130,9,0.2097933440518395,0.699311146839465
3,10,300,2131,9,0.2022514666263302,0.6741715554211006
3,10,300,2132,9,0.17216866790066943,0.573895559668898
3,10,300,2133,9,0.22783820915008773,0.7594606971669592
3,10,300,2134,9,0.23995935574321048,0.7998645191440349
3,10,300,2135,9,0.18866708092372586,0.6288902697457529
3,10,300,2136,9,0.27841553213996706,0.9280517737998901
3,10,300,2137,9,0.22849729710965422,0.7616576570321807
3,10,300,2138,9,0.1755152326528811,0.5850507755096037
3,10,300,2139,9,0.24574798720377433,0.8191599573459145
3,10,300,2140,9,0.2506723714854494,0.8355745716181647
3,10,300,2141,9,0.16752819119566598,0.5584273039855533
3,10,300,2142,9,0.18548876517668728,0.618295883922291
3,10,300,2143,9,0.21236034510253993,0.7078678170084665
3,10,300,2144,9,0.165798826305944,0.5526627543531467
3,10,300,2145,9,0.17377296076370197,0.5792432025456732
3,10,300,2146,9,0.18155883679187831,0.6051961226395943
3,10,300,2147,9,0.18389885847098877,0.6129961949032959
3,10,300,2148,9,0.1781451511443753,0.5938171704812509
3,10,300,2149,9,0.21737362481596084,0.7245787493865361
3,10,300,2150,9,0.26993325522216877,0.8997775174072292
3,10,300,2151,9,0.26713912278646906,0.8904637426215636
3,10,300,2152,9,0.1818393904260537,0.606131301420179
3,10,300,2153,9,0.249955790450491,0.8331859681683033
3,10,300,2154,9,0.19890665039070465,0.6630221679690155
3,10,300,2155,9,0.17864215542286116,0.5954738514095372
3,10,300,2156,9,0.2177628502152708,0.7258761673842361
3,10,300,2157,9,0.21890531328316437,0.7296843776105479
3,10,300,2158,9,0.19862190074815356,0.6620730024938452
3,10,300,2159,9,0.2634918252759987,0.878306084253329
3,10,300,2160,9,0.20687305517223636,0.6895768505741212
3,10,300,2161,9,0.215223570703996,0.7174119023466533
3,10,300,2162,9,0.2671938487520926,0.8906461625069754
3,10,300,2163,9,0.24828516721612273,0.8276172240537425
3,10,300,2164,9,0.17321975125761602,0.5773991708587201
3,10,300,2165,9,0.27455893111373464,0.9151964370457821
3,10,300,2166,9,0.2061177487389842,0.6870591624632806
3,10,300,2167,9,0.16266588409293337,0.5422196136431112
3,10,300,2168,9,0.22480259324804813,0.7493419774934938
3,10,300,2169,9,0.18656849059939365,0.6218949686646456
3,10,300,2170,9,0.18664964597501843,0.6221654865833948
3,10,300,2171,9,0.2458214805813217,0.8194049352710724
3,10,300,2172,9,0.21626963762010726,0.7208987920670242
3,10,300,2173,9,0.1717129553943143,0.5723765179810477
3,10,300,2174,9,0.20531634822177972,0.6843878274059324
3,10,300,2175,9,0.24126060403795313,0.8042020134598438
3,10,300,2176,9,0.191096120636585,0.6369870687886166
3,10,300,2177,9,0.19015577869904682,0.6338525956634894
3,10,300,2178,9,0.20148819893735154,0.6716273297911718
3,10,300,2179,9,0.21884726342326258,0.7294908780775419
3,10,300,2180,9,0.22470550855498034,0.7490183618499344
3,10,300,2181,9,0.21591705552821638,0.7197235184273879
3,10,300,2182,9,0.16066711018447952,0.535557033948265
3,10,300,2183,9,0.2133990863786357,0.7113302879287856
3,10,300,2184,9,0.16923535272087706,0.5641178424029236
3,10,300,2185,9,0.20968154220100899,0.6989384740033633
3,10,300,2186,9,0.1863331073257597,0.6211103577525323
3,10,300,2187,9,0.16176103772798645,0.5392034590932882
3,10,300,2188,9,0.23161468446186645,0.7720489482062215
3,10,300,2189,9,0.2482760183008457,0.8275867276694857
3,10,300,2190,9,0.2369732223560609,0.7899107411868697
3,10,300,2191,9,0.21291743036505398,0.7097247678835132
3,10,300,2192,9,0.1949050622558306,0.6496835408527686
3,10,300,2193,9,0.19910675807435818,0.6636891935811939
3,10,300,2194,9,0.19204106683743405,0.6401368894581135
3,10,300,2195,9,0.21031060607046445,0.7010353535682148
3,10,300,2196,9,0.23161600513906896,0.7720533504635632
3,10,300,2197,9,0.21979772876004192,0.7326590958668063
3,10,300,2198,9,0.19293023118825245,0.6431007706275081
3,10,300,2199,9,0.20080896981156543,0.669363232705218
3,10,300,2200,9,0.17982649326480282,0.5994216442160094
3,10,300,2201,9,0.20750943032612712,0.6916981010870904
3,10,300,2202,9,0.17344677956673715,0.5781559318891238
3,10,300,2203,9,0.162370753851534,0.54123584617178
3,10,300,2204,9,0.2054968885613732,0.6849896285379106
3,10,300,2205,9,0.247289302624674,0.8242976754155801
3,10,300,2206,9,0.22238785657946394,0.7412928552648798
3,10,300,2207,9,0.21235113278658296,0.7078371092886099
3,10,300,2208,9,0.26116054805560407,0.8705351601853468
3,10,300,2209,9,0.19495678221324372,0.6498559407108124
3,10,300,2210,9,0.264287347790424,0.88095782596808
3,10,300,2211,9,0.27145952171009313,0.9048650723669771
3,10,300,2212,9,0.2136701437699683,0.712233812566561
3,10,300,2213,9,0.1835792986854981,0.611930995618327
3,10,300,2214,9,0.21445457637677348,0.7148485879225783
3,10,300,2215,9,0.25948214025842015,0.8649404675280672
3,10,300,2216,9,0.2046980060603446,0.6823266868678154
3,10,300,2217,9,0.22419596038552092,0.7473198679517363
3,10,300,2218,9,0.2254083400490457,0.7513611334968189
3,10,300,2219,9,0.20682496829486624,0.6894165609828875
3,10,300,2220,9,0.21844408375434132,0.7281469458478044
3,10,300,2221,9,0.17339063805478855,0.5779687935159619
3,10,300,2222,9,0.25205292578390603,0.8401764192796868
3,10,300,2223,9,0.2117285585175046,0.7057618617250153
3,10,300,2224,9,0.23418643222706112,0.7806214407568705
3,10,300,2225,9,0.1934524087170704,0.6448413623902346
3,10,300,2226,9,0.18521272967320035,0.6173757655773345
3,10,300,2227,9,0.16483114336072377,0.549437144535746
3,10,300,2228,9,0.17080889651787826,0.5693629883929275
3,10,300,2229,9,0.17856972285275421,0.5952324095091807
3,10,300,2230,9,0.21227505812807373,0.7075835270935791
3,10,300,2231,9,0.23665516481992646,0.7888505493997549
3,10,300,2232,9,0.18887342536789578,0.6295780845596526
3,10,300,2233,9,0.21938770610410585,0.7312923536803528
3,10,300,2234,9,0.26064259989779287,0.8688086663259763
3,10,300,2235,9,0.1904389111045619,0.6347963703485398
3,10,300,2236,9,0.2119917238332179,0.7066390794440597
3,10,300,2237,9,0.2175767138390861,0.7252557127969537
3,10,300,2238,9,0.27787196369517786,0.9262398789839262
3,10,300,2239,9,0.2895706694341919,0.9652355647806398
3,10,300,2240,9,0.2327299080997262,0.7757663603324207
3,10,300,2241,9,0.25805220658593936,0.8601740219531311
3,10,300,2242,9,0.17913869490798923,0.5971289830266308
3,10,300,2243,9,0.2153678052697249,0.7178926842324164
3,10,300,2244,9,0.21627881178513264,0.7209293726171088
3,10,300,2245,9,0.23604301232296862,0.786810041076562
3,10,300,2246,9,0.21669053471491387,0.7223017823830462
3,10,300,2247,9,0.23261319462273333,0.7753773154091111
3,10,300,2248,9,0.2961259170748405,0.9870863902494682
3,10,300,2249,9,0.2234176358538991,0.7447254528463303
3,10,300,2250,9,0.1971881777552538,0.657293925850846
3,10,300,2251,9,0.2963373007798792,0.9877910025995973
3,10,300,2252,9,0.21119019831177976,0.7039673277059326
3,10,300,2253,9,0.19254565767611398,0.6418188589203799
3,10,300,2254,9,0.18902315581382526,0.6300771860460842
3,10,300,2255,9,0.2006043887746759,0.6686812959155863
3,10,300,2256,9,0.16885432748420043,0.5628477582806681
3,10,300,2257,9,0.18674425292173447,0.6224808430724482
3,10,300,2258,9,0.22140024856302376,0.7380008285434125
3,10,300,2259,9,0.19820390432857954,0.6606796810952651
3,10,300,2260,9,0.3096769785872988,1.0322565952909961
3,10,300,2261,9,0.2246040117450185,0.7486800391500616
3,10,300,2262,9,0.20039123881380794,0.6679707960460265
3,10,300,2263,9,0.1899066718776388,0.6330222395921293
3,10,300,2264,9,0.21172563187554932,0.705752106251831
3,10,300,2265,9,0.26359876497949597,0.8786625499316532
3,10,300,2266,9,0.2117934892593541,0.7059782975311804
3,10,300,2267,9,0.21003338898410723,0.7001112966136908
3,10,300,2268,9,0.2297825086432715,0.7659416954775715
3,10,300,2269,9,0.22930289772708728,0.7643429924236242
3,10,300,2270,9,0.23453892985388924,0.7817964328462974
3,10,300,2271,9,0.19131328931957028,0.6377109643985677
3,10,300,2272,9,0.2291275360552608,0.7637584535175359
3,10,300,2273,9,0.251546277201652,0.8384875906721733
3,10,300,2274,9,0.2095343456126028,0.698447818708676
3,10,300,2275,9,0.2054651872798347,0.684883957599449
3,10,300,2276,9,0.23200309711203027,0.773343657040101
3,10,300,2277,9,0.24852173852370485,0.8284057950790161
3,10,300,2278,9,0.16043611873504948,0.5347870624501649
3,10,300,2279,9,0.2181132477150831,0.727044159050277
3,10,300,2280,9,0.20383020576607097,0.6794340192202366
3,10,300,2281,9,0.19100864160353967,0.6366954720117989
3,10,300,2282,9,0.1808186790088243,0.6027289300294144
3,10,300,2283,9,0.2268223799034626,0.7560745996782087
3,10,300,2284,9,0.2648409959838102,0.882803319946034
3,10,300,2285,9,0.178010909285525,0.5933696976184166
3,10,300,2286,9,0.25379901951748063,0.8459967317249354
3,10,300,2287,9,0.2054283256373913,0.684761085457971
3,10,300,2288,9,0.24657546530770766,0.8219182176923587
3,10,300,2289,9,0.26550151397071886,0.8850050465690629
3,10,300,2290,9,0.19478872023924879,0.6492957341308293
3,10,300,2291,9,0.18563819072194815,0.6187939690731605
3,10,300,2292,9,0.2417620384874407,0.8058734616248023
3,10,300,2293,9,0.160076373641193,0.53358791213731
3,10,300,2294,9,0.1753033394227844,0.5843444647426146
3,10,300,2295,9,0.21263055903687716,0.7087685301229238
3,10,300,2296,9,0.17816748224367818,0.5938916074789273
3,10,300,2297,9,0.2462162500753648,0.8207208335845493
3,10,300,2298,9,0.19349219824104882,0.6449739941368294
3,10,300,2299,9,0.23362348003066613,0.7787449334355538
3,10,300,2300,9,0.19340956646623772,0.6446985548874591
3,10,300,2301,9,0.25277572912274177,0.8425857637424725
3,10,300,2302,9,0.298702568672641,0.9956752289088033
3,10,300,2303,9,0.19208641097239182,0.6402880365746394
3,10,300,2304,9,0.2713898803569861,0.9046329345232869
3,10,300,2305,9,0.21284407919245002,0.7094802639748334
3,10,300,2306,9,0.2149248582698175,0.716416194232725
3,10,300,2307,9,0.19401192446312282,0.646706414877076
3,10,300,2308,9,0.19769078267961954,0.6589692755987318
3,10,300,2309,9,0.20176781315955594,0.6725593771985198
3,10,300,2310,9,0.23455725943510777,0.7818575314503592
3,10,300,2311,9,0.20022397352482213,0.6674132450827405
3,10,300,2312,9,0.26934201723052825,0.8978067241017609
3,10,300,2313,9,0.17697970721806128,0.5899323573935376
3,10,300,2314,9,0.2719726283005485,0.9065754276684951
3,10,300,2315,9,0.22359264213905505,0.7453088071301834
3,10,300,2316,9,0.19605435136998497,0.6535145045666165
3,10,300,2317,9,0.2175025810413157,0.7250086034710523
3,10,300,2318,9,0.19354962564682457,0.6451654188227486
3,10,300,2319,9,0.17958847231089226,0.5986282410363075
3,10,300,2320,9,0.20427808025460542,0.6809269341820181
3,10,300,2321,9,0.18185457984251852,0.606181932808395
3,10,300,2322,9,0.22919130701553234,0.7639710233851078
3,10,300,2323,9,0.17685041198056217,0.5895013732685406
3,10,300,2324,9,0.2418305070522396,0.8061016901741321
3,10,300,2325,9,0.266130290698336,0.8871009689944533
3,10,300,2326,9,0.16769040406676983,0.5589680135558994
3,10,300,2327,9,0.23100528783243313,0.7700176261081105
3,10,300,2328,9,0.21326924334584077,0.7108974778194692
3,10,300,2329,9,0.2433033238833458,0.8110110796111526
3,10,300,2330,9,0.1791273584097231,0.597091194699077
3,10,300,2331,9,0.18244665728641873,0.6081555242880624
3,10,300,2332,9,0.20321378528713818,0.6773792842904606
3,10,300,2333,9,0.17235751449367887,0.5745250483122629
3,10,300,2334,9,0.18873648146258087,0.6291216048752696
3,10,300,2335,9,0.22326627645807434,0.7442209215269144
3,10,300,2336,9,0.17766445046460932,0.5922148348820311
3,10,300,2337,9,0.20042332622614034,0.6680777540871344
3,10,300,2338,9,0.21730614253000913,0.7243538084333637
3,10,300,2339,9,0.2386545532229977,0.7955151774099923
3,10,300,2340,9,0.2132112261703893,0.710704087234631
3,10,300,2341,9,0.19881149918528143,0.6627049972842715
3,10,300,2342,9,0.227833747713878,0.7594458257129266
3,10,300,2343,9,0.2854582813538034,0.951527604512678
3,10,300,2344,9,0.26512421952979515,0.8837473984326505
3,10,300,2345,9,0.18629080007389393,0.6209693335796465
3,10,300,2346,9,0.17821350008030612,0.594045000267687
3,10,300,2347,9,0.19900119634370528,0.6633373211456843
3,10,300,2348,9,0.19882408051419015,0.6627469350473005
3,10,300,2349,9,0.23290646559972777,0.7763548853324258
3,10,300,2350,9,0.3057322117119857,1.0191073723732857
3,10,300,2351,9,0.22715526124381424,0.7571842041460476
3,10,300,2352,9,0.17889998150501535,0.5963332716833846
3,10,300,2353,9,0.22662219528533772,0.7554073176177925
3,10,300,2354,9,0.2196608618301365,0.7322028727671216
3,10,300,2355,9,0.2104613726952034,0.7015379089840114
3,10,300,2356,9,0.23295517844483987,0.7765172614827995
3,10,300,2357,9,0.2192025969261137,0.7306753230870457
3,10,300,2358,9,0.23724297677798128,0.790809922593271
3,10,300,2359,9,0.22025746131483864,0.7341915377161289
3,10,300,2360,9,0.23026519761845643,0.7675506587281882
3,10,300,2361,9,0.18979387107240098,0.6326462369080033
3,10,300,2362,9,0.22894975835098197,0.7631658611699399
3,10,300,2363,9,0.1615364140564185,0.538454713521395
3,10,300,2364,9,0.30056930582185243,1.0018976860728412
3,10,300,2365,9,0.200261179813725,0.6675372660457499
3,10,300,2366,9,0.2757653771972887,0.9192179239909624
3,10,300,2367,9,0.24077385159815065,0.8025795053271688
3,10,300,2368,9,0.2546827174095101,0.8489423913650337
3,10,300,2369,9,0.22747999212333436,0.7582666404111145
3,10,300,2370,9,0.3062411828874153,1.020803942958051
3,10,300,2371,9,0.22091581126324172,0.7363860375441391
3,10,300,2372,9,0.24448658197368695,0.8149552732456232
3,10,300,2373,9,0.25610256579212864,0.8536752193070954
3,10,300,2374,9,0.22597209311568012,0.7532403103856005
3,10,300,2375,9,0.19102029757054145,0.6367343252351382
3,10,300,2376,9,0.24329514688310377,0.8109838229436792
3,10,300,2377,9,0.22080607445826328,0.7360202481942109
3,10,300,2378,9,0.21727509783311938,0.724250326110398
3,10,300,2379,9,0.22355849894333296,0.7451949964777764
3,10,300,2380,9,0.20741529174611423,0.6913843058203807
3,10,300,2381,9,0.24376921122642442,0.8125640374214148
3,10,300,2382,9,0.2765029520873266,0.9216765069577554
3,10,300,2383,9,0.25387746279979995,0.8462582093326664
3,10,300,2384,9,0.2289971451049777,0.7633238170165922
3,10,300,2385,9,0.2500332522148818,0.8334441740496061
3,10,300,2386,9,0.26013581766412935,0.8671193922137646
3,10,300,2387,9,0.20439885186610074,0.6813295062203358
3,10,300,2388,9,0.2172768052331151,0.724256017443717
3,10,300,2389,9,0.22712099265671626,0.7570699755223875
3,10,300,2390,9,0.21666035968193254,0.7222011989397751
3,10,300,2391,9,0.22425721320458367,0.7475240440152788
3,10,300,2392,9,0.19934611432054972,0.6644870477351658
3,10,300,2393,9,0.22420584015844924,0.7473528005281641
3,10,300,2394,9,0.2109981059014004,0.7033270196713346
3,10,300,2395,9,0.20147969798487766,0.6715989932829256
3,10,300,2396,9,0.24143727356138828,0.8047909118712944
3,10,300,2397,9,0.19188758663908478,0.6396252887969492
3,10,300,2398,9,0.2302691843202544,0.7675639477341814
3,10,300,2399,9,0.21853911673068033,0.728463722435601
3,10,300,2400,9,0.23518737577693924,0.7839579192564642
3,10,300,2401,9,0.21283932469062608,0.7094644156354203
3,10,300,2402,9,0.23138531838071769,0.7712843946023924
3,10,300,2403,9,0.24392538680320722,0.8130846226773574
3,10,300,2404,9,0.16961043495606892,0.5653681165202298
3,10,300,2405,9,0.21041942242069073,0.7013980747356358
3,10,300,2406,9,0.1821861744491879,0.6072872481639596
3,10,300,2407,9,0.19587706984363928,0.6529235661454643
3,10,300,2408,9,0.22675018449203851,0.7558339483067951
3,10,300,2409,9,0.2971133349442636,0.9903777831475453
3,10,300,2410,9,0.22576236797251775,0.7525412265750592
3,10,300,2411,9,0.2226742616091005,0.7422475386970017
3,10,300,2412,9,0.18249845513590768,0.6083281837863589
3,10,300,2413,9,0.22670724014596808,0.7556908004865603
3,10,300,2414,9,0.19365049528088535,0.6455016509362844
3,10,300,2415,9,0.21636274554495033,0.721209151816501
3,10,300,2416,9,0.17367425731269234,0.5789141910423078
3,10,300,2417,9,0.17149973195411486,0.5716657731803829
3,10,300,2418,9,0.23220336085405116,0.7740112028468372
3,10,300,2419,9,0.24170464348997,0.8056821449665666
3,10,300,2420,9,0.18986286259633658,0.6328762086544553
3,10,300,2421,9,0.2626244153912296,0.8754147179707653
3,10,300,2422,9,0.20373135008969848,0.6791045002989949
3,10,300,2423,9,0.15265085197905545,0.5088361732635182
3,10,300,2424,9,0.23892102745063368,0.7964034248354456
3,10,300,2425,9,0.2641928457734292,0.8806428192447641
3,10,300,2426,9,0.19810138742712102,0.6603379580904034
3,10,300,2427,9,0.2050076597616044,0.6833588658720147
3,10,300,2428,9,0.268352788525806,0.8945092950860201
3,10,300,2429,9,0.20084576808226298,0.6694858936075433
3,10,300,2430,9,0.18429232246357374,0.6143077415452458
3,10,300,2431,9,0.194037840397976,0.6467928013265867
3,10,300,2432,9,0.18588537130753036,0.6196179043584344
3,10,300,2433,9,0.21967331158203324,0.7322443719401107
3,10,300,2434,9,0.20499905438629615,0.6833301812876539
3,10,300,2435,9,0.23530631262738685,0.7843543754246228
3,10,300,2436,9,0.21367271227333454,0.7122423742444484
3,10,300,2437,9,0.19624359096090843,0.6541453032030281
3,10,300,2438,9,0.19844552991743425,0.6614850997247809
3,10,300,2439,9,0.28516634404910346,0.9505544801636782
3,10,300,2440,9,0.21428433463119217,0.7142811154373073
3,10,300,2441,9,0.2587627334794501,0.8625424449315003
3,10,300,2442,9,0.17567749555716172,0.5855916518572057
3,10,300,2443,9,0.2010173960536645,0.6700579868455483
3,10,300,2444,9,0.2816409682953022,0.9388032276510074
3,10,300,2445,9,0.23091749171746742,0.769724972391558
3,10,300,2446,9,0.19857542076866136,0.6619180692288712
3,10,300,2447,9,0.205513278212072,0.6850442607069067
3,10,300,2448,9,0.2287958143692019,0.7626527145640064
3,10,300,2449,9,0.23343668857866326,0.7781222952622108
3,10,300,2450,9,0.19090267172532105,0.6363422390844035
3,10,300,2451,9,0.20946159479120297,0.6982053159706766
3,10,300,2452,9,0.2115218372075668,0.7050727906918893
3,10,300,2453,9,0.21275839786239747,0.7091946595413249
3,10,300,2454,9,0.22646256651205612,0.7548752217068538
3,10,300,2455,9,0.2350500571309137,0.783500190436379
3,10,300,2456,9,0.16684340644265855,0.5561446881421952
3,10,300,2457,9,0.21560089463325116,0.7186696487775039
3,10,300,2458,9,0.22090279915387717,0.7363426638462572
3,10,300,2459,9,0.2065029447513852,0.688343149171284
3,10,300,2460,9,0.1984074287316196,0.6613580957720653
3,10,300,2461,9,0.19703791184310582,0.6567930394770194
3,10,300,2462,9,0.1758817712743357,0.5862725709144524
3,10,300,2463,9,0.2030467525742677,0.6768225085808923
3,10,300,2464,9,0.2254521256114095,0.7515070853713651
3,10,300,2465,9,0.2695485690871171,0.8984952302903904
3,10,300,2466,9,0.21262883240076497,0.7087627746692166
3,10,300,2467,9,0.24474192974043307,0.8158064324681101
3,10,300,2468,9,0.20363805118019515,0.6787935039339839
3,10,300,2469,9,0.23287102956765893,0.7762367652255298
3,10,300,2470,9,0.2075239525531356,0.691746508510452
3,10,300,2471,9,0.20656046835810965,0.6885348945270321
3,10,300,2472,9,0.16138346421333463,0.5379448807111155
3,10,300,2473,9,0.19912251037282508,0.6637417012427503
3,10,300,2474,9,0.23144119770539823,0.771470659017994
3,10,300,2475,9,0.3127371659774071,1.0424572199246902
3,10,300,2476,9,0.2694629176641631,0.8982097255472102
3,10,300,2477,9,0.2330714212229879,0.7769047374099597
3,10,300,2478,9,0.18759575954279512,0.6253191984759837
3,10,300,2479,9,0.20212588567344456,0.6737529522448152
3,10,300,2480,9,0.23144647077117356,0.7714882359039118
3,10,300,2481,9,0.2882635678030754,0.9608785593435847
3,10,300,2482,9,0.18765430557423743,0.6255143519141247
3,10,300,2483,9,0.17425596373464874,0.5808532124488291
3,10,300,2484,9,0.19761144245782042,0.6587048081927347
3,10,300,2485,9,0.1982426761956172,0.6608089206520573
3,10,300,2486,9,0.19220376549940107,0.6406792183313369
3,10,300,2487,9,0.20524330830865278,0.6841443610288427
3,10,300,2488,9,0.19341520814387028,0.6447173604795676
3,10,300,2489,9,0.20759243733452937,0.6919747911150979
3,10,300,2490,9,0.20326704793054848,0.6775568264351616
3,10,300,2491,9,0.2605236358550611,0.8684121195168704
3,10,300,2492,9,0.22763597701707183,0.7587865900569061
3,10,300,2493,9,0.22464875825339325,0.7488291941779774
3,10,300,2494,9,0.3019637034359563,1.0065456781198543
3,10,300,2495,9,0.18301521038167184,0.6100507012722395
3,10,300,2496,9,0.1630425538007655,0.543475179335885
3,10,300,2497,9,0.19954550392739337,0.665151679757978
3,10,300,2498,9,0.20314029590355542,0.6771343196785181
3,10,300,2499,9,0.19621752515677748,0.6540584171892583
3,10,300,2500,9,0.2005022682292802,0.6683408940976007
3,10,300,2501,9,0.22163236911593234,0.7387745637197745
3,10,300,2502,9,0.18566114217019586,0.6188704739006529
3,10,300,2503,9,0.1674753052385079,0.5582510174616929
3,10,300,2504,9,0.2246366919796943,0.7487889732656476
3,10,300,2505,9,0.2640915332138799,0.880305110712933
3,10,300,2506,9,0.16586362646210784,0.5528787548736928
3,10,300,2507,9,0.23086720270808345,0.7695573423602781
3,10,300,2508,9,0.1858363220244365,0.6194544067481217
3,10,300,2509,9,0.18117486915214176,0.6039162305071393
3,10,300,2510,9,0.1788126288324975,0.5960420961083249
3,10,300,2511,9,0.19328730947196668,0.6442910315732223
3,10,300,2512,9,0.23618840817186382,0.7872946939062128
3,10,300,2513,9,0.18212357850742733,0.6070785950247578
3,10,300,2514,9,0.24540712138823628,0.8180237379607875
3,10,300,2515,9,0.25281838584665106,0.8427279528221702
3,10,300,2516,9,0.21796958841415465,0.7265652947138488
3,10,300,2517,9,0.18432773536251243,0.614425784541708
3,10,300,2518,9,0.22187092564133598,0.7395697521377866
3,10,300,2519,9,0.1695937881425514,0.565312627141838
3,10,300,2520,9,0.22082078085498497,0.7360692695166164
3,10,300,2521,9,0.2111242513319152,0.7037475044397173
3,10,300,2522,9,0.2568606923578074,0.856202307859358
3,10,300,2523,9,0.1980868224123049,0.6602894080410163
3,10,300,2524,9,0.20475793596377195,0.6825264532125731
3,10,300,2525,9,0.2021790326588113,0.6739301088627043
3,10,300,2526,9,0.1671712951474999,0.5572376504916663
3,10,300,2527,9,0.20098993514609526,0.6699664504869841
3,10,300,2528,9,0.2375233006083012,0.791744335361004
3,10,300,2529,9,0.20607979217638,0.6869326405879334
3,10,300,2530,9,0.18425239650659186,0.6141746550219729
3,10,300,2531,9,0.2034032416904108,0.6780108056347026
3,10,300,2532,9,0.20412910240695498,0.6804303413565166
3,10,300,2533,9,0.27890819158452324,0.9296939719484107
3,10,300,2534,9,0.23478610388077437,0.7826203462692479
3,10,300,2535,9,0.1855576506068674,0.6185255020228914
3,10,300,2536,9,0.20410293476676045,0.6803431158892015
3,10,300,2537,9,0.23035948736891226,0.7678649578963743
3,10,300,2538,9,0.16598063223064063,0.5532687741021355
3,10,300,2539,9,0.2434554782391914,0.8115182607973046
3,10,300,2540,9,0.21019823200389265,0.7006607733463088
3,10,300,2541,9,0.3237509660384733,1.079169886794911
3,10,300,2542,9,0.2300086551578051,0.7666955171926838
3,10,300,2543,9,0.20111381636512948,0.6703793878837649
3,10,300,2544,9,0.265723336737896,0.8857444557929867
3,10,300,2545,9,0.1713742297253003,0.5712474324176676
3,10,300,2546,9,0.1633329799880272,0.5444432666267573
3,10,300,2547,9,0.22944378600392396,0.7648126200130799
3,10,300,2548,9,0.192533528237184,0.6417784274572801
3,10,300,2549,9,0.2283612415759249,0.7612041385864163
3,10,300,2550,9,0.2520178495635389,0.8400594985451296
3,10,300,2551,9,0.2489116603838237,0.8297055346127457
3,10,300,2552,9,0.18398272928734744,0.6132757642911582
3,10,300,2553,9,0.18580003776675577,0.6193334592225193
3,10,300,2554,9,0.2885545372777738,0.9618484575925793
3,10,300,2555,9,0.18816625353289806,0.6272208451096601
3,10,300,2556,9,0.23130359250448915,0.7710119750149638
3,10,300,2557,9,0.17059772284077931,0.568659076135931
3,10,300,2558,9,0.20879680556136482,0.6959893518712161
3,10,300,2559,9,0.17097376003397996,0.5699125334465999
3,10,300,2560,9,0.18223645913562841,0.607454863785428
3,10,300,2561,9,0.2139561027363704,0.7131870091212346
3,10,300,2562,9,0.2296687892557569,0.765562630852523
3,10,300,2563,9,0.17639823588521453,0.5879941196173817
3,10,300,2564,9,0.2587560113296781,0.8625200377655937
3,10,300,2565,9,0.22145907309756177,0.738196910325206
3,10,300,2566,9,0.28712178949324557,0.9570726316441519
3,10,300,2567,9,0.2915887091736977,0.9719623639123257
3,10,300,2568,9,0.23059559087259496,0.7686519695753166
3,10,300,2569,9,0.2059604110611073,0.6865347035370243
3,10,300,2570,9,0.1782230384743249,0.5940767949144163
3,10,300,2571,9,0.21325765778869613,0.7108588592956537
3,10,300,2572,9,0.20560453596521389,0.6853484532173796
3,10,300,2573,9,0.1712714622142006,0.5709048740473353
3,10,300,2574,9,0.15973256999975052,0.5324418999991684
3,10,300,2575,9,0.24541859920557013,0.8180619973519003
3,10,300,2576,9,0.21957189630592314,0.7319063210197438
3,10,300,2577,9,0.21427171210958096,0.71423904036527
3,10,300,2578,9,0.15440950026873348,0.5146983342291116
3,10,300,2579,9,0.2040704716236714,0.680234905412238
3,10,300,2580,9,0.18456189169157383,0.6152063056385795
3,10,300,2581,9,0.20398951833917683,0.6799650611305894
3,10,300,2582,9,0.2127018569729185,0.7090061899097283
3,10,300,2583,9,0.1977820191495939,0.659273397165313
3,10,300,2584,9,0.2609189131502747,0.8697297105009157
3,10,300,2585,9,0.26296729605236946,0.8765576535078983
3,10,300,2586,9,0.17151895770352626,0.5717298590117542
3,10,300,2587,9,0.18747959915182938,0.6249319971727646
3,10,300,2588,9,0.23015670356081938,0.7671890118693979
3,10,300,2589,9,0.19355823420578877,0.6451941140192959
3,10,300,2590,9,0.18749361472848197,0.6249787157616066
3,10,300,2591,9,0.21347800487806123,0.7115933495935375
3,10,300,2592,9,0.2080329455912995,0.6934431519709984
3,10,300,2593,9,0.21607522855615782,0.7202507618538595
3,10,300,2594,9,0.21292401488295998,0.7097467162765333
3,10,300,2595,9,0.24779029604812547,0.8259676534937515
3,10,300,2596,9,0.15922874219815697,0.5307624739938566
3,10,300,2597,9,0.19018378367340655,0.6339459455780219
3,10,300,2598,9,0.17529588833578813,0.5843196277859605
3,10,300,2599,9,0.24928788809139368,0.8309596269713122
3,10,300,2600,9,0.2183571139672288,0.7278570465574293
3,10,300,2601,9,0.21167310948020274,0.7055770316006758
3,10,300,2602,9,0.21590816141731756,0.7196938713910584
3,10,300,2603,9,0.21514217408450942,0.717140580281698
3,10,300,2604,9,0.23914945819074773,0.7971648606358258
3,10,300,2605,9,0.2707561211786325,0.9025204039287751
3,10,300,2606,9,0.23900903736577644,0.7966967912192549
3,10,300,2607,9,0.23608760798799136,0.7869586932933045
3,10,300,2608,9,0.21693206365519332,0.7231068788506444
3,10,300,2609,9,0.20853114976674114,0.6951038325558038
3,10,300,2610,9,0.2291572791647798,0.7638575972159327
3,10,300,2611,9,0.1923435234006264,0.641145078002088
3,10,300,2612,9,0.2932999777114369,0.9776665923714564
3,10,300,2613,9,0.22401366599910438,0.7467122199970145
3,10,300,2614,9,0.21052231000977473,0.7017410333659158
3,10,300,2615,9,0.20437322275482733,0.6812440758494245
3,10,300,2616,9,0.2529659135498542,0.8432197118328473
3,10,300,2617,9,0.24823412195649733,0.8274470731883244
3,10,300,2618,9,0.19752072549769328,0.6584024183256443
3,10,300,2619,9,0.21555115793987698,0.7185038597995899
3,10,300,2620,9,0.23862402712774505,0.7954134237591503
3,10,300,2621,9,0.16902664255014171,0.5634221418338057
3,10,300,2622,9,0.18456618095948688,0.6152206031982895
3,10,300,2623,9,0.16662487212592234,0.5554162404197411
3,10,300,2624,9,0.21647435395383724,0.7215811798461241
3,10,300,2625,9,0.19513383331906556,0.6504461110635519
3,10,300,2626,9,0.1740030625254707,0.5800102084182357
3,10,300,2627,9,0.2119985748950056,0.7066619163166853
3,10,300,2628,9,0.21579546546502004,0.7193182182167336
3,10,300,2629,9,0.23321801390066074,0.7773933796688692
3,10,300,2630,9,0.17777717492268788,0.5925905830756263
3,10,300,2631,9,0.21357226802201426,0.7119075600733809
3,10,300,2632,9,0.2724228368334475,0.9080761227781582
3,10,300,2633,9,0.2097278545473943,0.6990928484913143
3,10,300,2634,9,0.27852932255863805,0.9284310751954602
3,10,300,2635,9,0.2152348390854955,0.7174494636183184
3,10,300,2636,9,0.24572031873149247,0.8190677291049749
3,10,300,2637,9,0.2252413842897786,0.7508046142992619
3,10,300,2638,9,0.17432243130961825,0.5810747710320608
3,10,300,2639,9,0.22701469699168583,0.7567156566389528
3,10,300,2640,9,0.19535292336946652,0.651176411231555
3,10,300,2641,9,0.22824964779167306,0.7608321593055769
3,10,300,2642,9,0.16000769305380536,0.5333589768460179
3,10,300,2643,9,0.15458899622815994,0.5152966540938665
3,10,300,2644,9,0.177788665788266,0.5926288859608866
3,10,300,2645,9,0.21691544337655036,0.7230514779218346
3,10,300,2646,9,0.1645282695014382,0.5484275650047941
3,10,300,2647,9,0.19966483298788434,0.6655494432929479
3,10,300,2648,9,0.2339047830041981,0.7796826100139936
3,10,300,2649,9,0.22111508510158584,0.7370502836719529
3,10,300,2650,9,0.22618348641311817,0.7539449547103939
3,10,300,2651,9,0.18901634392045125,0.6300544797348375
3,10,300,2652,9,0.20418162456995229,0.6806054152331743
3,10,300,2653,9,0.19380263964018435,0.6460087988006145
3,10,300,2654,9,0.2564419462117817,0.8548064873726056
3,10,300,2655,9,0.20335762967012652,0.6778587655670885
3,10,300,2656,9,0.24423179626647873,0.8141059875549291
3,10,300,2657,9,0.19515384478701828,0.6505128159567276
3,10,300,2658,9,0.19425359215571705,0.6475119738523902
3,10,300,2659,9,0.21536815072391136,0.7178938357463712
3,10,300,2660,9,0.17874537779076072,0.5958179259692024
3,10,300,2661,9,0.18092814858769546,0.6030938286256515
3,10,300,2662,9,0.20379545271630653,0.6793181757210217
3,10,300,2663,9,0.18707759711120264,0.6235919903706755
3,10,300,2664,9,0.23936702325779707,0.7978900775259902
3,10,300,2665,9,0.229734562542171,0.7657818751405701
3,10,300,2666,9,0.22334003255040108,0.7444667751680035
3,10,300,2667,9,0.2606192931572427,0.868730977190809
3,10,300,2668,9,0.1980435791248672,0.6601452637495573
3,10,300,2669,9,0.3071058631676611,1.0236862105588702
3,10,300,2670,9,0.1804891940069271,0.601630646689757
3,10,300,2671,9,0.19908117900634853,0.6636039300211618
3,10,300,2672,9,0.2335246431383078,0.7784154771276927
3,10,300,2673,9,0.23050863714468234,0.7683621238156079
3,10,300,2674,9,0.20514044298550865,0.6838014766183621
3,10,300,2675,9,0.20946759894202974,0.6982253298067658
3,10,300,2676,9,0.2319765662507517,0.773255220835839
3,10,300,2677,9,0.1811165577313601,0.6037218591045337
3,10,300,2678,9,0.20224472178384695,0.6741490726128231
3,10,300,2679,9,0.1972389190465051,0.6574630634883504
3,10,300,2680,9,0.1906493416641642,0.6354978055472139
3,10,300,2681,9,0.19249152812704678,0.641638427090156
3,10,300,2682,9,0.22238495714775994,0.7412831904925331
3,10,300,2683,9,0.24615401864155234,0.8205133954718412
3,10,300,2684,9,0.19684567981851375,0.6561522660617125
3,10,300,2685,9,0.21527826727655822,0.717594224255194
3,10,300,2686,9,0.19487442279643752,0.6495814093214584
3,10,300,2687,9,0.18758022215072662,0.6252674071690887
3,10,300,2688,9,0.2239141278352315,0.7463804261174384
3,10,300,2689,9,0.18779404195501886,0.625980139850063
3,10,300,2690,9,0.25487446838803407,0.8495815612934469
3,10,300,2691,9,0.20406892493460138,0.6802297497820047
3,10,300,2692,9,0.20902133499097672,0.6967377833032558
3,10,300,2693,9,0.1540690904293502,0.5135636347645006
3,10,300,2694,9,0.24224509894148774,0.8074836631382926
3,10,300,2695,9,0.19578244050620583,0.6526081350206862
3,10,300,2696,9,0.21981578384996492,0.732719279499883
3,10,300,2697,9,0.28176290578859453,0.9392096859619817
3,10,300,2698,9,0.18869077848265833,0.6289692616088611
3,10,300,2699,9,0.1950866815831168,0.6502889386103893
3,10,300,2700,9,0.17368227443119735,0.5789409147706579
3,10,300,2701,9,0.20247965250574734,0.6749321750191578
3,10,300,2702,9,0.23777441071964656,0.7925813690654885
3,10,300,2703,9,0.21971831554964577,0.7323943851654858
3,10,300,2704,9,0.2085212596982074,0.6950708656606913
3,10,300,2705,9,0.21060549153642405,0.7020183051214135
3,10,300,2706,9,0.19530936888977207,0.6510312296325735
3,10,300,2707,9,0.22537932342346584,0.7512644114115528
3,10,300,2708,9,0.17651208401822732,0.5883736133940911
3,10,300,2709,9,0.2246900865079685,0.7489669550265617
3,10,300,2710,9,0.24432617485762503,0.8144205828587501
3,10,300,2711,9,0.229620359922437,0.7654011997414566
3,10,300,2712,9,0.17484086241638147,0.5828028747212716
3,10,300,2713,9,0.23459544818660122,0.7819848272886707
3,10,300,2714,9,0.20753835302209886,0.6917945100736629
3,10,300,2715,9,0.20449605198422666,0.6816535066140889
3,10,300,2716,9,0.20342265304693205,0.6780755101564402
3,10,300,2717,9,0.2771302889326548,0.923767629775516
3,10,300,2718,9,0.22567473687933248,0.7522491229311083
3,10,300,2719,9,0.2383171993032011,0.7943906643440036
3,10,300,2720,9,0.2268842668372556,0.7562808894575187
3,10,300,2721,9,0.1986252960725951,0.6620843202419837
3,10,300,2722,9,0.25111386662126894,0.8370462220708965
3,10,300,2723,9,0.23012638462355725,0.7670879487451908
3,10,300,2724,9,0.18136826327075328,0.6045608775691776
3,10,300,2725,9,0.2074725330055488,0.6915751100184959
3,10,300,2726,9,0.23326449567856938,0.7775483189285647
3,10,300,2727,9,0.19433343871955538,0.6477781290651846
3,10,300,2728,9,0.19438516611353573,0.6479505537117858
3,10,300,2729,9,0.24294696402199134,0.8098232134066379
3,10,300,2730,9,0.2571077420417751,0.857025806805917
3,10,300,2731,9,0.23568414538150506,0.7856138179383502
3,10,300,2732,9,0.28096200405625227,0.9365400135208408
3,10,300,2733,9,0.17609883420786032,0.586996114026201
3,10,300,2734,9,0.1925111245856691,0.641703748618897
3,10,300,2735,9,0.27689214799908,0.9229738266636001
3,10,300,2736,9,0.22194307316599235,0.7398102438866412
3,10,300,2737,9,0.21664757024396003,0.7221585674798667
3,10,300,2738,9,0.21491790861766558,0.7163930287255519
3,10,300,2739,9,0.20056993170268536,0.6685664390089512
3,10,300,2740,9,0.2012324034771209,0.6707746782570697
3,10,300,2741,9,0.2269954113779195,0.7566513712597316
3,10,300,2742,9,0.24628000771848343,0.8209333590616115
3,10,300,2743,9,0.1936326167967996,0.645442055989332
3,10,300,2744,9,0.20349997400251113,0.678333246675037
3,10,300,2745,9,0.2648481090205139,0.8828270300683798
3,10,300,2746,9,0.23699083021110254,0.7899694340370085
3,10,300,2747,9,0.16106954479972957,0.5368984826657652
3,10,300,2748,9,0.16378764432592213,0.5459588144197405
3,10,300,2749,9,0.1799857473129327,0.599952491043109
3,10,300,2750,9,0.23917247196256425,0.7972415732085475
3,10,300,2751,9,0.1941124320683704,0.6470414402279013
3,10,300,2752,9,0.19520429573691767,0.6506809857897256
3,10,300,2753,9,0.19633523471700468,0.6544507823900156
3,10,300,2754,9,0.21103920511366858,0.7034640170455619
3,10,300,2755,9,0.21979347234310914,0.7326449078103637
3,10,300,2756,9,0.22608371517060735,0.7536123839020246
3,10,300,2757,9,0.22890631448025053,0.7630210482675017
3,10,300,2758,9,0.31419744406928696,1.0473248135642899
3,10,300,2759,9,0.21601854486749084,0.7200618162249696
3,10,300,2760,9,0.2733871773907012,0.9112905913023374
3,10,300,2761,9,0.19681735460951744,0.6560578486983915
3,10,300,2762,9,0.21192749604246708,0.7064249868082235
3,10,300,2763,9,0.2270459660645822,0.7568198868819407
3,10,300,2764,9,0.21281086135720945,0.7093695378573648
3,10,300,2765,9,0.2519338900158992,0.8397796333863307
3,10,300,2766,9,0.19534194895098692,0.651139829836623
3,10,300,2767,9,0.17066249393036623,0.5688749797678875
3,10,300,2768,9,0.19675129506570377,0.6558376502190125
3,10,300,2769,9,0.22070467483515444,0.7356822494505147
3,10,300,2770,9,0.22866352595718725,0.7622117531906241
3,10,300,2771,9,0.1858668174603697,0.6195560582012324
3,10,300,2772,9,0.20914102959902947,0.6971367653300983
3,10,300,2773,9,0.17487939374368944,0.5829313124789648
3,10,300,2774,9,0.18545939318627092,0.6181979772875698
3,10,300,2775,9,0.3199815104374357,1.0666050347914524
3,10,300,2776,9,0.20138126268468426,0.6712708756156142
3,10,300,2777,9,0.241822020574107,0.80607340191369
3,10,300,2778,9,0.20845608218338169,0.694853607277939
3,10,300,2779,9,0.21960464290289503,0.7320154763429835
3,10,300,2780,9,0.19202847501192782,0.640094916706426
3,10,300,2781,9,0.26176693637061754,0.8725564545687252
3,10,300,2782,9,0.21596740529720984,0.7198913509906995
3,10,300,2783,9,0.17224642132892587,0.5741547377630862
3,10,300,2784,9,0.27329382710540906,0.9109794236846969
3,10,300,2785,9,0.2599663780218433,0.8665545934061443
3,10,300,2786,9,0.22850024837437005,0.7616674945812335
3,10,300,2787,9,0.1773904238784876,0.591301412928292
3,10,300,2788,9,0.22210274264092303,0.7403424754697434
3,10,300,2789,9,0.21355131683144463,0.7118377227714822
3,10,300,2790,9,0.25330103484732286,0.8443367828244095
3,10,300,2791,9,0.1975602225376173,0.658534075125391
3,10,300,2792,9,0.2729119054547574,0.9097063515158581
3,10,300,2793,9,0.20671792822857527,0.6890597607619176
3,10,300,2794,9,0.24214997671905608,0.8071665890635202
3,10,300,2795,9,0.17537385912486153,0.5845795304162051
3,10,300,2796,9,0.23102256675680038,0.7700752225226679
3,10,300,2797,9,0.18953988181362252,0.6317996060454084
3,10,300,2798,9,0.20298447678296772,0.6766149226098924
3,10,300,2799,9,0.1874751388324873,0.6249171294416243
3,10,300,2800,9,0.21651201321379618,0.7217067107126539
3,10,300,2801,9,0.14925872421078482,0.49752908070261603
3,10,300,2802,9,0.2780925197665312,0.9269750658884374
3,10,300,2803,9,0.2310990521280843,0.7703301737602809
3,10,300,2804,9,0.22144339550222977,0.7381446516740992
3,10,300,2805,9,0.18096513832562372,0.6032171277520791
3,10,300,2806,9,0.18784510510700275,0.6261503503566759
3,10,300,2807,9,0.2338994894770024,0.7796649649233413
3,10,300,2808,9,0.24468084135368365,0.815602804512279
3,10,300,2809,9,0.23991493047247908,0.7997164349082636
3,10,300,2810,9,0.27701949341283344,0.9233983113761114
3,10,300,2811,9,0.23646022725872923,0.7882007575290975
3,10,300,2812,9,0.23849794633465612,0.7949931544488537
3,10,300,2813,9,0.2614227188862062,0.8714090629540208
3,10,300,2814,9,0.29699906310340474,0.9899968770113491
3,10,300,2815,9,0.2059740020391205,0.6865800067970683
3,10,300,2816,9,0.1796716679901092,0.5989055599670307
3,10,300,2817,9,0.1890471323357995,0.6301571077859983
3,10,300,2818,9,0.2244039837269886,0.7480132790899621
3,10,300,2819,9,0.22603297749848297,0.7534432583282765
3,10,300,2820,9,0.26315740736893695,0.8771913578964565
3,10,300,2821,9,0.3031946653354325,1.0106488844514416
3,10,300,2822,9,0.20470208668807838,0.6823402889602612
3,10,300,2823,9,0.23850203643876774,0.7950067881292258
3,10,300,2824,9,0.2285408283202498,0.7618027610674993
3,10,300,2825,9,0.22518444913616015,0.7506148304538671
3,10,300,2826,9,0.22398200281127584,0.746606676037586
3,10,300,2827,9,0.1542616263617882,0.5142054212059607
3,10,300,2828,9,0.25276903385839045,0.8425634461946347
3,10,300,2829,9,0.24539022739008676,0.8179674246336226
3,10,300,2830,9,0.23826888890868508,0.794229629695617
3,10,300,2831,9,0.18379660136999493,0.612655337899983
3,10,300,2832,9,0.21027413264575398,0.7009137754858467
3,10,300,2833,9,0.2553340592468396,0.8511135308227987
3,10,300,2834,9,0.17692315389283036,0.5897438463094345
3,10,300,2835,9,0.19059930191843094,0.6353310063947698
3,10,300,2836,9,0.264352998452534,0.8811766615084468
3,10,300,2837,9,0.21128418579993324,0.7042806193331108
3,10,300,2838,9,0.20399114477090052,0.6799704825696684
3,10,300,2839,9,0.19631728001079823,0.6543909333693274
3,10,300,2840,9,0.19230282290158335,0.6410094096719445
3,10,300,2841,9,0.18745335057055695,0.6248445019018565
3,10,300,2842,9,0.2153287870982771,0.7177626236609236
3,10,300,2843,9,0.2317925541312313,0.7726418471041043
3,10,300,2844,9,0.19007740276027474,0.6335913425342491
3,10,300,2845,9,0.2939349352686428,0.9797831175621425
3,10,300,2846,9,0.2537442648319972,0.8458142161066573
3,10,300,2847,9,0.18848051410462774,0.6282683803487591
3,10,300,2848,9,0.18045235446861685,0.6015078482287228
3,10,300,2849,9,0.2561016323447598,0.853672107815866
3,10,300,2850,9,0.2764636485882672,0.921545495294224
3,10,300,2851,9,0.18679201532094572,0.622640051069819
3,10,300,2852,9,0.23489719355306782,0.7829906451768927
3,10,300,2853,9,0.2058020073211647,0.686006691070549
3,10,300,2854,9,0.27117270100227203,0.9039090033409067
3,10,300,2855,9,0.27008186773517284,0.9002728924505762
3,10,300,2856,9,0.3015199168001559,1.005066389333853
3,10,300,2857,9,0.20409457001113684,0.6803152333704562
3,10,300,2858,9,0.18667584683713978,0.6222528227904659
3,10,300,2859,9,0.3129492969751476,1.043164323250492
3,10,300,2860,9,0.16151090620449618,0.5383696873483206
3,10,300,2861,9,0.22574385545787176,0.7524795181929058
3,10,300,2862,9,0.1682803981078915,0.5609346603596383
3,10,300,2863,9,0.19770559124448184,0.6590186374816062
3,10,300,2864,9,0.23239183215169112,0.774639440505637
3,10,300,2865,9,0.21031090836657063,0.701036361221902
3,10,300,2866,9,0.28012644503760264,0.9337548167920089
3,10,300,2867,9,0.2588434199993427,0.862811399997809
3,10,300,2868,9,0.24707896131774365,0.8235965377258122
3,10,300,2869,9,0.19756898958017055,0.6585632986005685
3,10,300,2870,9,0.2166284896413856,0.7220949654712854
3,10,300,2871,9,0.2708863849918455,0.9029546166394848
3,10,300,2872,9,0.15532913042526275,0.5177637680842092
3,10,300,2873,9,0.23508124181361334,0.7836041393787111
3,10,300,2874,9,0.19620094572678498,0.6540031524226166
3,10,300,2875,9,0.22591513812737124,0.7530504604245708
3,10,300,2876,9,0.32459602563304635,1.0819867521101545
3,10,300,2877,9,0.2678923975372782,0.892974658457594
3,10,300,2878,9,0.1968416549927685,0.656138849975895
3,10,300,2879,9,0.20447507595565861,0.6815835865188621
3,10,300,2880,9,0.21805887442362018,0.7268629147454005
3,10,300,2881,9,0.2206879705149247,0.7356265683830824
3,10,300,2882,9,0.2454742523160827,0.8182475077202755
3,10,300,2883,9,0.19701690025884783,0.6567230008628261
3,10,300,2884,9,0.25512015373658337,0.8504005124552779
3,10,300,2885,9,0.2929768067025921,0.9765893556753069
3,10,300,2886,9,0.21403652971414816,0.7134550990471605
3,10,300,2887,9,0.2919195981018686,0.9730653270062288
3,10,300,2888,9,0.2013429186840699,0.671143062280233
3,10,300,2889,9,0.1645912158842511,0.548637386280837
3,10,300,2890,9,0.21990630786376728,0.7330210262125576
3,10,300,2891,9,0.23249885591280994,0.7749961863760332
3,10,300,2892,9,0.19726631505364,0.6575543835121334
3,10,300,2893,9,0.21360534023833122,0.7120178007944373
3,10,300,2894,9,0.24642643262896047,0.821421442096535
3,10,300,2895,9,0.178652042328992,0.5955068077633067
3,10,300,2896,9,0.18787766234665432,0.6262588744888476
3,10,300,2897,9,0.25703361005067255,0.8567787001689086
3,10,300,2898,9,0.23775448054780896,0.7925149351593632
3,10,300,2899,9,0.19779762361840855,0.6593254120613619
3,10,300,2900,9,0.25642697536587383,0.8547565845529127
3,10,300,2901,9,0.19440330296423633,0.6480110098807879
3,10,300,2902,9,0.20118286328617305,0.6706095442872435
3,10,300,2903,9,0.21781781021042007,0.726059367368067
3,10,300,2904,9,0.191231579068447,0.6374385968948234
3,10,300,2905,9,0.18366467890426416,0.6122155963475472
3,10,300,2906,9,0.21279087419871962,0.7093029139957321
3,10,300,2907,9,0.16511757787605616,0.5503919262535205
3,10,300,2908,9,0.22011807980068554,0.7337269326689518
3,10,300,2909,9,0.19403962897888988,0.6467987632629663
3,10,300,2910,9,0.2318122582848589,0.7727075276161964
3,10,300,2911,9,0.2571481956213327,0.8571606520711089
3,10,300,2912,9,0.26872445215324703,0.8957481738441567
3,10,300,2913,9,0.19347047060376202,0.6449015686792068
3,10,300,2914,9,0.2284170082623918,0.761390027541306
3,10,300,2915,9,0.1964504453263882,0.6548348177546274
3,10,300,2916,9,0.22354487000783688,0.7451495666927895
3,10,300,2917,9,0.2539176441025788,0.8463921470085959
3,10,300,2918,9,0.23149333204047584,0.7716444401349195
3,10,300,2919,9,0.18714305811723086,0.6238101937241028
3,10,300,2920,9,0.19378435484308026,0.6459478494769342
3,10,300,2921,9,0.1834963024915171,0.6116543416383904
3,10,300,2922,9,0.2355827616084175,0.7852758720280584
3,10,300,2923,9,0.20762788104052676,0.6920929368017559
3,10,300,2924,9,0.19547230669999865,0.6515743556666622
3,10,300,2925,9,0.1990274729786591,0.6634249099288637
3,10,300,2926,9,0.22501349171026958,0.7500449723675653
3,10,300,2927,9,0.16898131956447848,0.5632710652149283
3,10,300,2928,9,0.3002393514971372,1.0007978383237908
3,10,300,2929,9,0.21247125328610694,0.7082375109536898
3,10,300,2930,9,0.2016215053843745,0.6720716846145817
3,10,300,2931,9,0.26064018392093286,0.8688006130697761
3,10,300,2932,9,0.21653370768678187,0.7217790256226062
3,10,300,2933,9,0.21732512768654066,0.7244170922884688
3,10,300,2934,9,0.2516111694092564,0.8387038980308545
3,10,300,2935,9,0.20146316643646683,0.6715438881215561
3,10,300,2936,9,0.23654454748390208,0.7884818249463402
3,10,300,2937,9,0.15724999426064407,0.5241666475354803
3,10,300,2938,9,0.22320586461551178,0.7440195487183726
3,10,300,2939,9,0.17249299114732458,0.5749766371577486
3,10,300,2940,9,0.1881900614434016,0.6273002048113387
3,10,300,2941,9,0.2055848597902987,0.6852828659676623
3,10,300,2942,9,0.25876178451701914,0.8625392817233971
3,10,300,2943,9,0.21234191710307415,0.7078063903435805
3,10,300,2944,9,0.20500019440559297,0.6833339813519765
3,10,300,2945,9,0.21592172329830897,0.71973907766103
3,10,300,2946,9,0.20290376408455696,0.6763458802818565
3,10,300,2947,9,0.279689541300605,0.9322984710020167
3,10,300,2948,9,0.23208304867075713,0.773610162235857
3,10,300,2949,9,0.2915185595945996,0.9717285319819987
3,10,300,2950,9,0.2887236254773199,0.9624120849243997
3,10,300,2951,9,0.212257349150641,0.7075244971688034
3,10,300,2952,9,0.19873923995514173,0.6624641331838058
3,10,300,2953,9,0.1827642563460765,0.6092141878202549
3,10,300,2954,9,0.2024952769903521,0.674984256634507
3,10,300,2955,9,0.2879337624810942,0.959779208270314
3,10,300,2956,9,0.19633075675623213,0.6544358558541071
3,10,300,2957,9,0.1547331077795573,0.5157770259318576
3,10,300,2958,9,0.2276794799820977,0.7589315999403256
3,10,300,2959,9,0.18086698050449906,0.6028899350149969
3,10,300,2960,9,0.2104996462211466,0.7016654874038221
3,10,300,2961,9,0.31076266687593146,1.035875556253105
3,10,300,2962,9,0.2557880160616053,0.852626720205351
3,10,300,2963,9,0.20530700500363291,0.684356683345443
3,10,300,2964,9,0.23716170293662867,0.7905390097887621
3,10,300,2965,9,0.20702627033209198,0.6900875677736399
3,10,300,2966,9,0.2277167704041034,0.7590559013470113
3,10,300,2967,9,0.20997265155128028,0.6999088385042677
3,10,300,2968,9,0.18572431981152238,0.619081066038408
3,10,300,2969,9,0.2064899292700896,0.6882997642336319
3,10,300,2970,9,0.23213947737142124,0.7737982579047376
3,10,300,2971,9,0.22094289975796683,0.7364763325265561
3,10,300,2972,9,0.2526792332288002,0.8422641107626673
3,10,300,2973,9,0.32433911131863524,1.0811303710621174
3,10,300,2974,9,0.24547334874433116,0.8182444958144371
3,10,300,2975,9,0.3424279055613323,1.1414263518711076
3,10,300,2976,9,0.20404996970278977,0.6801665656759659
3,10,300,2977,9,0.20570605764425814,0.6856868588141938
3,10,300,2978,9,0.2390318480147968,0.7967728267159893
3,10,300,2979,9,0.29764398753634425,0.9921466251211475
3,10,300,2980,9,0.25763476400661744,0.8587825466887248
3,10,300,2981,9,0.23533108118907592,0.7844369372969198
3,10,300,2982,9,0.1792763748038122,0.5975879160127073
3,10,300,2983,9,0.2226257095929707,0.7420856986432357
3,10,300,2984,9,0.23722655214559205,0.7907551738186402
3,10,300,2985,9,0.1652670162754708,0.5508900542515693
3,10,300,2986,9,0.20959087860721795,0.6986362620240598
3,10,300,2987,9,0.15558030216209065,0.5186010072069688
3,10,300,2988,9,0.26683531164238206,0.8894510388079401
3,10,300,2989,9,0.1865752795520979,0.621917598506993
3,10,300,2990,9,0.24844152246193157,0.8281384082064386
3,10,300,2991,9,0.15712580134906168,0.523752671163539
3,10,300,2992,9,0.23532043636979244,0.7844014545659748
3,10,300,2993,9,0.23258696702506643,0.7752898900835549
3,10,300,2994,9,0.2300244764544736,0.7667482548482454
3,10,300,2995,9,0.21493938047697914,0.7164646015899305
3,10,300,2996,9,0.2460491477530169,0.8201638258433896
3,10,300,2997,9,0.20754990700028755,0.6918330233342919
3,10,300,2998,9,0.340797116980373,1.1359903899345767
3,10,300,2999,9,0.26566302976302547,0.8855434325434183
3,10,300,3000,9,0.2748838962302042,0.9162796541006807
3,10,300,3001,9,0.2409991118197392,0.8033303727324641
3,10,300,3002,9,0.20697573984969225,0.6899191328323074
3,10,300,3003,9,0.1996094711623358,0.6653649038744527
3,10,300,3004,9,0.2279968818528731,0.7599896061762437
3,10,300,3005,9,0.2901476053418487,0.9671586844728289
3,10,300,3006,9,0.28904150531159867,0.9634716843719956
3,10,300,3007,9,0.20194053250656396,0.6731351083552132
3,10,300,3008,9,0.18445421773385268,0.6148473924461756
3,10,300,3009,9,0.22213306769102914,0.7404435589700972
3,10,300,3010,9,0.27059332396112845,0.9019777465370948
3,10,300,3011,9,0.23224932887743555,0.7741644295914518
3,10,300,3012,9,0.17768644159062735,0.5922881386354245
3,10,300,3013,9,0.20723218624425366,0.6907739541475122
3,10,300,3014,9,0.31345361184047504,1.0448453728015834
3,10,300,3015,9,0.26322487020152846,0.8774162340050948
3,10,300,3016,9,0.2821631661401487,0.9405438871338289
3,10,300,3017,9,0.18360917021274697,0.6120305673758233
3,10,300,3018,9,0.19135609761962175,0.6378536587320724
3,10,300,3019,9,0.18966119582635274,0.6322039860878425
3,10,300,3020,9,0.20520242489099594,0.6840080829699865
3,10,300,3021,9,0.20383294295393528,0.6794431431797843
3,10,300,3022,9,0.2551367559319494,0.8504558531064981
3,10,300,3023,9,0.17540286391537516,0.5846762130512505
3,10,300,3024,9,0.19621176059005851,0.6540392019668617
3,10,300,3025,9,0.3474772438110105,1.158257479370035
3,10,300,3026,9,0.2547663213249153,0.8492210710830509
3,10,300,3027,9,0.22805404229837584,0.7601801409945861
3,10,300,3028,9,0.20174194039578078,0.6724731346526026
3,10,300,3029,9,0.14268334701225102,0.4756111567075034
3,10,300,3030,9,0.2128317615719411,0.7094392052398036
3,10,300,3031,9,0.21084397750666,0.7028132583555333
3,10,300,3032,9,0.22320822457531259,0.744027415251042
3,10,300,3033,9,0.2621198728988717,0.8737329096629055
3,10,300,3034,9,0.22546234060037665,0.7515411353345889
3,10,300,3035,9,0.22401186305138496,0.7467062101712831
3,10,300,3036,9,0.23777314757006954,0.7925771585668985
3,10,300,3037,9,0.19783192244321396,0.6594397414773798
3,10,300,3038,9,0.199190214662286,0.6639673822076201
3,10,300,3039,9,0.263802367460259,0.8793412248675299
3,10,300,3040,9,0.19371454646361108,0.6457151548787036
3,10,300,3041,9,0.2520597701711925,0.8401992339039751
3,10,300,3042,9,0.2073566717499959,0.6911889058333196
3,10,300,3043,9,0.25526436821132775,0.8508812273710925
3,10,300,3044,9,0.14956121855764923,0.49853739519216406
3,10,300,3045,9,0.1818640103298234,0.606213367766078
3,10,300,3046,9,0.2847090637988525,0.9490302126628418
3,10,300,3047,9,0.35760090840947684,1.1920030280315894
3,10,300,3048,9,0.17466963229859905,0.5822321076619968
3,10,300,3049,9,0.18316034180789537,0.6105344726929846
3,10,300,3050,9,0.2431306299043195,0.8104354330143984
3,10,300,3051,9,0.22168227939004234,0.7389409313001412
3,10,300,3052,9,0.20855321881631403,0.6951773960543801
3,10,300,3053,9,0.19548252810492311,0.6516084270164104
3,10,300,3054,9,0.23943974207306773,0.7981324735768923
3,10,300,3055,9,0.20506729838946797,0.6835576612982266
3,10,300,3056,9,0.24294097604679324,0.8098032534893107
3,10,300,3057,9,0.15896110022839555,0.5298703340946519
3,10,300,3058,9,0.25112876551441177,0.8370958850480392
3,10,300,3059,9,0.19339069936105135,0.6446356645368378
3,10,300,3060,9,0.1901353890250903,0.6337846300836344
3,10,300,3061,9,0.2219141975759204,0.7397139919197346
3,10,300,3062,9,0.25756581177251653,0.8585527059083884
3,10,300,3063,9,0.20540613001826072,0.6846871000608691
3,10,300,3064,9,0.21366676641074714,0.7122225547024905
3,10,300,3065,9,0.21454505825681974,0.7151501941893991
3,10,300,3066,9,0.1825291322097025,0.6084304406990083
3,10,300,3067,9,0.16873831031900394,0.5624610343966798
3,10,300,3068,9,0.18951997391792286,0.6317332463930762
3,10,300,3069,9,0.2416436169385768,0.8054787231285894
3,10,300,3070,9,0.2347941718284521,0.7826472394281737
3,10,300,3071,9,0.16856540280209587,0.5618846760069862
3,10,300,3072,9,0.2240388883751131,0.7467962945837102
3,10,300,3073,9,0.22844665634644024,0.7614888544881341
3,10,300,3074,9,0.18401846817142037,0.6133948939047346
3,10,300,3075,9,0.23111934619811444,0.7703978206603815
3,10,300,3076,9,0.22754517291199125,0.7584839097066376
3,10,300,3077,9,0.2485015750548361,0.8283385835161204
3,10,300,3078,9,0.18562890251956476,0.6187630083985493
3,10,300,3079,9,0.1571592681013554,0.523864227004518
3,10,300,3080,9,0.18203308023284737,0.6067769341094912
3,10,300,3081,9,0.19013493778660123,0.6337831259553374
3,10,300,3082,9,0.1926257451752532,0.6420858172508439
3,10,300,3083,9,0.27416812588027506,0.9138937529342502
3,10,300,3084,9,0.1681578283722998,0.5605260945743328
3,10,300,3085,9,0.22443844636847687,0.7481281545615895
3,10,300,3086,9,0.2502300020024727,0.8341000066749089
3,10,300,3087,9,0.28846160500831564,0.9615386833610521
3,10,300,3088,9,0.18186284948589704,0.6062094982863234
3,10,300,3089,9,0.2244130433839419,0.748043477946473
3,10,300,3090,9,0.2391788310429127,0.7972627701430425
3,10,300,3091,9,0.2557432818426665,0.8524776061422216
3,10,300,3092,9,0.22444572884639474,0.7481524294879824
3,10,300,3093,9,0.24289789023207817,0.8096596341069272
3,10,300,3094,9,0.27079968447721736,0.9026656149240578
3,10,300,3095,9,0.21968064451526037,0.7322688150508679
3,10,300,3096,9,0.2234442762313244,0.7448142541044147
3,10,300,3097,9,0.16191044548740927,0.5397014849580308
3,10,300,3098,9,0.18136241176636034,0.6045413725545344
3,10,300,3099,9,0.28415359522863826,0.9471786507621275
3,10,300,3100,9,0.2139212810678255,0.7130709368927517
3,10,300,3101,9,0.21232648060022546,0.7077549353340848
3,10,300,3102,9,0.1741860951540256,0.5806203171800853
3,10,300,3103,9,0.18571408830466254,0.6190469610155418
3,10,300,3104,9,0.23178780290122575,0.7726260096707525
3,10,300,3105,9,0.17323387308690447,0.5774462436230149
3,10,300,3106,9,0.16485365195193308,0.5495121731731103
3,10,300,3107,9,0.2157944895756736,0.7193149652522454
3,10,300,3108,9,0.19379957961980776,0.6459985987326925
3,10,300,3109,9,0.1861834350631989,0.620611450210663
3,10,300,3110,9,0.19461172580988945,0.6487057526996315
3,10,300,3111,9,0.15762255093446953,0.5254085031148984
3,10,300,3112,9,0.1623083386392638,0.5410277954642126
3,10,300,3113,9,0.1874127006142961,0.6247090020476537
3,10,300,3114,9,0.176427111472637,0.5880903715754567
3,10,300,3115,9,0.2318678479547513,0.7728928265158377
3,10,300,3116,9,0.20654220998082035,0.6884740332694012
3,10,300,3117,9,0.23846560597138894,0.7948853532379632
3,10,300,3118,9,0.2095560913486513,0.6985203044955044
3,10,300,3119,9,0.16251757644479717,0.5417252548159905
3,10,300,3120,9,0.1915391046121689,0.6384636820405629
3,10,300,3121,9,0.226004444630499,0.75334814876833
3,10,300,3122,9,0.24758068456695134,0.8252689485565045
3,10,300,3123,9,0.20866980182919967,0.6955660060973322
3,10,300,3124,9,0.16361989794896653,0.5453996598298885
3,10,300,3125,9,0.24913918547819877,0.8304639515939959
3,10,300,3126,9,0.19549083755541927,0.6516361251847309
3,10,300,3127,9,0.2249977580224068,0.7499925267413559
3,10,300,3128,9,0.23301633718913214,0.7767211239637738
3,10,300,3129,9,0.17846524156069618,0.5948841385356539
3,10,300,3130,9,0.20306037483884665,0.6768679161294888
3,10,300,3131,9,0.2021013917022083,0.6736713056740278
3,10,300,3132,9,0.2417258015854316,0.8057526719514386
3,10,300,3133,9,0.20906337032421943,0.6968779010807314
3,10,300,3134,9,0.18377230299366004,0.6125743433122002
3,10,300,3135,9,0.28464108807275057,0.9488036269091686
3,10,300,3136,9,0.2163686738061732,0.7212289126872439
3,10,300,3137,9,0.19673037189210327,0.6557679063070109
3,10,300,3138,9,0.19870582177386972,0.6623527392462324
3,10,300,3139,9,0.22643799485430227,0.7547933161810075
3,10,300,3140,9,0.21694601578064882,0.723153385935496
3,10,300,3141,9,0.20953434787956426,0.6984478262652143
3,10,300,3142,9,0.1824732943595802,0.608244314531934
3,10,300,3143,9,0.2665022716350818,0.8883409054502726
3,10,300,3144,9,0.2704570586923951,0.9015235289746504
3,10,300,3145,9,0.1702364397367604,0.5674547991225347
3,10,300,3146,9,0.22385799554877367,0.7461933184959122
3,10,300,3147,9,0.2841995919963398,0.9473319733211328
3,10,300,3148,9,0.2430987387352253,0.8103291291174176
3,10,300,3149,9,0.20831043738299093,0.6943681246099698
3,10,300,3150,9,0.268099218163832,0.8936640605461067
3,10,300,3151,9,0.2334962453116992,0.7783208177056641
3,10,300,3152,9,0.21407377006043646,0.7135792335347882
3,10,300,3153,9,0.2193022933964749,0.7310076446549162
3,10,300,3154,9,0.20179082721535596,0.6726360907178532
3,10,300,3155,9,0.18702698412631477,0.6234232804210492
3,10,300,3156,9,0.26364159084012895,0.8788053028004299
3,10,300,3157,9,0.19042473856033526,0.6347491285344509
3,10,300,3158,9,0.21353576694298704,0.7117858898099568
3,10,300,3159,9,0.2567917552573949,0.8559725175246496
3,10,300,3160,9,0.2373835841984986,0.7912786139949953
3,10,300,3161,9,0.20440123491786938,0.6813374497262312
3,10,300,3162,9,0.17037225701706393,0.5679075233902131
3,10,300,3163,9,0.17834688039135793,0.5944896013045264
3,10,300,3164,9,0.18998949237057777,0.6332983079019259
3,10,300,3165,9,0.19264558914533347,0.6421519638177783
3,10,300,3166,9,0.2108542148612314,0.7028473828707713
3,10,300,3167,9,0.2631165919247798,0.8770553064159327
3,10,300,3168,9,0.17162745822250633,0.5720915274083544
3,10,300,3169,9,0.2491975683363202,0.8306585611210674
3,10,300,3170,9,0.21379379287460873,0.7126459762486957
3,10,300,3171,9,0.20698261979943267,0.6899420659981088
3,10,300,3172,9,0.17706380816133052,0.5902126938711018
3,10,300,3173,9,0.22929514800948836,0.7643171600316279
3,10,300,3174,9,0.21601223075827225,0.7200407691942409
3,10,300,3175,9,0.22465982053927525,0.7488660684642507
3,10,300,3176,9,0.19051641615781845,0.6350547205260615
3,10,300,3177,9,0.23606345867851347,0.7868781955950449
3,10,300,3178,9,0.19229091799330328,0.6409697266443443
3,10,300,3179,9,0.19530297180829456,0.6510099060276485
3,10,300,3180,9,0.2076339893297146,0.6921132977657153
3,10,300,3181,9,0.16286550829439106,0.5428850276479702
3,10,300,3182,9,0.19465667690924057,0.6488555896974686
3,10,300,3183,9,0.2631628641975561,0.877209547325187
3,10,300,3184,9,0.22981538607497026,0.7660512869165674
3,10,300,3185,9,0.22385478020093585,0.7461826006697863
3,10,300,3186,9,0.2832731173750638,0.9442437245835459
3,10,300,3187,9,0.3235180278426133,1.0783934261420443
3,10,300,3188,9,0.20814801968116114,0.6938267322705371
3,10,300,3189,9,0.20299442970807793,0.6766480990269265
3,10,300,3190,9,0.19054971730961628,0.6351657243653877
3,10,300,3191,9,0.2368895458057977,0.789631819352659
3,10,300,3192,9,0.18010888873193795,0.6003629624397931
3,10,300,3193,9,0.22897908088743674,0.7632636029581223
3,10,300,3194,9,0.2264965309344515,0.7549884364481716
3,10,300,3195,9,0.19078640292251206,0.6359546764083736
3,10,300,3196,9,0.20168873415922084,0.6722957805307361
3,10,300,3197,9,0.24456011218967744,0.8152003739655915
3,10,300,3198,9,0.21832121691818734,0.7277373897272911
3,10,300,3199,9,0.16333562901613674,0.5444520967204558
3,10,300,3200,9,0.17176719835628812,0.5725573278542937
3,10,300,3201,9,0.21265367674115598,0.7088455891371866
3,10,300,3202,9,0.20725637681446119,0.6908545893815373
3,10,300,3203,9,0.21177125366117716,0.7059041788705905
3,10,300,3204,9,0.1896720514802132,0.6322401716007107
3,10,300,3205,9,0.2531618318408593,0.8438727728028643
3,10,300,3206,9,0.17870446528805212,0.5956815509601737
3,10,300,3207,9,0.2517153719416571,0.8390512398055238
3,10,300,3208,9,0.21666184387116352,0.7222061462372117
3,10,300,3209,9,0.2011434031868389,0.6704780106227963
3,10,300,3210,9,0.19248256474009112,0.6416085491336371
3,10,300,3211,9,0.2515401430033968,0.8384671433446559
3,10,300,3212,9,0.3303981249441593,1.1013270831471977
3,10,300,3213,9,0.21234257040086596,0.7078085680028866
3,10,300,3214,9,0.19373238096514425,0.6457746032171475
3,10,300,3215,9,0.21064288338422926,0.7021429446140975
3,10,300,3216,9,0.23092262256004878,0.7697420752001626
3,10,300,3217,9,0.17750288367080194,0.5916762789026732
3,10,300,3218,9,0.2116218534465219,0.705406178155073
3,10,300,3219,9,0.17197552799802782,0.573251759993426
3,10,300,3220,9,0.23105062040382968,0.7701687346794321
3,10,300,3221,9,0.17470135731981565,0.5823378577327188
3,10,300,3222,9,0.20054088014236665,0.6684696004745555
3,10,300,3223,9,0.21895164581025045,0.7298388193675016
3,10,300,3224,9,0.1962536060505895,0.6541786868352983
3,10,300,3225,9,0.18727151810685305,0.6242383936895102
3,10,300,3226,9,0.2096340835749465,0.6987802785831551
3,10,300,3227,9,0.18108682004277282,0.6036227334759094
3,10,300,3228,9,0.20870467726621017,0.6956822575540339
3,10,300,3229,9,0.2230154128265226,0.7433847094217421
3,10,300,3230,9,0.2944706993249715,0.9815689977499049
3,10,300,3231,9,0.22148547369159022,0.7382849123053008
3,10,300,3232,9,0.21456749068128522,0.7152249689376173
3,10,300,3233,9,0.21357667949807763,0.7119222649935921
3,10,300,3234,9,0.20848535332544443,0.6949511777514814
3,10,300,3235,9,0.20401788638315982,0.6800596212771994
3,10,300,3236,9,0.18294552225341804,0.6098184075113935
3,10,300,3237,9,0.19890208810275303,0.6630069603425102
3,10,300,3238,9,0.24413888450757082,0.8137962816919027
3,10,300,3239,9,0.2338744051236858,0.779581350412286
3,10,300,3240,9,0.28573186070316786,0.9524395356772262
3,10,300,3241,9,0.22446984119305502,0.7482328039768501
3,10,300,3242,9,0.23048961399374918,0.7682987133124972
3,10,300,3243,9,0.2569088374940165,0.8563627916467217
3,10,300,3244,9,0.2784142726159317,0.9280475753864391
3,10,300,3245,9,0.21986745551652317,0.7328915183884106
3,10,300,3246,9,0.22689451008147116,0.7563150336049039
3,10,300,3247,9,0.2893109874190676,0.9643699580635585
3,10,300,3248,9,0.20555656104537606,0.6851885368179202
3,10,300,3249,9,0.22326205202531552,0.744206840084385
3,10,300,3250,9,0.16539535524611498,0.5513178508203833
3,10,300,3251,9,0.2518495229787077,0.8394984099290257
3,10,300,3252,9,0.2908608296531864,0.9695360988439546
3,10,300,3253,9,0.18310212468160236,0.6103404156053411
3,10,300,3254,9,0.22392802997685773,0.7464267665895258
3,10,300,3255,9,0.23711719829749822,0.7903906609916607
3,10,300,3256,9,0.21068627707604667,0.7022875902534889
3,10,300,3257,9,0.2906589397314398,0.9688631324381327
3,10,300,3258,9,0.19218212830860187,0.6406070943620062
3,10,300,3259,9,0.22089377294410684,0.7363125764803561
3,10,300,3260,9,0.2399824308672967,0.7999414362243222
3,10,300,3261,9,0.25036089491159164,0.8345363163719721
3,10,300,3262,9,0.16561042152692196,0.5520347384230732
3,10,300,3263,9,0.22079411328708276,0.7359803776236091
3,10,300,3264,9,0.21088673891727228,0.7029557963909076
3,10,300,3265,9,0.2112508489108454,0.7041694963694846
3,10,300,3266,9,0.16972718824895583,0.5657572941631861
3,10,300,3267,9,0.18691591272528402,0.6230530424176134
3,10,300,3268,9,0.1929418856232159,0.643139618744053
3,10,300,3269,9,0.3172388632550355,1.057462877516785
3,10,300,3270,9,0.21934625963881516,0.7311541987960505
3,10,300,3271,9,0.17809483095311057,0.5936494365103685
3,10,300,3272,9,0.2121266253601636,0.7070887512005454
3,10,300,3273,9,0.22247588380878616,0.7415862793626206
3,10,300,3274,9,0.27116791772740556,0.9038930590913519
3,10,300,3275,9,0.17957630805236355,0.5985876935078785
3,10,300,3276,9,0.2494697223182682,0.831565741060894
3,10,300,3277,9,0.22309520291361737,0.7436506763787245
3,10,300,3278,9,0.22129780686747166,0.7376593562249056
3,10,300,3279,9,0.18636582970605342,0.6212194323535114
3,10,300,3280,9,0.2080266168399812,0.6934220561332707
3,10,300,3281,9,0.15991805447171387,0.5330601815723796
3,10,300,3282,9,0.19451139231759576,0.6483713077253193
3,10,300,3283,9,0.2480705267558992,0.8269017558529973
3,10,300,3284,9,0.20987250056965392,0.6995750018988464
3,10,300,3285,9,0.26631934935873836,0.8877311645291278
3,10,300,3286,9,0.22402366026283255,0.7467455342094419
3,10,300,3287,9,0.23558592440530432,0.7852864146843478
3,10,300,3288,9,0.2044370679409337,0.6814568931364456
3,10,300,3289,9,0.2171087394728873,0.7236957982429577
3,10,300,3290,9,0.2281106708867272,0.7603689029557573
3,10,300,3291,9,0.20899012386084387,0.6966337462028129
3,10,300,3292,9,0.2273705463968287,0.7579018213227623
3,10,300,3293,9,0.2198865120548406,0.732955040182802
3,10,300,3294,9,0.19915923801508725,0.6638641267169575
3,10,300,3295,9,0.1770155032407596,0.5900516774691986
3,10,300,3296,9,0.2170633940434289,0.7235446468114296
3,10,300,3297,9,0.20697467664385544,0.6899155888128514
3,10,300,3298,9,0.20841788241308218,0.6947262747102739
3,10,300,3299,9,0.2519678849354786,0.8398929497849287
3,10,300,3300,9,0.16549422460292268,0.5516474153430756
3,10,300,3301,9,0.26635139302909616,0.887837976763654
3,10,300,3302,9,0.2395531401006751,0.7985104670022504
3,10,300,3303,9,0.18620449828041336,0.6206816609347112
3,10,300,3304,9,0.19328350246300083,0.6442783415433361
3,10,300,3305,9,0.2464305839428668,0.821435279809556
3,10,300,3306,9,0.188696700108605,0.6289890003620167
3,10,300,3307,9,0.18741619580927116,0.6247206526975706
3,10,300,3308,9,0.2540456712872805,0.8468189042909351
3,10,300,3309,9,0.20190542377450038,0.6730180792483347
3,10,300,3310,9,0.19086929489745494,0.6362309829915165
3,10,300,3311,9,0.2148569502602194,0.7161898342007313
3,10,300,3312,9,0.26212685462243385,0.8737561820747796
3,10,300,3313,9,0.2149158929869283,0.7163863099564277
3,10,300,3314,9,0.19895637255848317,0.6631879085282772
3,10,300,3315,9,0.2841492876778655,0.9471642922595518
3,10,300,3316,9,0.2108690304985822,0.7028967683286074
3,10,300,3317,9,0.23264845632787085,0.7754948544262362
3,10,300,3318,9,0.22900950047601654,0.7633650015867218
3,10,300,3319,9,0.21956106722184754,0.7318702240728251
3,10,300,3320,9,0.16168680101068872,0.5389560033689624
3,10,300,3321,9,0.22943989425373018,0.764799647512434
3,10,300,3322,9,0.21155609035055406,0.7051869678351802
3,10,300,3323,9,0.18300040353868618,0.610001345128954
3,10,300,3324,9,0.22864338971462506,0.7621446323820835
3,10,300,3325,9,0.1916626171476125,0.6388753904920417
3,10,300,3326,9,0.24613850281909888,0.820461676063663
3,10,300,3327,9,0.22768605279514142,0.7589535093171381
3,10,300,3328,9,0.19708345495037038,0.656944849834568
3,10,300,3329,9,0.24754628742842405,0.8251542914280802
3,10,300,3330,9,0.19297915911815605,0.6432638637271868
3,10,300,3331,9,0.2055383266283768,0.6851277554279226
3,10,300,3332,9,0.24108415219130175,0.8036138406376725
3,10,300,3333,9,0.18908305331661618,0.6302768443887206
3,10,300,3334,9,0.1884705804396017,0.6282352681320056
3,10,300,3335,9,0.19945912715716047,0.6648637571905348
3,10,300,3336,9,0.29031738530943324,0.9677246176981108
3,10,300,3337,9,0.1741640739005466,0.580546913001822
3,10,300,3338,9,0.18176089048521726,0.6058696349507242
3,10,300,3339,9,0.22170729296742717,0.7390243098914239
3,10,300,3340,9,0.20361734414922222,0.6787244804974074
3,10,300,3341,9,0.26295405587317944,0.8765135195772648
3,10,300,3342,9,0.3348059128538646,1.1160197095128819
3,10,300,3343,9,0.22051976907630993,0.7350658969210331
3,10,300,3344,9,0.2853530688942987,0.9511768963143289
3,10,300,3345,9,0.20406607800511295,0.6802202600170432
3,10,300,3346,9,0.20216379994581776,0.6738793331527259
3,10,300,3347,9,0.1907382064360788,0.6357940214535961
3,10,300,3348,9,0.2361314346580196,0.7871047821933986
3,10,300,3349,9,0.22710551551491137,0.7570183850497045
3,10,300,3350,9,0.19028455168808522,0.6342818389602841
3,10,300,3351,9,0.1968029042786415,0.6560096809288051
3,10,300,3352,9,0.21892377063831053,0.7297459021277017
3,10,300,3353,9,0.20640569692260155,0.6880189897420051
3,10,300,3354,9,0.1962369919968403,0.6541233066561344
3,10,300,3355,9,0.20036506754645989,0.6678835584881996
3,10,300,3356,9,0.19821042069457817,0.6607014023152605
3,10,300,3357,9,0.1937049758015859,0.645683252671953
3,10,300,3358,9,0.21755021605612454,0.7251673868537485
3,10,300,3359,9,0.2621763103605409,0.8739210345351364
3,10,300,3360,9,0.24471688038246026,0.8157229346082008
3,10,300,3361,9,0.22963787600250948,0.7654595866750316
3,10,300,3362,9,0.1452069097699708,0.48402303256656937
3,10,300,3363,9,0.2568344814775522,0.8561149382585075
3,10,300,3364,9,0.2256104093769889,0.7520346979232964
3,10,300,3365,9,0.19294679408420484,0.6431559802806829
3,10,300,3366,9,0.1957812840463803,0.6526042801546009
3,10,300,3367,9,0.24141154139938975,0.8047051379979658
3,10,300,3368,9,0.224613426460471,0.7487114215349033
3,10,300,3369,9,0.20814493893544406,0.6938164631181469
3,10,300,3370,9,0.22063253794181703,0.7354417931393902
3,10,300,3371,9,0.19038630915126908,0.6346210305042302
3,10,300,3372,9,0.24465539250745916,0.8155179750248638
3,10,300,3373,9,0.17844870096819582,0.5948290032273194
3,10,300,3374,9,0.23815113067807575,0.7938371022602524
3,10,300,3375,9,0.19876598814482804,0.6625532938160935
3,10,300,3376,9,0.24315355637917457,0.8105118545972486
3,10,300,3377,9,0.21709021950762417,0.7236340650254138
3,10,300,3378,9,0.1996687903728658,0.6655626345762193
3,10,300,3379,9,0.18047318403938356,0.6015772801312785
3,10,300,3380,9,0.17708878606939185,0.5902959535646395
3,10,300,3381,9,0.19781929295289422,0.659397643176314
3,10,300,3382,9,0.1864429368519029,0.6214764561730097
3,10,300,3383,9,0.27016887983957383,0.9005629327985795
3,10,300,3384,9,0.21880639915487565,0.7293546638495855
3,10,300,3385,9,0.23415947075026172,0.7805315691675391
3,10,300,3386,9,0.32640031695873273,1.088001056529109
3,10,300,3387,9,0.21765189848822813,0.7255063282940938
3,10,300,3388,9,0.22014354877543726,0.7338118292514576
3,10,300,3389,9,0.20391947043860684,0.6797315681286895
3,10,300,3390,9,0.1544938872885479,0.5149796242951596
3,10,300,3391,9,0.16553858643897784,0.5517952881299261
3,10,300,3392,9,0.19802025984996813,0.660067532833227
3,10,300,3393,9,0.20126994746445942,0.6708998248815314
3,10,300,3394,9,0.20911778880572407,0.6970592960190802
3,10,300,3395,9,0.18641498482927132,0.6213832827642378
3,10,300,3396,9,0.23297746135548683,0.7765915378516227
3,10,300,3397,9,0.17685181306924677,0.5895060435641559
3,10,300,3398,9,0.19448817313395572,0.6482939104465191
3,10,300,3399,9,0.21489543142422018,0.7163181047474005
3,10,300,3400,9,0.17889244986031125,0.5963081662010375
3,10,300,3401,9,0.2255315776541043,0.7517719255136811
3,10,300,3402,9,0.19546924365540622,0.6515641455180207
3,10,300,3403,9,0.21445257980535293,0.7148419326845098
3,10,300,3404,9,0.2671872850748822,0.8906242835829408
3,10,300,3405,9,0.26385125237174145,0.8795041745724715
3,10,300,3406,9,0.18835285715918434,0.6278428571972812
3,10,300,3407,9,0.26329567487867134,0.8776522495955711
3,10,300,3408,9,0.24725156926566477,0.824171897552216
3,10,300,3409,9,0.26708865043585794,0.8902955014528597
3,10,300,3410,9,0.20259452995026583,0.6753150998342194
3,10,300,3411,9,0.2411871832481856,0.803957277493952
3,10,300,3412,9,0.2008084453076978,0.6693614843589927
3,10,300,3413,9,0.2576156498494565,0.8587188328315217
3,10,300,3414,9,0.1787809012739222,0.5959363375797407
3,10,300,3415,9,0.28549918854074896,0.9516639618024966
3,10,300,3416,9,0.2529495371387942,0.8431651237959806
3,10,300,3417,9,0.18651648763506487,0.6217216254502163
3,10,300,3418,9,0.19854119390004646,0.6618039796668215
3,10,300,3419,9,0.27955967170452756,0.9318655723484253
3,10,300,3420,9,0.2067280879779345,0.6890936265931149
3,10,300,3421,9,0.15688110178128523,0.5229370059376174
3,10,300,3422,9,0.18176043869993283,0.6058681289997762
3,10,300,3423,9,0.22493879706782777,0.7497959902260926
3,10,300,3424,9,0.24897722579535125,0.8299240859845043
3,10,300,3425,9,0.24269974251764442,0.8089991417254814
3,10,300,3426,9,0.1998862590817197,0.666287530272399
3,10,300,3427,9,0.17571475806969133,0.5857158602323044
3,10,300,3428,9,0.23381463081250733,0.7793821027083578
3,10,300,3429,9,0.2508681571844148,0.8362271906147161
3,10,300,3430,9,0.2920804728440325,0.973601576146775
3,10,300,3431,9,0.17743098732974405,0.5914366244324801
3,10,300,3432,9,0.19214047989786998,0.6404682663262332
3,10,300,3433,9,0.18765643056725714,0.6255214352241905
3,10,300,3434,9,0.1764369219067442,0.5881230730224807
3,10,300,3435,9,0.21072980890853693,0.7024326963617897
3,10,300,3436,9,0.21045660560787016,0.7015220186929005
3,10,300,3437,9,0.20197520859656026,0.6732506953218675
3,10,300,3438,9,0.19535472381974692,0.6511824127324898
3,10,300,3439,9,0.1733418804927768,0.577806268309256
3,10,300,3440,9,0.24435143577409213,0.8145047859136404
3,10,300,3441,9,0.21364811773515352,0.7121603924505118
3,10,300,3442,9,0.18613363477975453,0.6204454492658484
3,10,300,3443,9,0.22482824968973775,0.7494274989657924
3,10,300,3444,9,0.18838817596250462,0.6279605865416821
3,10,300,3445,9,0.18541608126098852,0.6180536042032951
3,10,300,3446,9,0.22968134017653558,0.7656044672551187
3,10,300,3447,9,0.2067794819608088,0.6892649398693627
3,10,300,3448,9,0.24397820569552203,0.8132606856517401
3,10,300,3449,9,0.19967767896442723,0.6655922632147574
3,10,300,3450,9,0.21237257221482275,0.7079085740494092
3,10,300,3451,9,0.2884489939030545,0.9614966463435151
3,10,300,3452,9,0.18812766275101395,0.6270922091700465
3,10,300,3453,9,0.2716338844425295,0.9054462814750983
3,10,300,3454,9,0.20312570664142038,0.6770856888047346
3,10,300,3455,9,0.23377784385339573,0.779259479511319
3,10,300,3456,9,0.23042108178153678,0.7680702726051226
3,10,300,3457,9,0.22839349578556165,0.761311652618539
3,10,300,3458,9,0.23673408874994964,0.7891136291664987
3,10,300,3459,9,0.19795991300032206,0.6598663766677402
3,10,300,3460,9,0.2014865745890035,0.6716219152966783
3,10,300,3461,9,0.20195428309869884,0.6731809436623295
3,10,300,3462,9,0.2342136331481956,0.7807121104939853
3,10,300,3463,9,0.17650557409454912,0.588351913648497
3,10,300,3464,9,0.22934209076457523,0.7644736358819175
3,10,300,3465,9,0.25335982580477295,0.8445327526825765
3,10,300,3466,9,0.18114768516537794,0.6038256172179265
3,10,300,3467,9,0.17090243810664923,0.5696747936888308
3,10,300,3468,9,0.20329273343505133,0.6776424447835044
3,10,300,3469,9,0.19845930072685747,0.6615310024228582
3,10,300,3470,9,0.21194346606327719,0.7064782202109239
3,10,300,3471,9,0.2099898481302996,0.699966160434332
3,10,300,3472,9,0.2167702467609966,0.7225674892033219
3,10,300,3473,9,0.2562720213075289,0.8542400710250964
3,10,300,3474,9,0.19597532839679122,0.6532510946559706
3,10,300,3475,9,0.24446413028876235,0.8148804342958745
3,10,300,3476,9,0.16597152685978395,0.5532384228659465
3,10,300,3477,9,0.23553830098399392,0.7851276699466464
3,10,300,3478,9,0.24766412604614668,0.8255470868204889
3,10,300,3479,9,0.2305973462185738,0.7686578207285795
3,10,300,3480,9,0.20464293863715527,0.6821431287905176
3,10,300,3481,9,0.18065762499990173,0.6021920833330058
3,10,300,3482,9,0.21402564876024183,0.713418829200806
3,10,300,3483,9,0.20808951636104372,0.693631721203479
3,10,300,3484,9,0.22530158557530777,0.751005285251026
3,10,300,3485,9,0.19185439741788773,0.6395146580596258
3,10,300,3486,9,0.25133195077257375,0.8377731692419125
3,10,300,3487,9,0.23888877098345584,0.7962959032781861
3,10,300,3488,9,0.20630733168654902,0.68769110562183
3,10,300,3489,9,0.18779082276228393,0.6259694092076131
3,10,300,3490,9,0.1825282259610601,0.6084274198702003
3,10,300,3491,9,0.28174664692376994,0.9391554897458998
3,10,300,3492,9,0.18305506571488805,0.6101835523829602
3,10,300,3493,9,0.3127139184351843,1.042379728117281
3,10,300,3494,9,0.1791691829229688,0.5972306097432293
3,10,300,3495,9,0.2580256140521518,0.8600853801738394
3,10,300,3496,9,0.2462082816850864,0.8206942722836215
3,10,300,3497,9,0.17339992243407992,0.577999741446933
3,10,300,3498,9,0.2589628547179691,0.8632095157265637
3,10,300,3499,9,0.1851642375859117,0.6172141252863723
3,10,300,3500,9,0.1937154481512586,0.6457181605041954
3,10,300,3501,9,0.22552473583542637,0.7517491194514212
3,10,300,3502,9,0.21551256021918008,0.7183752007306002
3,10,300,3503,9,0.1940538942121619,0.6468463140405396
3,10,300,3504,9,0.17478355637207288,0.5826118545735763
3,10,300,3505,9,0.24263350298479378,0.8087783432826459
3,10,300,3506,9,0.2854315156373758,0.9514383854579194
3,10,300,3507,9,0.2396444447567009,0.7988148158556697
3,10,300,3508,9,0.2556313196965653,0.852104398988551
3,10,300,3509,9,0.20514907936441035,0.6838302645480344
3,10,300,3510,9,0.25468017332399023,0.8489339110799675
3,10,300,3511,9,0.24332571816998866,0.8110857272332955
3,10,300,3512,9,0.2699714934159896,0.8999049780532987
3,10,300,3513,9,0.19608195297496267,0.6536065099165422
3,10,300,3514,9,0.199604231329531,0.6653474377651034
3,10,300,3515,9,0.20669087918575846,0.6889695972858615
3,10,300,3516,9,0.22766660350177492,0.7588886783392498
3,10,300,3517,9,0.23390738231549638,0.779691274384988
3,10,300,3518,9,0.22626549436086968,0.7542183145362322
3,10,300,3519,9,0.1825673350990167,0.6085577836633891
3,10,300,3520,9,0.197114876627562,0.65704958875854
3,10,300,3521,9,0.1802172946172467,0.6007243153908224
3,10,300,3522,9,0.18427287161866412,0.614242905395547
3,10,300,3523,9,0.2200779188740039,0.7335930629133464
3,10,300,3524,9,0.16969581425689922,0.565652714189664
3,10,300,3525,9,0.24562020200426823,0.8187340066808941
3,10,300,3526,9,0.22982721966439307,0.7660907322146435
3,10,300,3527,9,0.22019426202178677,0.733980873405956
3,10,300,3528,9,0.23897409831396127,0.7965803277132042
3,10,300,3529,9,0.1894820255845444,0.6316067519484814
3,10,300,3530,9,0.20553405905853916,0.6851135301951305
3,10,300,3531,9,0.21792049669444052,0.7264016556481352
3,10,300,3532,9,0.1778280661056409,0.5927602203521363
3,10,300,3533,9,0.2227755029706561,0.742585009902187
3,10,300,3534,9,0.17598194801639577,0.5866064933879859
3,10,300,3535,9,0.15832241900352856,0.5277413966784285
3,10,300,3536,9,0.2801835541273122,0.933945180424374
3,10,300,3537,9,0.23475058822707667,0.7825019607569222
3,10,300,3538,9,0.2505643563466309,0.8352145211554363
3,10,300,3539,9,0.18771875434224886,0.6257291811408295
3,10,300,3540,9,0.21074954034046994,0.7024984678015664
3,10,300,3541,9,0.23071674149640645,0.7690558049880214
3,10,300,3542,9,0.19776011123445403,0.6592003707815134
3,10,300,3543,9,0.2329498655557639,0.7764995518525464
3,10,300,3544,9,0.18171972536373376,0.6057324178791126
3,10,300,3545,9,0.2665690255262635,0.8885634184208783
3,10,300,3546,9,0.2276123468243859,0.7587078227479531
3,10,300,3547,9,0.210129290722804,0.7004309690760133
3,10,300,3548,9,0.16582394580971757,0.5527464860323918
3,10,300,3549,9,0.19024595354935148,0.6341531784978383
3,10,300,3550,9,0.23539425929491303,0.7846475309830434
3,10,300,3551,9,0.2301736506263426,0.7672455020878086
3,10,300,3552,9,0.2831969978130858,0.943989992710286
3,10,300,3553,9,0.30912978920845535,1.0304326306948512
3,10,300,3554,9,0.20959032026910956,0.6986344008970319
3,10,300,3555,9,0.2068248434106687,0.689416144702229
3,10,300,3556,9,0.24389596345638803,0.8129865448546267
3,10,300,3557,9,0.329003332336336,1.0966777744544534
3,10,300,3558,9,0.18034879555389025,0.6011626518463008
3,10,300,3559,9,0.2186000097457442,0.7286666991524806
3,10,300,3560,9,0.1704536446884935,0.5681788156283116
3,10,300,3561,9,0.1977331979030229,0.659110659676743
3,10,300,3562,9,0.2426491030843159,0.8088303436143863
3,10,300,3563,9,0.21060424435390812,0.7020141478463604
3,10,300,3564,9,0.20901126721456448,0.6967042240485483
3,10,300,3565,9,0.2697471949523326,0.8991573165077754
3,10,300,3566,9,0.24247910347419427,0.8082636782473142
3,10,300,3567,9,0.20272321904868365,0.6757440634956122
3,10,300,3568,9,0.24849117408079216,0.8283039136026404
3,10,300,3569,9,0.26609199955321744,0.886973331844058
3,10,300,3570,9,0.18493702108652993,0.6164567369550997
3,10,300,3571,9,0.1820626609157765,0.6068755363859217
3,10,300,3572,9,0.2234031829905736,0.7446772766352453
3,10,300,3573,9,0.16388037059233168,0.546267901974439
3,10,300,3574,9,0.18521570188794167,0.6173856729598056
3,10,300,3575,9,0.21058803292358458,0.7019601097452819
3,10,300,3576,9,0.2160181078161501,0.7200603593871671
3,10,300,3577,9,0.24894989873068965,0.8298329957689655
3,10,300,3578,9,0.19181124337773256,0.6393708112591086
3,10,300,3579,9,0.2630121458189048,0.8767071527296827
3,10,300,3580,9,0.2137189357422385,0.7123964524741282
3,10,300,3581,9,0.18370088232225906,0.6123362744075302
3,10,300,3582,9,0.1982260880094474,0.660753626698158
3,10,300,3583,9,0.2012148550649907,0.670716183549969
3,10,300,3584,9,0.2163745067027112,0.7212483556757039
3,10,300,3585,9,0.22865024223943928,0.7621674741314644
3,10,300,3586,9,0.22265693740899434,0.7421897913633144
3,10,300,3587,9,0.18829616819039657,0.6276538939679885
3,10,300,3588,9,0.35837431456451385,1.1945810485483794
3,10,300,3589,9,0.2060988474871479,0.686996158290493
3,10,300,3590,9,0.23471235583192174,0.7823745194397391
3,10,300,3591,9,0.2507231893136142,0.8357439643787139
3,10,300,3592,9,0.1700787690367378,0.5669292301224593
3,10,300,3593,9,0.18885059756984793,0.6295019918994931
3,10,300,3594,9,0.18311808523688258,0.6103936174562753
3,10,300,3595,9,0.18751676514378562,0.6250558838126187
3,10,300,3596,9,0.14336668030092498,0.47788893433641655
3,10,300,3597,9,0.2463578493780766,0.8211928312602552
3,10,300,3598,9,0.2373481522931139,0.7911605076437129
3,10,300,3599,9,0.2374837986938611,0.7916126623128703
3,10,300,3600,9,0.20024289523873084,0.6674763174624362
3,10,300,3601,9,0.23676301101927688,0.7892100367309229
3,10,300,3602,9,0.19492385831782688,0.6497461943927563
3,10,300,3603,9,0.24802921928573857,0.8267640642857952
3,10,300,3604,9,0.17374140673793748,0.5791380224597915
3,10,300,3605,9,0.21592795642506363,0.7197598547502122
3,10,300,3606,9,0.21789421935908404,0.7263140645302801
3,10,300,3607,9,0.18365554469885625,0.6121851489961875
3,10,300,3608,9,0.20736661360199427,0.6912220453399809
3,10,300,3609,9,0.22899030602169457,0.7633010200723152
3,10,300,3610,9,0.23372173485981196,0.7790724495327066
3,10,300,3611,9,0.21935860907763616,0.7311953635921206
3,10,300,3612,9,0.1621139443722927,0.5403798145743091
3,10,300,3613,9,0.21427049814092716,0.7142349938030905
3,10,300,3614,9,0.1981721355397284,0.6605737851324279
3,10,300,3615,9,0.15152522233044843,0.5050840744348282
3,10,300,3616,9,0.24539424848473224,0.8179808282824408
3,10,300,3617,9,0.1564516789074308,0.5215055963581027
3,10,300,3618,9,0.19190928486426717,0.6396976162142239
3,10,300,3619,9,0.19804072396178599,0.6601357465392866
3,10,300,3620,9,0.28332789407068737,0.9444263135689579
3,10,300,3621,9,0.2383153515215503,0.7943845050718343
3,10,300,3622,9,0.21071962889759946,0.7023987629919982
3,10,300,3623,9,0.21918284123300602,0.7306094707766868
3,10,300,3624,9,0.22677459049236812,0.755915301641227
3,10,300,3625,9,0.15613817973645877,0.5204605991215292
3,10,300,3626,9,0.16895492373120397,0.5631830791040132
3,10,300,3627,9,0.21762869925950296,0.7254289975316764
3,10,300,3628,9,0.2866031559441633,0.955343853147211
3,10,300,3629,9,0.18865304999091778,0.628843499969726
3,10,300,3630,9,0.3028134622615669,1.0093782075385564
3,10,300,3631,9,0.1569486609869536,0.5231622032898453
3,10,300,3632,9,0.16096550000916204,0.5365516666972069
3,10,300,3633,9,0.17777590819406341,0.5925863606468781
3,10,300,3634,9,0.1836846845436731,0.6122822818122436
3,10,300,3635,9,0.20346907292053606,0.6782302430684535
3,10,300,3636,9,0.159018827064171,0.53006275688057
3,10,300,3637,9,0.19108730382889386,0.6369576794296462
3,10,300,3638,9,0.1991392954676603,0.6637976515588677
3,10,300,3639,9,0.21622084933600236,0.7207361644533411
3,10,300,3640,9,0.1936471350587809,0.6454904501959363
3,10,300,3641,9,0.24581045094534576,0.8193681698178192
3,10,300,3642,9,0.22971095992388768,0.7657031997462923
3,10,300,3643,9,0.19933282779877468,0.6644427593292489
3,10,300,3644,9,0.21135921286005244,0.7045307095335082
3,10,300,3645,9,0.17035236790952302,0.5678412263650767
3,10,300,3646,9,0.19397423679422415,0.6465807893140805
3,10,300,3647,9,0.2525698223833065,0.841899407944355
3,10,300,3648,9,0.19634993018951685,0.6544997672983895
3,10,300,3649,9,0.181581910890092,0.6052730363003067
3,10,300,3650,9,0.28381796248700025,0.9460598749566675
3,10,300,3651,9,0.1848527338836799,0.6161757796122663
3,10,300,3652,9,0.21996078667010205,0.7332026222336735
3,10,300,3653,9,0.18837839795863198,0.62792799319544
3,10,300,3654,9,0.19253108377588676,0.6417702792529559
3,10,300,3655,9,0.20783643769460314,0.6927881256486772
3,10,300,3656,9,0.2674787206292522,0.8915957354308407
3,10,300,3657,9,0.21368720020214943,0.7122906673404981
3,10,300,3658,9,0.21171095132268067,0.7057031710756022
3,10,300,3659,9,0.22047318562065477,0.7349106187355159
3,10,300,3660,9,0.1880542547094624,0.626847515698208
3,10,300,3661,9,0.16554489500613545,0.5518163166871182
3,10,300,3662,9,0.1986779657829011,0.6622598859430037
3,10,300,3663,9,0.20701510003973883,0.690050333465796
3,10,300,3664,9,0.20567968765337313,0.6855989588445771
3,10,300,3665,9,0.2914017325440684,0.9713391084802281
3,10,300,3666,9,0.1848058449496835,0.6160194831656116
3,10,300,3667,9,0.24758126681227877,0.8252708893742626
3,10,300,3668,9,0.18389568323816197,0.6129856107938733
3,10,300,3669,9,0.2582824914245087,0.8609416380816958
3,10,300,3670,9,0.1832531759446688,0.6108439198155627
3,10,300,3671,9,0.22137369350108066,0.7379123116702688
3,10,300,3672,9,0.2885757286366873,0.9619190954556244
3,10,300,3673,9,0.22712042074333896,0.7570680691444631
3,10,300,3674,9,0.20856391336312297,0.6952130445437432
3,10,300,3675,9,0.19109156726944834,0.6369718908981612
3,10,300,3676,9,0.17604728894654462,0.586824296488482
3,10,300,3677,9,0.26618683448579583,0.8872894482859861
3,10,300,3678,9,0.24057792719847315,0.8019264239949104
3,10,300,3679,9,0.2143814350502965,0.7146047835009882
3,10,300,3680,9,0.1879338127049614,0.6264460423498713
3,10,300,3681,9,0.20479143344514325,0.6826381114838108
3,10,300,3682,9,0.23386805632062344,0.7795601877354115
3,10,300,3683,9,0.25073239502183386,0.8357746500727796
3,10,300,3684,9,0.18804123105735218,0.6268041035245072
3,10,300,3685,9,0.24712502821932908,0.8237500940644302
3,10,300,3686,9,0.2207225425078262,0.7357418083594207
3,10,300,3687,9,0.23119593683069697,0.7706531227689898
3,10,300,3688,9,0.2121921758048612,0.7073072526828706
3,10,300,3689,9,0.186184655658091,0.6206155188603033
3,10,300,3690,9,0.2198564429300266,0.7328548097667553
3,10,300,3691,9,0.18161568895440552,0.6053856298480185
3,10,300,3692,9,0.23732492607972344,0.7910830869324114
3,10,300,3693,9,0.26329311655972615,0.8776437218657538
3,10,300,3694,9,0.19562261749098048,0.6520753916366017
3,10,300,3695,9,0.21657667804211927,0.7219222601403975
3,10,300,3696,9,0.20230594591789103,0.6743531530596367
3,10,300,3697,9,0.19317803667490913,0.6439267889163638
3,10,300,3698,9,0.20420012782194208,0.680667092739807
3,10,300,3699,9,0.21281191685412001,0.7093730561804
3,10,300,3700,9,0.18266217939843887,0.6088739313281296
3,10,300,3701,9,0.30805958539213046,1.026865284640435
3,10,300,3702,9,0.20427174688482386,0.6809058229494128
3,10,300,3703,9,0.20648398279598562,0.6882799426532854
3,10,300,3704,9,0.21599094138785513,0.7199698046261838
3,10,300,3705,9,0.1816238394026676,0.605412798008892
3,10,300,3706,9,0.2760211638892211,0.9200705462974036
3,10,300,3707,9,0.17624620386742265,0.5874873462247422
3,10,300,3708,9,0.23643027224632,0.7881009074877332
3,10,300,3709,9,0.22153610755401104,0.7384536918467035
3,10,300,3710,9,0.17669232535672952,0.5889744178557651
3,10,300,3711,9,0.22935382909289284,0.7645127636429762
3,10,300,3712,9,0.21197030385417737,0.7065676795139246
3,10,300,3713,9,0.19496312068943994,0.6498770689647998
3,10,300,3714,9,0.23251437417021348,0.7750479139007117
3,10,300,3715,9,0.22068733383746827,0.7356244461248942
3,10,300,3716,9,0.2984312500926412,0.9947708336421375
3,10,300,3717,9,0.19033363957039218,0.6344454652346406
3,10,300,3718,9,0.21338245728706737,0.7112748576235579
3,10,300,3719,9,0.2085051923141941,0.6950173077139803
3,10,300,3720,9,0.19100042658131006,0.6366680886043669
3,10,300,3721,9,0.2068161376881737,0.6893871256272456
3,10,300,3722,9,0.2479793690203157,0.8265978967343857
3,10,300,3723,9,0.22183542510145365,0.7394514170048456
3,10,300,3724,9,0.17318485052474158,0.577282835082472
3,10,300,3725,9,0.2060166687521432,0.6867222291738106
3,10,300,3726,9,0.19991607535636974,0.6663869178545657
3,10,300,3727,9,0.18369231576649533,0.6123077192216511
3,10,300,3728,9,0.25490393711586595,0.8496797903862199
3,10,300,3729,9,0.2425997086726665,0.808665695575555
3,10,300,3730,9,0.15416997649634684,0.5138999216544894
3,10,300,3731,9,0.23030243466537192,0.7676747822179064
3,10,300,3732,9,0.21581491088568855,0.7193830362856285
3,10,300,3733,9,0.2066814489882453,0.688938163294151
3,10,300,3734,9,0.20216782641867817,0.6738927547289272
3,10,300,3735,9,0.24204030269101268,0.8068010089700423
3,10,300,3736,9,0.20310352326124959,0.6770117442041653
3,10,300,3737,9,0.2613039931160859,0.871013310386953
3,10,300,3738,9,0.19867634343130075,0.6622544781043358
3,10,300,3739,9,0.21751142505887933,0.7250380835295978
3,10,300,3740,9,0.21397919177641905,0.7132639725880635
3,10,300,3741,9,0.19343891145717187,0.6447963715239062
3,10,300,3742,9,0.2275183219038468,0.758394406346156
3,10,300,3743,9,0.16628886834292345,0.5542962278097449
3,10,300,3744,9,0.20449552061238735,0.6816517353746244
3,10,300,3745,9,0.23413513489971335,0.7804504496657112
3,10,300,3746,9,0.19130049657452214,0.6376683219150738
3,10,300,3747,9,0.19063252113071724,0.6354417371023908
3,10,300,3748,9,0.18846723976769292,0.6282241325589765
3,10,300,3749,9,0.23164359284073,0.7721453094691
3,10,300,3750,9,0.17978510789209795,0.5992836929736598
3,10,300,3751,9,0.19568487691437572,0.6522829230479191
3,10,300,3752,9,0.2344082348216349,0.781360782738783
3,10,300,3753,9,0.22054822127681922,0.7351607375893974
3,10,300,3754,9,0.19185541139818793,0.6395180379939598
3,10,300,3755,9,0.22926302489613776,0.7642100829871258
3,10,300,3756,9,0.20007380210984566,0.6669126736994855
3,10,300,3757,9,0.25348842611901945,0.8449614203967315
3,10,300,3758,9,0.23881302381562072,0.7960434127187357
3,10,300,3759,9,0.2096792348821467,0.698930782940489
3,10,300,3760,9,0.19549869453980964,0.6516623151326988
3,10,300,3761,9,0.20582045706340685,0.6860681902113561
3,10,300,3762,9,0.25155362356605343,0.8385120785535114
3,10,300,3763,9,0.18658121126692695,0.6219373708897565
3,10,300,3764,9,0.17449497367788705,0.5816499122596235
3,10,300,3765,9,0.2510067126523153,0.8366890421743842
3,10,300,3766,9,0.16565526547700316,0.5521842182566772
3,10,300,3767,9,0.18837068568559512,0.6279022856186504
3,10,300,3768,9,0.20666701538043053,0.6888900512681018
3,10,300,3769,9,0.219436659516477,0.7314555317215901
3,10,300,3770,9,0.21630095313991332,0.7210031771330444
3,10,300,3771,9,0.19675036181320144,0.655834539377338
3,10,300,3772,9,0.1753339364704852,0.5844464549016173
3,10,300,3773,9,0.1708583118763251,0.569527706254417
3,10,300,3774,9,0.16704583514492777,0.5568194504830926
3,10,300,3775,9,0.24764582307477417,0.8254860769159139
3,10,300,3776,9,0.1485967536264849,0.49532251208828293
3,10,300,3777,9,0.2307009071457141,0.769003023819047
3,10,300,3778,9,0.16102014519649516,0.5367338173216505
3,10,300,3779,9,0.22887125304770847,0.7629041768256949
3,10,300,3780,9,0.2461186741726638,0.8203955805755461
3,10,300,3781,9,0.20629381512862627,0.6876460504287543
3,10,300,3782,9,0.2035518181620833,0.6785060605402776
3,10,300,3783,9,0.18489869832422742,0.6163289944140915
3,10,300,3784,9,0.21998429898137817,0.7332809966045938
3,10,300,3785,9,0.21468317765217168,0.7156105921739057
3,10,300,3786,9,0.23495268093718355,0.7831756031239452
3,10,300,3787,9,0.22299566418348016,0.7433188806116006
3,10,300,3788,9,0.26883790581254136,0.8961263527084712
3,10,300,3789,9,0.2141683130481668,0.7138943768272228
3,10,300,3790,9,0.25429834285834685,0.8476611428611562
3,10,300,3791,9,0.24750807134919947,0.8250269044973316
3,10,300,3792,9,0.23917435443827778,0.7972478481275926
3,10,300,3793,9,0.20811771012093283,0.6937257004031094
3,10,300,3794,9,0.18581072933742043,0.6193690977914014
3,10,300,3795,9,0.21379713676708823,0.7126571225569608
3,10,300,3796,9,0.1955275180097822,0.6517583933659407
3,10,300,3797,9,0.2448865752331688,0.8162885841105628
3,10,300,3798,9,0.24759408674636718,0.8253136224878905
3,10,300,3799,9,0.22424075633666687,0.7474691877888896
3,10,300,3800,9,0.28438709760170233,0.9479569920056744
3,10,300,3801,9,0.23222462943570818,0.7740820981190273
3,10,300,3802,9,0.17888768339523697,0.5962922779841233
3,10,300,3803,9,0.2211432119643369,0.737144039881123
3,10,300,3804,9,0.22353000783986254,0.7451000261328752
3,10,300,3805,9,0.18683689590563632,0.6227896530187877
3,10,300,3806,9,0.2178789105877601,0.7262630352925338
3,10,300,3807,9,0.20180465826882554,0.6726821942294184
3,10,300,3808,9,0.19138694455897276,0.6379564818632425
3,10,300,3809,9,0.23322688738214925,0.7774229579404975
3,10,300,3810,9,0.23134681667092627,0.7711560555697542
3,10,300,3811,9,0.17985478981379682,0.5995159660459894
3,10,300,3812,9,0.22460237124798144,0.7486745708266048
3,10,300,3813,9,0.19683003400374385,0.6561001133458129
3,10,300,3814,9,0.18616001037719088,0.6205333679239696
3,10,300,3815,9,0.1838871548068947,0.6129571826896489
3,10,300,3816,9,0.2675888437610815,0.8919628125369384
3,10,300,3817,9,0.2632357426782286,0.8774524755940953
3,10,300,3818,9,0.19346490599925004,0.6448830199975001
3,10,300,3819,9,0.20525271892589614,0.6841757297529871
3,10,300,3820,9,0.2529856403216472,0.8432854677388242
3,10,300,3821,9,0.1866405245698491,0.622135081899497
3,10,300,3822,9,0.1515014645878479,0.505004881959493
3,10,300,3823,9,0.21054625628364335,0.7018208542788111
3,10,300,3824,9,0.2540323047490562,0.8467743491635206
3,10,300,3825,9,0.24797780499554964,0.8265926833184989
3,10,300,3826,9,0.14350115299664556,0.4783371766554852
3,10,300,3827,9,0.1837197667628494,0.6123992225428313
3,10,300,3828,9,0.1652854998903723,0.550951666301241
3,10,300,3829,9,0.19368888192745692,0.6456296064248565
3,10,300,3830,9,0.22643618195532744,0.7547872731844247
3,10,300,3831,9,0.253859560423653,0.84619853474551
3,10,300,3832,9,0.21638251074560136,0.7212750358186711
3,10,300,3833,9,0.1741683021470219,0.5805610071567396
3,10,300,3834,9,0.2350209760685582,0.7834032535618607
3,10,300,3835,9,0.14937328492968438,0.4979109497656146
3,10,300,3836,9,0.20849390737666668,0.6949796912555556
3,10,300,3837,9,0.20552667274458475,0.6850889091486158
3,10,300,3838,9,0.17698026050978127,0.5899342016992709
3,10,300,3839,9,0.17421674842037446,0.5807224947345816
3,10,300,3840,9,0.20063660758698754,0.6687886919566252
3,10,300,3841,9,0.2203819904684974,0.7346066348949913
3,10,300,3842,9,0.22554951222514186,0.7518317074171396
3,10,300,3843,9,0.25598255589579455,0.8532751863193152
3,10,300,3844,9,0.24130669818102707,0.8043556606034236
3,10,300,3845,9,0.18036108379537347,0.6012036126512449
3,10,300,3846,9,0.23183807841285972,0.7727935947095325
3,10,300,3847,9,0.20987162083856378,0.6995720694618792
3,10,300,3848,9,0.21142849759918067,0.7047616586639356
3,10,300,3849,9,0.27633488823569874,0.9211162941189958
3,10,300,3850,9,0.1961244885933741,0.6537482953112471
3,10,300,3851,9,0.1688886960919367,0.5629623203064558
3,10,300,3852,9,0.2549669030114566,0.8498896767048553
3,10,300,3853,9,0.2657799450538483,0.8859331501794943
3,10,300,3854,9,0.18965292682032053,0.6321764227344018
3,10,300,3855,9,0.24741078042660167,0.8247026014220056
3,10,300,3856,9,0.18536633808066225,0.6178877936022075
3,10,300,3857,9,0.20044206921601093,0.6681402307200364
3,10,300,3858,9,0.1976662327021696,0.6588874423405654
3,10,300,3859,9,0.19142280565109693,0.6380760188369898
3,10,300,3860,9,0.19867751752739157,0.662258391757972
3,10,300,3861,9,0.22151569354788772,0.7383856451596257
3,10,300,3862,9,0.2588547350243832,0.8628491167479441
3,10,300,3863,9,0.21327802792075468,0.7109267597358488
3,10,300,3864,9,0.2179215364121231,0.7264051213737436
3,10,300,3865,9,0.287624005427087,0.9587466847569567
3,10,300,3866,9,0.26995453477300163,0.8998484492433388
3,10,300,3867,9,0.19580953289541886,0.6526984429847296
3,10,300,3868,9,0.2268294145414146,0.7560980484713818
3,10,300,3869,9,0.19770847518252502,0.6590282506084167
3,10,300,3870,9,0.19957837682216414,0.6652612560738805
3,10,300,3871,9,0.20594572803184225,0.6864857601061408
3,10,300,3872,9,0.27889832895342637,0.9296610965114211
3,10,300,3873,9,0.20569201914994734,0.6856400638331578
3,10,300,3874,9,0.25470059430753045,0.8490019810251015
3,10,300,3875,9,0.2218893206321042,0.7396310687736807
3,10,300,3876,9,0.22958320087453613,0.7652773362484538
3,10,300,3877,9,0.22259370764151895,0.7419790254717299
3,10,300,3878,9,0.15845119559987927,0.5281706519995976
3,10,300,3879,9,0.18381124274464863,0.6127041424821621
3,10,300,3880,9,0.2176971753734162,0.7256572512447207
3,10,300,3881,9,0.15507844228472906,0.5169281409490968
3,10,300,3882,9,0.23434046973985928,0.7811348991328643
3,10,300,3883,9,0.19016177175954055,0.6338725725318018
3,10,300,3884,9,0.2139852139345638,0.7132840464485459
3,10,300,3885,9,0.1987781037031544,0.6625936790105147
3,10,300,3886,9,0.2582307552769798,0.8607691842565993
3,10,300,3887,9,0.2198761860310311,0.7329206201034371
3,10,300,3888,9,0.22256958118876674,0.7418986039625557
3,10,300,3889,9,0.20842528356925835,0.6947509452308611
3,10,300,3890,9,0.16537420115145487,0.5512473371715162
3,10,300,3891,9,0.1685434999944565,0.5618116666481884
3,10,300,3892,9,0.18951711863813697,0.6317237287937899
3,10,300,3893,9,0.2214253085963381,0.7380843619877936
3,10,300,3894,9,0.24826456646475442,0.8275485548825147
3,10,300,3895,9,0.24449371984975737,0.8149790661658579
3,10,300,3896,9,0.23655693894428165,0.7885231298142721
3,10,300,3897,9,0.2181335845652057,0.7271119485506857
3,10,300,3898,9,0.24535816707567487,0.8178605569189162
3,10,300,3899,9,0.17490633350325813,0.5830211116775271
3,10,300,3900,9,0.31108618013930306,1.036953933797677
3,10,300,3901,9,0.20322946073058923,0.6774315357686308
3,10,300,3902,9,0.22136752808898455,0.7378917602966152
3,10,300,3903,9,0.26723652446225277,0.8907884148741759
3,10,300,3904,9,0.2291989269927243,0.7639964233090809
3,10,300,3905,9,0.2522936182973283,0.8409787276577612
3,10,300,3906,9,0.233151697239268,0.7771723241308933
3,10,300,3907,9,0.16283178506060492,0.542772616868683
3,10,300,3908,9,0.19511363618734784,0.6503787872911595
3,10,300,3909,9,0.17945444494522672,0.5981814831507558
3,10,300,3910,9,0.21444793958572209,0.7148264652857403
3,10,300,3911,9,0.29872161688952653,0.9957387229650885
3,10,300,3912,9,0.19108819552067707,0.6369606517355902
3,10,300,3913,9,0.24330155850524865,0.8110051950174955
3,10,300,3914,9,0.16112338423301475,0.5370779474433826
3,10,300,3915,9,0.1794634510400402,0.5982115034668006
3,10,300,3916,9,0.1849865549133582,0.616621849711194
3,10,300,3917,9,0.17445995354732557,0.5815331784910852
3,10,300,3918,9,0.2855241096970185,0.9517470323233951
3,10,300,3919,9,0.1754277849273329,0.5847592830911097
3,10,300,3920,9,0.24388695911742866,0.8129565303914289
3,10,300,3921,9,0.21470375425449453,0.715679180848315
3,10,300,3922,9,0.1645290980165726,0.5484303267219086
3,10,300,3923,9,0.1890702822015548,0.6302342740051827
3,10,300,3924,9,0.20522487302967746,0.6840829100989249
3,10,300,3925,9,0.24017917198511599,0.8005972399503866
3,10,300,3926,9,0.2805957225280307,0.9353190750934358
3,10,300,3927,9,0.2192603262483963,0.730867754161321
3,10,300,3928,9,0.21185889101571004,0.7061963033857002
3,10,300,3929,9,0.22925681839189732,0.7641893946396577
3,10,300,3930,9,0.2606676422918885,0.8688921409729616
3,10,300,3931,9,0.17537959801419792,0.5845986600473264
3,10,300,3932,9,0.2170245783813532,0.7234152612711774
3,10,300,3933,9,0.24497700899578842,0.8165900299859613
3,10,300,3934,9,0.22636751586723403,0.7545583862241134
3,10,300,3935,9,0.2708432652942899,0.9028108843142998
3,10,300,3936,9,0.25637174881484415,0.8545724960494804
3,10,300,3937,9,0.2367377831402528,0.7891259438008427
3,10,300,3938,9,0.1799233973548535,0.5997446578495117
3,10,300,3939,9,0.23544395535226828,0.7848131845075609
3,10,300,3940,9,0.18032648653432956,0.6010882884477652
3,10,300,3941,9,0.17953187874417567,0.5984395958139189
3,10,300,3942,9,0.21687981980849627,0.7229327326949876
3,10,300,3943,9,0.27809217604730263,0.9269739201576754
3,10,300,3944,9,0.24813690652189857,0.8271230217396619
3,10,300,3945,9,0.1996418531731705,0.6654728439105684
3,10,300,3946,9,0.19160646447726146,0.6386882149242049
3,10,300,3947,9,0.1653167788439147,0.5510559294797157
3,10,300,3948,9,0.20290168697920152,0.6763389565973383
3,10,300,3949,9,0.18467521572757184,0.6155840524252394
3,10,300,3950,9,0.2022612111718128,0.674204037239376
3,10,300,3951,9,0.22296209416277832,0.7432069805425944
3,10,300,3952,9,0.24473646968137946,0.8157882322712648
3,10,300,3953,9,0.218592634226472,0.72864211408824
3,10,300,3954,9,0.22604867394055822,0.7534955798018607
3,10,300,3955,9,0.2093339761620379,0.6977799205401263
3,10,300,3956,9,0.22174628560506865,0.7391542853502289
3,10,300,3957,9,0.21535312564231085,0.7178437521410362
3,10,300,3958,9,0.2329130566152391,0.7763768553841303
3,10,300,3959,9,0.2053567082050875,0.684522360683625
3,10,300,3960,9,0.2554457321159427,0.8514857737198089
3,10,300,3961,9,0.24945340847461955,0.8315113615820652
3,10,300,3962,9,0.28778679786588596,0.9592893262196199
3,10,300,3963,9,0.20918521789710248,0.6972840596570082
3,10,300,3964,9,0.17879398943020522,0.5959799647673507
3,10,300,3965,9,0.2121771300713798,0.7072571002379326
3,10,300,3966,9,0.21733460633147794,0.7244486877715932
3,10,300,3967,9,0.18351587731191685,0.6117195910397228
3,10,300,3968,9,0.25149628015340453,0.8383209338446818
3,10,300,3969,9,0.19651491033772397,0.6550497011257466
3,10,300,3970,9,0.21971898414756924,0.7323966138252309
3,10,300,3971,9,0.18522644276251693,0.6174214758750564
3,10,300,3972,9,0.21180875166004953,0.706029172200165
3,10,300,3973,9,0.23523192705439117,0.7841064235146372
3,10,300,3974,9,0.17284466870487197,0.5761488956829066
3,10,300,3975,9,0.21329580354089622,0.7109860118029874
3,10,300,3976,9,0.19263004777855813,0.6421001592618604
3,10,300,3977,9,0.25112512237828766,0.8370837412609589
3,10,300,3978,9,0.2055724503244218,0.685241501081406
3,10,300,3979,9,0.2054523854339045,0.6848412847796818
3,10,300,3980,9,0.17543641344203836,0.5847880448067946
3,10,300,3981,9,0.23958294993311577,0.7986098331103859
3,10,300,3982,9,0.22029208491233004,0.7343069497077668
3,10,300,3983,9,0.16415901752761458,0.5471967250920486
3,10,300,3984,9,0.1843387786688323,0.6144625955627744
3,10,300,3985,9,0.20037268799003932,0.6679089599667978
3,10,300,3986,9,0.1887005680615219,0.6290018935384064
3,10,300,3987,9,0.20374302632308744,0.6791434210769581
3,10,300,3988,9,0.2028117230908426,0.6760390769694754
3,10,300,3989,9,0.2539720973175668,0.8465736577252226
3,10,300,3990,9,0.1963036906606947,0.654345635535649
3,10,300,3991,9,0.1881104533026827,0.6270348443422756
3,10,300,3992,9,0.2185683478692618,0.7285611595642061
3,10,300,3993,9,0.1824116150917432,0.6080387169724772
3,10,300,3994,9,0.2565856044360853,0.8552853481202843
3,10,300,3995,9,0.22095247750715075,0.7365082583571692
3,10,300,3996,9,0.2935758939261177,0.978586313087059
3,10,300,3997,9,0.22501619365619746,0.7500539788539915
3,10,300,3998,9,0.19553694448537173,0.6517898149512391
3,10,300,3999,9,0.20931237438520012,0.6977079146173337
4,10,300,0,27,0.327906007742176,0.3643400086024178
4,10,300,1,27,0.3751401526103293,0.4168223917892548
4,10,300,2,27,0.32038520795154224,0.35598356439060247
4,10,300,3,27,0.28807384843418626,0.32008205381576255
4,10,300,4,27,0.3368712561540331,0.37430139572670346
4,10,300,5,27,0.3596477073688476,0.399608563743164
4,10,300,6,27,0.3420026880032051,0.3800029866702279
4,10,300,7,27,0.25735598356624184,0.2859510928513798
4,10,300,8,27,0.3406727104297574,0.3785252338108415
4,10,300,9,27,0.2886913946091395,0.3207682162323772
4,10,300,10,27,0.4846844288328067,0.5385382542586741
4,10,300,11,27,0.26149278082916916,0.2905475342546324
4,10,300,12,27,0.4046022471745678,0.4495580524161864
4,10,300,13,27,0.4315535442924106,0.4795039381026785
4,10,300,14,27,0.4416440957013317,0.4907156618903685
4,10,300,15,27,0.34566539672529173,0.38407266302810195
4,10,300,16,27,0.3522102976628162,0.3913447751809069
4,10,300,17,27,0.4554253188441364,0.5060281320490404
4,10,300,18,27,0.46966393170944987,0.5218488130104999
4,10,300,19,27,0.3686676726030874,0.4096307473367638
4,10,300,20,27,0.34073886627096406,0.37859874030107116
4,10,300,21,27,0.32225227082971075,0.3580580786996786
4,10,300,22,27,0.30084029463931805,0.3342669940436867
4,10,300,23,27,0.29164792892011215,0.32405325435568016
4,10,300,24,27,0.36533373956422527,0.40592637729358366
4,10,300,25,27,0.32269320388735656,0.3585480043192851
4,10,300,26,27,0.36972797151395415,0.41080885723772687
4,10,300,27,27,0.46064728365058827,0.5118303151673204
4,10,300,28,27,0.36102395461248127,0.40113772734720143
4,10,300,29,27,0.3820944522762788,0.42454939141808756
4,10,300,30,27,0.38412898846681487,0.42680998718534985
4,10,300,31,27,0.3086003832566634,0.34288931472962597
4,10,300,32,27,0.3493445695110389,0.38816063279004326
4,10,300,33,27,0.45168698397608925,0.5018744266400991
4,10,300,34,27,0.49427868642923556,0.5491985404769284
4,10,300,35,27,0.3646296808341315,0.40514408981570166
4,10,300,36,27,0.3523451818901041,0.3914946465445601
4,10,300,37,27,0.2620185321963261,0.29113170244036235
4,10,300,38,27,0.36789160870702065,0.40876845411891183
4,10,300,39,27,0.2619640075197976,0.2910711194664418
4,10,300,40,27,0.4947410973448746,0.549712330383194
4,10,300,41,27,0.5615538278397315,0.6239486975997017
4,10,300,42,27,0.351779369485253,0.39086596609472557
4,10,300,43,27,0.41733855841892814,0.4637095093543646
4,10,300,44,27,0.34837176722200414,0.3870797413577824
4,10,300,45,27,0.3843908084561728,0.42710089828463643
4,10,300,46,27,0.4784863036385925,0.5316514484873249
4,10,300,47,27,0.3543840779900652,0.393760086655628
4,10,300,48,27,0.3778361045686302,0.4198178939651447
4,10,300,49,27,0.3229579455343266,0.35884216170480737
4,10,300,50,27,0.32482866010728795,0.36092073345254216
4,10,300,51,27,0.3264583154318036,0.36273146159089287
4,10,300,52,27,0.36021393062884205,0.4002377006987134
4,10,300,53,27,0.27537221343816487,0.30596912604240545
4,10,300,54,27,0.3276854690244341,0.36409496558270454
4,10,300,55,27,0.3433456168408412,0.3814951298231569
4,10,300,56,27,0.232465492497067,0.25829499166340775
4,10,300,57,27,0.4417904908734303,0.49087832319270036
4,10,300,58,27,0.33784895917497026,0.3753877324166336
4,10,300,59,27,0.3867064664480017,0.4296738516088908
4,10,300,60,27,0.3867630657898626,0.42973673976651394
4,10,300,61,27,0.31415345067248834,0.34905938963609817
4,10,300,62,27,0.27141477372556827,0.301571970806187
4,10,300,63,27,0.412645325814232,0.4584948064602578
4,10,300,64,27,0.3392815025292639,0.3769794472547377
4,10,300,65,27,0.4122167430838094,0.4580186034264549
4,10,300,66,27,0.36421727676788185,0.40468586307542426
4,10,300,67,27,0.4579371719296551,0.508819079921839
4,10,300,68,27,0.2872786315190966,0.3191984794656629
4,10,300,69,27,0.441233108921942,0.49025900991326893
4,10,300,70,27,0.33016071995687735,0.3668452443965304
4,10,300,71,27,0.4167691502458807,0.4630768336065341
4,10,300,72,27,0.27821402764567005,0.30912669738407783
4,10,300,73,27,0.32353297350137833,0.35948108166819814
4,10,300,74,27,0.43961720865920445,0.4884635651768938
4,10,300,75,27,0.365228751665653,0.4058097240729478
4,10,300,76,27,0.3566805694817732,0.3963117438686369
4,10,300,77,27,0.38305988022318443,0.4256220891368716
4,10,300,78,27,0.35084221280322103,0.3898246808924678
4,10,300,79,27,0.40971076435213893,0.4552341826134877
4,10,300,80,27,0.2679381524925023,0.29770905832500255
4,10,300,81,27,0.3683300324527431,0.409255591614159
4,10,300,82,27,0.3047338903277429,0.3385932114752699
4,10,300,83,27,0.33371280094024214,0.3707920010447135
4,10,300,84,27,0.3569380759057583,0.39659786211750925
4,10,300,85,27,0.3853119235609065,0.4281243595121183
4,10,300,86,27,0.331007641771292,0.3677862686347689
4,10,300,87,27,0.23756626854802868,0.2639625206089208
4,10,300,88,27,0.30603964459236166,0.3400440495470685
4,10,300,89,27,0.48656109149427024,0.5406234349936335
4,10,300,90,27,0.43627519927200714,0.4847502214133413
4,10,300,91,27,0.2821401413935709,0.31348904599285654
4,10,300,92,27,0.3490291579539922,0.38781017550443575
4,10,300,93,27,0.5978718008477057,0.6643020009418953
4,10,300,94,27,0.3370809131290117,0.37453434792112406
4,10,300,95,27,0.3996802428624938,0.4440891587361043
4,10,300,96,27,0.5769018012743304,0.6410020014159227
4,10,300,97,27,0.3597753200824444,0.39975035564716044
4,10,300,98,27,0.27852951056028985,0.3094772339558776
4,10,300,99,27,0.29933786412111185,0.3325976268012354
4,10,300,100,27,0.40787464798340967,0.45319405331489965
4,10,300,101,27,0.35287068021965223,0.39207853357739136
4,10,300,102,27,0.46246506685575645,0.5138500742841738
4,10,300,103,27,0.37950295684229945,0.4216699520469994
4,10,300,104,27,0.28843721822416113,0.32048579802684574
4,10,300,105,27,0.3697966221538375,0.4108851357264861
4,10,300,106,27,0.2653734616400265,0.2948594018222517
4,10,300,107,27,0.25598184568100046,0.2844242729788894
4,10,300,108,27,0.35400764906566284,0.39334183229518094
4,10,300,109,27,0.2787844555879231,0.3097605062088034
4,10,300,110,27,0.4103434393604646,0.45593715484496067
4,10,300,111,27,0.4026214552474514,0.4473571724971682
4,10,300,112,27,0.3637351235159818,0.4041501372399798
4,10,300,113,27,0.3742131624111237,0.41579240267902634
4,10,300,114,27,0.4817481700903081,0.5352757445447868
4,10,300,115,27,0.42522538675369104,0.4724726519485456
4,10,300,116,27,0.44769528697318783,0.4974392077479865
4,10,300,117,27,0.343223704086727,0.3813596712074744
4,10,300,118,27,0.355716721199164,0.39524080133240447
4,10,300,119,27,0.36362354787326356,0.4040261643036262
4,10,300,120,27,0.45293504686797503,0.5032611631866389
4,10,300,121,27,0.27614786735606034,0.3068309637289559
4,10,300,122,27,0.41740446376532925,0.4637827375170325
4,10,300,123,27,0.3930850566316393,0.43676117403515474
4,10,300,124,27,0.37319556307162705,0.4146617367462523
4,10,300,125,27,0.28437039232672734,0.3159671025852526
4,10,300,126,27,0.3629543913117529,0.40328265701305877
4,10,300,127,27,0.30607307078804735,0.3400811897644971
4,10,300,128,27,0.3751432610431907,0.4168258456035452
4,10,300,129,27,0.3803769706065887,0.42264107845176524
4,10,300,130,27,0.3805272440084761,0.42280804889830675
4,10,300,131,27,0.29645499077267007,0.32939443419185566
4,10,300,132,27,0.38037794760529064,0.42264216400587845
4,10,300,133,27,0.3588146065664281,0.39868289618492014
4,10,300,134,27,0.44285181839381854,0.4920575759931317
4,10,300,135,27,0.33326402159641705,0.3702933573293523
4,10,300,136,27,0.3337170673206882,0.3707967414674313
4,10,300,137,27,0.49704162901072346,0.5522684766785816
4,10,300,138,27,0.3551179899062016,0.394575544340224
4,10,300,139,27,0.34441071378506527,0.38267857087229473
4,10,300,140,27,0.2925063350668586,0.3250070389631762
4,10,300,141,27,0.3420553584823532,0.38006150942483685
4,10,300,142,27,0.4515591655211411,0.5017324061346012
4,10,300,143,27,0.34790497217981803,0.38656108019979785
4,10,300,144,27,0.25460083593236044,0.2828898177026227
4,10,300,145,27,0.24961970753513005,0.27735523059458894
4,10,300,146,27,0.44190434842765003,0.4910048315862778
4,10,300,147,27,0.30099864146668753,0.33444293496298616
4,10,300,148,27,0.30512973377189667,0.3390330375243296
4,10,300,149,27,0.3021533790557325,0.3357259767285916
4,10,300,150,27,0.3694761867845858,0.41052909642731755
4,10,300,151,27,0.26356414253261556,0.2928490472584617
4,10,300,152,27,0.4175191722106778,0.46391019134519756
4,10,300,153,27,0.2900496371568072,0.3222773746186747
4,10,300,154,27,0.38738839982075846,0.43043155535639827
4,10,300,155,27,0.5724484745494636,0.636053860610515
4,10,300,156,27,0.3057511492310478,0.3397234991456086
4,10,300,157,27,0.32901733760840757,0.3655748195648973
4,10,300,158,27,0.42497213623001795,0.4721912624777977
4,10,300,159,27,0.42868601362787484,0.4763177929198609
4,10,300,160,27,0.5384118113341261,0.5982353459268067
4,10,300,161,27,0.39049151007083865,0.43387945563426517
4,10,300,162,27,0.31907208068763304,0.35452453409737006
4,10,300,163,27,0.34103042012211104,0.3789226890245678
4,10,300,164,27,0.39772158083675435,0.44191286759639375
4,10,300,165,27,0.43601926694459964,0.48446585216066623
4,10,300,166,27,0.47778689463549745,0.530874327372775
4,10,300,167,27,0.28600823235826467,0.3177869248425163
4,10,300,168,27,0.4274875293359911,0.4749861437066568
4,10,300,169,27,0.3629625910179798,0.4032917677977553
4,10,300,170,27,0.34117014281099584,0.37907793645666205
4,10,300,171,27,0.34820834575000675,0.3868981619444519
4,10,300,172,27,0.40229794994813595,0.4469977221645955
4,10,300,173,27,0.3363802146112328,0.3737557940124809
4,10,300,174,27,0.4512885378814271,0.5014317087571413
4,10,300,175,27,0.3700691232047083,0.41118791467189814
4,10,300,176,27,0.5623125261277389,0.6247916956974876
4,10,300,177,27,0.4066052108972419,0.4517835676636021
4,10,300,178,27,0.5120827840121721,0.5689808711246357
4,10,300,179,27,0.2990285178821294,0.3322539087579216
4,10,300,180,27,0.43168110104833957,0.4796456678314884
4,10,300,181,27,0.3617675359658814,0.40196392885097937
4,10,300,182,27,0.267261137992032,0.29695681999114665
4,10,300,183,27,0.42714351269176787,0.47460390299085314
4,10,300,184,27,0.4264656092987803,0.4738506769986448
4,10,300,185,27,0.3303428751714829,0.36704763907942545
4,10,300,186,27,0.3147903966473023,0.3497671073858914
4,10,300,187,27,0.2590768360824998,0.28786315120277756
4,10,300,188,27,0.30102883864069113,0.3344764873785457
4,10,300,189,27,0.3050142520187266,0.3389047244652518
4,10,300,190,27,0.26117834613391905,0.2901981623710212
4,10,300,191,27,0.4286369961528359,0.4762633290587066
4,10,300,192,27,0.3482009177589244,0.3868899086210271
4,10,300,193,27,0.3332102708590904,0.3702336342878782
4,10,300,194,27,0.3688988079213483,0.4098875643570537
4,10,300,195,27,0.24920033508929296,0.2768892612103255
4,10,300,196,27,0.3348651011250612,0.37207233458340133
4,10,300,197,27,0.3819028283360285,0.42433647592892054
4,10,300,198,27,0.3901599852227041,0.4335110946918935
4,10,300,199,27,0.2517296141276427,0.2796995712529363
4,10,300,200,27,0.4007530318925894,0.44528114654732154
4,10,300,201,27,0.41201139118957664,0.4577904346550852
4,10,300,202,27,0.37939330418854017,0.42154811576504464
4,10,300,203,27,0.295565713582233,0.32840634842470334
4,10,300,204,27,0.390430300939034,0.4338114454878156
4,10,300,205,27,0.40253951235422436,0.447266124838027
4,10,300,206,27,0.3366815632646142,0.3740906258495713
4,10,300,207,27,0.394558520413548,0.4383983560150533
4,10,300,208,27,0.34867417019143404,0.3874157446571489
4,10,300,209,27,0.303805417204981,0.3375615746722011
4,10,300,210,27,0.4706150609250298,0.5229056232500331
4,10,300,211,27,0.37414275831487714,0.41571417590541904
4,10,300,212,27,0.5885512807647268,0.6539458675163631
4,10,300,213,27,0.44846178062083086,0.4982908673564787
4,10,300,214,27,0.31192798811668826,0.34658665346298695
4,10,300,215,27,0.4654152367392148,0.5171280408213498
4,10,300,216,27,0.5652280012419892,0.6280311124910992
4,10,300,217,27,0.4156013302718446,0.4617792558576051
4,10,300,218,27,0.36036211125704365,0.4004023458411596
4,10,300,219,27,0.3436444119596931,0.381827124399659
4,10,300,220,27,0.306299109526351,0.34033234391816775
4,10,300,221,27,0.4135800161344762,0.45953335126052913
4,10,300,222,27,0.3246279129206989,0.3606976810229988
4,10,300,223,27,0.37488800341077694,0.4165422260119743
4,10,300,224,27,0.4684754464909939,0.520528273878882
4,10,300,225,27,0.4002669599940505,0.4447410666600561
4,10,300,226,27,0.36733052869833993,0.4081450318870444
4,10,300,227,27,0.3102424949475594,0.344713883275066
4,10,300,228,27,0.4589866730619263,0.5099851922910292
4,10,300,229,27,0.5123656394072738,0.5692951548969708
4,10,300,230,27,0.27751764830519554,0.30835294256132834
4,10,300,231,27,0.33634163043260257,0.37371292270289175
4,10,300,232,27,0.4007177930007481,0.4452419922230535
4,10,300,233,27,0.37701088236944846,0.4189009804104983
4,10,300,234,27,0.2873692226966599,0.3192991363296221
4,10,300,235,27,0.40807313558562486,0.4534145950951387
4,10,300,236,27,0.23955632564606832,0.2661736951622981
4,10,300,237,27,0.5202081418431246,0.5780090464923606
4,10,300,238,27,0.372683585244304,0.4140928724936711
4,10,300,239,27,0.5248896233631929,0.5832106926257699
4,10,300,240,27,0.3121344360781737,0.3468160400868597
4,10,300,241,27,0.4385865375080644,0.4873183750089604
4,10,300,242,27,0.30320892994612764,0.3368988110512529
4,10,300,243,27,0.3246300267640944,0.3607000297378827
4,10,300,244,27,0.4692566724728158,0.5213963027475731
4,10,300,245,27,0.3341162735645524,0.3712403039606138
4,10,300,246,27,0.31219839813844136,0.34688710904271264
4,10,300,247,27,0.34429248205529206,0.38254720228365785
4,10,300,248,27,0.47648069686689004,0.5294229965187667
4,10,300,249,27,0.2422384719107557,0.26915385767861744
4,10,300,250,27,0.37565144342043233,0.4173904926893693
4,10,300,251,27,0.3323689955955751,0.3692988839950834
4,10,300,252,27,0.3373967868431911,0.37488531871465675
4,10,300,253,27,0.33807935561109737,0.37564372845677485
4,10,300,254,27,0.3638059879803115,0.4042288755336794
4,10,300,255,27,0.21965931557760024,0.24406590619733362
4,10,300,256,27,0.41673475351253286,0.4630386150139254
4,10,300,257,27,0.3494257401315588,0.3882508223683987
4,10,300,258,27,0.3535350035581063,0.3928166706201181
4,10,300,259,27,0.23560501674902362,0.2617833519433596
4,10,300,260,27,0.35463241559805203,0.39403601733116894
4,10,300,261,27,0.4709469255227514,0.523274361691946
4,10,300,262,27,0.34450558883140386,0.38278398759044874
4,10,300,263,27,0.36047741322654797,0.40053045914060886
4,10,300,264,27,0.5560235282490753,0.6178039202767504
4,10,300,265,27,0.4481079920556932,0.4978977689507702
4,10,300,266,27,0.36032442569924683,0.40036047299916316
4,10,300,267,27,0.29218922212039133,0.3246546912448792
4,10,300,268,27,0.3410439705343788,0.37893774503819866
4,10,300,269,27,0.2865945093723235,0.3184383437470261
4,10,300,270,27,0.23026989336447953,0.25585543707164393
4,10,300,271,27,0.6100101161916964,0.6777890179907738
4,10,300,272,27,0.4393636771913559,0.48818186354595094
4,10,300,273,27,0.5213424178254448,0.5792693531393831
4,10,300,274,27,0.45644500040839214,0.5071611115648802
4,10,300,275,27,0.31212259577849466,0.3468028841983274
4,10,300,276,27,0.5045589923849727,0.5606211026499697
4,10,300,277,27,0.3130040640082222,0.34778229334246913
4,10,300,278,27,0.2855365926425677,0.31726288071396413
4,10,300,279,27,0.31361129874189836,0.3484569986021093
4,10,300,280,27,0.41884783571661915,0.46538648412957684
4,10,300,281,27,0.481722733160568,0.5352474812895199
4,10,300,282,27,0.2895935359202778,0.32177059546697534
4,10,300,283,27,0.3204246207537329,0.35602735639303656
4,10,300,284,27,0.391748914458908,0.4352765716210089
4,10,300,285,27,0.295913940917492,0.32879326768610223
4,10,300,286,27,0.33570021476344114,0.3730002386260457
4,10,300,287,27,0.3865988022372074,0.4295542247080082
4,10,300,288,27,0.3439528825523549,0.38216986950261655
4,10,300,289,27,0.2855246619579876,0.317249624397764
4,10,300,290,27,0.284282611273379,0.3158695680815322
4,10,300,291,27,0.34609061722106294,0.3845451302456255
4,10,300,292,27,0.4000391986115373,0.44448799845726367
4,10,300,293,27,0.4092382350015219,0.454709150001691
4,10,300,294,27,0.4015501611844743,0.446166845760527
4,10,300,295,27,0.35768020469724615,0.3974224496636068
4,10,300,296,27,0.3237331364713252,0.3597034849681391
4,10,300,297,27,0.2589138214248032,0.28768202380533686
4,10,300,298,27,0.3180183510770771,0.35335372341897453
4,10,300,299,27,0.6001737610296259,0.6668597344773621
4,10,300,300,27,0.2688216745365045,0.298690749485005
4,10,300,301,27,0.35465324123801945,0.3940591569311327
4,10,300,302,27,0.2582371376737127,0.2869301529707919
4,10,300,303,27,0.43689369353457597,0.48543743726064
4,10,300,304,27,0.45684159352802745,0.5076017705866972
4,10,300,305,27,0.3230801382922307,0.3589779314358119
4,10,300,306,27,0.3782417502170469,0.4202686113522744
4,10,300,307,27,0.43489405179296314,0.48321561310329236
4,10,300,308,27,0.5520146706846765,0.613349634094085
4,10,300,309,27,0.5982299726999636,0.6646999696666261
4,10,300,310,27,0.34112642701703716,0.3790293633522635
4,10,300,311,27,0.339698120582022,0.37744235620224664
4,10,300,312,27,0.3472788967979357,0.38586544088659525
4,10,300,313,27,0.4368474024352095,0.48538600270578824
4,10,300,314,27,0.295217975678359,0.3280199729759544
4,10,300,315,27,0.6062590375203514,0.6736211528003905
4,10,300,316,27,0.2972109875364239,0.33023443059602653
4,10,300,317,27,0.32895228123513537,0.365502534705706
4,10,300,318,27,0.4172704555612977,0.463633839512553
4,10,300,319,27,0.2463609654546396,0.27373440606071064
4,10,300,320,27,0.3052253495464853,0.33913927727387255
4,10,300,321,27,0.44082986954801584,0.489810966164462
4,10,300,322,27,0.3081229753868387,0.34235886154093187
4,10,300,323,27,0.31854101806223034,0.35393446451358923
4,10,300,324,27,0.4196303646790811,0.46625596075453457
4,10,300,325,27,0.33806824384121353,0.37563138204579277
4,10,300,326,27,0.3489456561820855,0.3877173957578728
4,10,300,327,27,0.32587648451556145,0.3620849827950683
4,10,300,328,27,0.28385258203960806,0.31539175782178674
4,10,300,329,27,0.3504258478995357,0.38936205322170636
4,10,300,330,27,0.36144638316634803,0.40160709240705333
4,10,300,331,27,0.36853571187102374,0.4094841243011375
4,10,300,332,27,0.4526402742971505,0.502933638107945
4,10,300,333,27,0.5024787914555957,0.5583097682839953
4,10,300,334,27,0.4111937011343064,0.45688189014922936
4,10,300,335,27,0.33187932047430446,0.36875480052700493
4,10,300,336,27,0.34341462822156243,0.3815718091350694
4,10,300,337,27,0.4393757546574496,0.4881952829527218
4,10,300,338,27,0.3710417118804311,0.41226856875603457
4,10,300,339,27,0.22433765091326346,0.24926405657029274
4,10,300,340,27,0.5591347420028157,0.621260824447573
4,10,300,341,27,0.40699379659187773,0.4522153295465308
4,10,300,342,27,0.28958704499789334,0.3217633833309926
4,10,300,343,27,0.2767471209045059,0.3074968010050066
4,10,300,344,27,0.34382942605932465,0.38203269562147185
4,10,300,345,27,0.3959975326998597,0.4399972585553997
4,10,300,346,27,0.3312815108394527,0.3680905675993919
4,10,300,347,27,0.32624547770076096,0.36249497522306773
4,10,300,348,27,0.30648249028102453,0.3405361003122495
4,10,300,349,27,0.3653913575363812,0.4059903972626458
4,10,300,350,27,0.3344584681991145,0.37162052022123837
4,10,300,351,27,0.39585919572970363,0.4398435508107818
4,10,300,352,27,0.38493820616468005,0.4277091179607556
4,10,300,353,27,0.36570941188210276,0.40634379098011414
4,10,300,354,27,0.30330939845747207,0.3370104427305245
4,10,300,355,27,0.43533508199541027,0.48370564666156696
4,10,300,356,27,0.2574937185267909,0.2861041316964344
4,10,300,357,27,0.34913278343925197,0.38792531493250215
4,10,300,358,27,0.25634504875663355,0.28482783195181505
4,10,300,359,27,0.3460984454027699,0.3845538282252999
4,10,300,360,27,0.31352517141922553,0.34836130157691725
4,10,300,361,27,0.36281958826425864,0.4031328758491763
4,10,300,362,27,0.3137686330025048,0.3486318144472275
4,10,300,363,27,0.4062504389207421,0.4513893765786023
4,10,300,364,27,0.37192836014081565,0.41325373348979516
4,10,300,365,27,0.3201358275437769,0.355706475048641
4,10,300,366,27,0.36903408332791887,0.4100378703643543
4,10,300,367,27,0.36535413010605583,0.40594903345117317
4,10,300,368,27,0.4191582367839355,0.46573137420437277
4,10,300,369,27,0.5361980836453453,0.5957756484948281
4,10,300,370,27,0.49589454004546374,0.5509939333838486
4,10,300,371,27,0.5453063554776731,0.605895950530748
4,10,300,372,27,0.3012529993089289,0.3347255547876988
4,10,300,373,27,0.22672895741693,0.2519210637965889
4,10,300,374,27,0.2918272512284449,0.32425250136493877
4,10,300,375,27,0.2631553627779136,0.29239484753101513
4,10,300,376,27,0.3573245239967443,0.3970272488852714
4,10,300,377,27,0.3224136009642071,0.3582373344046746
4,10,300,378,27,0.2829385250701809,0.31437613896686767
4,10,300,379,27,0.32257561997868095,0.3584173555318677
4,10,300,380,27,0.37095537114706245,0.4121726346078472
4,10,300,381,27,0.30015512772663505,0.3335056974740389
4,10,300,382,27,0.2908029621790472,0.32311440242116357
4,10,300,383,27,0.5025856238778109,0.5584284709753454
4,10,300,384,27,0.2974229890116723,0.330469987790747
4,10,300,385,27,0.306243312052662,0.34027034672518
4,10,300,386,27,0.3699842164153335,0.411093573794815
4,10,300,387,27,0.4277998923725795,0.4753332137473106
4,10,300,388,27,0.32269895199771825,0.35855439110857584
4,10,300,389,27,0.3248737584390863,0.3609708427100959
4,10,300,390,27,0.3249542839432844,0.36106031549253825
4,10,300,391,27,0.27539867266996854,0.30599852518885395
4,10,300,392,27,0.297280388387305,0.3303115426525611
4,10,300,393,27,0.4439394706176283,0.4932660784640314
4,10,300,394,27,0.3928757872904436,0.43652865254493733
4,10,300,395,27,0.2673680331139713,0.297075592348857
4,10,300,396,27,0.3790107579574942,0.4211230643972158
4,10,300,397,27,0.28584533627413156,0.3176059291934795
4,10,300,398,27,0.3219257302264118,0.3576952558071242
4,10,300,399,27,0.47622109456598066,0.5291345495177563
4,10,300,400,27,0.34691824660959497,0.38546471845510555
4,10,300,401,27,0.43424833035310423,0.48249814483678244
4,10,300,402,27,0.38632643456885707,0.42925159396539675
4,10,300,403,27,0.2457311434566233,0.2730346038406926
4,10,300,404,27,0.344952343209243,0.38328038134360337
4,10,300,405,27,0.3243041723611127,0.3603379692901252
4,10,300,406,27,0.3384049667821671,0.37600551864685233
4,10,300,407,27,0.3698115281355774,0.4109016979284193
4,10,300,408,27,0.23884998233695923,0.26538886926328803
4,10,300,409,27,0.3903807330673931,0.4337563700748812
4,10,300,410,27,0.3841607952528239,0.42684532805869324
4,10,300,411,27,0.2903504542420664,0.3226116158245182
4,10,300,412,27,0.4142543012262494,0.4602825569180549
4,10,300,413,27,0.36581511097052205,0.4064612344116912
4,10,300,414,27,0.3174744719616287,0.3527494132906986
4,10,300,415,27,0.33262827170291065,0.36958696855878964
4,10,300,416,27,0.4096904233650034,0.4552115815166704
4,10,300,417,27,0.3320673649315826,0.36896373881286953
4,10,300,418,27,0.3306333374415683,0.3673703749350759
4,10,300,419,27,0.3666660222823461,0.40740669142482905
4,10,300,420,27,0.4134310425457244,0.45936782505080487
4,10,300,421,27,0.39928668824543084,0.4436518758282565
4,10,300,422,27,0.6099684990831078,0.6777427767590087
4,10,300,423,27,0.3848063568256429,0.42756261869515877
4,10,300,424,27,0.29503061968880756,0.32781179965423063
4,10,300,425,27,0.2813968733553135,0.312663192617015
4,10,300,426,27,0.3013988355776786,0.33488759508630955
4,10,300,427,27,0.31371658487850246,0.34857398319833605
4,10,300,428,27,0.5063525461526576,0.5626139401696195
4,10,300,429,27,0.4235585780562204,0.4706206422846893
4,10,300,430,27,0.3756651091635862,0.4174056768484291
4,10,300,431,27,0.3559936719172543,0.39554852435250476
4,10,300,432,27,0.4328677784750361,0.48096419830559567
4,10,300,433,27,0.4018672249435884,0.44651913882620936
4,10,300,434,27,0.44439462425752974,0.49377180473058857
4,10,300,435,27,0.3393824528612119,0.3770916142902354
4,10,300,436,27,0.46207855939482023,0.5134206215498003
4,10,300,437,27,0.3991477888233555,0.44349754313706163
4,10,300,438,27,0.28279831332368627,0.31422034813742916
4,10,300,439,27,0.4562037730673515,0.5068930811859461
4,10,300,440,27,0.4543016067607881,0.5047795630675423
4,10,300,441,27,0.29950841752572926,0.3327871305841436
4,10,300,442,27,0.287264753533211,0.31918305948134557
4,10,300,443,27,0.3563224695583349,0.3959138550648166
4,10,300,444,27,0.34193542164759516,0.37992824627510574
4,10,300,445,27,0.3045632262600909,0.33840358473343435
4,10,300,446,27,0.3305497904617838,0.36727754495753756
4,10,300,447,27,0.337219757141923,0.3746886190465811
4,10,300,448,27,0.4277116047436151,0.4752351163817945
4,10,300,449,27,0.34496105996196996,0.38329006662441106
4,10,300,450,27,0.36430205360782075,0.40478005956424523
4,10,300,451,27,0.4192880898747453,0.46587565541638365
4,10,300,452,27,0.3748669528039645,0.4165188364488494
4,10,300,453,27,0.4125502767477675,0.45838919638640835
4,10,300,454,27,0.25103172068834423,0.2789241340981603
4,10,300,455,27,0.3258154666175501,0.36201718513061126
4,10,300,456,27,0.39937692889057175,0.4437521432117464
4,10,300,457,27,0.33039819437979107,0.3671091048664345
4,10,300,458,27,0.410429303205314,0.45603255911701557
4,10,300,459,27,0.41619523472287745,0.46243914969208605
4,10,300,460,27,0.29310681145169026,0.3256742349463225
4,10,300,461,27,0.3703561933156231,0.4115068814618034
4,10,300,462,27,0.2797609708964174,0.31084552321824155
4,10,300,463,27,0.3116998016836406,0.34633311298182284
4,10,300,464,27,0.2414827446759487,0.2683141607510541
4,10,300,465,27,0.37842197972917,0.4204688663657445
4,10,300,466,27,0.4090761083456065,0.4545290092728961
4,10,300,467,27,0.3586247690238681,0.39847196558207565
4,10,300,468,27,0.3595009789334171,0.39944553214824124
4,10,300,469,27,0.37379162052943427,0.41532402281048253
4,10,300,470,27,0.47225696724376104,0.5247299636041789
4,10,300,471,27,0.5286076714606147,0.5873418571784608
4,10,300,472,27,0.2914370544589392,0.32381894939882133
4,10,300,473,27,0.4560140045371803,0.5066822272635336
4,10,300,474,27,0.342161422880366,0.3801793587559622
4,10,300,475,27,0.35616821151113787,0.3957424572345976
4,10,300,476,27,0.39047545572352294,0.433861617470581
4,10,300,477,27,0.3012754897975321,0.3347505442194801
4,10,300,478,27,0.37085970169446325,0.4120663352160703
4,10,300,479,27,0.32606649060393056,0.36229610067103396
4,10,300,480,27,0.44314375480828117,0.4923819497869791
4,10,300,481,27,0.6576585962065986,0.7307317735628873
4,10,300,482,27,0.2540230820450172,0.282247868938908
4,10,300,483,27,0.32234924104401375,0.35816582338223746
4,10,300,484,27,0.4606153104006341,0.5117947893340379
4,10,300,485,27,0.3276000841480837,0.3640000934978708
4,10,300,486,27,0.38768585662554067,0.43076206291726743
4,10,300,487,27,0.412295062632283,0.45810562514698105
4,10,300,488,27,0.2830079069801158,0.3144532299779065
4,10,300,489,27,0.2569415882087511,0.28549065356527903
4,10,300,490,27,0.4011154626635369,0.4456838474039299
4,10,300,491,27,0.3232457472775746,0.35916194141952734
4,10,300,492,27,0.41780484628842435,0.46422760698713816
4,10,300,493,27,0.3903899974029913,0.4337666637811014
4,10,300,494,27,0.3342133723207503,0.37134819146750037
4,10,300,495,27,0.38320597157539965,0.42578441286155516
4,10,300,496,27,0.37635610989252993,0.41817345543614437
4,10,300,497,27,0.23021864064895767,0.25579848960995294
4,10,300,498,27,0.3810202883326173,0.42335587592513035
4,10,300,499,27,0.2837167530654795,0.31524083673942166
4,10,300,500,27,0.42058304926549395,0.4673144991838822
4,10,300,501,27,0.38853824946428117,0.43170916607142357
4,10,300,502,27,0.4198566047698476,0.46650733863316396
4,10,300,503,27,0.290493170377315,0.32277018930812773
4,10,300,504,27,0.39233571659699745,0.4359285739966638
4,10,300,505,27,0.5374465849934328,0.5971628722149254
4,10,300,506,27,0.3129981286678774,0.3477756985198638
4,10,300,507,27,0.4043627962307649,0.44929199581196094
4,10,300,508,27,0.3346241215829661,0.371804579536629
4,10,300,509,27,0.3407903721665152,0.37865596907390575
4,10,300,510,27,0.4583651405744462,0.5092946006382735
4,10,300,511,27,0.30369630398895403,0.3374403377655045
4,10,300,512,27,0.42711642110107984,0.4745738012234221
4,10,300,513,27,0.30005621901720386,0.33339579890800425
4,10,300,514,27,0.3142252776888824,0.3491391974320916
4,10,300,515,27,0.4546459331071915,0.5051621478968795
4,10,300,516,27,0.4794563004411314,0.5327292227123682
4,10,300,517,27,0.47048068286179273,0.5227563142908808
4,10,300,518,27,0.3662302405273651,0.40692248947485005
4,10,300,519,27,0.4010585711544452,0.4456206346160502
4,10,300,520,27,0.2499670732935,0.2777411925483333
4,10,300,521,27,0.31575269173688075,0.3508363241520897
4,10,300,522,27,0.35719155504357214,0.39687950560396906
4,10,300,523,27,0.340990994428088,0.3788788826978755
4,10,300,524,27,0.4490674584563956,0.4989638427293285
4,10,300,525,27,0.36990957728123813,0.4110106414235979
4,10,300,526,27,0.29622159677915083,0.32913510753238984
4,10,300,527,27,0.319930127129075,0.3554779190323056
4,10,300,528,27,0.301247874887412,0.33471986098601336
4,10,300,529,27,0.32171717877459455,0.3574635319717717
4,10,300,530,27,0.2713390646851322,0.30148784965014686
4,10,300,531,27,0.48515947417850613,0.5390660824205623
4,10,300,532,27,0.3901944583127205,0.43354939812524496
4,10,300,533,27,0.3008928676262336,0.3343254084735929
4,10,300,534,27,0.2821530550951822,0.31350339455020243
4,10,300,535,27,0.5165806038771263,0.5739784487523626
4,10,300,536,27,0.28751826656281,0.3194647406253444
4,10,300,537,27,0.4667393156284447,0.5185992395871607
4,10,300,538,27,0.354248867198587,0.39360985244287444
4,10,300,539,27,0.48624071820698994,0.5402674646744333
4,10,300,540,27,0.41703960351040037,0.4633773372337782
4,10,300,541,27,0.45119926229485857,0.501332513660954
4,10,300,542,27,0.4781438182537058,0.5312709091707842
4,10,300,543,27,0.2523390451742379,0.28037671686026433
4,10,300,544,27,0.4057085216218398,0.45078724624648864
4,10,300,545,27,0.3538929675852306,0.393214408428034
4,10,300,546,27,0.4326384658582235,0.4807094065091373
4,10,300,547,27,0.47474038582753075,0.5274893175861453
4,10,300,548,27,0.3918944533522277,0.4354382815024752
4,10,300,549,27,0.2612666170671517,0.2902962411857241
4,10,300,550,27,0.35736174300257617,0.39706860333619576
4,10,300,551,27,0.3010812444365648,0.33453471604062757
4,10,300,552,27,0.3205364395278127,0.3561515994753474
4,10,300,553,27,0.3553438579503999,0.3948265088337777
4,10,300,554,27,0.3819157700554661,0.42435085561718455
4,10,300,555,27,0.4697476304881877,0.5219418116535419
4,10,300,556,27,0.2841155815219865,0.3156839794688739
4,10,300,557,27,0.36133924902381237,0.40148805447090263
4,10,300,558,27,0.461486806438196,0.5127631182646623
4,10,300,559,27,0.38093368319318527,0.4232596479924281
4,10,300,560,27,0.350398444130055,0.38933160458895
4,10,300,561,27,0.33692757293693126,0.3743639699299236
4,10,300,562,27,0.3253375186297631,0.36148613181084793
4,10,300,563,27,0.3493431504606075,0.3881590560673417
4,10,300,564,27,0.2860608308744904,0.31784536763832266
4,10,300,565,27,0.22721561866561896,0.2524617985173544
4,10,300,566,27,0.24837322121253497,0.27597024579170554
4,10,300,567,27,0.4026252596805808,0.4473613996450898
4,10,300,568,27,0.3519776538740158,0.3910862820822398
4,10,300,569,27,0.47331812074120105,0.525909023045779
4,10,300,570,27,0.3480966320003749,0.38677403555597206
4,10,300,571,27,0.642453495726339,0.71383721747371
4,10,300,572,27,0.36524627710005064,0.405829196777834
4,10,300,573,27,0.31799416595564056,0.3533268510618228
4,10,300,574,27,0.42855851517292776,0.4761761279699197
4,10,300,575,27,0.44657824058545365,0.49619804509494847
4,10,300,576,27,0.4951203546487111,0.5501337273874568
4,10,300,577,27,0.38823906438381117,0.4313767382042346
4,10,300,578,27,0.3648344853159344,0.4053716503510382
4,10,300,579,27,0.3299357322385107,0.36659525804278964
4,10,300,580,27,0.33023014069494727,0.3669223785499414
4,10,300,581,27,0.318549417670139,0.3539437974112655
4,10,300,582,27,0.4055013400518681,0.4505570445020757
4,10,300,583,27,0.4438189978405162,0.49313221982279576
4,10,300,584,27,0.31484631180394046,0.34982923533771165
4,10,300,585,27,0.3016575486238594,0.33517505402651043
4,10,300,586,27,0.36758311073583166,0.40842567859536855
4,10,300,587,27,0.3506996489729842,0.38966627663664916
4,10,300,588,27,0.2903185020210602,0.32257611335673353
4,10,300,589,27,0.3770202537697375,0.4189113930774861
4,10,300,590,27,0.4154912391765109,0.46165693241834543
4,10,300,591,27,0.4134406281879738,0.4593784757644153
4,10,300,592,27,0.37052028796278913,0.4116892088475435
4,10,300,593,27,0.3993950433270008,0.4437722703633342
4,10,300,594,27,0.2762531278792734,0.30694791986585934
4,10,300,595,27,0.2688268600892348,0.2986965112102609
4,10,300,596,27,0.33132648341204857,0.3681405371244984
4,10,300,597,27,0.24890652265997437,0.27656280295552704
4,10,300,598,27,0.2924954849797605,0.32499498331084503
4,10,300,599,27,0.47971091808053323,0.5330121312005924
4,10,300,600,27,0.3304680202338381,0.367186689148709
4,10,300,601,27,0.5201609679900245,0.5779566311000273
4,10,300,602,27,0.31970471657369925,0.35522746285966583
4,10,300,603,27,0.5348183517992107,0.5942426131102341
4,10,300,604,27,0.330837205690061,0.3675968952111789
4,10,300,605,27,0.29777870947329377,0.3308652327481042
4,10,300,606,27,0.30465821095296186,0.33850912328106875
4,10,300,607,27,0.4742750915196219,0.5269723239106909
4,10,300,608,27,0.3668608076855813,0.4076231196506459
4,10,300,609,27,0.4288237619663451,0.47647084662927236
4,10,300,610,27,0.6331309321821212,0.7034788135356903
4,10,300,611,27,0.2888250589349839,0.3209167321499821
4,10,300,612,27,0.32888221388433364,0.36542468209370405
4,10,300,613,27,0.31036257633008874,0.3448473070334319
4,10,300,614,27,0.34794807104277825,0.3866089678253092
4,10,300,615,27,0.3628190710655774,0.4031323011839749
4,10,300,616,27,0.36366651419234997,0.4040739046581666
4,10,300,617,27,0.454610046835327,0.5051222742614744
4,10,300,618,27,0.29016583334991125,0.32240648149990137
4,10,300,619,27,0.41144190361192334,0.4571576706799148
4,10,300,620,27,0.37900074493800806,0.42111193882000897
4,10,300,621,27,0.31854703168546455,0.3539411463171828
4,10,300,622,27,0.22724572821824024,0.25249525357582253
4,10,300,623,27,0.41291578024593045,0.4587953113843672
4,10,300,624,27,0.3721632609806599,0.4135147344229554
4,10,300,625,27,0.40001147088406086,0.4444571898711787
4,10,300,626,27,0.4851890403773292,0.539098933752588
4,10,300,627,27,0.33570380836712266,0.3730042315190252
4,10,300,628,27,0.3703508690487294,0.4115009656096993
4,10,300,629,27,0.3059721406209307,0.33996904513436743
4,10,300,630,27,0.4150079562809977,0.46111995142333073
4,10,300,631,27,0.27990819779692355,0.3110091086632484
4,10,300,632,27,0.33570072918461097,0.3730008102051233
4,10,300,633,27,0.4205293973104708,0.4672548859005231
4,10,300,634,27,0.4652589511639069,0.5169543901821188
4,10,300,635,27,0.4867164664253195,0.5407960738059105
4,10,300,636,27,0.3066095876423826,0.3406773196026473
4,10,300,637,27,0.39814708071646077,0.44238564524051194
4,10,300,638,27,0.31490699882439055,0.34989666536043396
4,10,300,639,27,0.4947707056266991,0.5497452284741101
4,10,300,640,27,0.4183484485840291,0.4648316095378101
4,10,300,641,27,0.395198043745563,0.43910893749507
4,10,300,642,27,0.28940981019810214,0.32156645577566906
4,10,300,643,27,0.3200561832737524,0.35561798141528045
4,10,300,644,27,0.41177475473320657,0.4575275052591184
4,10,300,645,27,0.3001041593566599,0.3334490659518443
4,10,300,646,27,0.3405626866795691,0.37840298519952126
4,10,300,647,27,0.3346628118576083,0.37184756873067587
4,10,300,648,27,0.3030437889184791,0.3367153210205323
4,10,300,649,27,0.35390779679815876,0.39323088533128747
4,10,300,650,27,0.6993397568937444,0.7770441743263826
4,10,300,651,27,0.2852738194433642,0.3169709104926269
4,10,300,652,27,0.3631583966673775,0.4035093296304194
4,10,300,653,27,0.36205731478276737,0.40228590531418595
4,10,300,654,27,0.2928957306412655,0.32543970071251727
4,10,300,655,27,0.3190693244029186,0.35452147155879843
4,10,300,656,27,0.3477205558690867,0.3863561731878741
4,10,300,657,27,0.46085308528194335,0.5120589836466037
4,10,300,658,27,0.2749686920972795,0.30552076899697717
4,10,300,659,27,0.3612200376572203,0.40135559739691146
4,10,300,660,27,0.4017426556242971,0.4463807284714412
4,10,300,661,27,0.3381103238178784,0.3756781375754205
4,10,300,662,27,0.3924099051378561,0.436011005708729
4,10,300,663,27,0.3505162137750065,0.38946245975000726
4,10,300,664,27,0.408996881121457,0.4544409790238411
4,10,300,665,27,0.3622656195029699,0.40251735500329994
4,10,300,666,27,0.3404175293221129,0.37824169924679213
4,10,300,667,27,0.2680008963165055,0.29777877368500605
4,10,300,668,27,0.40646528274978,0.4516280919442
4,10,300,669,27,0.47234964115635153,0.5248329346181684
4,10,300,670,27,0.25828041620496656,0.2869782402277406
4,10,300,671,27,0.29725481555133293,0.33028312839036994
4,10,300,672,27,0.4020611525899535,0.44673461398883724
4,10,300,673,27,0.3398723300780016,0.3776359223088907
4,10,300,674,27,0.41393556343168736,0.45992840381298594
4,10,300,675,27,0.37352679065375693,0.41502976739306324
4,10,300,676,27,0.32793335195002715,0.3643703910555857
4,10,300,677,27,0.42037737785147955,0.4670859753905328
4,10,300,678,27,0.4269207228703388,0.4743563587448209
4,10,300,679,27,0.4354040450334613,0.48378227225940146
4,10,300,680,27,0.30542532640434156,0.33936147378260173
4,10,300,681,27,0.3544465694391394,0.3938295215990437
4,10,300,682,27,0.3710368742182618,0.41226319357584645
4,10,300,683,27,0.3578628703745383,0.39762541152726477
4,10,300,684,27,0.34949767086975886,0.38833074541084317
4,10,300,685,27,0.49233452736337513,0.5470383637370835
4,10,300,686,27,0.37243984011690423,0.4138220445743381
4,10,300,687,27,0.32981091957531317,0.3664565773059035
4,10,300,688,27,0.3470073233754042,0.385563692639338
4,10,300,689,27,0.3405231602297679,0.37835906692196436
4,10,300,690,27,0.3481332358516477,0.38681470650183075
4,10,300,691,27,0.37887549602624176,0.42097277336249084
4,10,300,692,27,0.39086027657745465,0.4342891961971718
4,10,300,693,27,0.3478560832932374,0.38650675921470823
4,10,300,694,27,0.49394516898650587,0.5488279655405621
4,10,300,695,27,0.5151590656893279,0.572398961877031
4,10,300,696,27,0.3924861823000305,0.43609575811114504
4,10,300,697,27,0.3542120530692948,0.393568947854772
4,10,300,698,27,0.23092782858122354,0.2565864762013595
4,10,300,699,27,0.3650968901021979,0.40566321122466437
4,10,300,700,27,0.46593568590469503,0.5177063176718834
4,10,300,701,27,0.4082512023791013,0.4536124470878903
4,10,300,702,27,0.2758616989538517,0.30651299883761296
4,10,300,703,27,0.32268075870116314,0.3585341763346257
4,10,300,704,27,0.626274738848642,0.6958608209429356
4,10,300,705,27,0.3957325678258615,0.43970285313984614
4,10,300,706,27,0.31429860476812915,0.34922067196458795
4,10,300,707,27,0.4868855305294538,0.5409839228105042
4,10,300,708,27,0.400909243720297,0.4454547152447744
4,10,300,709,27,0.2605175412313193,0.2894639347014659
4,10,300,710,27,0.3051424573886133,0.339047174876237
4,10,300,711,27,0.3071138922127147,0.3412376580141274
4,10,300,712,27,0.4137404818644809,0.4597116465160899
4,10,300,713,27,0.35794386488086993,0.39771540542318884
4,10,300,714,27,0.5652276910768582,0.6280307678631758
4,10,300,715,27,0.3577328441488919,0.3974809379432132
4,10,300,716,27,0.37144509705453876,0.41271677450504307
4,10,300,717,27,0.3248483619346793,0.3609426243718659
4,10,300,718,27,0.4348621155474852,0.48318012838609464
4,10,300,719,27,0.2745955988216614,0.30510622091295714
4,10,300,720,27,0.49713873554283555,0.5523763728253729
4,10,300,721,27,0.3622379200142164,0.4024865777935738
4,10,300,722,27,0.384583549863136,0.4273150554034844
4,10,300,723,27,0.3219664960521803,0.35774055116908926
4,10,300,724,27,0.33547830310000115,0.3727536701111124
4,10,300,725,27,0.2842709786556916,0.3158566429507685
4,10,300,726,27,0.391700406529818,0.43522267392202
4,10,300,727,27,0.26222201724415234,0.29135779693794706
4,10,300,728,27,0.2810862733967221,0.31231808155191343
4,10,300,729,27,0.2852590879745511,0.31695454219394564
4,10,300,730,27,0.4104173719642497,0.4560193021824997
4,10,300,731,27,0.46119099369530886,0.5124344374392321
4,10,300,732,27,0.3545261858519465,0.39391798427994057
4,10,300,733,27,0.3126724466852088,0.34741382965023204
4,10,300,734,27,0.41103444328602556,0.45670493698447284
4,10,300,735,27,0.4534589488286989,0.5038432764763322
4,10,300,736,27,0.3481762611952066,0.38686251243911846
4,10,300,737,27,0.3094789238862621,0.3438654709847357
4,10,300,738,27,0.27582924498186884,0.30647693886874317
4,10,300,739,27,0.3099174730139239,0.3443527477932488
4,10,300,740,27,0.32565408399198625,0.36183787110220694
4,10,300,741,27,0.3677518085934696,0.4086131206594107
4,10,300,742,27,0.35004860275271965,0.3889428919474663
4,10,300,743,27,0.38873063825005105,0.4319229313889456
4,10,300,744,27,0.31517757308229366,0.35019730342477073
4,10,300,745,27,0.520505174144407,0.5783390823826744
4,10,300,746,27,0.5669594690940145,0.6299549656600162
4,10,300,747,27,0.401499033606014,0.4461100373400156
4,10,300,748,27,0.258680317369713,0.28742257485523665
4,10,300,749,27,0.2905936226843409,0.322881802982601
4,10,300,750,27,0.4323429301933273,0.48038103354814143
4,10,300,751,27,0.3642972940914226,0.4047747712126918
4,10,300,752,27,0.40764299674303484,0.4529366630478165
4,10,300,753,27,0.26322044444966364,0.2924671604996263
4,10,300,754,27,0.34503823573730164,0.3833758174858907
4,10,300,755,27,0.2810137670274888,0.312237518919432
4,10,300,756,27,0.3208360669653407,0.3564845188503786
4,10,300,757,27,0.26120596161751874,0.29022884624168754
4,10,300,758,27,0.4023174325447934,0.4470193694942149
4,10,300,759,27,0.3181288318721188,0.3534764798579098
4,10,300,760,27,0.3475098614014499,0.3861220682238332
4,10,300,761,27,0.5279262977945534,0.5865847753272815
4,10,300,762,27,0.28641243797094595,0.31823604218993995
4,10,300,763,27,0.32397668486560555,0.35997409429511723
4,10,300,764,27,0.4656107854887935,0.5173453172097706
4,10,300,765,27,0.48925988629807227,0.543622095886747
4,10,300,766,27,0.43470067590317285,0.4830007510035254
4,10,300,767,27,0.3474015934387173,0.38600177048746365
4,10,300,768,27,0.32340555681731387,0.3593395075747932
4,10,300,769,27,0.3566414401291411,0.3962682668101568
4,10,300,770,27,0.3506720942232882,0.389635660248098
4,10,300,771,27,0.4505920743989546,0.5006578604432829
4,10,300,772,27,0.32059934760976105,0.35622149734417896
4,10,300,773,27,0.42511672449066656,0.4723519161007406
4,10,300,774,27,0.23193605154639185,0.2577067239404354
4,10,300,775,27,0.30331062494854905,0.33701180549838783
4,10,300,776,27,0.38356120048241327,0.42617911164712585
4,10,300,777,27,0.4097277629864825,0.45525306998498055
4,10,300,778,27,0.3054577580425295,0.3393975089361439
4,10,300,779,27,0.36121664899418626,0.40135183221576254
4,10,300,780,27,0.4256349599259017,0.4729277332510019
4,10,300,781,27,0.37759249676885825,0.41954721863206473
4,10,300,782,27,0.5127657320467823,0.5697397022742026
4,10,300,783,27,0.40909567962482507,0.45455075513869453
4,10,300,784,27,0.363683364041605,0.4040926267128945
4,10,300,785,27,0.38029174346662287,0.42254638162958097
4,10,300,786,27,0.34512246047541906,0.3834694005282434
4,10,300,787,27,0.3522316090952663,0.3913684545502959
4,10,300,788,27,0.3077936997059932,0.34199299967332575
4,10,300,789,27,0.38436350982881734,0.4270705664764637
4,10,300,790,27,0.3283786019228324,0.3648651132475916
4,10,300,791,27,0.41622582357952137,0.46247313731057926
4,10,300,792,27,0.31165308450653906,0.3462812050072656
4,10,300,793,27,0.3030093547866256,0.3366770608740285
4,10,300,794,27,0.4104703335047184,0.456078148338576
4,10,300,795,27,0.2791921397527934,0.3102134886142149
4,10,300,796,27,0.32826346293294295,0.36473718103660324
4,10,300,797,27,0.32456823731686346,0.36063137479651497
4,10,300,798,27,0.3209915198696485,0.35665724429960943
4,10,300,799,27,0.2583638217970916,0.2870709131078796
4,10,300,800,27,0.3924337788477956,0.43603753205310625
4,10,300,801,27,0.265587448957743,0.2950971655086033
4,10,300,802,27,0.32347468931335116,0.35941632145927904
4,10,300,803,27,0.4057991165073037,0.45088790723033745
4,10,300,804,27,0.32757776111472797,0.36397529012747554
4,10,300,805,27,0.3527311343689601,0.39192348263217786
4,10,300,806,27,0.3834985846135601,0.4261095384595112
4,10,300,807,27,0.3230386558307625,0.3589318398119583
4,10,300,808,27,0.371159225280022,0.4123991392000244
4,10,300,809,27,0.438620910080437,0.48735656675604117
4,10,300,810,27,0.28429496997325554,0.3158832999702839
4,10,300,811,27,0.35419627273712784,0.3935514141523642
4,10,300,812,27,0.3788594892270255,0.42095498803002834
4,10,300,813,27,0.2750966716669757,0.30566296851886193
4,10,300,814,27,0.4780332767878612,0.5311480853198458
4,10,300,815,27,0.24547410642010856,0.27274900713345396
4,10,300,816,27,0.45496689947979096,0.5055187771997677
4,10,300,817,27,0.2993568620885916,0.33261873565399064
4,10,300,818,27,0.46200937594429053,0.5133437510492117
4,10,300,819,27,0.3280164025469502,0.3644626694966113
4,10,300,820,27,0.4108016784399521,0.4564463093777245
4,10,300,821,27,0.31750385075099863,0.35278205638999843
4,10,300,822,27,0.4797834607019691,0.533092734113299
4,10,300,823,27,0.37605157772323833,0.4178350863591537
4,10,300,824,27,0.33870448167704537,0.3763383129744949
4,10,300,825,27,0.39607352314336985,0.44008169238152206
4,10,300,826,27,0.4761603507798436,0.5290670564220484
4,10,300,827,27,0.3171645894233838,0.35240509935931535
4,10,300,828,27,0.3378132181367951,0.3753480201519946
4,10,300,829,27,0.31382368672156974,0.34869298524618864
4,10,300,830,27,0.4495010892395163,0.49944565471057367
4,10,300,831,27,0.4002250864655776,0.44469454051730845
4,10,300,832,27,0.3330387679901414,0.3700430755446016
4,10,300,833,27,0.23180718869588834,0.2575635429954315
4,10,300,834,27,0.3234567663775292,0.3593964070861435
4,10,300,835,27,0.4733154112632876,0.525906012514764
4,10,300,836,27,0.38919407804539247,0.43243786449488053
4,10,300,837,27,0.3619747161705674,0.4021941290784083
4,10,300,838,27,0.31520168990777425,0.35022409989752695
4,10,300,839,27,0.32061272823636067,0.3562363647070674
4,10,300,840,27,0.42045218219059116,0.4671690913228791
4,10,300,841,27,0.3685364294043548,0.40948492156039423
4,10,300,842,27,0.32724631566709655,0.3636070174078851
4,10,300,843,27,0.34988279080162243,0.38875865644624713
4,10,300,844,27,0.3923203856525751,0.43591153961397233
4,10,300,845,27,0.3653739658374553,0.40597107315272807
4,10,300,846,27,0.31254453826423256,0.3472717091824806
4,10,300,847,27,0.3885410761788607,0.43171230686540074
4,10,300,848,27,0.31979272173451967,0.3553252463716885
4,10,300,849,27,0.3472937966185131,0.38588199624279235
4,10,300,850,27,0.2785813263347663,0.30953480703862923
4,10,300,851,27,0.306328208296426,0.34036467588491776
4,10,300,852,27,0.2671397111423898,0.296821901269322
4,10,300,853,27,0.28913130692746464,0.3212570076971829
4,10,300,854,27,0.5644115779455042,0.6271239754950048
4,10,300,855,27,0.32174606232491537,0.35749562480546154
4,10,300,856,27,0.4861818205679096,0.5402020228532329
4,10,300,857,27,0.4152854080651514,0.4614282311835015
4,10,300,858,27,0.356002390941326,0.3955582121570289
4,10,300,859,27,0.42834899775295543,0.47594333083661716
4,10,300,860,27,0.2980688949076795,0.3311876610085328
4,10,300,861,27,0.3763949044019037,0.4182165604465597
4,10,300,862,27,0.3741276054632873,0.41569733940365255
4,10,300,863,27,0.40838318095132264,0.4537590899459141
4,10,300,864,27,0.23547619371115397,0.2616402152346155
4,10,300,865,27,0.3459364660531769,0.38437385117019657
4,10,300,866,27,0.4410031123704025,0.49000345818933616
4,10,300,867,27,0.4129357539553691,0.4588175043948546
4,10,300,868,27,0.3248967696849979,0.36099641076110883
4,10,300,869,27,0.2660485438689066,0.295609493187674
4,10,300,870,27,0.3033144033359608,0.33701600370662316
4,10,300,871,27,0.2784866233327139,0.30942958148079325
4,10,300,872,27,0.46988641382666574,0.5220960153629619
4,10,300,873,27,0.22699559800219837,0.2522173311135537
4,10,300,874,27,0.35196749008800354,0.3910749889866706
4,10,300,875,27,0.37979124547005627,0.42199027274450696
4,10,300,876,27,0.45653945786351213,0.5072660642927913
4,10,300,877,27,0.3210669255683714,0.35674102840930155
4,10,300,878,27,0.27750215830740177,0.3083357314526687
4,10,300,879,27,0.5532579658536654,0.6147310731707394
4,10,300,880,27,0.3609721120449073,0.4010801244943415
4,10,300,881,27,0.4500093721113355,0.5000104134570394
4,10,300,882,27,0.45888379993503015,0.5098708888167002
4,10,300,883,27,0.46858882354429465,0.5206542483825496
4,10,300,884,27,0.2519881852308069,0.2799868724786743
4,10,300,885,27,0.3188156818398462,0.35423964648871803
4,10,300,886,27,0.2968170831104586,0.3297967590116207
4,10,300,887,27,0.49784318668923755,0.553159096321375
4,10,300,888,27,0.3091124414673241,0.3434582682970268
4,10,300,889,27,0.40870230708539945,0.4541136745393327
4,10,300,890,27,0.22051846826810723,0.24502052029789692
4,10,300,891,27,0.5051725644331293,0.5613028493701436
4,10,300,892,27,0.24172187331547534,0.268579859239417
4,10,300,893,27,0.32606205412111744,0.36229117124568605
4,10,300,894,27,0.27256212949030467,0.30284681054478296
4,10,300,895,27,0.265199284104978,0.29466587122775334
4,10,300,896,27,0.23936945622660077,0.26596606247400084
4,10,300,897,27,0.49294180870899484,0.547713120787772
4,10,300,898,27,0.4082525880299046,0.453613986699894
4,10,300,899,27,0.2939912649923958,0.326656961102662
4,10,300,900,27,0.2747393413881152,0.30526593487568354
4,10,300,901,27,0.5315233517930767,0.5905815019923075
4,10,300,902,27,0.4119047491064022,0.457671943451558
4,10,300,903,27,0.3218997252478806,0.35766636138653396
4,10,300,904,27,0.29332616730570515,0.32591796367300574
4,10,300,905,27,0.33679430239716995,0.3742158915524111
4,10,300,906,27,0.3986145912549256,0.4429051013943618
4,10,300,907,27,0.4623744660134959,0.5137494066816621
4,10,300,908,27,0.3968682265584015,0.44096469617600165
4,10,300,909,27,0.3320736088113678,0.3689706764570754
4,10,300,910,27,0.33570202043039593,0.3730022449226621
4,10,300,911,27,0.34795595897941406,0.386617732199349
4,10,300,912,27,0.27135680594995587,0.3015075621666176
4,10,300,913,27,0.2987322334827025,0.33192470386966944
4,10,300,914,27,0.3646980932216145,0.4052201035795717
4,10,300,915,27,0.34518917701252516,0.38354353001391683
4,10,300,916,27,0.3101709792283873,0.3446344213648748
4,10,300,917,27,0.4719503224249763,0.5243892471388626
4,10,300,918,27,0.3224664870009866,0.3582960966677629
4,10,300,919,27,0.36582968236527025,0.40647742485030025
4,10,300,920,27,0.3076964270893562,0.3418849189881736
4,10,300,921,27,0.26362303643164803,0.29291448492405336
4,10,300,922,27,0.3650721162027678,0.40563568466974204
4,10,300,923,27,0.2848792120151621,0.3165324577946246
4,10,300,924,27,0.4122420436030122,0.458046715114458
4,10,300,925,27,0.3408465564227379,0.37871839602526436
4,10,300,926,27,0.31380366358907574,0.3486707373211953
4,10,300,927,27,0.41549748435086226,0.46166387150095806
4,10,300,928,27,0.3173671391605608,0.35263015462284536
4,10,300,929,27,0.3172269221812289,0.35247435797914317
4,10,300,930,27,0.39591242444359354,0.43990269382621505
4,10,300,931,27,0.3942325855248584,0.43803620613873157
4,10,300,932,27,0.4275223527853357,0.4750248364281508
4,10,300,933,27,0.3129725411317096,0.34774726792412175
4,10,300,934,27,0.39395380957615955,0.4377264550846217
4,10,300,935,27,0.379153101762408,0.4212812241804534
4,10,300,936,27,0.4734893448363392,0.5260992720403769
4,10,300,937,27,0.3992216834130886,0.4435796482367651
4,10,300,938,27,0.25999019670425516,0.28887799633806127
4,10,300,939,27,0.29286825373563946,0.3254091708173772
4,10,300,940,27,0.28207791039454666,0.3134199004383852
4,10,300,941,27,0.4031482100569468,0.4479424556188297
4,10,300,942,27,0.33486984762322924,0.37207760847025473
4,10,300,943,27,0.5481150838520334,0.6090167598355927
4,10,300,944,27,0.5338725751549598,0.5931917501721775
4,10,300,945,27,0.3401001903140205,0.3778891003489117
4,10,300,946,27,0.48770886587544815,0.5418987398616091
4,10,300,947,27,0.32825986241625654,0.36473318046250724
4,10,300,948,27,0.33117235130457523,0.3679692792273058
4,10,300,949,27,0.5670449249241531,0.6300499165823924
4,10,300,950,27,0.3747857870006681,0.41642865222296455
4,10,300,951,27,0.4133646807102497,0.4592940896780552
4,10,300,952,27,0.2959131626998182,0.328792402999798
4,10,300,953,27,0.31339393662924886,0.34821548514360984
4,10,300,954,27,0.25280539971119814,0.28089488856799794
4,10,300,955,27,0.36322044341030746,0.40357827045589717
4,10,300,956,27,0.3407708938485476,0.3786343264983862
4,10,300,957,27,0.3644414433131483,0.40493493701460925
4,10,300,958,27,0.32090027510855945,0.3565558612317327
4,10,300,959,27,0.31745286735138256,0.35272540816820286
4,10,300,960,27,0.2871727991118444,0.3190808879020493
4,10,300,961,27,0.3738314877248987,0.4153683196943319
4,10,300,962,27,0.4869347168163803,0.5410385742404225
4,10,300,963,27,0.3484324877138891,0.38714720857098794
4,10,300,964,27,0.409715381416899,0.4552393126854433
4,10,300,965,27,0.2790288387056059,0.3100320430062288
4,10,300,966,27,0.38467446723159515,0.4274160747017724
4,10,300,967,27,0.4105494657993978,0.45616607311044194
4,10,300,968,27,0.35393876049440753,0.3932652894382306
4,10,300,969,27,0.310649581138444,0.34516620126493774
4,10,300,970,27,0.5883751486570947,0.6537501651745498
4,10,300,971,27,0.49156941545373034,0.5461882393930336
4,10,300,972,27,0.34762267064832153,0.3862474118314684
4,10,300,973,27,0.5762337600783561,0.6402597334203958
4,10,300,974,27,0.39263898857943536,0.4362655428660393
4,10,300,975,27,0.4689420109627799,0.5210466788475332
4,10,300,976,27,0.31820223880519405,0.3535580431168823
4,10,300,977,27,0.4217307060638655,0.468589673404295
4,10,300,978,27,0.35786073583926614,0.3976230398214068
4,10,300,979,27,0.3454194407839979,0.3837993786488865
4,10,300,980,27,0.4645002064542407,0.516111340504712
4,10,300,981,27,0.2892565831209618,0.32139620346773534
4,10,300,982,27,0.32770244785109626,0.3641138309456625
4,10,300,983,27,0.388463969603763,0.43162663289307
4,10,300,984,27,0.31316425679239196,0.34796028532488
4,10,300,985,27,0.43282476804170444,0.48091640893522714
4,10,300,986,27,0.3787578068824504,0.42084200764716717
4,10,300,987,27,0.30097744211490973,0.33441938012767747
4,10,300,988,27,0.5855320631320895,0.6505911812578772
4,10,300,989,27,0.4781599371510443,0.5312888190567159
4,10,300,990,27,0.32766338863370464,0.36407043181522736
4,10,300,991,27,0.3595785120548918,0.3995316800609909
4,10,300,992,27,0.3258128193055901,0.3620142436728779
4,10,300,993,27,0.2409171598795699,0.26768573319952216
4,10,300,994,27,0.5246123682040673,0.5829026313378526
4,10,300,995,27,0.3583524116815945,0.39816934631288275
4,10,300,996,27,0.38001334171358747,0.42223704634843057
4,10,300,997,27,0.3093298968785949,0.343699885420661
4,10,300,998,27,0.3696107425385464,0.41067860282060714
4,10,300,999,27,0.4528983087285158,0.5032203430316843
4,10,300,1000,27,0.4019718907993397,0.4466354342214886
4,10,300,1001,27,0.5326424464411355,0.5918249404901506
4,10,300,1002,27,0.5136129508909517,0.5706810565455019
4,10,300,1003,27,0.4449493085607169,0.49438812062301885
4,10,300,1004,27,0.3269358174238223,0.3632620193598025
4,10,300,1005,27,0.3729723619649129,0.41441373551656985
4,10,300,1006,27,0.2482745236558404,0.2758605818398227
4,10,300,1007,27,0.5074540518079087,0.5638378353421207
4,10,300,1008,27,0.3297923533282135,0.36643594814245944
4,10,300,1009,27,0.28348437851130437,0.31498264279033816
4,10,300,1010,27,0.39280575511872295,0.4364508390208033
4,10,300,1011,27,0.4374147866145537,0.4860164295717263
4,10,300,1012,27,0.3527513177800857,0.3919459086445397
4,10,300,1013,27,0.393016607178098,0.43668511908677554
4,10,300,1014,27,0.3457416626743092,0.3841574029714547
4,10,300,1015,27,0.32599677793881054,0.36221864215423394
4,10,300,1016,27,0.27698994029280427,0.3077666003253381
4,10,300,1017,27,0.2595241254387983,0.28836013937644256
4,10,300,1018,27,0.30823353643614504,0.3424817071512723
4,10,300,1019,27,0.26665672945108876,0.29628525494565416
4,10,300,1020,27,0.32426597283220016,0.36029552536911125
4,10,300,1021,27,0.3637597191901261,0.4041774657668068
4,10,300,1022,27,0.37636375558106205,0.4181819506456245
4,10,300,1023,27,0.3211593949256156,0.3568437721395729
4,10,300,1024,27,0.6911928444548615,0.7679920493942906
4,10,300,1025,27,0.3435827174179101,0.381758574908789
4,10,300,1026,27,0.3743308642175036,0.41592318246389287
4,10,300,1027,27,0.36010984780305855,0.4001220531145095
4,10,300,1028,27,0.45210564089688354,0.5023396009965373
4,10,300,1029,27,0.3339806033159438,0.3710895592399375
4,10,300,1030,27,0.37992997596371114,0.42214441773745687
4,10,300,1031,27,0.370927554879636,0.41214172764404
4,10,300,1032,27,0.38745223673884166,0.4305024852653796
4,10,300,1033,27,0.40028271446844654,0.44475857163160726
4,10,300,1034,27,0.36586849277212846,0.40652054752458716
4,10,300,1035,27,0.3012192300597203,0.33468803339968917
4,10,300,1036,27,0.4729265627004678,0.5254739585560754
4,10,300,1037,27,0.510415424589129,0.5671282495434767
4,10,300,1038,27,0.2819772771940186,0.3133080857711318
4,10,300,1039,27,0.43020873311616536,0.47800970346240595
4,10,300,1040,27,0.3521294034208923,0.3912548926898803
4,10,300,1041,27,0.3645011976018637,0.4050013306687375
4,10,300,1042,27,0.37194124610567336,0.413268051228526
4,10,300,1043,27,0.2978573225600423,0.33095258062226923
4,10,300,1044,27,0.35652135238341914,0.3961348359815768
4,10,300,1045,27,0.4301099853667736,0.47789998374085957
4,10,300,1046,27,0.34517955201112516,0.38353283556791684
4,10,300,1047,27,0.28880509980170643,0.32089455533522937
4,10,300,1048,27,0.35565145579880353,0.3951682842208928
4,10,300,1049,27,0.3027254726298425,0.33636163625538057
4,10,300,1050,27,0.4784365036660307,0.5315961151844786
4,10,300,1051,27,0.414498607171199,0.46055400796799895
4,10,300,1052,27,0.36549666630400013,0.4061074070044446
4,10,300,1053,27,0.408131887586994,0.45347987509666
4,10,300,1054,27,0.44622259354644633,0.49580288171827375
4,10,300,1055,27,0.48444626982142486,0.5382736331349165
4,10,300,1056,27,0.29613618751100323,0.32904020834555914
4,10,300,1057,27,0.3405935643484047,0.3784372937204497
4,10,300,1058,27,0.4138313233922614,0.45981258154695714
4,10,300,1059,27,0.41492456275123146,0.4610272919458127
4,10,300,1060,27,0.4641927219243555,0.5157696910270616
4,10,300,1061,27,0.3067812814940222,0.34086809054891354
4,10,300,1062,27,0.36341295149085767,0.40379216832317516
4,10,300,1063,27,0.40292854754954144,0.44769838616615715
4,10,300,1064,27,0.45707069108608017,0.507856323428978
4,10,300,1065,27,0.30816458828058046,0.34240509808953384
4,10,300,1066,27,0.35444852610419053,0.3938316956713228
4,10,300,1067,27,0.2952761322062245,0.3280845913402495
4,10,300,1068,27,0.3718374417950001,0.4131527131055557
4,10,300,1069,27,0.32037382905203315,0.35597092116892576
4,10,300,1070,27,0.5558648572683897,0.6176276191870997
4,10,300,1071,27,0.30332280198418765,0.3370253355379863
4,10,300,1072,27,0.4260443611687592,0.4733826235208436
4,10,300,1073,27,0.4068806681247273,0.452089631249697
4,10,300,1074,27,0.2802322290996348,0.31136914344403865
4,10,300,1075,27,0.43868203408409867,0.4874244823156652
4,10,300,1076,27,0.4350987016983988,0.4834430018871098
4,10,300,1077,27,0.31094174025182464,0.3454908225020274
4,10,300,1078,27,0.34014089509501744,0.37793432788335274
4,10,300,1079,27,0.37838829047307465,0.42043143385897186
4,10,300,1080,27,0.3350987455105859,0.3723319394562065
4,10,300,1081,27,0.36594623987075386,0.4066069331897265
4,10,300,1082,27,0.3018560722710902,0.33539563585676685
4,10,300,1083,27,0.3148979972922709,0.3498866636580788
4,10,300,1084,27,0.365372115990197,0.40596901776688554
4,10,300,1085,27,0.3026137213286493,0.33623746814294364
4,10,300,1086,27,0.28532299370919567,0.317025548565773
4,10,300,1087,27,0.3466901276477805,0.38521125294197833
4,10,300,1088,27,0.40705025597814715,0.45227806219794126
4,10,300,1089,27,0.36877109790270024,0.40974566433633364
4,10,300,1090,27,0.34136590720224536,0.3792954524469393
4,10,300,1091,27,0.38111755065936875,0.4234639451770764
4,10,300,1092,27,0.3721968416280105,0.413552046253345
4,10,300,1093,27,0.3363483015481865,0.3737203350535406
4,10,300,1094,27,0.4346630676403713,0.48295896404485705
4,10,300,1095,27,0.3464497776493858,0.38494419738820645
4,10,300,1096,27,0.38138239093816906,0.42375821215352116
4,10,300,1097,27,0.37030369820067355,0.41144855355630394
4,10,300,1098,27,0.48920818491313045,0.5435646499034783
4,10,300,1099,27,0.3975155667219336,0.4416839630243707
4,10,300,1100,27,0.4418919982083712,0.4909911091204125
4,10,300,1101,27,0.39117430883941984,0.4346381209326887
4,10,300,1102,27,0.3667891110603386,0.40754345673370956
4,10,300,1103,27,0.3229397270414129,0.3588219189349032
4,10,300,1104,27,0.3055557841652624,0.3395064268502916
4,10,300,1105,27,0.39774419783091786,0.44193799758990876
4,10,300,1106,27,0.32367871571205487,0.3596430174578388
4,10,300,1107,27,0.4055862544844133,0.4506513938715704
4,10,300,1108,27,0.423708184173146,0.47078687130349556
4,10,300,1109,27,0.32892993847993235,0.365477709422147
4,10,300,1110,27,0.2909560554294953,0.3232845060327726
4,10,300,1111,27,0.3253039967357909,0.3614488852619899
4,10,300,1112,27,0.39302866488112354,0.4366985165345817
4,10,300,1113,27,0.3754213348388554,0.41713481648761713
4,10,300,1114,27,0.2866927431800866,0.3185474924223184
4,10,300,1115,27,0.34411402057085916,0.3823489117453991
4,10,300,1116,27,0.28115943389410786,0.3123993709934532
4,10,300,1117,27,0.30612907232209147,0.34014341369121276
4,10,300,1118,27,0.33050350685002294,0.36722611872224775
4,10,300,1119,27,0.35558407639858763,0.3950934182206529
4,10,300,1120,27,0.27831523644766365,0.3092391516085152
4,10,300,1121,27,0.30555233404259297,0.33950259338065886
4,10,300,1122,27,0.4552629216277239,0.505847690697471
4,10,300,1123,27,0.2777787936114054,0.30864310401267264
4,10,300,1124,27,0.479436292640817,0.5327069918231301
4,10,300,1125,27,0.28866490039684645,0.32073877821871827
4,10,300,1126,27,0.4116826528937795,0.4574251698819772
4,10,300,1127,27,0.5098404238226905,0.5664893598029893
4,10,300,1128,27,0.30040088113021224,0.3337787568113469
4,10,300,1129,27,0.3182400488065822,0.3536000542295358
4,10,300,1130,27,0.35835109718015057,0.3981678857557229
4,10,300,1131,27,0.46216465722900263,0.513516285810003
4,10,300,1132,27,0.3830208821338553,0.4255787579265059
4,10,300,1133,27,0.31877993684317074,0.3541999298257453
4,10,300,1134,27,0.26797862374588843,0.2977540263843205
4,10,300,1135,27,0.34136387720958594,0.37929319689953994
4,10,300,1136,27,0.38587819610464835,0.42875355122738706
4,10,300,1137,27,0.34225761649312053,0.3802862405479117
4,10,300,1138,27,0.3336549427151428,0.3707277141279364
4,10,300,1139,27,0.35086301504039075,0.38984779448932305
4,10,300,1140,27,0.3043042415863101,0.33811582398478895
4,10,300,1141,27,0.3829970638895992,0.4255522932106658
4,10,300,1142,27,0.3692883070048565,0.41032034111650717
4,10,300,1143,27,0.36674644544467505,0.4074960504940834
4,10,300,1144,27,0.31288601728878185,0.34765113032086875
4,10,300,1145,27,0.37502270771763835,0.41669189746404256
4,10,300,1146,27,0.2506693630375359,0.278521514486151
4,10,300,1147,27,0.2700782874007499,0.3000869860008332
4,10,300,1148,27,0.5339295891753937,0.5932550990837707
4,10,300,1149,27,0.5285656482218378,0.5872951646909309
4,10,300,1150,27,0.41828948465078075,0.46476609405642305
4,10,300,1151,27,0.387419124529856,0.4304656939220622
4,10,300,1152,27,0.43853008443090735,0.48725564936767485
4,10,300,1153,27,0.26243552441593115,0.2915950271288124
4,10,300,1154,27,0.42566221588289543,0.4729580176476616
4,10,300,1155,27,0.30013540238891556,0.3334837804321284
4,10,300,1156,27,0.3332545247045843,0.3702828052273159
4,10,300,1157,27,0.32585844359279836,0.3620649373253315
4,10,300,1158,27,0.462864113530086,0.5142934594778733
4,10,300,1159,27,0.4281442753274627,0.4757158614749585
4,10,300,1160,27,0.3205785017384415,0.356198335264935
4,10,300,1161,27,0.32445592301330517,0.3605065811258946
4,10,300,1162,27,0.37616098052600355,0.41795664502889285
4,10,300,1163,27,0.3099598726038463,0.34439985844871807
4,10,300,1164,27,0.3638243135626088,0.4042492372917876
4,10,300,1165,27,0.35987825377154037,0.39986472641282267
4,10,300,1166,27,0.290261178109542,0.32251242012171333
4,10,300,1167,27,0.3871487666817708,0.43016529631307865
4,10,300,1168,27,0.5142741461021049,0.5714157178912277
4,10,300,1169,27,0.38039162587115266,0.4226573620790585
4,10,300,1170,27,0.37759409094035945,0.41954898993373274
4,10,300,1171,27,0.4645893575713164,0.5162103973014628
4,10,300,1172,27,0.3268402282574726,0.3631558091749696
4,10,300,1173,27,0.3693837270843966,0.4104263634271073
4,10,300,1174,27,0.313976087657102,0.3488623196190022
4,10,300,1175,27,0.46617921140534857,0.5179769015614984
4,10,300,1176,27,0.36874977377003226,0.40972197085559137
4,10,300,1177,27,0.47883059231068614,0.5320339914563179
4,10,300,1178,27,0.32623057596655136,0.3624784177406126
4,10,300,1179,27,0.3359752306427962,0.3733058118253291
4,10,300,1180,27,0.3367514904726409,0.37416832274737877
4,10,300,1181,27,0.29278267714518613,0.3253140857168735
4,10,300,1182,27,0.30126722736607287,0.33474136374008095
4,10,300,1183,27,0.39193907837264197,0.43548786485849106
4,10,300,1184,27,0.3961201491866897,0.4401334990963219
4,10,300,1185,27,0.5029532964870352,0.5588369960967058
4,10,300,1186,27,0.23802582315797813,0.2644731368421979
4,10,300,1187,27,0.4637345174694697,0.5152605749660775
4,10,300,1188,27,0.33035339232112026,0.36705932480124476
4,10,300,1189,27,0.3938569189738237,0.4376187988598041
4,10,300,1190,27,0.45867895413997656,0.5096432823777517
4,10,300,1191,27,0.3480307338314164,0.38670081536824047
4,10,300,1192,27,0.37616538575091335,0.4179615397232371
4,10,300,1193,27,0.35572075358189836,0.3952452817576648
4,10,300,1194,27,0.4668169983438486,0.5186855537153873
4,10,300,1195,27,0.2766132802362543,0.30734808915139367
4,10,300,1196,27,0.3069540297088351,0.3410600330098168
4,10,300,1197,27,0.39756722126129507,0.4417413569569945
4,10,300,1198,27,0.4731706148166754,0.5257451275740838
4,10,300,1199,27,0.44905966766980926,0.498955186299788
4,10,300,1200,27,0.24392547313196838,0.27102830347996487
4,10,300,1201,27,0.4714711706262688,0.5238568562514099
4,10,300,1202,27,0.43329352316641456,0.4814372479626828
4,10,300,1203,27,0.3233941636845389,0.35932684853837654
4,10,300,1204,27,0.3012695950256673,0.33474399447296366
4,10,300,1205,27,0.4192428724518418,0.4658254138353798
4,10,300,1206,27,0.34727356210357857,0.3858595134484207
4,10,300,1207,27,0.3960008554463918,0.4400009504959909
4,10,300,1208,27,0.43833937530205946,0.48704375033562164
4,10,300,1209,27,0.2577235630489686,0.286359514498854
4,10,300,1210,27,0.27362964269892814,0.3040329363321424
4,10,300,1211,27,0.3894652571132372,0.43273917457026356
4,10,300,1212,27,0.4158102726142754,0.46201141401586154
4,10,300,1213,27,0.3192389416914942,0.35470993521277133
4,10,300,1214,27,0.3703010575104338,0.4114456194560375
4,10,300,1215,27,0.3384771642889982,0.3760857380988869
4,10,300,1216,27,0.4575522918496681,0.5083914353885202
4,10,300,1217,27,0.2999569799189321,0.3332855332432579
4,10,300,1218,27,0.3095750814542152,0.34397231272690576
4,10,300,1219,27,0.4280211728032585,0.47557908089250944
4,10,300,1220,27,0.37875110187126215,0.4208345576347357
4,10,300,1221,27,0.4084168147955867,0.45379646088398523
4,10,300,1222,27,0.45455472987261947,0.5050608109695772
4,10,300,1223,27,0.31433872062333496,0.3492652451370389
4,10,300,1224,27,0.3662158533870823,0.40690650376342474
4,10,300,1225,27,0.3699544380545663,0.4110604867272959
4,10,300,1226,27,0.2903117001146722,0.3225685556829691
4,10,300,1227,27,0.6084039348123069,0.6760043720136744
4,10,300,1228,27,0.34316996978278297,0.3812999664253144
4,10,300,1229,27,0.32244781211273804,0.3582753467919311
4,10,300,1230,27,0.2939344913134204,0.3265938792371338
4,10,300,1231,27,0.33673068063345496,0.37414520070383883
4,10,300,1232,27,0.3758561281622126,0.4176179201802362
4,10,300,1233,27,0.2758748596607363,0.3065276218452626
4,10,300,1234,27,0.4894954463253337,0.5438838292503708
4,10,300,1235,27,0.552809910720101,0.6142332341334455
4,10,300,1236,27,0.36622989677472334,0.4069221075274704
4,10,300,1237,27,0.33798258479702775,0.37553620533003085
4,10,300,1238,27,0.245086931688624,0.27231881298736
4,10,300,1239,27,0.41401163547508396,0.4600129283056488
4,10,300,1240,27,0.42592020699216326,0.4732446744357369
4,10,300,1241,27,0.27218932587178335,0.3024325843019815
4,10,300,1242,27,0.31308618828995405,0.3478735425443934
4,10,300,1243,27,0.3107390234600553,0.34526558162228366
4,10,300,1244,27,0.4501752579874755,0.5001947310971949
4,10,300,1245,27,0.46437953794295866,0.5159772643810652
4,10,300,1246,27,0.3450383440071566,0.3833759377857296
4,10,300,1247,27,0.24604446770051558,0.27338274188946177
4,10,300,1248,27,0.3334801961016598,0.37053355122406645
4,10,300,1249,27,0.34710416804299105,0.3856712978255456
4,10,300,1250,27,0.5125703867396139,0.5695226519329043
4,10,300,1251,27,0.3614286200959153,0.4015873556621281
4,10,300,1252,27,0.2825941562223968,0.31399350691377426
4,10,300,1253,27,0.3317451151394081,0.3686056834882312
4,10,300,1254,27,0.405955590668071,0.4510617674089678
4,10,300,1255,27,0.3823440934277652,0.42482677047529466
4,10,300,1256,27,0.25208138630302745,0.2800904292255861
4,10,300,1257,27,0.6078256874380443,0.6753618749311604
4,10,300,1258,27,0.66351814661839,0.7372423851315445
4,10,300,1259,27,0.41354743673424954,0.4594971519269439
4,10,300,1260,27,0.330880293370085,0.3676447704112056
4,10,300,1261,27,0.3401249852610241,0.3779166502900268
4,10,300,1262,27,0.4827483017539643,0.5363870019488493
4,10,300,1263,27,0.29857764651052043,0.3317529405672449
4,10,300,1264,27,0.40147658335327674,0.44608509261475193
4,10,300,1265,27,0.2883198345814813,0.32035537175720147
4,10,300,1266,27,0.4171443594827064,0.46349373275856265
4,10,300,1267,27,0.35085979118898497,0.3898442124322055
4,10,300,1268,27,0.3081065990352602,0.3423406655947336
4,10,300,1269,27,0.32113392664153584,0.35681547404615094
4,10,300,1270,27,0.4510662991155783,0.501184776795087
4,10,300,1271,27,0.4614479908203812,0.5127199898004235
4,10,300,1272,27,0.3316990757840198,0.3685545286489109
4,10,300,1273,27,0.3296197808804019,0.3662442009782243
4,10,300,1274,27,0.36901949073641865,0.4100216563737985
4,10,300,1275,27,0.33243157110667854,0.3693684123407539
4,10,300,1276,27,0.43445149475265454,0.48272388305850505
4,10,300,1277,27,0.38303140821581977,0.4255904535731331
4,10,300,1278,27,0.30577446540329734,0.33974940600366366
4,10,300,1279,27,0.41444770428946065,0.46049744921051183
4,10,300,1280,27,0.23823258721508625,0.2647028746834291
4,10,300,1281,27,0.3747291290853537,0.4163656989837264
4,10,300,1282,27,0.47595218102384135,0.5288357566931571
4,10,300,1283,27,0.3555878217246581,0.3950975796940645
4,10,300,1284,27,0.25575254161894634,0.28416949068771813
4,10,300,1285,27,0.3698863478743206,0.4109848309714674
4,10,300,1286,27,0.538202292660844,0.5980025474009377
4,10,300,1287,27,0.3386687696137939,0.37629863290421545
4,10,300,1288,27,0.36583282258953354,0.4064809139883706
4,10,300,1289,27,0.3983212414466387,0.4425791571629319
4,10,300,1290,27,0.4061800397337506,0.45131115525972293
4,10,300,1291,27,0.4029237659113463,0.44769307323482926
4,10,300,1292,27,0.3129629153864608,0.34773657265162317
4,10,300,1293,27,0.369608326682735,0.41067591853637225
4,10,300,1294,27,0.3193455156251956,0.3548283506946618
4,10,300,1295,27,0.3656150346335632,0.4062389273706258
4,10,300,1296,27,0.42655430202033884,0.47394922446704313
4,10,300,1297,27,0.4215510957038563,0.4683901063376181
4,10,300,1298,27,0.3919259946479675,0.4354733273866306
4,10,300,1299,27,0.27962978026831786,0.31069975585368653
4,10,300,1300,27,0.3850785597431082,0.42786506638123134
4,10,300,1301,27,0.32727142914975493,0.36363492127750546
4,10,300,1302,27,0.37094360805735427,0.4121595645081714
4,10,300,1303,27,0.20267130510402986,0.22519033900447763
4,10,300,1304,27,0.39452057389394285,0.438356193215492
4,10,300,1305,27,0.4270188398148918,0.47446537757210205
4,10,300,1306,27,0.40064131279492665,0.44515701421658516
4,10,300,1307,27,0.39053963539975634,0.4339329282219515
4,10,300,1308,27,0.3428510649958351,0.3809456277731501
4,10,300,1309,27,0.48314729037837556,0.5368303226426395
4,10,300,1310,27,0.3112811887930569,0.345867987547841
4,10,300,1311,27,0.2919162463450286,0.32435138482780956
4,10,300,1312,27,0.4488641969515481,0.49873799661283125
4,10,300,1313,27,0.4513228116554354,0.5014697907282616
4,10,300,1314,27,0.5092571728976955,0.5658413032196615
4,10,300,1315,27,0.39218546040631563,0.43576162267368407
4,10,300,1316,27,0.30345695238047193,0.3371743915338577
4,10,300,1317,27,0.38359782559859834,0.4262198062206648
4,10,300,1318,27,0.36177267953376996,0.4019696439264111
4,10,300,1319,27,0.4386582800845681,0.4873980889828534
4,10,300,1320,27,0.4395462798353086,0.48838475537256504
4,10,300,1321,27,0.34869185042455486,0.3874353893606165
4,10,300,1322,27,0.352922833770288,0.39213648196698664
4,10,300,1323,27,0.30961819620812064,0.34402021800902294
4,10,300,1324,27,0.4983197454462567,0.5536886060513962
4,10,300,1325,27,0.4215484028505353,0.46838711427837254
4,10,300,1326,27,0.4994653355322105,0.5549614839246784
4,10,300,1327,27,0.23563173451334887,0.2618130383481654
4,10,300,1328,27,0.2706049821669182,0.3006722024076869
4,10,300,1329,27,0.3302563093550157,0.36695145483890634
4,10,300,1330,27,0.3604781376086638,0.40053126400962646
4,10,300,1331,27,0.3436464243921458,0.3818293604357176
4,10,300,1332,27,0.5700602547859777,0.6334002830955308
4,10,300,1333,27,0.4576760910171666,0.508528990019074
4,10,300,1334,27,0.3675909425508304,0.4084343806120338
4,10,300,1335,27,0.3335384294323419,0.37059825492482434
4,10,300,1336,27,0.44600332737036263,0.49555925263373624
4,10,300,1337,27,0.2836453228728062,0.31516146985867355
4,10,300,1338,27,0.438893314665737,0.48765923851748555
4,10,300,1339,27,0.3078882967978286,0.3420981075531429
4,10,300,1340,27,0.3945796051002938,0.43842178344477084
4,10,300,1341,27,0.38588713922558215,0.42876348802842457
4,10,300,1342,27,0.36218192659915105,0.4024243628879456
4,10,300,1343,27,0.665867914207771,0.7398532380086345
4,10,300,1344,27,0.26988844658725075,0.29987605176361193
4,10,300,1345,27,0.4367364551492139,0.485262727943571
4,10,300,1346,27,0.3436372826028208,0.3818192028920231
4,10,300,1347,27,0.3366568262235586,0.37406314024839843
4,10,300,1348,27,0.4031874803955695,0.44798608932841055
4,10,300,1349,27,0.33606679201484857,0.37340754668316506
4,10,300,1350,27,0.4059194402759073,0.4510216003065637
4,10,300,1351,27,0.4164105426632475,0.4626783807369417
4,10,300,1352,27,0.5414219619660232,0.6015799577400257
4,10,300,1353,27,0.2939837763196177,0.32664864035513075
4,10,300,1354,27,0.2683441492616755,0.2981601658463061
4,10,300,1355,27,0.330316516443659,0.36701835160406554
4,10,300,1356,27,0.38039946065525665,0.4226660673947296
4,10,300,1357,27,0.4374379943716944,0.4860422159685493
4,10,300,1358,27,0.31196142505655466,0.34662380561839407
4,10,300,1359,27,0.3206536306104931,0.3562818117894368
4,10,300,1360,27,0.30432140167101873,0.33813489074557634
4,10,300,1361,27,0.3840209186394321,0.42668990959936903
4,10,300,1362,27,0.3087251339675404,0.3430279266306005
4,10,300,1363,27,0.30449511339473534,0.3383279037719282
4,10,300,1364,27,0.5561413107204338,0.6179347896893709
4,10,300,1365,27,0.28139436128309736,0.3126604014256637
4,10,300,1366,27,0.4757799740104653,0.5286444155671837
4,10,300,1367,27,0.4034757240660137,0.4483063600733485
4,10,300,1368,27,0.6235820690078913,0.6928689655643236
4,10,300,1369,27,0.3359653783257428,0.3732948648063809
4,10,300,1370,27,0.36983454769894986,0.4109272752210554
4,10,300,1371,27,0.37850467776661834,0.4205607530740204
4,10,300,1372,27,0.3610509442190244,0.401167715798916
4,10,300,1373,27,0.3132583525053527,0.3480648361170586
4,10,300,1374,27,0.3655514591486626,0.40616828794295845
4,10,300,1375,27,0.45921484670933516,0.510238718565928
4,10,300,1376,27,0.30516080532667766,0.3390675614740863
4,10,300,1377,27,0.3663732364733684,0.4070813738592982
4,10,300,1378,27,0.3470787645661082,0.3856430717401202
4,10,300,1379,27,0.43741508458002953,0.4860167606444773
4,10,300,1380,27,0.27550233957099435,0.3061137106344382
4,10,300,1381,27,0.38044431726368116,0.4227159080707569
4,10,300,1382,27,0.5182837028458288,0.5758707809398098
4,10,300,1383,27,0.4040788089133202,0.4489764543481336
4,10,300,1384,27,0.33977766139173116,0.3775307348797013
4,10,300,1385,27,0.30517126937682626,0.3390791881964736
4,10,300,1386,27,0.3871949548895278,0.4302166165439198
4,10,300,1387,27,0.262346169661997,0.2914957440688855
4,10,300,1388,27,0.25773664165158205,0.2863740462795356
4,10,300,1389,27,0.24686405171502623,0.27429339079447357
4,10,300,1390,27,0.46119391082062045,0.5124376786895783
4,10,300,1391,27,0.5071138078887156,0.5634597865430174
4,10,300,1392,27,0.2784874017075689,0.30943044634174327
4,10,300,1393,27,0.328070867288429,0.3645231858760322
4,10,300,1394,27,0.4516411549722283,0.5018235055246981
4,10,300,1395,27,0.35406325896403434,0.3934036210711493
4,10,300,1396,27,0.3571323081805664,0.39681367575618487
4,10,300,1397,27,0.4360603265582318,0.48451147395359084
4,10,300,1398,27,0.24303667064459433,0.27004074516066034
4,10,300,1399,27,0.28105201609664615,0.31228001788516235
4,10,300,1400,27,0.39870594156126415,0.44300660173473794
4,10,300,1401,27,0.4044288532553072,0.4493653925058969
4,10,300,1402,27,0.4115563157558035,0.4572847952842261
4,10,300,1403,27,0.4728704365409639,0.5254115961566266
4,10,300,1404,27,0.36167545501113585,0.4018616166790398
4,10,300,1405,27,0.4750144923761003,0.5277938804178892
4,10,300,1406,27,0.3184855222768691,0.35387280252985454
4,10,300,1407,27,0.3199308979218526,0.3554787754687251
4,10,300,1408,27,0.2800246878679492,0.3111385420754991
4,10,300,1409,27,0.35716061654528,0.39684512949475553
4,10,300,1410,27,0.6351140360431815,0.7056822622702017
4,10,300,1411,27,0.30048681084980117,0.33387423427755686
4,10,300,1412,27,0.36678919298920193,0.4075435477657799
4,10,300,1413,27,0.5067946871823178,0.5631052079803531
4,10,300,1414,27,0.3262790453907587,0.3625322726563986
4,10,300,1415,27,0.37815729328403325,0.4201747703155925
4,10,300,1416,27,0.32680279714797494,0.3631142190533055
4,10,300,1417,27,0.4965302362326032,0.5517002624806702
4,10,300,1418,27,0.34802685914185016,0.38669651015761125
4,10,300,1419,27,0.42372204824952153,0.4708022758328017
4,10,300,1420,27,0.351630376036987,0.39070041781887443
4,10,300,1421,27,0.31805702802853075,0.35339669780947863
4,10,300,1422,27,0.30825769533539726,0.34250855037266364
4,10,300,1423,27,0.4478318594244597,0.49759095491606636
4,10,300,1424,27,0.497850704334213,0.5531674492602366
4,10,300,1425,27,0.38101338882743563,0.4233482098082618
4,10,300,1426,27,0.4407156013220262,0.489684001468918
4,10,300,1427,27,0.6364368631443306,0.7071520701603673
4,10,300,1428,27,0.30883704170280024,0.343152268558667
4,10,300,1429,27,0.48128719425815064,0.5347635491757229
4,10,300,1430,27,0.35114441260332224,0.3901604584481358
4,10,300,1431,27,0.33725521372132267,0.3747280152459141
4,10,300,1432,27,0.34239253507449263,0.3804361500827696
4,10,300,1433,27,0.31935962163220555,0.35484402403578397
4,10,300,1434,27,0.3522987886530641,0.39144309850340453
4,10,300,1435,27,0.35809192846290977,0.39787992051434423
4,10,300,1436,27,0.3756544662243454,0.41739385136038376
4,10,300,1437,27,0.3700740540613262,0.41119339340147354
4,10,300,1438,27,0.37183517530775034,0.41315019478638926
4,10,300,1439,27,0.3425128306236754,0.3805698118040838
4,10,300,1440,27,0.22320138286920732,0.2480015365213415
4,10,300,1441,27,0.3741465695776861,0.4157184106418734
4,10,300,1442,27,0.5130060397818026,0.5700067108686695
4,10,300,1443,27,0.3764484839153328,0.4182760932392587
4,10,300,1444,27,0.3632336778270484,0.4035929753633871
4,10,300,1445,27,0.3057679046962521,0.339742116329169
4,10,300,1446,27,0.4271236006241641,0.47458177847129346
4,10,300,1447,27,0.3024330503435385,0.3360367226039317
4,10,300,1448,27,0.3069418713565877,0.3410465237295419
4,10,300,1449,27,0.3842631843491194,0.42695909372124374
4,10,300,1450,27,0.44852214646177646,0.49835794051308496
4,10,300,1451,27,0.45415744310831674,0.5046193812314631
4,10,300,1452,27,0.4600406903859151,0.5111563226510168
4,10,300,1453,27,0.42375303480251963,0.4708367053361329
4,10,300,1454,27,0.5169259657918825,0.5743621842132028
4,10,300,1455,27,0.2993827459090065,0.33264749545445166
4,10,300,1456,27,0.3669522746895704,0.40772474965507827
4,10,300,1457,27,0.3154887342322281,0.350543038035809
4,10,300,1458,27,0.3171494040634424,0.35238822673715825
4,10,300,1459,27,0.37998916343394445,0.4222101815932716
4,10,300,1460,27,0.330569822012885,0.3672998022365389
4,10,300,1461,27,0.3499088844307098,0.3887876493674553
4,10,300,1462,27,0.42002997664569475,0.4666999740507719
4,10,300,1463,27,0.47361927179298996,0.5262436353255444
4,10,300,1464,27,0.31258293846184937,0.3473143760687215
4,10,300,1465,27,0.44249543696376065,0.49166159662640074
4,10,300,1466,27,0.45730905528370003,0.5081211725374445
4,10,300,1467,27,0.39891640099168657,0.4432404455463184
4,10,300,1468,27,0.46035327354511607,0.5115036372723512
4,10,300,1469,27,0.4835407734580063,0.5372675260644514
4,10,300,1470,27,0.24209675846736495,0.2689963982970721
4,10,300,1471,27,0.26322176379583434,0.2924686264398159
4,10,300,1472,27,0.3008802570321689,0.3343113967024099
4,10,300,1473,27,0.28248002281762197,0.31386669201957995
4,10,300,1474,27,0.3749488291429258,0.4166098101588065
4,10,300,1475,27,0.6336195360252015,0.7040217066946682
4,10,300,1476,27,0.34074823019061407,0.37860914465623785
4,10,300,1477,27,0.3505569398643317,0.38950771096036857
4,10,300,1478,27,0.35197666729632865,0.3910851858848096
4,10,300,1479,27,0.3253950492645806,0.36155005473842294
4,10,300,1480,27,0.3140302948459421,0.34892254982882454
4,10,300,1481,27,0.3820365942460276,0.4244851047178084
4,10,300,1482,27,0.38767295896276843,0.4307477321808538
4,10,300,1483,27,0.33962315982321517,0.3773590664702391
4,10,300,1484,27,0.478293816528359,0.5314375739203988
4,10,300,1485,27,0.33276345166027804,0.3697371685114201
4,10,300,1486,27,0.2952996047344303,0.32811067192714477
4,10,300,1487,27,0.4902804957697637,0.5447561064108486
4,10,300,1488,27,0.3471198338108653,0.3856887042342948
4,10,300,1489,27,0.28431311091586187,0.31590345657317986
4,10,300,1490,27,0.2992191313872328,0.3324657015413698
4,10,300,1491,27,0.23498649008478784,0.2610961000942087
4,10,300,1492,27,0.4161259258389037,0.46236213982100405
4,10,300,1493,27,0.3657163634833922,0.4063515149815469
4,10,300,1494,27,0.37582412790163133,0.4175823643351459
4,10,300,1495,27,0.4560856365667606,0.5067618184075118
4,10,300,1496,27,0.4729399289594503,0.5254888099549448
4,10,300,1497,27,0.2321708381252034,0.25796759791689267
4,10,300,1498,27,0.32173650543420473,0.35748500603800526
4,10,300,1499,27,0.3429076185194369,0.3810084650215966
4,10,300,1500,27,0.33699681440335616,0.37444090489261794
4,10,300,1501,27,0.4975536976085768,0.5528374417873075
4,10,300,1502,27,0.3679826955721788,0.40886966174686534
4,10,300,1503,27,0.3866171934243687,0.4295746593604096
4,10,300,1504,27,0.3352053675354172,0.3724504083726858
4,10,300,1505,27,0.3268249561145032,0.36313884012722575
4,10,300,1506,27,0.4042148168262193,0.4491275742513548
4,10,300,1507,27,0.3529207100815134,0.39213412231279265
4,10,300,1508,27,0.54129518032463,0.6014390892495889
4,10,300,1509,27,0.5110485845063336,0.5678317605625929
4,10,300,1510,27,0.28704218986199825,0.3189357665133314
4,10,300,1511,27,0.38989383996390026,0.433215377737667
4,10,300,1512,27,0.35333206805770634,0.3925911867307848
4,10,300,1513,27,0.28907177101366166,0.3211908566818463
4,10,300,1514,27,0.33862940115105644,0.3762548901678405
4,10,300,1515,27,0.4072027615468911,0.452447512829879
4,10,300,1516,27,0.34937544368351947,0.38819493742613276
4,10,300,1517,27,0.4199047975041206,0.4665608861156895
4,10,300,1518,27,0.2672765886756199,0.2969739874173554
4,10,300,1519,27,0.5226493030767276,0.5807214478630307
4,10,300,1520,27,0.3670140143900785,0.4077933493223095
4,10,300,1521,27,0.2516940000398244,0.27966000004424935
4,10,300,1522,27,0.3365106768695646,0.373900752077294
4,10,300,1523,27,0.40177821117955664,0.4464202346439518
4,10,300,1524,27,0.35391844190454375,0.39324271322727083
4,10,300,1525,27,0.3902037797721439,0.4335597553023821
4,10,300,1526,27,0.4787225656055689,0.5319139617839655
4,10,300,1527,27,0.2862334932380185,0.31803721470890944
4,10,300,1528,27,0.39722871229899304,0.44136523588777005
4,10,300,1529,27,0.31348301880132967,0.3483144653348107
4,10,300,1530,27,0.3613581722855652,0.4015090803172947
4,10,300,1531,27,0.413228708950313,0.45914300994479224
4,10,300,1532,27,0.4524958540529065,0.5027731711698961
4,10,300,1533,27,0.3810511080818461,0.4233901200909401
4,10,300,1534,27,0.35477846479867503,0.39419829422075003
4,10,300,1535,27,0.49066235689945326,0.5451803965549481
4,10,300,1536,27,0.29897003621767027,0.33218892913074477
4,10,300,1537,27,0.3153224709517056,0.3503583010574507
4,10,300,1538,27,0.414373456112632,0.46041495123625775
4,10,300,1539,27,0.2894297737781937,0.32158863753132627
4,10,300,1540,27,0.2503610973487971,0.27817899705421895
4,10,300,1541,27,0.3299823857230959,0.3666470952478843
4,10,300,1542,27,0.35154167395930036,0.3906018599547782
4,10,300,1543,27,0.38499231084859403,0.4277692342762156
4,10,300,1544,27,0.4929580206025045,0.5477311340027828
4,10,300,1545,27,0.3154947663665437,0.35054974040727077
4,10,300,1546,27,0.5140901825278195,0.5712113139197994
4,10,300,1547,27,0.4125083361626598,0.45834259573628866
4,10,300,1548,27,0.39904543546845794,0.4433838171871755
4,10,300,1549,27,0.3199392989881932,0.3554881099868813
4,10,300,1550,27,0.29846487834175134,0.33162764260194594
4,10,300,1551,27,0.27787586903324024,0.30875096559248916
4,10,300,1552,27,0.5351095230787082,0.5945661367541202
4,10,300,1553,27,0.44340170040368004,0.492668556004089
4,10,300,1554,27,0.38135264569806443,0.42372516188673826
4,10,300,1555,27,0.3663541967746403,0.40706021863848924
4,10,300,1556,27,0.373464066489248,0.4149600738769423
4,10,300,1557,27,0.3687268646486879,0.4096965162763199
4,10,300,1558,27,0.34348781798771444,0.3816531310974605
4,10,300,1559,27,0.25985208985214475,0.2887245442801608
4,10,300,1560,27,0.2940032435509268,0.3266702706121409
4,10,300,1561,27,0.5540482759990794,0.6156091955545326
4,10,300,1562,27,0.4526400539316729,0.5029333932574144
4,10,300,1563,27,0.34074471745071566,0.3786052416119063
4,10,300,1564,27,0.2914059573064508,0.32378439700716755
4,10,300,1565,27,0.30388314385515824,0.33764793761684253
4,10,300,1566,27,0.4097738225507389,0.4553042472785988
4,10,300,1567,27,0.40575239677022046,0.4508359964113561
4,10,300,1568,27,0.3291860792874591,0.365762310319399
4,10,300,1569,27,0.21318251119117237,0.23686945687908043
4,10,300,1570,27,0.36918311345713584,0.4102034593968176
4,10,300,1571,27,0.27378703634183504,0.3042078181575945
4,10,300,1572,27,0.43884444443244164,0.48760493825826856
4,10,300,1573,27,0.43210204562470345,0.48011338402744824
4,10,300,1574,27,0.28018198220475043,0.3113133135608338
4,10,300,1575,27,0.3998667488045734,0.4442963875606371
4,10,300,1576,27,0.23210868713539223,0.25789854126154693
4,10,300,1577,27,0.2785260071589717,0.3094733412877463
4,10,300,1578,27,0.3110426798294265,0.34560297758825165
4,10,300,1579,27,0.2967289519216667,0.3296988354685186
4,10,300,1580,27,0.3928135347542462,0.43645948306027355
4,10,300,1581,27,0.4004517632972737,0.44494640366363747
4,10,300,1582,27,0.3417715270192373,0.3797461411324859
4,10,300,1583,27,0.5345717863220946,0.5939686514689939
4,10,300,1584,27,0.3228007669307838,0.358667518811982
4,10,300,1585,27,0.2598057047763683,0.28867300530707585
4,10,300,1586,27,0.4849773820886437,0.5388637578762707
4,10,300,1587,27,0.3934489848592575,0.4371655387325083
4,10,300,1588,27,0.2882327116904875,0.3202585685449861
4,10,300,1589,27,0.3744745105905817,0.41608278954509076
4,10,300,1590,27,0.31855484709623444,0.35394983010692715
4,10,300,1591,27,0.3842146388729075,0.42690515430323056
4,10,300,1592,27,0.399949622182104,0.44438846909122665
4,10,300,1593,27,0.45020121054564016,0.5002235672729335
4,10,300,1594,27,0.38367209194791924,0.42630232438657695
4,10,300,1595,27,0.3407172021581037,0.37857466906455967
4,10,300,1596,27,0.4834035005530256,0.5371150006144729
4,10,300,1597,27,0.499910960945933,0.555456623273259
4,10,300,1598,27,0.344868979787924,0.3831877553199156
4,10,300,1599,27,0.3341065437776255,0.37122949308625053
4,10,300,1600,27,0.3805282250801882,0.4228091389779869
4,10,300,1601,27,0.4816243380289133,0.5351381533654592
4,10,300,1602,27,0.3980916655280446,0.44232407280893843
4,10,300,1603,27,0.5140160858814522,0.5711289843127247
4,10,300,1604,27,0.34836334575112915,0.3870703841679213
4,10,300,1605,27,0.24454152376562616,0.27171280418402904
4,10,300,1606,27,0.42639354970845617,0.47377061078717353
4,10,300,1607,27,0.3327808317460116,0.3697564797177907
4,10,300,1608,27,0.3621112283840163,0.4023458093155737
4,10,300,1609,27,0.3573807744626638,0.3970897494029598
4,10,300,1610,27,0.4031599702293336,0.44795552247703735
4,10,300,1611,27,0.34352812073811423,0.38169791193123803
4,10,300,1612,27,0.3808995618383354,0.4232217353759282
4,10,300,1613,27,0.36701703380803263,0.40779670423114733
4,10,300,1614,27,0.42019001494320807,0.4668777943813423
4,10,300,1615,27,0.2927107116306671,0.32523412403407453
4,10,300,1616,27,0.4310730411823829,0.47897004575820323
4,10,300,1617,27,0.2918634524107085,0.3242927249007872
4,10,300,1618,27,0.2650892321653385,0.29454359129482055
4,10,300,1619,27,0.3286662316461103,0.36518470182901147
4,10,300,1620,27,0.31389317527086436,0.3487701947454048
4,10,300,1621,27,0.41122136014996713,0.4569126223888524
4,10,300,1622,27,0.43910431268555494,0.4878936807617278
4,10,300,1623,27,0.3142081981803535,0.3491202202003928
4,10,300,1624,27,0.3592888221134346,0.39920980234826065
4,10,300,1625,27,0.39174074416809623,0.4352674935201069
4,10,300,1626,27,0.24292935536698088,0.26992150596331205
4,10,300,1627,27,0.288371392136168,0.3204126579290756
4,10,300,1628,27,0.3099435528311556,0.34438172536795064
4,10,300,1629,27,0.3671854820506798,0.4079838689451998
4,10,300,1630,27,0.41391878192432857,0.4599097576936984
4,10,300,1631,27,0.3417745309045025,0.37974947878278054
4,10,300,1632,27,0.42833150517756124,0.4759238946417348
4,10,300,1633,27,0.3474248455973338,0.38602760621925974
4,10,300,1634,27,0.3822414519523147,0.42471272439146074
4,10,300,1635,27,0.41532760828402704,0.46147512031558563
4,10,300,1636,27,0.3188258013523093,0.35425089039145474
4,10,300,1637,27,0.4967248234074798,0.5519164704527554
4,10,300,1638,27,0.3330067652627166,0.37000751695857403
4,10,300,1639,27,0.38215461701577025,0.4246162411286336
4,10,300,1640,27,0.4970526709436143,0.5522807454929048
4,10,300,1641,27,0.36944784731282054,0.4104976081253562
4,10,300,1642,27,0.4350861877024264,0.48342909744714047
4,10,300,1643,27,0.3692187291981787,0.4102430324424208
4,10,300,1644,27,0.23617668643991474,0.26241854048879415
4,10,300,1645,27,0.35715804189051914,0.3968422687672435
4,10,300,1646,27,0.37642678041678795,0.4182519782408755
4,10,300,1647,27,0.2936238987355545,0.32624877637283833
4,10,300,1648,27,0.3706500474993999,0.4118333861104443
4,10,300,1649,27,0.37202888794151134,0.4133654310461237
4,10,300,1650,27,0.22537611815426317,0.25041790906029243
4,10,300,1651,27,0.37611743937054254,0.4179082659672695
4,10,300,1652,27,0.3464070112288946,0.38489667914321624
4,10,300,1653,27,0.371361341627539,0.41262371291948774
4,10,300,1654,27,0.2816089215831911,0.31289880175910123
4,10,300,1655,27,0.3867278848474077,0.42969764983045305
4,10,300,1656,27,0.5472475457268716,0.608052828585413
4,10,300,1657,27,0.43377731383835705,0.4819747931537301
4,10,300,1658,27,0.3431579292071839,0.3812865880079821
4,10,300,1659,27,0.556769345577588,0.61863260619732
4,10,300,1660,27,0.37578264289209085,0.4175362698801009
4,10,300,1661,27,0.27802869175025147,0.3089207686113905
4,10,300,1662,27,0.3742111440826685,0.4157901600918539
4,10,300,1663,27,0.4154946774076568,0.4616607526751742
4,10,300,1664,27,0.3704613494265744,0.41162372158508265
4,10,300,1665,27,0.33240262379710767,0.36933624866345294
4,10,300,1666,27,0.31621073008460754,0.3513452556495639
4,10,300,1667,27,0.3283505721167157,0.36483396901857296
4,10,300,1668,27,0.40099690642933344,0.44555211825481494
4,10,300,1669,27,0.27952771416052874,0.31058634906725413
4,10,300,1670,27,0.4156020238815217,0.4617800265350241
4,10,300,1671,27,0.3771869160607273,0.4190965734008081
4,10,300,1672,27,0.3723921130141934,0.4137690144602149
4,10,300,1673,27,0.3448120998016948,0.38312455533521644
4,10,300,1674,27,0.31643032961998363,0.3515892551333151
4,10,300,1675,27,0.447724633170713,0.49747181463412554
4,10,300,1676,27,0.34230677248196495,0.3803408583132944
4,10,300,1677,27,0.36882938070597054,0.40981042300663395
4,10,300,1678,27,0.3802191142468867,0.4224656824965408
4,10,300,1679,27,0.32972002582884896,0.3663555842542766
4,10,300,1680,27,0.46374499631392896,0.5152722181265877
4,10,300,1681,27,0.3486227804592136,0.38735864495468175
4,10,300,1682,27,0.2797320050917804,0.31081333899086716
4,10,300,1683,27,0.3427821100935369,0.38086901121504096
4,10,300,1684,27,0.31353205705840514,0.34836895228711684
4,10,300,1685,27,0.3544093363284099,0.39378815147601093
4,10,300,1686,27,0.2701242338520548,0.30013803761339425
4,10,300,1687,27,0.3729325912917054,0.4143695458796727
4,10,300,1688,27,0.3486746379819231,0.387416264424359
4,10,300,1689,27,0.3446763329584357,0.38297370328715075
4,10,300,1690,27,0.4169143433056779,0.46323815922853095
4,10,300,1691,27,0.2776055187755552,0.3084505764172836
4,10,300,1692,27,0.42653944242236536,0.47393271380262814
4,10,300,1693,27,0.32244255992815274,0.3582695110312808
4,10,300,1694,27,0.33996062379745223,0.3777340264416136
4,10,300,1695,27,0.4543320532741243,0.5048133925268048
4,10,300,1696,27,0.4050923834000951,0.45010264822232793
4,10,300,1697,27,0.3866787074047777,0.4296430082275308
4,10,300,1698,27,0.34475903141863595,0.3830655904651511
4,10,300,1699,27,0.4566714038367007,0.5074126709296674
4,10,300,1700,27,0.3419198014981767,0.3799108905535296
4,10,300,1701,27,0.2853681557177126,0.31707572857523625
4,10,300,1702,27,0.361375524508774,0.4015283605653045
4,10,300,1703,27,0.2793839053903341,0.3104265615448156
4,10,300,1704,27,0.3350503415843243,0.37227815731591585
4,10,300,1705,27,0.3089378943190921,0.3432643270212134
4,10,300,1706,27,0.6263239366848574,0.695915485205397
4,10,300,1707,27,0.47352058765143806,0.5261339862793756
4,10,300,1708,27,0.32986921163550426,0.3665213462616714
4,10,300,1709,27,0.34134870735055506,0.37927634150061673
4,10,300,1710,27,0.4599766508793765,0.5110851676437517
4,10,300,1711,27,0.2900110051025743,0.3222344501139715
4,10,300,1712,27,0.45609712311887657,0.5067745812431962
4,10,300,1713,27,0.38893922293609157,0.4321546921512128
4,10,300,1714,27,0.29756077739944164,0.3306230859993796
4,10,300,1715,27,0.3867877568050589,0.4297641742278432
4,10,300,1716,27,0.2899880829251638,0.3222089810279598
4,10,300,1717,27,0.3729540872256335,0.4143934302507039
4,10,300,1718,27,0.35293344102004015,0.3921482678000446
4,10,300,1719,27,0.3473938446444852,0.3859931607160947
4,10,300,1720,27,0.5164435004016251,0.5738261115573613
4,10,300,1721,27,0.390063631156956,0.43340403461884003
4,10,300,1722,27,0.29027420865259723,0.3225268985028858
4,10,300,1723,27,0.4192433939389975,0.4658259932655528
4,10,300,1724,27,0.3463120191561835,0.3847911323957594
4,10,300,1725,27,0.34190774696245263,0.3798974966249474
4,10,300,1726,27,0.27376072103329596,0.3041785789258844
4,10,300,1727,27,0.4818909393687134,0.5354343770763482
4,10,300,1728,27,0.40521482623572513,0.4502386958174724
4,10,300,1729,27,0.32835241646997715,0.36483601829997464
4,10,300,1730,27,0.27206224357111863,0.30229138174568737
4,10,300,1731,27,0.4388247460473226,0.4875830511636917
4,10,300,1732,27,0.3796948248833415,0.42188313875926836
4,10,300,1733,27,0.5139642184059559,0.5710713537843953
4,10,300,1734,27,0.29173462918330284,0.3241495879814476
4,10,300,1735,27,0.3906668284950127,0.43407425388334747
4,10,300,1736,27,0.5486271725389922,0.6095857472655468
4,10,300,1737,27,0.3307427745385994,0.3674919717095549
4,10,300,1738,27,0.40058554274161384,0.44509504749068207
4,10,300,1739,27,0.32047609556046364,0.35608455062273736
4,10,300,1740,27,0.3781732187076161,0.4201924652306846
4,10,300,1741,27,0.4269941802993974,0.4744379781104416
4,10,300,1742,27,0.3671841952546463,0.40798243917182925
4,10,300,1743,27,0.4822719497303205,0.5358577219225783
4,10,300,1744,27,0.4564256246976308,0.5071395829973675
4,10,300,1745,27,0.3628784862710653,0.4031983180789614
4,10,300,1746,27,0.23246046215295008,0.25828940239216674
4,10,300,1747,27,0.4037787825360958,0.44864309170677313
4,10,300,1748,27,0.4392724571636162,0.48808050795957353
4,10,300,1749,27,0.2795022599680155,0.31055806663112834
4,10,300,1750,27,0.32235307765625737,0.3581700862847304
4,10,300,1751,27,0.426477987707295,0.4738644307858833
4,10,300,1752,27,0.2613507503862835,0.29038972265142615
4,10,300,1753,27,0.302120317579346,0.33568924175482884
4,10,300,1754,27,0.3300344802470873,0.3667049780523192
4,10,300,1755,27,0.3540418281210992,0.39337980902344355
4,10,300,1756,27,0.3631741974789565,0.40352688608772946
4,10,300,1757,27,0.38739506745646457,0.43043896384051616
4,10,300,1758,27,0.38906990166215777,0.4322998907357309
4,10,300,1759,27,0.3965599408070379,0.4406221564522643
4,10,300,1760,27,0.1930183643968254,0.21446484932980603
4,10,300,1761,27,0.4103410057842899,0.45593445087143325
4,10,300,1762,27,0.41892284043925776,0.46546982271028636
4,10,300,1763,27,0.4042257975207797,0.44913977502308855
4,10,300,1764,27,0.4382969437802001,0.48699660420022234
4,10,300,1765,27,0.33195484430349076,0.3688387158927675
4,10,300,1766,27,0.23223696637834046,0.25804107375371166
4,10,300,1767,27,0.3994738843626041,0.4438598715140046
4,10,300,1768,27,0.36954427772218984,0.4106047530246554
4,10,300,1769,27,0.4051021754055566,0.4501135282283962
4,10,300,1770,27,0.39401512084669815,0.4377945787185535
4,10,300,1771,27,0.3204508890678176,0.35605654340868625
4,10,300,1772,27,0.4496650771265452,0.49962786347393917
4,10,300,1773,27,0.3310245557222701,0.3678050619136334
4,10,300,1774,27,0.3570821616607423,0.3967579574008248
4,10,300,1775,27,0.5244837445659203,0.5827597161843558
4,10,300,1776,27,0.40210829135709436,0.4467869903967715
4,10,300,1777,27,0.362121161587681,0.4023568462085344
4,10,300,1778,27,0.40629352208217107,0.4514372467579678
4,10,300,1779,27,0.43596852756691906,0.48440947507435445
4,10,300,1780,27,0.35852282741721087,0.3983586971302343
4,10,300,1781,27,0.29617820083081603,0.3290868898120178
4,10,300,1782,27,0.35811252704463276,0.39790280782736975
4,10,300,1783,27,0.3677324601890859,0.40859162243231767
4,10,300,1784,27,0.292395534577623,0.32488392730847004
4,10,300,1785,27,0.6229476436571326,0.6921640485079251
4,10,300,1786,27,0.40115356372278776,0.44572618191420865
4,10,300,1787,27,0.3024331335235595,0.3360368150261772
4,10,300,1788,27,0.4228771328072244,0.469863480896916
4,10,300,1789,27,0.38386438482246776,0.42651598313607525
4,10,300,1790,27,0.4549202499561277,0.5054669443956975
4,10,300,1791,27,0.25517264258805283,0.2835251584311698
4,10,300,1792,27,0.36822219831079417,0.4091357759008824
4,10,300,1793,27,0.33958642277024365,0.37731824752249293
4,10,300,1794,27,0.4658138702123373,0.517570966902597
4,10,300,1795,27,0.4223321010974965,0.46925789010832947
4,10,300,1796,27,0.4125278223819686,0.45836424709107626
4,10,300,1797,27,0.34528204028692266,0.3836467114299141
4,10,300,1798,27,0.34649672503201767,0.3849963611466863
4,10,300,1799,27,0.32789976702795404,0.3643330744755045
4,10,300,1800,27,0.3083365705885562,0.34259618954284016
4,10,300,1801,27,0.3814539239839973,0.42383769331555254
4,10,300,1802,27,0.3295038205237495,0.3661153561374994
4,10,300,1803,27,0.375848406965107,0.4176093410723411
4,10,300,1804,27,0.3671618471564382,0.407957607951598
4,10,300,1805,27,0.42069405941227356,0.46743784379141506
4,10,300,1806,27,0.3534134593655495,0.39268162151727726
4,10,300,1807,27,0.4279665914878937,0.47551843498654855
4,10,300,1808,27,0.30897069996674253,0.343300777740825
4,10,300,1809,27,0.5763275448310554,0.6403639387011727
4,10,300,1810,27,0.3184723099085062,0.3538581221205625
4,10,300,1811,27,0.36335689406371097,0.4037298822930122
4,10,300,1812,27,0.41230302930737395,0.4581144770081933
4,10,300,1813,27,0.41531072768800764,0.4614563640977863
4,10,300,1814,27,0.4064907475112559,0.4516563861236177
4,10,300,1815,27,0.4116027667678813,0.45733640751986815
4,10,300,1816,27,0.30330495841297417,0.33700550934774903
4,10,300,1817,27,0.35439430705347563,0.39377145228163957
4,10,300,1818,27,0.42095996904351485,0.46773329893723875
4,10,300,1819,27,0.3851481215915413,0.4279423573239348
4,10,300,1820,27,0.2526241594090222,0.2806935104544691
4,10,300,1821,27,0.35745599187569155,0.39717332430632396
4,10,300,1822,27,0.3387924460649187,0.376436051183243
4,10,300,1823,27,0.4039091131617936,0.448787903513104
4,10,300,1824,27,0.44027292470110846,0.48919213855678717
4,10,300,1825,27,0.3627523750648951,0.4030581945165501
4,10,300,1826,27,0.4571023095144082,0.5078914550160091
4,10,300,1827,27,0.3106389750336989,0.3451544167041099
4,10,300,1828,27,0.2862380121334783,0.3180422357038648
4,10,300,1829,27,0.35767614278434967,0.3974179364270552
4,10,300,1830,27,0.3290389107147681,0.3655987896830757
4,10,300,1831,27,0.3346858334752575,0.37187314830584167
4,10,300,1832,27,0.32694201276808577,0.36326890307565085
4,10,300,1833,27,0.34022271445123,0.3780252382791444
4,10,300,1834,27,0.3845574640032029,0.4272860711146699
4,10,300,1835,27,0.3131678627860359,0.34796429198448436
4,10,300,1836,27,0.3075198671631534,0.34168874129239263
4,10,300,1837,27,0.4456969196912935,0.4952187996569927
4,10,300,1838,27,0.3082818508721247,0.34253538985791626
4,10,300,1839,27,0.3819930839041662,0.424436759893518
4,10,300,1840,27,0.23646519690603485,0.26273910767337205
4,10,300,1841,27,0.5692483712204013,0.6324981902448903
4,10,300,1842,27,0.4717372236402027,0.5241524707113363
4,10,300,1843,27,0.30576091798111593,0.339734353312351
4,10,300,1844,27,0.5180417849490694,0.5756019832767437
4,10,300,1845,27,0.27979025018063675,0.31087805575626304
4,10,300,1846,27,0.40607494419677537,0.4511943824408615
4,10,300,1847,27,0.38812028370064244,0.4312447596673805
4,10,300,1848,27,0.41370422555091135,0.4596713617232348
4,10,300,1849,27,0.47520177612774483,0.528001973475272
4,10,300,1850,27,0.2836859420311997,0.31520660225688857
4,10,300,1851,27,0.35766065358425003,0.3974007262047223
4,10,300,1852,27,0.3851231561092301,0.4279146178991446
4,10,300,1853,27,0.3878763864013917,0.430973762668213
4,10,300,1854,27,0.3621554539817631,0.40239494886862565
4,10,300,1855,27,0.3538069537502399,0.39311883750026655
4,10,300,1856,27,0.41238884464723996,0.45820982738582217
4,10,300,1857,27,0.39433028044269114,0.4381447560474346
4,10,300,1858,27,0.37802233279488284,0.4200248142165365
4,10,300,1859,27,0.5353135147789432,0.5947927941988257
4,10,300,1860,27,0.4993415200755913,0.5548239111951014
4,10,300,1861,27,0.38272348349000884,0.4252483149888987
4,10,300,1862,27,0.3306037135459339,0.3673374594954821
4,10,300,1863,27,0.4344308768183188,0.48270097424257646
4,10,300,1864,27,0.33375299222112936,0.3708366580234771
4,10,300,1865,27,0.2606596053486144,0.28962178372068265
4,10,300,1866,27,0.38326991192232185,0.4258554576914687
4,10,300,1867,27,0.43624257556751433,0.4847139728527937
4,10,300,1868,27,0.2620302415358709,0.2911447128176343
4,10,300,1869,27,0.4873353096253755,0.5414836773615284
4,10,300,1870,27,0.5089144121844738,0.5654604579827487
4,10,300,1871,27,0.29692414971053804,0.3299157219005978
4,10,300,1872,27,0.3488417445147708,0.3876019383497453
4,10,300,1873,27,0.38403787290385477,0.42670874767094974
4,10,300,1874,27,0.3249179206484337,0.361019911831593
4,10,300,1875,27,0.39040670723578447,0.43378523026198273
4,10,300,1876,27,0.4519857555597818,0.5022063950664243
4,10,300,1877,27,0.29584018522256816,0.32871131691396466
4,10,300,1878,27,0.3963476735792786,0.4403863039769762
4,10,300,1879,27,0.3361727198926176,0.3735252443251307
4,10,300,1880,27,0.37501052431323556,0.4166783603480395
4,10,300,1881,27,0.39096655734404867,0.43440728593783184
4,10,300,1882,27,0.27073551348715774,0.300817237207953
4,10,300,1883,27,0.3785684481769772,0.4206316090855302
4,10,300,1884,27,0.40633950291155446,0.4514883365683939
4,10,300,1885,27,0.3352212809605855,0.3724680899562061
4,10,300,1886,27,0.5451740104907152,0.6057489005452392
4,10,300,1887,27,0.3564199438503216,0.3960221598336907
4,10,300,1888,27,0.40352889329620434,0.4483654369957826
4,10,300,1889,27,0.3431017017219381,0.3812241130243757
4,10,300,1890,27,0.4086821225936015,0.45409124732622386
4,10,300,1891,27,0.4131902725917852,0.45910030287976134
4,10,300,1892,27,0.3458912745767955,0.3843236384186617
4,10,300,1893,27,0.3360245930286925,0.3733606589207694
4,10,300,1894,27,0.43636948174323076,0.4848549797147008
4,10,300,1895,27,0.34892746413029585,0.3876971823669954
4,10,300,1896,27,0.4447554449090355,0.49417271656559497
4,10,300,1897,27,0.32241176203929467,0.3582352911547718
4,10,300,1898,27,0.5380702428644843,0.5978558254049826
4,10,300,1899,27,0.3953072888794405,0.43923032097715614
4,10,300,1900,27,0.37737977026364444,0.4193108558484938
4,10,300,1901,27,0.35171283469205405,0.3907920385467267
4,10,300,1902,27,0.37648866517157914,0.4183207390795324
4,10,300,1903,27,0.34997309110972197,0.3888589901219133
4,10,300,1904,27,0.34764204785119945,0.3862689420568883
4,10,300,1905,27,0.40500608031455415,0.4500067559050602
4,10,300,1906,27,0.32574920831267584,0.36194356479186207
4,10,300,1907,27,0.4277193967134337,0.4752437741260374
4,10,300,1908,27,0.2960107905965369,0.32890087844059657
4,10,300,1909,27,0.5084243454071684,0.5649159393412982
4,10,300,1910,27,0.445869920302603,0.49541102255844777
4,10,300,1911,27,0.2947247131768226,0.3274719035298029
4,10,300,1912,27,0.41596276403577614,0.46218084892864014
4,10,300,1913,27,0.42778771944413907,0.4753196882712656
4,10,300,1914,27,0.2367439091367542,0.26304878792972686
4,10,300,1915,27,0.43810870060534124,0.4867874451170458
4,10,300,1916,27,0.3319810392081764,0.3688678213424182
4,10,300,1917,27,0.3788946019459364,0.42099400216215155
4,10,300,1918,27,0.39218794668103535,0.4357643852011504
4,10,300,1919,27,0.5075485739074787,0.5639428598971985
4,10,300,1920,27,0.3403178465251635,0.378130940583515
4,10,300,1921,27,0.2612652501763106,0.2902947224181229
4,10,300,1922,27,0.44343879504544914,0.4927097722727212
4,10,300,1923,27,0.33483575642472074,0.3720397293608008
4,10,300,1924,27,0.2582934216341103,0.28699269070456696
4,10,300,1925,27,0.3802786062485934,0.42253178472065933
4,10,300,1926,27,0.3385051586921749,0.37611684299130543
4,10,300,1927,27,0.32973277280842606,0.3663697475649178
4,10,300,1928,27,0.2981449690206391,0.3312721878007101
4,10,300,1929,27,0.4323409695625132,0.48037885506945915
4,10,300,1930,27,0.23000770566418696,0.2555641174046522
4,10,300,1931,27,0.29505283987182435,0.3278364887464715
4,10,300,1932,27,0.3827661328258506,0.425295703139834
4,10,300,1933,27,0.2698927837737666,0.29988087085974063
4,10,300,1934,27,0.3956036621065887,0.43955962456287634
4,10,300,1935,27,0.48199705989951674,0.5355522887772408
4,10,300,1936,27,0.30786991161825433,0.3420776795758381
4,10,300,1937,27,0.4266578578683889,0.47406428652043214
4,10,300,1938,27,0.4995801998098051,0.5550891108997834
4,10,300,1939,27,0.4261446732880634,0.47349408143118155
4,10,300,1940,27,0.32414261662791466,0.36015846291990516
4,10,300,1941,27,0.33227750981046844,0.3691972331227427
4,10,300,1942,27,0.3589006448196055,0.39877849424400613
4,10,300,1943,27,0.4715488480595156,0.5239431645105728
4,10,300,1944,27,0.3894449251895456,0.43271658354393955
4,10,300,1945,27,0.4133025577725654,0.4592250641917393
4,10,300,1946,27,0.33465000114495397,0.3718333346055044
4,10,300,1947,27,0.3303197857311315,0.3670219841457017
4,10,300,1948,27,0.37462205217998806,0.4162467246444312
4,10,300,1949,27,0.4875749381387302,0.5417499312652557
4,10,300,1950,27,0.4038175055259784,0.44868611725108715
4,10,300,1951,27,0.2882696827267092,0.3202996474741213
4,10,300,1952,27,0.49949878555680866,0.5549986506186764
4,10,300,1953,27,0.38712817371057756,0.43014241523397506
4,10,300,1954,27,0.3212000924812145,0.35688899164579385
4,10,300,1955,27,0.3987362984598213,0.44304033162202366
4,10,300,1956,27,0.5796341151898752,0.644037905766528
4,10,300,1957,27,0.6049659107883422,0.6721843453203802
4,10,300,1958,27,0.33835302036158665,0.37594780040176295
4,10,300,1959,27,0.3535425764783181,0.392825084975909
4,10,300,1960,27,0.3621465169312463,0.40238501881249583
4,10,300,1961,27,0.3620788803515012,0.40230986705722355
4,10,300,1962,27,0.2702077174093852,0.3002307971215391
4,10,300,1963,27,0.4488724915091285,0.49874721278792056
4,10,300,1964,27,0.35993625566874227,0.39992917296526914
4,10,300,1965,27,0.3991100747092988,0.4434556385658876
4,10,300,1966,27,0.3997577264650354,0.44417525162781707
4,10,300,1967,27,0.36970078264456396,0.4107786473828488
4,10,300,1968,27,0.3159468332341019,0.3510520369267799
4,10,300,1969,27,0.4163604023546975,0.4626226692829972
4,10,300,1970,27,0.5455827715350652,0.6062030794834058
4,10,300,1971,27,0.27210837849597014,0.30234264277330014
4,10,300,1972,27,0.3634049586917677,0.4037832874352974
4,10,300,1973,27,0.354959267916253,0.39439918657361445
4,10,300,1974,27,0.4148768088499895,0.4609742320555439
4,10,300,1975,27,0.3267577715969787,0.3630641906633097
4,10,300,1976,27,0.3951611159702364,0.43906790663359596
4,10,300,1977,27,0.3416343455128717,0.3795937172365241
4,10,300,1978,27,0.42116503109760467,0.4679611456640052
4,10,300,1979,27,0.3725321504832513,0.41392461164805694
4,10,300,1980,27,0.38577162380521257,0.4286351375613473
4,10,300,1981,27,0.2702462158857034,0.30027357320633713
4,10,300,1982,27,0.2942398793324703,0.32693319925830033
4,10,300,1983,27,0.391314851000155,0.43479427888906114
4,10,300,1984,27,0.44470060010326257,0.494111777892514
4,10,300,1985,27,0.42312494081609336,0.47013882312899263
4,10,300,1986,27,0.3729023208368557,0.41433591204095077
4,10,300,1987,27,0.3127043575033335,0.34744928611481496
4,10,300,1988,27,0.3762356611831523,0.41803962353683594
4,10,300,1989,27,0.4478649495382611,0.497627721709179
4,10,300,1990,27,0.3238486757711854,0.3598318619679838
4,10,300,1991,27,0.3584313068540742,0.39825700761563804
4,10,300,1992,27,0.32020967228301184,0.35578852475890205
4,10,300,1993,27,0.3395564293691212,0.3772849215212458
4,10,300,1994,27,0.3045752997951556,0.3384169997723951
4,10,300,1995,27,0.4757113703615413,0.5285681892906015
4,10,300,1996,27,0.4366982600498425,0.48522028894426944
4,10,300,1997,27,0.36610925214395873,0.40678805793773193
4,10,300,1998,27,0.3862851300322865,0.4292057000358739
4,10,300,1999,27,0.3849263192375177,0.4276959102639085
4,10,300,2000,27,0.27937767708939143,0.3104196412104349
4,10,300,2001,27,0.43486185062779426,0.4831798340308825
4,10,300,2002,27,0.35679024056228903,0.39643360062476557
4,10,300,2003,27,0.34070821121700234,0.3785646791300026
4,10,300,2004,27,0.36315027526830634,0.4035003058536737
4,10,300,2005,27,0.35055296196849817,0.3895032910761091
4,10,300,2006,27,0.35439968220226703,0.3937774246691856
4,10,300,2007,27,0.4593380707865781,0.510375634207309
4,10,300,2008,27,0.3341360981843971,0.3712623313159968
4,10,300,2009,27,0.44894422318637756,0.4988269146515306
4,10,300,2010,27,0.3013970012706537,0.334885556967393
4,10,300,2011,27,0.4677472034164079,0.5197191149071199
4,10,300,2012,27,0.31772304934323947,0.3530256103813772
4,10,300,2013,27,0.3588333589531614,0.3987037321701793
4,10,300,2014,27,0.2840570321186131,0.3156189245762368
4,10,300,2015,27,0.2603550890646207,0.289283432294023
4,10,300,2016,27,0.4281703547224374,0.475744838580486
4,10,300,2017,27,0.30626337229314865,0.3402926358812763
4,10,300,2018,27,0.44386359598584774,0.49318177331760854
4,10,300,2019,27,0.4488944940079771,0.49877166000886347
4,10,300,2020,27,0.279957253116515,0.3110636145739055
4,10,300,2021,27,0.2901531581844209,0.32239239798268987
4,10,300,2022,27,0.39863214971854766,0.44292461079838624
4,10,300,2023,27,0.27903400696505903,0.3100377855167323
4,10,300,2024,27,0.27784208709943925,0.3087134301104881
4,10,300,2025,27,0.36128613310974045,0.40142903678860054
4,10,300,2026,27,0.42473470809199687,0.4719274534355521
4,10,300,2027,27,0.32497002984962287,0.3610778109440254
4,10,300,2028,27,0.35571196750774436,0.3952355194530493
4,10,300,2029,27,0.3717497664833782,0.41305529609264247
4,10,300,2030,27,0.32959920012431554,0.3662213334714617
4,10,300,2031,27,0.30716728820319983,0.34129698689244425
4,10,300,2032,27,0.3434096419642958,0.38156626884921757
4,10,300,2033,27,0.4036551720084717,0.4485057466760796
4,10,300,2034,27,0.47867904543517015,0.531865606039078
4,10,300,2035,27,0.3647944804642361,0.40532720051581794
4,10,300,2036,27,0.39822166992317354,0.4424685221368595
4,10,300,2037,27,0.3142718712893885,0.34919096809932054
4,10,300,2038,27,0.3383852782061719,0.3759836424513021
4,10,300,2039,27,0.3544813467198663,0.39386816302207367
4,10,300,2040,27,0.29561798345862744,0.3284644260651416
4,10,300,2041,27,0.43986706475879056,0.4887411830653229
4,10,300,2042,27,0.3209875776883442,0.3566528640981602
4,10,300,2043,27,0.30088016636685877,0.33431129596317644
4,10,300,2044,27,0.4707658931034955,0.5230732145594394
4,10,300,2045,27,0.26774257217388553,0.2974917468598728
4,10,300,2046,27,0.31392911413967106,0.34881012682185675
4,10,300,2047,27,0.5656922494513579,0.6285469438348421
4,10,300,2048,27,0.33458043391379355,0.37175603768199283
4,10,300,2049,27,0.43346228475804954,0.4816247608422773
4,10,300,2050,27,0.3316214105326841,0.3684682339252046
4,10,300,2051,27,0.37724524965081213,0.41916138850090234
4,10,300,2052,27,0.342090820165282,0.3801009112947577
4,10,300,2053,27,0.32980403759856225,0.3664489306650692
4,10,300,2054,27,0.35411043093184025,0.3934560343687114
4,10,300,2055,27,0.2943873528195581,0.3270970586883979
4,10,300,2056,27,0.5642317371761897,0.6269241524179885
4,10,300,2057,27,0.3938038967737548,0.437559885304172
4,10,300,2058,27,0.3648029696153272,0.4053366329059191
4,10,300,2059,27,0.38847358041910135,0.4316373115767793
4,10,300,2060,27,0.40510520399612954,0.4501168933290328
4,10,300,2061,27,0.42215017595325516,0.4690557510591724
4,10,300,2062,27,0.5390318206879422,0.5989242452088247
4,10,300,2063,27,0.3077805722895359,0.3419784136550399
4,10,300,2064,27,0.3273035979570726,0.36367066439674733
4,10,300,2065,27,0.2856841706379116,0.31742685626434625
4,10,300,2066,27,0.2552869612900814,0.28365217921120156
4,10,300,2067,27,0.4119668158493626,0.4577409064992918
4,10,300,2068,27,0.42156810250837995,0.46840900278708886
4,10,300,2069,27,0.4538106552946294,0.504234061438477
4,10,300,2070,27,0.34568248726869655,0.38409165252077393
4,10,300,2071,27,0.32761208050692553,0.36401342278547283
4,10,300,2072,27,0.43974155725665476,0.48860173028517195
4,10,300,2073,27,0.29207720114863767,0.3245302234984863
4,10,300,2074,27,0.37308617798802945,0.4145401977644772
4,10,300,2075,27,0.3838881200101525,0.4265423555668361
4,10,300,2076,27,0.5167616396269219,0.5741795995854687
4,10,300,2077,27,0.3670175591967565,0.4077972879963961
4,10,300,2078,27,0.38817703754849403,0.4313078194983267
4,10,300,2079,27,0.3013900324620952,0.33487781384677245
4,10,300,2080,27,0.3571856807115061,0.3968729785683401
4,10,300,2081,27,0.5602877477355435,0.6225419419283816
4,10,300,2082,27,0.5510435623146972,0.612270624794108
4,10,300,2083,27,0.3018417869445884,0.3353797632717649
4,10,300,2084,27,0.32967032005498287,0.36630035561664764
4,10,300,2085,27,0.32211113124880514,0.3579012569431168
4,10,300,2086,27,0.3404008544284562,0.37822317158717356
4,10,300,2087,27,0.36353699744532925,0.40392999716147693
4,10,300,2088,27,0.3196958974134426,0.355217663792714
4,10,300,2089,27,0.38450961089086505,0.42723290098985006
4,10,300,2090,27,0.2952121240482002,0.3280134711646669
4,10,300,2091,27,0.402237631405036,0.44693070156115106
4,10,300,2092,27,0.3777567657007322,0.41972973966748023
4,10,300,2093,27,0.3104179491253068,0.34490883236145203
4,10,300,2094,27,0.317926014875291,0.3532511276392122
4,10,300,2095,27,0.29805518995027064,0.3311724332780785
4,10,300,2096,27,0.3516264522268428,0.3906960580298253
4,10,300,2097,27,0.3216628334740462,0.3574031483044957
4,10,300,2098,27,0.3900454554635724,0.43338383940396935
4,10,300,2099,27,0.29798695327177904,0.33109661474642116
4,10,300,2100,27,0.32602308730668955,0.36224787478521064
4,10,300,2101,27,0.3791931751932229,0.4213257502146921
4,10,300,2102,27,0.3245014798687922,0.3605571998542136
4,10,300,2103,27,0.2664970530042181,0.29610783667135343
4,10,300,2104,27,0.348396101376268,0.3871067793069644
4,10,300,2105,27,0.26379454510118594,0.2931050501124288
4,10,300,2106,27,0.5558891652189598,0.6176546280210664
4,10,300,2107,27,0.3539372230666544,0.3932635811851716
4,10,300,2108,27,0.3975106622048744,0.44167851356097154
4,10,300,2109,27,0.4464711517763031,0.49607905752922565
4,10,300,2110,27,0.37406889412985483,0.41563210458872757
4,10,300,2111,27,0.26300120135133975,0.29222355705704417
4,10,300,2112,27,0.49211387204487933,0.546793191160977
4,10,300,2113,27,0.43799182611618726,0.48665758457354136
4,10,300,2114,27,0.42742017166694923,0.4749113018521658
4,10,300,2115,27,0.40941199156107283,0.4549022128456365
4,10,300,2116,27,0.3969905467418466,0.4411006074909406
4,10,300,2117,27,0.3894619186003547,0.43273546511150524
4,10,300,2118,27,0.428171520747193,0.47574613416354783
4,10,300,2119,27,0.31983294041195054,0.35536993379105614
4,10,300,2120,27,0.31227437082921705,0.3469715231435745
4,10,300,2121,27,0.35715887773979466,0.3968431974886607
4,10,300,2122,27,0.3575577096363523,0.3972863440403914
4,10,300,2123,27,0.29564043570879417,0.32848937300977127
4,10,300,2124,27,0.3031487433354546,0.336831937039394
4,10,300,2125,27,0.32623877527980916,0.36248752808867685
4,10,300,2126,27,0.3824441895949785,0.424937988438865
4,10,300,2127,27,0.3883557216254437,0.4315063573616041
4,10,300,2128,27,0.3293711380712935,0.3659679311903261
4,10,300,2129,27,0.26633571172603976,0.2959285685844886
4,10,300,2130,27,0.3529054526917258,0.39211716965747306
4,10,300,2131,27,0.3342250771270766,0.3713611968078629
4,10,300,2132,27,0.2907063199012788,0.323007022112532
4,10,300,2133,27,0.3764054070700652,0.41822823007785026
4,10,300,2134,27,0.3584588154818323,0.3982875727575914
4,10,300,2135,27,0.3285645243126931,0.36507169368077014
4,10,300,2136,27,0.5127341091671468,0.5697045657412743
4,10,300,2137,27,0.4533752283838062,0.5037502537597847
4,10,300,2138,27,0.3373525330692101,0.3748361478546779
4,10,300,2139,27,0.24876300801421466,0.27640334223801627
4,10,300,2140,27,0.48131725671789494,0.5347969519087722
4,10,300,2141,27,0.313858034335211,0.3487311492613456
4,10,300,2142,27,0.30381910930155387,0.3375767881128376
4,10,300,2143,27,0.3288888818415865,0.3654320909350961
4,10,300,2144,27,0.2488238780464903,0.27647097560721146
4,10,300,2145,27,0.31780054574032546,0.3531117174892505
4,10,300,2146,27,0.37322689033050005,0.41469654481166673
4,10,300,2147,27,0.38336199147967537,0.42595776831075044
4,10,300,2148,27,0.36187430367794926,0.4020825596421658
4,10,300,2149,27,0.30910642106509034,0.3434515789612115
4,10,300,2150,27,0.36613784298828855,0.40681982554254287
4,10,300,2151,27,0.34850166951466915,0.3872240772385213
4,10,300,2152,27,0.4386749385212738,0.48741659835697093
4,10,300,2153,27,0.43562338868653167,0.48402598742947966
4,10,300,2154,27,0.4418718742836638,0.4909687492040709
4,10,300,2155,27,0.29269913551890125,0.3252212616876681
4,10,300,2156,27,0.3695481127641765,0.4106090141824183
4,10,300,2157,27,0.30348450864770427,0.3372050096085603
4,10,300,2158,27,0.28604803593715,0.3178311510412778
4,10,300,2159,27,0.4540679624692669,0.5045199582991854
4,10,300,2160,27,0.459599821873922,0.5106664687488022
4,10,300,2161,27,0.282388091385716,0.3137645459841289
4,10,300,2162,27,0.269450506009077,0.2993894511211967
4,10,300,2163,27,0.2892860893375997,0.32142898815288856
4,10,300,2164,27,0.4281880909849344,0.47576454553881603
4,10,300,2165,27,0.3565198996852715,0.39613322187252387
4,10,300,2166,27,0.4452841112044419,0.494760123560491
4,10,300,2167,27,0.4083975467995043,0.45377505199944923
4,10,300,2168,27,0.2968596558675341,0.3298440620750379
4,10,300,2169,27,0.31102716324935187,0.3455857369437243
4,10,300,2170,27,0.26731881400742014,0.297020904452689
4,10,300,2171,27,0.2867499511412085,0.31861105682356494
4,10,300,2172,27,0.3177963822593783,0.35310709139930924
4,10,300,2173,27,0.3237405536388984,0.3597117262654427
4,10,300,2174,27,0.30600006504997534,0.34000007227775036
4,10,300,2175,27,0.24023459035147604,0.26692732261275115
4,10,300,2176,27,0.43674569463595897,0.48527299403995444
4,10,300,2177,27,0.35117209859157217,0.39019122065730244
4,10,300,2178,27,0.5420787883837483,0.6023097648708315
4,10,300,2179,27,0.4053541670123421,0.4503935189026024
4,10,300,2180,27,0.3495686234497073,0.38840958161078587
4,10,300,2181,27,0.4030126201891371,0.4477918002101523
4,10,300,2182,27,0.5174359350576213,0.5749288167306904
4,10,300,2183,27,0.35848618947518496,0.39831798830576104
4,10,300,2184,27,0.4603765013747655,0.5115294459719617
4,10,300,2185,27,0.34753984140478944,0.3861553793386549
4,10,300,2186,27,0.3703281339640404,0.4114757044044894
4,10,300,2187,27,0.3844730649197474,0.42719229435527495
4,10,300,2188,27,0.3394305148421093,0.37714501649123255
4,10,300,2189,27,0.3133177064959882,0.3481307849955425
4,10,300,2190,27,0.342719805733821,0.38079978414869
4,10,300,2191,27,0.5333954847837467,0.5926616497597185
4,10,300,2192,27,0.32004071392049327,0.3556007932449925
4,10,300,2193,27,0.43225969662711305,0.48028855180790336
4,10,300,2194,27,0.2979415353760727,0.33104615041785856
4,10,300,2195,27,0.2826847232566216,0.3140941369518018
4,10,300,2196,27,0.38665146468575395,0.42961273853972665
4,10,300,2197,27,0.2920215075244562,0.32446834169384026
4,10,300,2198,27,0.3541632159220127,0.3935146843577919
4,10,300,2199,27,0.4608955636266598,0.5121061818073999
4,10,300,2200,27,0.529836184663846,0.5887068718487177
4,10,300,2201,27,0.34736318553669326,0.3859590950407703
4,10,300,2202,27,0.33415638637453093,0.3712848737494788
4,10,300,2203,27,0.36037416279173806,0.4004157364352645
4,10,300,2204,27,0.3646791383630126,0.40519904262556955
4,10,300,2205,27,0.2965593069351947,0.3295103410391052
4,10,300,2206,27,0.45169500729900225,0.5018833414433358
4,10,300,2207,27,0.32615842119713945,0.3623982457745994
4,10,300,2208,27,0.2777717215106574,0.3086352461229526
4,10,300,2209,27,0.41033449980358605,0.4559272220039845
4,10,300,2210,27,0.2987230525225414,0.33191450280282375
4,10,300,2211,27,0.23557169196685904,0.2617463244076212
4,10,300,2212,27,0.34549872092623096,0.38388746769581217
4,10,300,2213,27,0.38161049799330193,0.42401166443700217
4,10,300,2214,27,0.31781591640365914,0.3531287960040657
4,10,300,2215,27,0.29717956824505065,0.3301995202722785
4,10,300,2216,27,0.42089089092308124,0.4676565454700903
4,10,300,2217,27,0.37557755598466086,0.41730839553851207
4,10,300,2218,27,0.4541809501216626,0.5046455001351806
4,10,300,2219,27,0.36563095621922426,0.40625661802136026
4,10,300,2220,27,0.2963415568857857,0.32926839653976187
4,10,300,2221,27,0.2892884276186476,0.32143158624294177
4,10,300,2222,27,0.33221193078643396,0.36912436754048217
4,10,300,2223,27,0.3285299461543859,0.36503327350487325
4,10,300,2224,27,0.4401420208469566,0.4890466898299517
4,10,300,2225,27,0.30470640470484117,0.338562671894268
4,10,300,2226,27,0.4470638342205129,0.4967375935783477
4,10,300,2227,27,0.34136175673474645,0.3792908408163849
4,10,300,2228,27,0.46843157772564936,0.5204795308062771
4,10,300,2229,27,0.36808026957651685,0.40897807730724095
4,10,300,2230,27,0.3340237892415548,0.37113754360172757
4,10,300,2231,27,0.34263171274329346,0.38070190304810386
4,10,300,2232,27,0.3165978771093026,0.3517754190103362
4,10,300,2233,27,0.2852953841785747,0.31699487130952747
4,10,300,2234,27,0.30722545247565236,0.34136161386183594
4,10,300,2235,27,0.3948074000335786,0.43867488892619844
4,10,300,2236,27,0.403638630345849,0.44848736705094333
4,10,300,2237,27,0.25465319786490426,0.2829479976276714
4,10,300,2238,27,0.3538478061840298,0.39316422909336646
4,10,300,2239,27,0.35218896462716487,0.39132107180796094
4,10,300,2240,27,0.4152622833253251,0.461402537028139
4,10,300,2241,27,0.36919127953428055,0.4102125328158673
4,10,300,2242,27,0.3609683309962495,0.4010759233291661
4,10,300,2243,27,0.38534951340921275,0.4281661260102364
4,10,300,2244,27,0.2929785367290299,0.32553170747669985
4,10,300,2245,27,0.3254788408385558,0.36164315648728423
4,10,300,2246,27,0.45122778980417044,0.5013642108935227
4,10,300,2247,27,0.3215085745635337,0.35723174951503744
4,10,300,2248,27,0.28071472661506564,0.31190525179451734
4,10,300,2249,27,0.3604634337572456,0.4005149263969396
4,10,300,2250,27,0.3596673283046091,0.39963036478289904
4,10,300,2251,27,0.5062100435354585,0.5624556039282872
4,10,300,2252,27,0.4267518487446125,0.47416872082734723
4,10,300,2253,27,0.49565585835983894,0.5507287315109322
4,10,300,2254,27,0.310937018831552,0.34548557647950223
4,10,300,2255,27,0.27205404588995635,0.3022822732110626
4,10,300,2256,27,0.4400871373798446,0.4889857081998274
4,10,300,2257,27,0.3551967920587585,0.3946631022875094
4,10,300,2258,27,0.5081659080388693,0.5646287867098548
4,10,300,2259,27,0.4889443926160501,0.5432715473511668
4,10,300,2260,27,0.283503889456414,0.3150043216182378
4,10,300,2261,27,0.37890288725168,0.4210032080574222
4,10,300,2262,27,0.4534060401242693,0.5037844890269659
4,10,300,2263,27,0.3948516149904497,0.4387240166560552
4,10,300,2264,27,0.28428375725353855,0.3158708413928206
4,10,300,2265,27,0.4131629799812131,0.45906997775690345
4,10,300,2266,27,0.3644278448024423,0.4049198275582692
4,10,300,2267,27,0.36801187003612645,0.40890207781791826
4,10,300,2268,27,0.44378153983432544,0.4930905998159172
4,10,300,2269,27,0.4676267938679001,0.519585326519889
4,10,300,2270,27,0.48218181078050415,0.5357575675338935
4,10,300,2271,27,0.3208326576915316,0.35648073076836845
4,10,300,2272,27,0.4039468177029216,0.4488297974476907
4,10,300,2273,27,0.2949961029362434,0.3277734477069371
4,10,300,2274,27,0.37603906838346146,0.41782118709273497
4,10,300,2275,27,0.5175718717843782,0.5750798575381981
4,10,300,2276,27,0.34006239089435064,0.37784710099372293
4,10,300,2277,27,0.331997387123073,0.3688859856923033
4,10,300,2278,27,0.45142614586393953,0.5015846065154883
4,10,300,2279,27,0.32188906507642767,0.35765451675158627
4,10,300,2280,27,0.41312262766999575,0.4590251418555508
4,10,300,2281,27,0.2442915145253075,0.27143501613923054
4,10,300,2282,27,0.317019754839578,0.35224417204397557
4,10,300,2283,27,0.46221716078189096,0.5135746230909899
4,10,300,2284,27,0.3058270009072725,0.3398077787858583
4,10,300,2285,27,0.5021377463721247,0.5579308293023608
4,10,300,2286,27,0.4062012908505193,0.45133476761168817
4,10,300,2287,27,0.3083590332115256,0.3426211480128062
4,10,300,2288,27,0.3232024541953288,0.3591138379948097
4,10,300,2289,27,0.31178416774978945,0.3464268530553216
4,10,300,2290,27,0.34942979374312205,0.38825532638124677
4,10,300,2291,27,0.5925342402500162,0.6583713780555737
4,10,300,2292,27,0.3783634754781394,0.42040386164237714
4,10,300,2293,27,0.40253217792599405,0.44725797547332674
4,10,300,2294,27,0.38882760054022175,0.4320306672669131
4,10,300,2295,27,0.4186600925723539,0.4651778806359488
4,10,300,2296,27,0.3484630564168303,0.3871811737964781
4,10,300,2297,27,0.40810684434390065,0.4534520492710007
4,10,300,2298,27,0.32608587905106806,0.3623176433900756
4,10,300,2299,27,0.3343270457887716,0.3714744953208573
4,10,300,2300,27,0.5312898409166478,0.590322045462942
4,10,300,2301,27,0.3971304644193315,0.441256071577035
4,10,300,2302,27,0.42862467766255957,0.4762496418472884
4,10,300,2303,27,0.35331321181589304,0.3925702353509922
4,10,300,2304,27,0.35903442281911424,0.3989271364656825
4,10,300,2305,27,0.46699757231881445,0.5188861914653494
4,10,300,2306,27,0.29629332690749655,0.32921480767499617
4,10,300,2307,27,0.43443095865741177,0.48270106517490197
4,10,300,2308,27,0.37194873715587484,0.4132763746176387
4,10,300,2309,27,0.46973636584977424,0.5219292953886381
4,10,300,2310,27,0.30406268978278816,0.33784743309198684
4,10,300,2311,27,0.47699880118199195,0.5299986679799911
4,10,300,2312,27,0.3176456677527605,0.3529396308364005
4,10,300,2313,27,0.3920681906441849,0.43563132293798323
4,10,300,2314,27,0.25595958453398443,0.28439953837109383
4,10,300,2315,27,0.35125810417902625,0.3902867824211403
4,10,300,2316,27,0.5546804470047442,0.616311607783049
4,10,300,2317,27,0.31413109622799046,0.34903455136443384
4,10,300,2318,27,0.37271898070648934,0.4141322007849882
4,10,300,2319,27,0.3662808646213702,0.4069787384681891
4,10,300,2320,27,0.4529814862150945,0.503312762461216
4,10,300,2321,27,0.3518289290954356,0.3909210323282618
4,10,300,2322,27,0.3261967431267322,0.3624408256963691
4,10,300,2323,27,0.33390769093563666,0.3710085454840407
4,10,300,2324,27,0.4329373871894987,0.4810415413216652
4,10,300,2325,27,0.5745242313945997,0.6383602571051108
4,10,300,2326,27,0.30930883189386393,0.343676479882071
4,10,300,2327,27,0.5127213393278084,0.5696903770308982
4,10,300,2328,27,0.30351840363026983,0.33724267070029984
4,10,300,2329,27,0.4424563989262603,0.4916182210291781
4,10,300,2330,27,0.43874267390075206,0.4874918598897245
4,10,300,2331,27,0.3414642025666417,0.3794046695184907
4,10,300,2332,27,0.3372210909960761,0.3746901011067512
4,10,300,2333,27,0.45985372590585327,0.5109485843398369
4,10,300,2334,27,0.3310785496518208,0.3678650551686898
4,10,300,2335,27,0.5537768101440625,0.6153075668267363
4,10,300,2336,27,0.3896514003824159,0.43294600042490655
4,10,300,2337,27,0.3007564365623681,0.3341738184026312
4,10,300,2338,27,0.31454397964190745,0.3494933107132305
4,10,300,2339,27,0.5025764103048151,0.5584182336720168
4,10,300,2340,27,0.30326821217311856,0.3369646801923539
4,10,300,2341,27,0.29444645587015106,0.32716272874461233
4,10,300,2342,27,0.3172932877861081,0.3525480975401201
4,10,300,2343,27,0.39206771832423026,0.4356307981380336
4,10,300,2344,27,0.3668085735506877,0.4075650817229863
4,10,300,2345,27,0.2995524272207066,0.3328360302452295
4,10,300,2346,27,0.27162257358369635,0.3018028595374404
4,10,300,2347,27,0.4026682187865698,0.44740913198507754
4,10,300,2348,27,0.254339530666497,0.28259947851833
4,10,300,2349,27,0.3944237193708555,0.4382485770787284
4,10,300,2350,27,0.32411772251885107,0.3601308027987234
4,10,300,2351,27,0.49472338512491976,0.5496926501387998
4,10,300,2352,27,0.43283274074881184,0.48092526749867986
4,10,300,2353,27,0.2894570338592263,0.3216189265102514
4,10,300,2354,27,0.33762902279756624,0.37514335866396253
4,10,300,2355,27,0.46766775203178484,0.5196308355908721
4,10,300,2356,27,0.40846181919314345,0.4538464657701594
4,10,300,2357,27,0.28313404158355426,0.3145933795372825
4,10,300,2358,27,0.48161858199037577,0.5351317577670842
4,10,300,2359,27,0.4434512839217274,0.4927236488019193
4,10,300,2360,27,0.303723855975388,0.33747095108376446
4,10,300,2361,27,0.25549932665082326,0.28388814072313695
4,10,300,2362,27,0.27426743788690766,0.3047415976521196
4,10,300,2363,27,0.42393012520694917,0.4710334724521657
4,10,300,2364,27,0.3872296289114195,0.43025514323491054
4,10,300,2365,27,0.2673124409392519,0.2970138232658354
4,10,300,2366,27,0.3642248317432609,0.40469425749251214
4,10,300,2367,27,0.3789059081818044,0.42100656464644937
4,10,300,2368,27,0.36768063315007005,0.40853403683341116
4,10,300,2369,27,0.2815444296741789,0.312827144082421
4,10,300,2370,27,0.5532104871837449,0.6146783190930499
4,10,300,2371,27,0.32354781933500154,0.3594975770388906
4,10,300,2372,27,0.4463612319999595,0.4959569244443994
4,10,300,2373,27,0.4022396582728267,0.4469329536364741
4,10,300,2374,27,0.6614229744180816,0.7349144160200907
4,10,300,2375,27,0.5819434108192705,0.6466037897991894
4,10,300,2376,27,0.421084719052909,0.4678719100587878
4,10,300,2377,27,0.27844235477628126,0.3093803941958681
4,10,300,2378,27,0.3934279162316645,0.4371421291462939
4,10,300,2379,27,0.3558590654423954,0.3953989616026615
4,10,300,2380,27,0.37017702499732674,0.4113078055525853
4,10,300,2381,27,0.4641725227576594,0.5157472475085104
4,10,300,2382,27,0.37691895403715153,0.4187988378190573
4,10,300,2383,27,0.5134771253306271,0.5705301392562523
4,10,300,2384,27,0.3490607732007891,0.3878453035564324
4,10,300,2385,27,0.3215742331408288,0.35730470348980975
4,10,300,2386,27,0.4569437583753279,0.5077152870836976
4,10,300,2387,27,0.40770570932785544,0.45300634369761716
4,10,300,2388,27,0.30947580346268266,0.3438620038474252
4,10,300,2389,27,0.23523893288429168,0.26137659209365743
4,10,300,2390,27,0.38825992353510363,0.43139991503900404
4,10,300,2391,27,0.31685031219561977,0.3520559024395775
4,10,300,2392,27,0.26259274386818665,0.2917697154090963
4,10,300,2393,27,0.3445328815394327,0.38281431282159184
4,10,300,2394,27,0.3386578679795058,0.3762865199772287
4,10,300,2395,27,0.40588974422988106,0.45098860469986785
4,10,300,2396,27,0.41118484228013397,0.4568720469779266
4,10,300,2397,27,0.4337781416875546,0.4819757129861717
4,10,300,2398,27,0.348623203047862,0.38735911449762445
4,10,300,2399,27,0.3063684739951945,0.34040941555021614
4,10,300,2400,27,0.3238788940559655,0.35986543783996167
4,10,300,2401,27,0.37025612175872263,0.41139569084302513
4,10,300,2402,27,0.3780032381798861,0.42000359797765124
4,10,300,2403,27,0.3208649830069638,0.35651664778551534
4,10,300,2404,27,0.3777317087376826,0.41970189859742507
4,10,300,2405,27,0.44014656761019777,0.48905174178910865
4,10,300,2406,27,0.46280912500953963,0.5142323611217107
4,10,300,2407,27,0.4571334002446641,0.507926000271849
4,10,300,2408,27,0.43967345370752,0.48852605967502216
4,10,300,2409,27,0.45644106077084673,0.5071567341898296
4,10,300,2410,27,0.5062149007543941,0.5624610008382157
4,10,300,2411,27,0.3590181194498936,0.39890902161099284
4,10,300,2412,27,0.5548622689035463,0.6165136321150514
4,10,300,2413,27,0.34920435953893464,0.3880048439321496
4,10,300,2414,27,0.3475201912808945,0.3861335458676606
4,10,300,2415,27,0.35034546737586936,0.38927274152874375
4,10,300,2416,27,0.39405497860635963,0.4378388651181773
4,10,300,2417,27,0.41504743986593984,0.4611638220732665
4,10,300,2418,27,0.408659531876701,0.4540661465296678
4,10,300,2419,27,0.5299399090591548,0.5888221211768386
4,10,300,2420,27,0.29606174826373316,0.3289574980708146
4,10,300,2421,27,0.3291195332202902,0.3656883702447669
4,10,300,2422,27,0.26132893323510326,0.290365481372337
4,10,300,2423,27,0.40248803784565973,0.44720893093962194
4,10,300,2424,27,0.3105259098221972,0.3450287886913302
4,10,300,2425,27,0.26068822919154877,0.28965358799060975
4,10,300,2426,27,0.2554251098859778,0.28380567765108644
4,10,300,2427,27,0.4540648175834698,0.5045164639816331
4,10,300,2428,27,0.31563496009205744,0.35070551121339716
4,10,300,2429,27,0.4564849373512113,0.5072054859457903
4,10,300,2430,27,0.42548124133626686,0.4727569348180743
4,10,300,2431,27,0.5393004932218222,0.5992227702464691
4,10,300,2432,27,0.4432939184080441,0.4925487982311601
4,10,300,2433,27,0.29352946329668506,0.32614384810742786
4,10,300,2434,27,0.356224871360738,0.39580541262304225
4,10,300,2435,27,0.29549972788038914,0.32833303097821015
4,10,300,2436,27,0.32884801293056853,0.36538668103396504
4,10,300,2437,27,0.40380079809998903,0.44866755344443227
4,10,300,2438,27,0.3894498107508003,0.43272201194533366
4,10,300,2439,27,0.3012123125636461,0.3346803472929401
4,10,300,2440,27,0.39394095689898595,0.4377121743322066
4,10,300,2441,27,0.3393244748413071,0.37702719426811904
4,10,300,2442,27,0.43599203691653954,0.48443559657393276
4,10,300,2443,27,0.36172263816976385,0.40191404241084877
4,10,300,2444,27,0.4000440537354718,0.44449339303941315
4,10,300,2445,27,0.3314517363628095,0.3682797070697883
4,10,300,2446,27,0.47992319305032505,0.5332479922781389
4,10,300,2447,27,0.25703622881569527,0.2855958097952169
4,10,300,2448,27,0.3200168600273601,0.355574288919289
4,10,300,2449,27,0.2809333353917782,0.3121481504353092
4,10,300,2450,27,0.32599237289437377,0.3622137476604153
4,10,300,2451,27,0.5815224153731846,0.6461360170813163
4,10,300,2452,27,0.500345141501395,0.5559390461126611
4,10,300,2453,27,0.468304786173032,0.520338651303369
4,10,300,2454,27,0.3015991410481085,0.3351101567201205
4,10,300,2455,27,0.45607507770343925,0.5067500863371547
4,10,300,2456,27,0.3252693250902807,0.361410361211423
4,10,300,2457,27,0.3823256022255989,0.4248062246951099
4,10,300,2458,27,0.33583988843210866,0.3731554315912318
4,10,300,2459,27,0.39373297796532836,0.4374810866281426
4,10,300,2460,27,0.3187844672546614,0.3542049636162905
4,10,300,2461,27,0.4158212817746968,0.46202364641632976
4,10,300,2462,27,0.309227035753242,0.34358559528138
4,10,300,2463,27,0.32449498230698703,0.3605499803410967
4,10,300,2464,27,0.3595824776361257,0.3995360862623619
4,10,300,2465,27,0.3252128876244872,0.3613476529160969
4,10,300,2466,27,0.39242489198708014,0.4360276577634224
4,10,300,2467,27,0.2874746429058238,0.31941626989535976
4,10,300,2468,27,0.35454823740222247,0.3939424860024694
4,10,300,2469,27,0.2899781064880217,0.32219789609780186
4,10,300,2470,27,0.23749042298753786,0.263878247763931
4,10,300,2471,27,0.35846044837604096,0.39828938708448997
4,10,300,2472,27,0.334453997868853,0.3716155531876144
4,10,300,2473,27,0.26751387756048417,0.2972376417338713
4,10,300,2474,27,0.4150783091124802,0.4611981212360891
4,10,300,2475,27,0.45984721199018236,0.5109413466557582
4,10,300,2476,27,0.3043733551789258,0.3381926168654731
4,10,300,2477,27,0.4214976685791159,0.4683307428656843
4,10,300,2478,27,0.3600364622174732,0.4000405135749702
4,10,300,2479,27,0.5327798056877037,0.5919775618752263
4,10,300,2480,27,0.40758117916339665,0.4528679768482185
4,10,300,2481,27,0.23969679292673476,0.2663297699185942
4,10,300,2482,27,0.30716898060317277,0.34129886733685866
4,10,300,2483,27,0.3880265485805923,0.43114060953399147
4,10,300,2484,27,0.4773362477149312,0.5303736085721458
4,10,300,2485,27,0.3362419980630814,0.3736022200700905
4,10,300,2486,27,0.32244714708932554,0.35827460787702836
4,10,300,2487,27,0.4999907640879053,0.5555452934310059
4,10,300,2488,27,0.307375614635721,0.3415284607063567
4,10,300,2489,27,0.46809896934762707,0.5201099659418079
4,10,300,2490,27,0.2845738650461504,0.31619318338461155
4,10,300,2491,27,0.35899538385438157,0.39888375983820173
4,10,300,2492,27,0.49846821157843285,0.553853568420481
4,10,300,2493,27,0.3515805988849381,0.39064510987215345
4,10,300,2494,27,0.38676309697600575,0.42973677441778413
4,10,300,2495,27,0.435093284345121,0.48343698260569
4,10,300,2496,27,0.4732609528655872,0.5258455031839858
4,10,300,2497,27,0.30372162816862736,0.33746847574291927
4,10,300,2498,27,0.42459384617577345,0.47177094019530386
4,10,300,2499,27,0.31989545819112886,0.3554393979901432
4,10,300,2500,27,0.31746266773545584,0.35273629748383983
4,10,300,2501,27,0.3380865938787825,0.37565177097642494
4,10,300,2502,27,0.4224386424088773,0.46937626934319704
4,10,300,2503,27,0.36670946199530985,0.40745495777256646
4,10,300,2504,27,0.48701251261108247,0.5411250140123138
4,10,300,2505,27,0.31815874559149937,0.3535097173238882
4,10,300,2506,27,0.599140936593895,0.6657121517709945
4,10,300,2507,27,0.4427655785676714,0.4919617539640794
4,10,300,2508,27,0.35800266294768646,0.3977807366085405
4,10,300,2509,27,0.3736570494634236,0.415174499403804
4,10,300,2510,27,0.5258728677572277,0.5843031863969198
4,10,300,2511,27,0.5338679750356246,0.5931866389284717
4,10,300,2512,27,0.5023377962052625,0.5581531068947362
4,10,300,2513,27,0.45722753112086995,0.5080305901342999
4,10,300,2514,27,0.4184224180718521,0.46491379785761344
4,10,300,2515,27,0.3784907766510295,0.42054530739003276
4,10,300,2516,27,0.32987138645623565,0.3665237627291507
4,10,300,2517,27,0.37279581513120924,0.41421757236801027
4,10,300,2518,27,0.3562677514989389,0.39585305722104325
4,10,300,2519,27,0.30898137203439247,0.3433126355937694
4,10,300,2520,27,0.3868729306313041,0.42985881181256014
4,10,300,2521,27,0.2722883565066012,0.30254261834066803
4,10,300,2522,27,0.4203493737190846,0.4670548596878718
4,10,300,2523,27,0.407024527387479,0.4522494748749767
4,10,300,2524,27,0.33377047551570826,0.3708560839063425
4,10,300,2525,27,0.2833211136441804,0.31480123738242266
4,10,300,2526,27,0.2798389507574526,0.3109321675082806
4,10,300,2527,27,0.358090637127541,0.3978784856972678
4,10,300,2528,27,0.37044279357161575,0.41160310396846195
4,10,300,2529,27,0.4576501192570963,0.5085001325078848
4,10,300,2530,27,0.35045266634997974,0.38939185149997746
4,10,300,2531,27,0.34794576296166124,0.3866064032907347
4,10,300,2532,27,0.42095909895528516,0.46773233217253907
4,10,300,2533,27,0.39724140664401103,0.44137934071556784
4,10,300,2534,27,0.3042659507407067,0.33807327860078523
4,10,300,2535,27,0.3973513654336561,0.44150151714850683
4,10,300,2536,27,0.34673441969694074,0.38526046632993416
4,10,300,2537,27,0.36278170553014255,0.40309078392238057
4,10,300,2538,27,0.27076668759400113,0.30085187510444567
4,10,300,2539,27,0.3954455116051164,0.4393839017834626
4,10,300,2540,27,0.29355731906095206,0.3261747989566134
4,10,300,2541,27,0.36239580110179215,0.4026620012242135
4,10,300,2542,27,0.35062920732335223,0.3895880081370581
4,10,300,2543,27,0.2838150764488865,0.3153500849432072
4,10,300,2544,27,0.3566544205432764,0.39628268949252937
4,10,300,2545,27,0.3659178471979526,0.4065753857755029
4,10,300,2546,27,0.4085005328808553,0.4538894809787281
4,10,300,2547,27,0.4094897844859232,0.45498864942880357
4,10,300,2548,27,0.3369096072547344,0.374344008060816
4,10,300,2549,27,0.3973245451354305,0.441471716817145
4,10,300,2550,27,0.33037716570802245,0.3670857396755805
4,10,300,2551,27,0.463901249570409,0.51544583285601
4,10,300,2552,27,0.3502678580731917,0.389186508970213
4,10,300,2553,27,0.34794183309547605,0.3866020367727512
4,10,300,2554,27,0.48263838996245423,0.5362648777360602
4,10,300,2555,27,0.47812631475382794,0.5312514608375866
4,10,300,2556,27,0.46345638656432775,0.5149515406270309
4,10,300,2557,27,0.39554248273478737,0.4394916474830971
4,10,300,2558,27,0.3580919338808177,0.3978799265342419
4,10,300,2559,27,0.3648352255512308,0.4053724728347009
4,10,300,2560,27,0.3824003744288743,0.4248893049209715
4,10,300,2561,27,0.4092430085342649,0.45471445392696097
4,10,300,2562,27,0.5046269003503996,0.5606965559448884
4,10,300,2563,27,0.567295092905456,0.6303278810060623
4,10,300,2564,27,0.35687932919532434,0.39653258799480484
4,10,300,2565,27,0.32571798683793335,0.3619088742643704
4,10,300,2566,27,0.3492675704724096,0.38807507830267735
4,10,300,2567,27,0.4524294324962898,0.502699369440322
4,10,300,2568,27,0.43473243184494254,0.4830360353832695
4,10,300,2569,27,0.36442931832632136,0.40492146480702373
4,10,300,2570,27,0.2629999147212681,0.2922221274680757
4,10,300,2571,27,0.35716589225465956,0.3968509913940662
4,10,300,2572,27,0.32631415854823387,0.36257128727581545
4,10,300,2573,27,0.3386837945834806,0.3763153273149784
4,10,300,2574,27,0.42574635288378637,0.4730515032042071
4,10,300,2575,27,0.3756964380758019,0.41744048675089096
4,10,300,2576,27,0.3218030854631148,0.35755898384790535
4,10,300,2577,27,0.41716149572248035,0.4635127730249781
4,10,300,2578,27,0.36914518864294077,0.4101613207143786
4,10,300,2579,27,0.2851486503254651,0.3168318336949612
4,10,300,2580,27,0.3502351147446907,0.3891501274941008
4,10,300,2581,27,0.3248941898666822,0.3609935442963136
4,10,300,2582,27,0.253077744700259,0.2811974941113989
4,10,300,2583,27,0.3100577272836612,0.3445085858707347
4,10,300,2584,27,0.38587826228300787,0.42875362475889767
4,10,300,2585,27,0.3144390728781304,0.3493767476423671
4,10,300,2586,27,0.46317104694333466,0.5146344966037052
4,10,300,2587,27,0.3427247091257424,0.380805232361936
4,10,300,2588,27,0.3563119450092978,0.395902161121442
4,10,300,2589,27,0.36905897994538556,0.4100655332726506
4,10,300,2590,27,0.28694924153378754,0.31883249059309726
4,10,300,2591,27,0.2811546996383504,0.3123941107092782
4,10,300,2592,27,0.526941819154917,0.58549091017213
4,10,300,2593,27,0.28187303705391403,0.31319226339323786
4,10,300,2594,27,0.3528105526275748,0.3920117251417498
4,10,300,2595,27,0.4365086982606543,0.4850096647340603
4,10,300,2596,27,0.25613414224434605,0.28459349138260676
4,10,300,2597,27,0.4418077976567977,0.4908975529519974
4,10,300,2598,27,0.3559135452775112,0.3954594947527902
4,10,300,2599,27,0.49738745285098435,0.5526527253899827
4,10,300,2600,27,0.4457264569248805,0.49525161880542273
4,10,300,2601,27,0.41283297968007004,0.4587033107556334
4,10,300,2602,27,0.41697248372682283,0.4633027596964698
4,10,300,2603,27,0.3298618859261341,0.3665132065845934
4,10,300,2604,27,0.45074016434126035,0.5008224048236226
4,10,300,2605,27,0.459249924072063,0.5102776934134033
4,10,300,2606,27,0.3306877139790044,0.36743079331000494
4,10,300,2607,27,0.4327957850544222,0.4808842056160247
4,10,300,2608,27,0.5209356887123646,0.5788174319026274
4,10,300,2609,27,0.37857721550418444,0.4206413505602049
4,10,300,2610,27,0.4101436043221248,0.455715115913472
4,10,300,2611,27,0.27295132806187916,0.303279253402088
4,10,300,2612,27,0.3984274412593849,0.4426971569548721
4,10,300,2613,27,0.47607584557572924,0.5289731617508102
4,10,300,2614,27,0.344694884996781,0.38299431666309003
4,10,300,2615,27,0.5001556286649304,0.5557284762943671
4,10,300,2616,27,0.29632335553905265,0.3292481728211696
4,10,300,2617,27,0.5774439129646093,0.6416043477384548
4,10,300,2618,27,0.3614259726335557,0.4015844140372841
4,10,300,2619,27,0.6459333388976907,0.717703709886323
4,10,300,2620,27,0.24746782914460352,0.27496425460511503
4,10,300,2621,27,0.35069325189197964,0.38965916876886625
4,10,300,2622,27,0.39344530105369174,0.43716144561521303
4,10,300,2623,27,0.44463908066266566,0.4940434229585174
4,10,300,2624,27,0.37130867096307507,0.4125651899589723
4,10,300,2625,27,0.33421507734897615,0.3713500859433069
4,10,300,2626,27,0.4170102347735922,0.46334470530399136
4,10,300,2627,27,0.2596723974397348,0.2885248860441498
4,10,300,2628,27,0.4237284899144035,0.4708094332382261
4,10,300,2629,27,0.44030813222483633,0.48923125802759587
4,10,300,2630,27,0.24738626414153156,0.27487362682392397
4,10,300,2631,27,0.37992829458681177,0.42214254954090197
4,10,300,2632,27,0.34344485358115584,0.381605392867951
4,10,300,2633,27,0.42681698032377513,0.474241089248639
4,10,300,2634,27,0.31728869850564567,0.35254299833960634
4,10,300,2635,27,0.338693408910937,0.37632600990104115
4,10,300,2636,27,0.3002720613784964,0.33363562375388484
4,10,300,2637,27,0.3057355237519038,0.33970613750211537
4,10,300,2638,27,0.5270761143067793,0.5856401270075325
4,10,300,2639,27,0.37132865580812385,0.41258739534235983
4,10,300,2640,27,0.35487396032199675,0.39430440035777414
4,10,300,2641,27,0.32759524079063684,0.3639947119895965
4,10,300,2642,27,0.42555456538995573,0.4728384059888397
4,10,300,2643,27,0.3908352556106174,0.43426139512290823
4,10,300,2644,27,0.29492731919760706,0.3276970213306745
4,10,300,2645,27,0.4523760043691519,0.5026400048546132
4,10,300,2646,27,0.28988785270716744,0.3220976141190749
4,10,300,2647,27,0.29348556340195087,0.32609507044661207
4,10,300,2648,27,0.3639809412672081,0.40442326807467566
4,10,300,2649,27,0.4146209157701416,0.46068990641126845
4,10,300,2650,27,0.4281295485041549,0.4756994983379499
4,10,300,2651,27,0.44121689125518465,0.4902409902835385
4,10,300,2652,27,0.4650109916412351,0.5166788796013724
4,10,300,2653,27,0.37267689575858365,0.4140854397317596
4,10,300,2654,27,0.33304069160750904,0.37004521289723225
4,10,300,2655,27,0.2986584392087375,0.33184271023193057
4,10,300,2656,27,0.2976003601509519,0.330667066834391
4,10,300,2657,27,0.6967927359556181,0.7742141510617978
4,10,300,2658,27,0.4316328132898547,0.4795920147665052
4,10,300,2659,27,0.4746003936565806,0.527333770729534
4,10,300,2660,27,0.4134974965229681,0.45944166280329785
4,10,300,2661,27,0.24191352471854372,0.26879280524282634
4,10,300,2662,27,0.383499793580363,0.4261108817559589
4,10,300,2663,27,0.2648252551784794,0.29425028353164373
4,10,300,2664,27,0.35399502724356413,0.3933278080484046
4,10,300,2665,27,0.3909432641185998,0.43438140457622204
4,10,300,2666,27,0.3511461662383085,0.3901624069314539
4,10,300,2667,27,0.33704770584303745,0.3744974509367083
4,10,300,2668,27,0.3210363415205295,0.3567070461339217
4,10,300,2669,27,0.3671116822460067,0.40790186916222965
4,10,300,2670,27,0.37529452887208037,0.4169939209689782
4,10,300,2671,27,0.34803581869339373,0.38670646521488194
4,10,300,2672,27,0.3853817619786826,0.4282019577540918
4,10,300,2673,27,0.2847497821519034,0.3163886468354482
4,10,300,2674,27,0.3193357076910788,0.35481745299008755
4,10,300,2675,27,0.49185637479609845,0.546507083106776
4,10,300,2676,27,0.3631037268410624,0.4034485853789582
4,10,300,2677,27,0.4205624750374557,0.46729163893050635
4,10,300,2678,27,0.4166726752268646,0.4629696391409607
4,10,300,2679,27,0.2792969055019464,0.3103298950021627
4,10,300,2680,27,0.3511679172745587,0.3901865747495097
4,10,300,2681,27,0.33526897013105333,0.37252107792339256
4,10,300,2682,27,0.4290635697019324,0.4767372996688138
4,10,300,2683,27,0.31553318423377463,0.35059242692641623
4,10,300,2684,27,0.3362671300221007,0.3736301444690007
4,10,300,2685,27,0.3607054711551986,0.40078385683910955
4,10,300,2686,27,0.3028418288275617,0.336490920919513
4,10,300,2687,27,0.4258248178554404,0.4731386865060449
4,10,300,2688,27,0.5659727183294425,0.6288585759216028
4,10,300,2689,27,0.357535615800866,0.39726179533429556
4,10,300,2690,27,0.47362801331181487,0.5262533481242387
4,10,300,2691,27,0.40199388068857245,0.4466598674317472
4,10,300,2692,27,0.3605189563896024,0.40057661821066937
4,10,300,2693,27,0.2876662302702171,0.3196291447446856
4,10,300,2694,27,0.5592397545823198,0.6213775050914664
4,10,300,2695,27,0.3913542455675926,0.4348380506306584
4,10,300,2696,27,0.39760119892157936,0.44177910991286595
4,10,300,2697,27,0.19919770763927946,0.22133078626586608
4,10,300,2698,27,0.349065551828107,0.38785061314234115
4,10,300,2699,27,0.46272038240498414,0.5141337582277602
4,10,300,2700,27,0.5203640456237622,0.5781822729152913
4,10,300,2701,27,0.2588583328685047,0.2876203698538941
4,10,300,2702,27,0.5116587682819178,0.5685097425354643
4,10,300,2703,27,0.5316562233942044,0.5907291371046715
4,10,300,2704,27,0.38457747426150934,0.4273083047350104
4,10,300,2705,27,0.32316909116210557,0.35907676795789506
4,10,300,2706,27,0.29782037515438353,0.330911527949315
4,10,300,2707,27,0.28170242029336967,0.3130026892148552
4,10,300,2708,27,0.45988574583821024,0.5109841620424558
4,10,300,2709,27,0.34573623494958616,0.3841513721662068
4,10,300,2710,27,0.3764706759461384,0.41830075105126496
4,10,300,2711,27,0.41805830695457574,0.4645092299495286
4,10,300,2712,27,0.44442469841049803,0.4938052204561089
4,10,300,2713,27,0.3022276432264316,0.3358084924738129
4,10,300,2714,27,0.3134549105419753,0.34828323393552807
4,10,300,2715,27,0.4652745278697473,0.5169716976330525
4,10,300,2716,27,0.2664844859797551,0.29609387331083903
4,10,300,2717,27,0.41823870609333913,0.4647096734370435
4,10,300,2718,27,0.40193855366232545,0.4465983929581394
4,10,300,2719,27,0.4018684002697005,0.4465204447441117
4,10,300,2720,27,0.4700943181480213,0.5223270201644681
4,10,300,2721,27,0.4471189446045678,0.4967988273384087
4,10,300,2722,27,0.4357623732935254,0.4841804147705838
4,10,300,2723,27,0.40807446739123954,0.4534160748791551
4,10,300,2724,27,0.28926014176560966,0.321400157517344
4,10,300,2725,27,0.4674434199843365,0.5193815777603739
4,10,300,2726,27,0.3579050239560291,0.3976722488400323
4,10,300,2727,27,0.34236048292124616,0.3804005365791624
4,10,300,2728,27,0.34894414837464516,0.3877157204162724
4,10,300,2729,27,0.477184739808371,0.5302052664537455
4,10,300,2730,27,0.47107414513086204,0.5234157168120689
4,10,300,2731,27,0.5990395458013424,0.6655994953348249
4,10,300,2732,27,0.2931048898765254,0.325672099862806
4,10,300,2733,27,0.304794878368727,0.3386609759652522
4,10,300,2734,27,0.337029556282297,0.3744772847581078
4,10,300,2735,27,0.2603138850590311,0.2892376500655901
4,10,300,2736,27,0.3800028068557704,0.42222534095085607
4,10,300,2737,27,0.3855021037458074,0.42833567082867485
4,10,300,2738,27,0.36137776899688423,0.40153085444098247
4,10,300,2739,27,0.3638778461709503,0.40430871796772255
4,10,300,2740,27,0.5954687164920363,0.6616319072133736
4,10,300,2741,27,0.45983870187390685,0.5109318909710076
4,10,300,2742,27,0.4394914218024075,0.48832380200267506
4,10,300,2743,27,0.4448788357487272,0.49430981749858577
4,10,300,2744,27,0.30172816354349585,0.33525351504832873
4,10,300,2745,27,0.4691132767433629,0.5212369741592922
4,10,300,2746,27,0.4022657660469037,0.4469619622743375
4,10,300,2747,27,0.2525399554465898,0.2805999504962109
4,10,300,2748,27,0.4002365450811559,0.4447072723123955
4,10,300,2749,27,0.39545591009313963,0.43939545565904403
4,10,300,2750,27,0.32795476432775783,0.36439418258639755
4,10,300,2751,27,0.31433414379902724,0.34926015977669694
4,10,300,2752,27,0.581187429546023,0.6457638106066922
4,10,300,2753,27,0.3792920743526168,0.4214356381695742
4,10,300,2754,27,0.5015892717021048,0.5573214130023386
4,10,300,2755,27,0.4653401668363427,0.5170446298181586
4,10,300,2756,27,0.29984174510654005,0.3331574945628223
4,10,300,2757,27,0.23063629930867366,0.25626255478741516
4,10,300,2758,27,0.5154560856237255,0.5727289840263616
4,10,300,2759,27,0.4959212792460067,0.5510236436066742
4,10,300,2760,27,0.31372019574940996,0.3485779952771222
4,10,300,2761,27,0.3399588049054451,0.37773200545049457
4,10,300,2762,27,0.38977965418255256,0.4330885046472806
4,10,300,2763,27,0.4523133811465643,0.5025704234961825
4,10,300,2764,27,0.3398819045163409,0.37764656057371215
4,10,300,2765,27,0.36367787248528183,0.4040865249836465
4,10,300,2766,27,0.300062681067202,0.3334029789635578
4,10,300,2767,27,0.39106960189404494,0.43452177988227214
4,10,300,2768,27,0.35576923836726554,0.3952991537414062
4,10,300,2769,27,0.35461822969234963,0.3940202552137218
4,10,300,2770,27,0.44563734870692995,0.49515260967436664
4,10,300,2771,27,0.5080124437039373,0.5644582707821526
4,10,300,2772,27,0.34915045802592914,0.38794495336214346
4,10,300,2773,27,0.344702240173217,0.3830024890813522
4,10,300,2774,27,0.54654634763483,0.6072737195942556
4,10,300,2775,27,0.4610656143702618,0.5122951270780687
4,10,300,2776,27,0.33644604497866404,0.37382893886518226
4,10,300,2777,27,0.3231349538898499,0.3590388376553888
4,10,300,2778,27,0.3894946892556477,0.43277187695071967
4,10,300,2779,27,0.37835160758294983,0.4203906750921665
4,10,300,2780,27,0.4237727409683158,0.47085860107590644
4,10,300,2781,27,0.3898088565815994,0.43312095175733273
4,10,300,2782,27,0.3854636229962366,0.4282929144402629
4,10,300,2783,27,0.3802468124273761,0.42249645825264015
4,10,300,2784,27,0.5195502312135889,0.5772780346817654
4,10,300,2785,27,0.26561710033495545,0.29513011148328383
4,10,300,2786,27,0.33929913241092896,0.3769990360121433
4,10,300,2787,27,0.29287892622552586,0.3254210291394732
4,10,300,2788,27,0.40470131722957553,0.4496681302550839
4,10,300,2789,27,0.35450308493287686,0.3938923165920854
4,10,300,2790,27,0.3478997871696131,0.3865553190773479
4,10,300,2791,27,0.3622797024634742,0.40253300273719356
4,10,300,2792,27,0.4099217545120337,0.4554686161244819
4,10,300,2793,27,0.379757619866696,0.42195291096299553
4,10,300,2794,27,0.4574841440006936,0.5083157155563263
4,10,300,2795,27,0.37349532842700384,0.4149948093633376
4,10,300,2796,27,0.38241714883074784,0.42490794314527536
4,10,300,2797,27,0.26860946206383624,0.29845495784870696
4,10,300,2798,27,0.38221164317757506,0.42467960353063894
4,10,300,2799,27,0.3566629163034064,0.39629212922600715
4,10,300,2800,27,0.3513356584174394,0.39037295379715486
4,10,300,2801,27,0.4034997772551284,0.4483330858390316
4,10,300,2802,27,0.4483889860885938,0.498209984542882
4,10,300,2803,27,0.44214748875407195,0.4912749875045244
4,10,300,2804,27,0.3688524291909574,0.4098360324343971
4,10,300,2805,27,0.2630049420373888,0.2922277133748764
4,10,300,2806,27,0.6272436770476765,0.6969374189418627
4,10,300,2807,27,0.31123476698377894,0.34581640775975436
4,10,300,2808,27,0.33818153427015235,0.3757572603001693
4,10,300,2809,27,0.3828533972811041,0.42539266364567124
4,10,300,2810,27,0.36560844618238675,0.40623160686931864
4,10,300,2811,27,0.4670300028182334,0.5189222253535927
4,10,300,2812,27,0.41242412201624534,0.4582490244624948
4,10,300,2813,27,0.29748003219828356,0.330533369109204
4,10,300,2814,27,0.42955301612617375,0.47728112902908193
4,10,300,2815,27,0.32222053701434544,0.35802281890482823
4,10,300,2816,27,0.42559828985699,0.47288698872998886
4,10,300,2817,27,0.3467635865416563,0.38529287393517364
4,10,300,2818,27,0.334694804826732,0.3718831164741466
4,10,300,2819,27,0.3191095907039816,0.3545662118933129
4,10,300,2820,27,0.3626238234452418,0.402915359383602
4,10,300,2821,27,0.40618124527123045,0.4513124947458116
4,10,300,2822,27,0.41621190864599145,0.4624576762733238
4,10,300,2823,27,0.34750924252664406,0.38612138058516005
4,10,300,2824,27,0.3570728221216762,0.39674758013519573
4,10,300,2825,27,0.24436130442174953,0.27151256046861055
4,10,300,2826,27,0.3952532282985267,0.43917025366502965
4,10,300,2827,27,0.3905371385659711,0.4339301539621901
4,10,300,2828,27,0.36963951360364167,0.410710570670713
4,10,300,2829,27,0.3492835356271543,0.38809281736350476
4,10,300,2830,27,0.3472823639653046,0.38586929329478287
4,10,300,2831,27,0.4590076590016301,0.5100085100018112
4,10,300,2832,27,0.25634228899532585,0.28482476555036207
4,10,300,2833,27,0.37763727131530367,0.4195969681281152
4,10,300,2834,27,0.424316110154069,0.47146234461563225
4,10,300,2835,27,0.3087897695468556,0.34309974394095066
4,10,300,2836,27,0.32582817451555346,0.36203130501728165
4,10,300,2837,27,0.4759418156149962,0.528824239572218
4,10,300,2838,27,0.3823978408940103,0.4248864898822337
4,10,300,2839,27,0.318054527281574,0.3533939192017489
4,10,300,2840,27,0.4988687871699057,0.5542986524110063
4,10,300,2841,27,0.28099189571560323,0.3122132174617814
4,10,300,2842,27,0.3466649601333325,0.3851832890370361
4,10,300,2843,27,0.2918531270693636,0.32428125229929294
4,10,300,2844,27,0.34373459419457497,0.3819273268828611
4,10,300,2845,27,0.40684876651692337,0.45205418501880373
4,10,300,2846,27,0.3643461628808703,0.4048290698676337
4,10,300,2847,27,0.29464820242925893,0.32738689158806544
4,10,300,2848,27,0.3388375785764549,0.37648619841828324
4,10,300,2849,27,0.23993510861067835,0.2665945651229759
4,10,300,2850,27,0.25287729620130184,0.28097477355700207
4,10,300,2851,27,0.3562169682443725,0.3957966313826361
4,10,300,2852,27,0.3356323140985578,0.372924793442842
4,10,300,2853,27,0.8460675259257101,0.9400750288063446
4,10,300,2854,27,0.317349852071938,0.3526109467465978
4,10,300,2855,27,0.29044470610794326,0.32271634011993694
4,10,300,2856,27,0.300463896873329,0.33384877430369886
4,10,300,2857,27,0.46463431467778415,0.5162603496419824
4,10,300,2858,27,0.329451882979213,0.36605764775468114
4,10,300,2859,27,0.27278523466941923,0.3030947051882436
4,10,300,2860,27,0.3627015200739168,0.4030016889710187
4,10,300,2861,27,0.24555356835229736,0.27283729816921926
4,10,300,2862,27,0.27160945288022703,0.30178828097803
4,10,300,2863,27,0.3949793124986555,0.4388659027762839
4,10,300,2864,27,0.3884962516785664,0.43166250186507377
4,10,300,2865,27,0.44673584648923537,0.49637316276581706
4,10,300,2866,27,0.3381273703573132,0.3756970781747925
4,10,300,2867,27,0.2945169814863131,0.32724109054034795
4,10,300,2868,27,0.3627025691914596,0.40300285465717733
4,10,300,2869,27,0.3212626631648364,0.35695851462759604
4,10,300,2870,27,0.27848199968098886,0.30942444408998765
4,10,300,2871,27,0.3623013320043119,0.4025570355603466
4,10,300,2872,27,0.5523503375098144,0.6137225972331272
4,10,300,2873,27,0.3543162425493266,0.3936847139436962
4,10,300,2874,27,0.47466807317870585,0.527408970198562
4,10,300,2875,27,0.3903926339485043,0.4337695932761159
4,10,300,2876,27,0.33468950185174073,0.3718772242797119
4,10,300,2877,27,0.29577576692415053,0.32863974102683396
4,10,300,2878,27,0.24507416544283775,0.2723046282698197
4,10,300,2879,27,0.42976418788432397,0.4775157643159155
4,10,300,2880,27,0.3613776390537739,0.4015307100597488
4,10,300,2881,27,0.37137355508435793,0.41263728342706435
4,10,300,2882,27,0.4987813629135646,0.5542015143484051
4,10,300,2883,27,0.3410645943620576,0.3789606604022862
4,10,300,2884,27,0.2596670016292649,0.28851889069918324
4,10,300,2885,27,0.35250694133538635,0.39167437926154036
4,10,300,2886,27,0.34866377080508404,0.3874041897834267
4,10,300,2887,27,0.32621745897037546,0.3624638433004172
4,10,300,2888,27,0.39720452914494375,0.4413383657166042
4,10,300,2889,27,0.347601545245342,0.38622393916149106
4,10,300,2890,27,0.3944805931355161,0.43831177015057343
4,10,300,2891,27,0.508157778379622,0.5646197537551355
4,10,300,2892,27,0.3062335731333131,0.34025952570368123
4,10,300,2893,27,0.3042683548894187,0.3380759498771319
4,10,300,2894,27,0.375308949353094,0.41700994372566
4,10,300,2895,27,0.42906121618444615,0.4767346846493846
4,10,300,2896,27,0.40276173364295775,0.4475130373810642
4,10,300,2897,27,0.4214116513721894,0.46823516819132155
4,10,300,2898,27,0.3028181299818899,0.3364645888687665
4,10,300,2899,27,0.38955050878387976,0.43283389864875527
4,10,300,2900,27,0.2474062861740791,0.27489587352675454
4,10,300,2901,27,0.37253581647256445,0.41392868496951607
4,10,300,2902,27,0.25599596396656255,0.28443995996284727
4,10,300,2903,27,0.3564017634264732,0.39600195936274796
4,10,300,2904,27,0.3611386483486728,0.4012651648318587
4,10,300,2905,27,0.4150882389803417,0.4612091544226019
4,10,300,2906,27,0.2814023648964298,0.3126692943293664
4,10,300,2907,27,0.2748733301071087,0.30541481123012076
4,10,300,2908,27,0.4085868526628672,0.45398539184763026
4,10,300,2909,27,0.47453342294823375,0.5272593588313709
4,10,300,2910,27,0.4368213430278819,0.48535704780875766
4,10,300,2911,27,0.388334649699766,0.4314829441108511
4,10,300,2912,27,0.4093371002872925,0.45481900031921385
4,10,300,2913,27,0.3054379392744133,0.3393754880826815
4,10,300,2914,27,0.33306224694642994,0.370069163273811
4,10,300,2915,27,0.378432053093453,0.4204800589927256
4,10,300,2916,27,0.3307027712965226,0.36744752366280287
4,10,300,2917,27,0.4281671384412086,0.4757412649346762
4,10,300,2918,27,0.3650955082472226,0.4056616758302473
4,10,300,2919,27,0.4228223740995438,0.469802637888382
4,10,300,2920,27,0.34289690448086746,0.38099656053429715
4,10,300,2921,27,0.3266366756403213,0.362929639600357
4,10,300,2922,27,0.4320949435417751,0.4801054928241945
4,10,300,2923,27,0.42331081762807904,0.47034535292008783
4,10,300,2924,27,0.3636027089487802,0.40400300994308913
4,10,300,2925,27,0.31224123808619714,0.3469347089846635
4,10,300,2926,27,0.26538534110137324,0.29487260122374803
4,10,300,2927,27,0.28153243716682586,0.31281381907425093
4,10,300,2928,27,0.30131518875444535,0.334794654171606
4,10,300,2929,27,0.4433205548978708,0.49257839433096756
4,10,300,2930,27,0.32522539966085917,0.3613615551787324
4,10,300,2931,27,0.4001075727641684,0.44456396973796486
4,10,300,2932,27,0.2535089004991887,0.2816765561102097
4,10,300,2933,27,0.31153077473971713,0.3461453052663524
4,10,300,2934,27,0.38566465460819777,0.4285162828979975
4,10,300,2935,27,0.42014580938972024,0.4668286770996891
4,10,300,2936,27,0.34277808095334517,0.38086453439260576
4,10,300,2937,27,0.32313689911493426,0.35904099901659364
4,10,300,2938,27,0.3849175844705939,0.4276862049673265
4,10,300,2939,27,0.32651840016434974,0.36279822240483306
4,10,300,2940,27,0.324130741794724,0.3601452686608045
4,10,300,2941,27,0.30228968864070593,0.3358774318230066
4,10,300,2942,27,0.41464826421219947,0.46072029356911054
4,10,300,2943,27,0.4317303405878028,0.479700378430892
4,10,300,2944,27,0.37990594087392615,0.42211771208214016
4,10,300,2945,27,0.4630174646985846,0.5144638496650941
4,10,300,2946,27,0.2994918841266346,0.33276876014070506
4,10,300,2947,27,0.3939328438951331,0.43770315988348124
4,10,300,2948,27,0.47671991993042634,0.529688799922696
4,10,300,2949,27,0.41551553025086313,0.461683922500959
4,10,300,2950,27,0.25760043966861995,0.28622271074291106
4,10,300,2951,27,0.39857605735614676,0.4428622859512742
4,10,300,2952,27,0.39989854019610754,0.4443317113290084
4,10,300,2953,27,0.4499071117661939,0.4998967908513266
4,10,300,2954,27,0.2969042117445798,0.32989356860508867
4,10,300,2955,27,0.3401719323165472,0.3779688136850525
4,10,300,2956,27,0.35861882567601616,0.3984653618622402
4,10,300,2957,27,0.4122279255201755,0.4580310283557506
4,10,300,2958,27,0.40657448808389507,0.45174943120432787
4,10,300,2959,27,0.28725269138139087,0.3191696570904343
4,10,300,2960,27,0.22789914116311608,0.25322126795901784
4,10,300,2961,27,0.3165784506881152,0.3517538340979058
4,10,300,2962,27,0.28972481093247104,0.32191645659163454
4,10,300,2963,27,0.3281769623710571,0.3646410693011745
4,10,300,2964,27,0.44320868437288186,0.49245409374764654
4,10,300,2965,27,0.3522229200614955,0.39135880006832835
4,10,300,2966,27,0.28502381837615914,0.3166931315290657
4,10,300,2967,27,0.4139556991764728,0.45995077686274755
4,10,300,2968,27,0.40580243506361846,0.4508915945151316
4,10,300,2969,27,0.5608852268819943,0.6232058076466603
4,10,300,2970,27,0.43934024499863594,0.4881558277762622
4,10,300,2971,27,0.32144964595306236,0.3571662732811804
4,10,300,2972,27,0.42232297944556574,0.4692477549395175
4,10,300,2973,27,0.35646392724458353,0.39607103027175944
4,10,300,2974,27,0.2541555423076293,0.282395047008477
4,10,300,2975,27,0.4789261788039214,0.5321401986710238
4,10,300,2976,27,0.34994187806656213,0.3888243089628468
4,10,300,2977,27,0.42184817829240656,0.46872019810267396
4,10,300,2978,27,0.3230287995852166,0.3589208884280184
4,10,300,2979,27,0.42910173040762045,0.47677970045291157
4,10,300,2980,27,0.44513986419187146,0.49459984910207944
4,10,300,2981,27,0.4248663524109123,0.4720737249010137
4,10,300,2982,27,0.4050188279121698,0.4500209199024109
4,10,300,2983,27,0.3357560853372502,0.37306231704138915
4,10,300,2984,27,0.2477345255936098,0.27526058399289977
4,10,300,2985,27,0.3228539944415365,0.3587266604905961
4,10,300,2986,27,0.3578884021391423,0.39765378015460257
4,10,300,2987,27,0.33758145754904184,0.37509050838782426
4,10,300,2988,27,0.29810786036572556,0.3312309559619173
4,10,300,2989,27,0.6115375227836891,0.6794861364263212
4,10,300,2990,27,0.39367714135468707,0.4374190459496523
4,10,300,2991,27,0.4183666143127055,0.4648517936807839
4,10,300,2992,27,0.3984441334502137,0.44271570383357073
4,10,300,2993,27,0.2828795352275413,0.3143105946972681
4,10,300,2994,27,0.3584339211843618,0.39825991242706865
4,10,300,2995,27,0.42472667660358127,0.4719185295595347
4,10,300,2996,27,0.34549549698813153,0.38388388554236835
4,10,300,2997,27,0.3522201088764351,0.39135567652937236
4,10,300,2998,27,0.4880996237812313,0.5423329153124792
4,10,300,2999,27,0.28781205546860833,0.31979117274289814
4,10,300,3000,27,0.30600317204938376,0.3400035244993153
4,10,300,3001,27,0.37965669708226596,0.42184077453585106
4,10,300,3002,27,0.3935391677656662,0.43726574196185136
4,10,300,3003,27,0.2882480486065493,0.3202756095628326
4,10,300,3004,27,0.3645274774078168,0.4050305304531298
4,10,300,3005,27,0.46410646728146,0.5156738525349556
4,10,300,3006,27,0.5062850466842377,0.5625389407602641
4,10,300,3007,27,0.4841667525123994,0.5379630583471104
4,10,300,3008,27,0.5776564051317261,0.6418404501463623
4,10,300,3009,27,0.32819002454388085,0.36465558282653426
4,10,300,3010,27,0.29189189513721087,0.3243243279302343
4,10,300,3011,27,0.28894945318037624,0.32105494797819584
4,10,300,3012,27,0.27786215220605115,0.30873572467339017
4,10,300,3013,27,0.4262283030299842,0.47358700336664916
4,10,300,3014,27,0.4767335319961705,0.5297039244401895
4,10,300,3015,27,0.3095299166892028,0.3439221296546698
4,10,300,3016,27,0.39737160266307847,0.4415240029589761
4,10,300,3017,27,0.24542625858479142,0.27269584287199045
4,10,300,3018,27,0.45691105966600626,0.5076789551844514
4,10,300,3019,27,0.5659143023003631,0.6287936692226257
4,10,300,3020,27,0.3571168824568516,0.3967965360631684
4,10,300,3021,27,0.3476865566292203,0.3863183962546893
4,10,300,3022,27,0.4015407868801123,0.44615642986679144
4,10,300,3023,27,0.37974494688540317,0.4219388298726702
4,10,300,3024,27,0.2754337758406271,0.3060375287118079
4,10,300,3025,27,0.41260069201132477,0.4584452133459164
4,10,300,3026,27,0.3105004443343701,0.34500049370485564
4,10,300,3027,27,0.3747348169071901,0.4163720187857668
4,10,300,3028,27,0.29586710289558427,0.32874122543953804
4,10,300,3029,27,0.22769077013892913,0.25298974459881013
4,10,300,3030,27,0.3820103815685558,0.4244559795206176
4,10,300,3031,27,0.37044226753190324,0.4116025194798925
4,10,300,3032,27,0.42024736247640937,0.46694151386267707
4,10,300,3033,27,0.415399073444245,0.4615545260491611
4,10,300,3034,27,0.39106388256268976,0.4345154250696553
4,10,300,3035,27,0.47068244494006445,0.5229804943778493
4,10,300,3036,27,0.4249764968500276,0.4721961076111418
4,10,300,3037,27,0.3093390961476581,0.3437101068307312
4,10,300,3038,27,0.40884301327283434,0.4542700147475937
4,10,300,3039,27,0.35014939126828487,0.38905487918698317
4,10,300,3040,27,0.35893742458285693,0.39881936064761886
4,10,300,3041,27,0.3114523498604243,0.34605816651158255
4,10,300,3042,27,0.3574549087767447,0.39717212086304965
4,10,300,3043,27,0.3384556017051562,0.3760617796723958
4,10,300,3044,27,0.5068050486030006,0.5631167206700007
4,10,300,3045,27,0.3303258183608816,0.36702868706764624
4,10,300,3046,27,0.33230788277218093,0.3692309808579788
4,10,300,3047,27,0.3552754288240487,0.39475047647116523
4,10,300,3048,27,0.2785242150916867,0.3094713501018741
4,10,300,3049,27,0.36141890391474596,0.40157655990527324
4,10,300,3050,27,0.2996820890840079,0.33298009898223097
4,10,300,3051,27,0.39888643862793804,0.44320715403104227
4,10,300,3052,27,0.41322375793161636,0.45913750881290705
4,10,300,3053,27,0.6046941049948449,0.671882338883161
4,10,300,3054,27,0.553746530259481,0.6152739225105344
4,10,300,3055,27,0.4117090147240448,0.45745446080449426
4,10,300,3056,27,0.31492140738689656,0.34991267487432953
4,10,300,3057,27,0.38632373185538366,0.4292485909504263
4,10,300,3058,27,0.24430582288719185,0.27145091431910207
4,10,300,3059,27,0.3034176979786579,0.3371307755318422
4,10,300,3060,27,0.3743043064193945,0.4158936737993272
4,10,300,3061,27,0.33205513301453476,0.3689501477939275
4,10,300,3062,27,0.2810171227678145,0.3122412475197939
4,10,300,3063,27,0.39453706713968195,0.4383745190440911
4,10,300,3064,27,0.357590508387985,0.39732278709776114
4,10,300,3065,27,0.36331482457103703,0.4036831384122634
4,10,300,3066,27,0.2614334955655291,0.29048166173947676
4,10,300,3067,27,0.3964796514276705,0.440532946030745
4,10,300,3068,27,0.2820744309956068,0.3134160344395631
4,10,300,3069,27,0.46632348222108594,0.5181372024678732
4,10,300,3070,27,0.38960600808756285,0.4328955645417365
4,10,300,3071,27,0.332738496160806,0.3697094401786733
4,10,300,3072,27,0.5065680707831942,0.5628534119813269
4,10,300,3073,27,0.38132474421760254,0.4236941602417806
4,10,300,3074,27,0.4056474272793319,0.4507193636437021
4,10,300,3075,27,0.32655356545146663,0.36283729494607403
4,10,300,3076,27,0.33717965513140563,0.3746440612571174
4,10,300,3077,27,0.4061127163499967,0.4512363514999963
4,10,300,3078,27,0.38061075143771883,0.4229008349307987
4,10,300,3079,27,0.286068561789025,0.3178539575433611
4,10,300,3080,27,0.329496534572969,0.36610726063663224
4,10,300,3081,27,0.3224924174190317,0.35832490824336855
4,10,300,3082,27,0.36013303443321093,0.400147816036901
4,10,300,3083,27,0.39895418023188145,0.4432824224798683
4,10,300,3084,27,0.41086642045112043,0.4565182449456894
4,10,300,3085,27,0.5697435440648033,0.6330483822942259
4,10,300,3086,27,0.4509376583790082,0.5010418426433424
4,10,300,3087,27,0.31693298819217475,0.35214776465797193
4,10,300,3088,27,0.3899586366180017,0.43328737402000184
4,10,300,3089,27,0.29970988149663746,0.3330109794407083
4,10,300,3090,27,0.38384426518628945,0.4264936279847661
4,10,300,3091,27,0.40945391512299356,0.454948794581104
4,10,300,3092,27,0.40281789090130593,0.44757543433478436
4,10,300,3093,27,0.3271399115756233,0.36348879063958145
4,10,300,3094,27,0.3804511601458811,0.4227235112732012
4,10,300,3095,27,0.44807847265521616,0.49786496961690685
4,10,300,3096,27,0.3191365667112528,0.35459618523472536
4,10,300,3097,27,0.29076804662722633,0.3230756073635848
4,10,300,3098,27,0.376695596345463,0.41855066260607005
4,10,300,3099,27,0.3056518154111322,0.33961312823459133
4,10,300,3100,27,0.26108695924461556,0.2900966213829062
4,10,300,3101,27,0.3940710281410233,0.43785669793447035
4,10,300,3102,27,0.39790424790862344,0.44211583100958163
4,10,300,3103,27,0.40207172236512934,0.446746358183477
4,10,300,3104,27,0.38112619272502946,0.42347354747225496
4,10,300,3105,27,0.2419753453506358,0.2688614948340398
4,10,300,3106,27,0.32129562754351493,0.35699514171501656
4,10,300,3107,27,0.6881116651925805,0.764568516880645
4,10,300,3108,27,0.39276689292244216,0.4364076588027135
4,10,300,3109,27,0.2502465479224286,0.27805171991380956
4,10,300,3110,27,0.4445323621732105,0.4939248468591228
4,10,300,3111,27,0.30381315630585726,0.33757017367317477
4,10,300,3112,27,0.2776107088299741,0.3084563431444156
4,10,300,3113,27,0.24369235472953138,0.2707692830328126
4,10,300,3114,27,0.3917872783502472,0.4353191981669413
4,10,300,3115,27,0.3714593325184862,0.4127325916872069
4,10,300,3116,27,0.37127166476409823,0.41252407196010915
4,10,300,3117,27,0.3224193819707999,0.35824375774533324
4,10,300,3118,27,0.42593479312537774,0.4732608812504197
4,10,300,3119,27,0.4162541789378158,0.46250464326423973
4,10,300,3120,27,0.326007839746678,0.36223093305186443
4,10,300,3121,27,0.33541354472165397,0.3726817163573933
4,10,300,3122,27,0.2980078586577649,0.3311198429530721
4,10,300,3123,27,0.30475862229337825,0.33862069143708695
4,10,300,3124,27,0.4288391771725616,0.47648797463617953
4,10,300,3125,27,0.3861894680160447,0.42909940890671633
4,10,300,3126,27,0.3392157766012204,0.3769064184458004
4,10,300,3127,27,0.41139240389422427,0.4571026709935825
4,10,300,3128,27,0.37881919479839304,0.42091021644265897
4,10,300,3129,27,0.3627544622821047,0.40306051364678297
4,10,300,3130,27,0.2893738248797597,0.3215264720886219
4,10,300,3131,27,0.27884240220641965,0.3098248913404663
4,10,300,3132,27,0.4572784810224384,0.5080872011360427
4,10,300,3133,27,0.3500586934458367,0.38895410382870743
4,10,300,3134,27,0.37385067172159847,0.4153896352462205
4,10,300,3135,27,0.2561621888193255,0.284624654243695
4,10,300,3136,27,0.4060988421113328,0.45122093567925864
4,10,300,3137,27,0.3860125215392137,0.4289028017102375
4,10,300,3138,27,0.3389636322419794,0.3766262580466438
4,10,300,3139,27,0.30144948359363016,0.3349438706595891
4,10,300,3140,27,0.2660529288776937,0.2956143654196597
4,10,300,3141,27,0.4609302226548467,0.5121446918387186
4,10,300,3142,27,0.5570475134289703,0.6189416815877448
4,10,300,3143,27,0.468281466660094,0.5203127407334378
4,10,300,3144,27,0.3928830796748513,0.4365367551942792
4,10,300,3145,27,0.3515333044218852,0.39059256046876134
4,10,300,3146,27,0.4014596857008961,0.44606631744544006
4,10,300,3147,27,0.42876151045924366,0.4764016782880485
4,10,300,3148,27,0.34789923139095275,0.38655470154550303
4,10,300,3149,27,0.35337567147508786,0.39263963497231985
4,10,300,3150,27,0.5014367670086746,0.5571519633429717
4,10,300,3151,27,0.35834806352795445,0.3981645150310605
4,10,300,3152,27,0.3558315017488779,0.39536833527653104
4,10,300,3153,27,0.37948211659170183,0.42164679621300205
4,10,300,3154,27,0.4053384582950871,0.45037606477231895
4,10,300,3155,27,0.3805361667128702,0.42281796301430025
4,10,300,3156,27,0.38928512232016454,0.4325390248001828
4,10,300,3157,27,0.327203991280238,0.3635599903113756
4,10,300,3158,27,0.37974565534748317,0.42193961705275906
4,10,300,3159,27,0.2974238882003782,0.3304709868893091
4,10,300,3160,27,0.41890690167041633,0.46545211296712924
4,10,300,3161,27,0.2995018341581371,0.3327798157312634
4,10,300,3162,27,0.47327806646445675,0.5258645182938407
4,10,300,3163,27,0.36343060485445033,0.4038117831716115
4,10,300,3164,27,0.3579951586928427,0.397772398547603
4,10,300,3165,27,0.3288230487272947,0.3653589430303274
4,10,300,3166,27,0.4335902393889153,0.48176693265435033
4,10,300,3167,27,0.3819459322480012,0.4243843691644458
4,10,300,3168,27,0.46666131521475046,0.5185125724608338
4,10,300,3169,27,0.457466248413356,0.5082958315703956
4,10,300,3170,27,0.3082536266755872,0.34250402963954135
4,10,300,3171,27,0.30431518779586464,0.3381279864398496
4,10,300,3172,27,0.6110640499452898,0.6789600554947666
4,10,300,3173,27,0.39974260814378865,0.4441584534930985
4,10,300,3174,27,0.2498577549466552,0.27761972771850574
4,10,300,3175,27,0.4045855861365713,0.4495395401517459
4,10,300,3176,27,0.42602542640497476,0.4733615848944164
4,10,300,3177,27,0.5270445951068365,0.5856051056742628
4,10,300,3178,27,0.33097329801760367,0.3677481089084485
4,10,300,3179,27,0.3896300203289845,0.4329222448099828
4,10,300,3180,27,0.2961067853438344,0.3290075392709271
4,10,300,3181,27,0.3960953352918942,0.4401059281021047
4,10,300,3182,27,0.374569535143925,0.4161883723821389
4,10,300,3183,27,0.32502170804948405,0.3611352311660934
4,10,300,3184,27,0.3450898521725025,0.3834331690805583
4,10,300,3185,27,0.4002072615207375,0.44467473502304167
4,10,300,3186,27,0.4211820525184436,0.4679800583538262
4,10,300,3187,27,0.30030287741388706,0.33366986379320784
4,10,300,3188,27,0.6532336400871548,0.7258151556523942
4,10,300,3189,27,0.32087801543008976,0.35653112825565525
4,10,300,3190,27,0.4068559280634085,0.4520621422926761
4,10,300,3191,27,0.38966674431337833,0.432963049237087
4,10,300,3192,27,0.34009600120036915,0.37788444577818797
4,10,300,3193,27,0.2985206307196898,0.33168958968854423
4,10,300,3194,27,0.3113649853103903,0.3459610947893225
4,10,300,3195,27,0.41234606257098816,0.4581622917455424
4,10,300,3196,27,0.3737693883259145,0.4152993203621272
4,10,300,3197,27,0.3754275123797138,0.4171416804219042
4,10,300,3198,27,0.29344977137268835,0.3260553015252093
4,10,300,3199,27,0.25432093868821204,0.28257882076468005
4,10,300,3200,27,0.2842995389476546,0.31588837660850505
4,10,300,3201,27,0.4184347067398252,0.4649274519331391
4,10,300,3202,27,0.3129800340201087,0.34775559335567635
4,10,300,3203,27,0.6258523431875169,0.6953914924305744
4,10,300,3204,27,0.32086335150569256,0.3565148350063251
4,10,300,3205,27,0.2650025367915446,0.29444726310171626
4,10,300,3206,27,0.2838070133979743,0.3153411259977492
4,10,300,3207,27,0.3752191348494831,0.416910149832759
4,10,300,3208,27,0.4957328524336174,0.550814280481797
4,10,300,3209,27,0.3423706885442541,0.3804118761602823
4,10,300,3210,27,0.3735930924327582,0.415103436036398
4,10,300,3211,27,0.48303956037420975,0.5367106226380108
4,10,300,3212,27,0.36686865732257795,0.4076318414695311
4,10,300,3213,27,0.32529032775071404,0.3614336975007934
4,10,300,3214,27,0.3773266425761268,0.4192518250845853
4,10,300,3215,27,0.572866221762034,0.6365180241800377
4,10,300,3216,27,0.31402719297883674,0.34891910330981857
4,10,300,3217,27,0.4292672383184204,0.4769635981315783
4,10,300,3218,27,0.425408640654073,0.47267626739341445
4,10,300,3219,27,0.35309109141396255,0.3923234349044028
4,10,300,3220,27,0.3949344735326844,0.4388160817029827
4,10,300,3221,27,0.2705902274019018,0.30065580822433535
4,10,300,3222,27,0.44350965672883386,0.49278850747648206
4,10,300,3223,27,0.4049010384021662,0.44989004266907356
4,10,300,3224,27,0.3655085390085259,0.4061205988983621
4,10,300,3225,27,0.33684151515053123,0.3742683501672569
4,10,300,3226,27,0.26286757006627137,0.2920750778514126
4,10,300,3227,27,0.32655647557575335,0.36284052841750375
4,10,300,3228,27,0.5000166152811067,0.5555740169790074
4,10,300,3229,27,0.5819473966577177,0.6466082185085752
4,10,300,3230,27,0.2557533128178236,0.2841703475753595
4,10,300,3231,27,0.4657887433746919,0.5175430481941021
4,10,300,3232,27,0.31676528134814896,0.35196142372016553
4,10,300,3233,27,0.34233791642136174,0.3803754626904019
4,10,300,3234,27,0.44089757230879234,0.48988619145421375
4,10,300,3235,27,0.25079111564143103,0.2786567951571456
4,10,300,3236,27,0.3476188067939272,0.3862431186599191
4,10,300,3237,27,0.44084678189126986,0.4898297576569665
4,10,300,3238,27,0.3826416778830536,0.4251574198700595
4,10,300,3239,27,0.26922884077450027,0.2991431564161114
4,10,300,3240,27,0.3135616660856527,0.3484018512062808
4,10,300,3241,27,0.4237743371153191,0.47086037457257673
4,10,300,3242,27,0.31613130484289986,0.35125700538099985
4,10,300,3243,27,0.4689999646277357,0.5211110718085953
4,10,300,3244,27,0.49929080125979197,0.5547675569553244
4,10,300,3245,27,0.47806881430687986,0.5311875714520887
4,10,300,3246,27,0.2937110125215461,0.3263455694683845
4,10,300,3247,27,0.5067590930062802,0.5630656588958668
4,10,300,3248,27,0.3609627586236678,0.4010697318040753
4,10,300,3249,27,0.2947548315322175,0.3275053683691306
4,10,300,3250,27,0.3509394554593288,0.3899327282881431
4,10,300,3251,27,0.4024825164457272,0.447202796050808
4,10,300,3252,27,0.36457098972553714,0.40507887747281907
4,10,300,3253,27,0.2636894797834,0.29298831087044447
4,10,300,3254,27,0.36218101203187714,0.40242334670208574
4,10,300,3255,27,0.3455439366061711,0.3839377073401901
4,10,300,3256,27,0.3394254507023907,0.37713938966932303
4,10,300,3257,27,0.3598563780072839,0.3998404200080932
4,10,300,3258,27,0.34992235739799993,0.38880261933111104
4,10,300,3259,27,0.3827061255962787,0.42522902844030963
4,10,300,3260,27,0.3147231652456033,0.34969240582844807
4,10,300,3261,27,0.4048685506645643,0.4498539451828492
4,10,300,3262,27,0.30952290742284744,0.34391434158094164
4,10,300,3263,27,0.349826302945169,0.3886958921612989
4,10,300,3264,27,0.3648040596727964,0.40533784408088486
4,10,300,3265,27,0.3859901445889518,0.42887793843216865
4,10,300,3266,27,0.3646307566322957,0.4051452851469952
4,10,300,3267,27,0.4041394823554203,0.44904386928380036
4,10,300,3268,27,0.3762404422999482,0.4180449358888313
4,10,300,3269,27,0.35247342792383346,0.3916371421375927
4,10,300,3270,27,0.30306975315748497,0.3367441701749833
4,10,300,3271,27,0.3888430502056943,0.4320478335618826
4,10,300,3272,27,0.5923780992604362,0.6581978880671513
4,10,300,3273,27,0.3570176650684895,0.3966862945205438
4,10,300,3274,27,0.432678372578341,0.48075374730926773
4,10,300,3275,27,0.4342843812019744,0.48253820133552705
4,10,300,3276,27,0.5249766326767894,0.583307369640877
4,10,300,3277,27,0.4078895012099575,0.45321055689995277
4,10,300,3278,27,0.4045188561177391,0.4494653956863768
4,10,300,3279,27,0.3593020940224275,0.3992245489138084
4,10,300,3280,27,0.3371730041822051,0.3746366713135612
4,10,300,3281,27,0.42653380902184135,0.4739264544687126
4,10,300,3282,27,0.3701416490265538,0.41126849891839307
4,10,300,3283,27,0.38592731695674043,0.4288081299519338
4,10,300,3284,27,0.3328447344928396,0.3698274827698218
4,10,300,3285,27,0.37616960402268973,0.4179662266918775
4,10,300,3286,27,0.4691572265862579,0.5212858073180644
4,10,300,3287,27,0.40516932046912885,0.4501881338545876
4,10,300,3288,27,0.4523992243692056,0.5026658048546729
4,10,300,3289,27,0.3436625086809063,0.38184723186767366
4,10,300,3290,27,0.32639150699588526,0.3626572299954281
4,10,300,3291,27,0.38208235375129074,0.42453594861254523
4,10,300,3292,27,0.35890022799654947,0.3987780311072772
4,10,300,3293,27,0.36295934164182103,0.40328815737980117
4,10,300,3294,27,0.47496535829975806,0.5277392869997312
4,10,300,3295,27,0.36300487724470093,0.40333875249411216
4,10,300,3296,27,0.28504146367182975,0.31671273741314415
4,10,300,3297,27,0.33800101265427696,0.3755566807269744
4,10,300,3298,27,0.2733501182452111,0.3037223536057901
4,10,300,3299,27,0.3769040479333651,0.4187822754815168
4,10,300,3300,27,0.42927516693240875,0.4769724077026764
4,10,300,3301,27,0.3411845248851238,0.37909391653902647
4,10,300,3302,27,0.46247710965550104,0.5138634551727789
4,10,300,3303,27,0.4025491400790151,0.44727682231001675
4,10,300,3304,27,0.3725168771445296,0.4139076412716995
4,10,300,3305,27,0.3799350650319542,0.4221500722577269
4,10,300,3306,27,0.23366416988124625,0.259626855423607
4,10,300,3307,27,0.28894692573862923,0.321052139709588
4,10,300,3308,27,0.316058746469599,0.35117638496622106
4,10,300,3309,27,0.27289420983313883,0.3032157887034876
4,10,300,3310,27,0.342474948631718,0.3805277207019089
4,10,300,3311,27,0.31121701466158436,0.34579668295731597
4,10,300,3312,27,0.2660134863677823,0.295570540408647
4,10,300,3313,27,0.3800243611352569,0.42224929015028545
4,10,300,3314,27,0.3813122297915499,0.4236802553239443
4,10,300,3315,27,0.2709153004271201,0.30101700047457786
4,10,300,3316,27,0.4432176097591592,0.4924640108435102
4,10,300,3317,27,0.39312369398465064,0.4368041044273896
4,10,300,3318,27,0.4911799963125431,0.5457555514583813
4,10,300,3319,27,0.2923412506633012,0.3248236118481124
4,10,300,3320,27,0.32637184089457233,0.362635378771747
4,10,300,3321,27,0.29568758835706066,0.32854176484117853
4,10,300,3322,27,0.43637244960099864,0.484858277334443
4,10,300,3323,27,0.28412807824554376,0.31569786471727085
4,10,300,3324,27,0.42283900633698845,0.4698211181522094
4,10,300,3325,27,0.2818968251296696,0.3132186945885218
4,10,300,3326,27,0.420499496495801,0.4672216627731122
4,10,300,3327,27,0.5349612008679887,0.5944013342977652
4,10,300,3328,27,0.38618148051757695,0.42909053390841884
4,10,300,3329,27,0.2871253392976775,0.3190281547751972
4,10,300,3330,27,0.3178551558376452,0.3531723953751613
4,10,300,3331,27,0.4787098291350399,0.5318998101500443
4,10,300,3332,27,0.3576557928175136,0.39739532535279287
4,10,300,3333,27,0.5154442496728012,0.5727158329697791
4,10,300,3334,27,0.4033984806321265,0.4482205340356961
4,10,300,3335,27,0.4977739140264455,0.5530821266960506
4,10,300,3336,27,0.3062370286533136,0.34026336517034844
4,10,300,3337,27,0.33449255270768974,0.37165839189743305
4,10,300,3338,27,0.35631324795261,0.3959036088362333
4,10,300,3339,27,0.37255872109518917,0.4139541345502102
4,10,300,3340,27,0.4023937667947627,0.4471041853275141
4,10,300,3341,27,0.4055467807353388,0.4506075341503764
4,10,300,3342,27,0.41645956752297786,0.4627328528033087
4,10,300,3343,27,0.23533092451157828,0.26147880501286475
4,10,300,3344,27,0.34044307288458675,0.3782700809828741
4,10,300,3345,27,0.4059411513641224,0.4510457237379138
4,10,300,3346,27,0.3246178464003604,0.3606864960004004
4,10,300,3347,27,0.5069148947090001,0.5632387718988889
4,10,300,3348,27,0.352516888679571,0.39168543186619
4,10,300,3349,27,0.29822645036545103,0.3313627226282789
4,10,300,3350,27,0.512814820032496,0.569794244480551
4,10,300,3351,27,0.4056953681056843,0.4507726312285381
4,10,300,3352,27,0.4966959905563557,0.5518844339515063
4,10,300,3353,27,0.37793641528163535,0.41992935031292816
4,10,300,3354,27,0.5163044179596219,0.573671575510691
4,10,300,3355,27,0.3636347970779308,0.4040386634199231
4,10,300,3356,27,0.23889666885518027,0.2654407431724225
4,10,300,3357,27,0.5829774626310209,0.6477527362566899
4,10,300,3358,27,0.3399911176974168,0.3777679085526853
4,10,300,3359,27,0.337428814053878,0.37492090450430887
4,10,300,3360,27,0.4620135424323286,0.5133483804803651
4,10,300,3361,27,0.37666485283038553,0.4185165031448728
4,10,300,3362,27,0.3634383534173777,0.4038203926859752
4,10,300,3363,27,0.29145481910620163,0.3238386878957796
4,10,300,3364,27,0.34569992909207625,0.3841110323245292
4,10,300,3365,27,0.32093184821949566,0.3565909424661063
4,10,300,3366,27,0.37419369868789,0.4157707763198778
4,10,300,3367,27,0.2603678778709171,0.2892976420787967
4,10,300,3368,27,0.5837321486886233,0.6485912763206926
4,10,300,3369,27,0.37879280687019595,0.42088089652244
4,10,300,3370,27,0.40278407951350914,0.4475378661261213
4,10,300,3371,27,0.3972057592673536,0.44133973251928177
4,10,300,3372,27,0.34806460963773184,0.3867384551530354
4,10,300,3373,27,0.23390629991195971,0.25989588879106634
4,10,300,3374,27,0.29672294492416174,0.3296921610268464
4,10,300,3375,27,0.2977868135495678,0.3308742372772976
4,10,300,3376,27,0.5143351566506935,0.5714835073896595
4,10,300,3377,27,0.4317379460916643,0.4797088289907382
4,10,300,3378,27,0.3393510468883227,0.37705671876480296
4,10,300,3379,27,0.43952385100600144,0.48835983445111275
4,10,300,3380,27,0.3672692508629354,0.40807694540326156
4,10,300,3381,27,0.4240781198222404,0.47119791091360047
4,10,300,3382,27,0.39609859148664855,0.44010954609627617
4,10,300,3383,27,0.3021869975188922,0.33576333057654695
4,10,300,3384,27,0.32828884633706146,0.3647653848189572
4,10,300,3385,27,0.4425796184067493,0.4917551315630548
4,10,300,3386,27,0.24514074737211577,0.27237860819123977
4,10,300,3387,27,0.37080763406045536,0.41200848228939485
4,10,300,3388,27,0.3502478483920207,0.3891642759911341
4,10,300,3389,27,0.4764051346252231,0.5293390384724701
4,10,300,3390,27,0.3781790005788095,0.4201988895320105
4,10,300,3391,27,0.4754317977000111,0.5282575530000123
4,10,300,3392,27,0.3961361809950948,0.440151312216772
4,10,300,3393,27,0.3728152492617125,0.4142391658463472
4,10,300,3394,27,0.4543085490463573,0.5047872767181748
4,10,300,3395,27,0.28924718377597747,0.3213857597510861
4,10,300,3396,27,0.42624246433938257,0.47360273815486953
4,10,300,3397,27,0.404201003695522,0.44911222632835773
4,10,300,3398,27,0.3974752630322184,0.44163918114690937
4,10,300,3399,27,0.33065721798448133,0.36739690887164594
4,10,300,3400,27,0.46591155670113865,0.5176795074457096
4,10,300,3401,27,0.5209982039486021,0.5788868932762246
4,10,300,3402,27,0.4312706127769548,0.4791895697521719
4,10,300,3403,27,0.5489918680185062,0.6099909644650069
4,10,300,3404,27,0.3524290677192347,0.3915878530213719
4,10,300,3405,27,0.41481108830951396,0.46090120923279326
4,10,300,3406,27,0.41465915449786395,0.4607323938865155
4,10,300,3407,27,0.2861869623763622,0.31798551375151357
4,10,300,3408,27,0.2852984467797185,0.31699827419968724
4,10,300,3409,27,0.3519822870975941,0.3910914301084379
4,10,300,3410,27,0.2618759829284324,0.29097331436492485
4,10,300,3411,27,0.3931548822146723,0.4368387580163026
4,10,300,3412,27,0.3110903218419756,0.3456559131577507
4,10,300,3413,27,0.2420727207179314,0.26896968968659046
4,10,300,3414,27,0.23489820311047094,0.2609980034560788
4,10,300,3415,27,0.33876333666016156,0.37640370740017953
4,10,300,3416,27,0.30425710600116485,0.3380634511124054
4,10,300,3417,27,0.4095550002554122,0.4550611113949024
4,10,300,3418,27,0.3208149522067366,0.3564610580074851
4,10,300,3419,27,0.33722878773896003,0.3746986530432889
4,10,300,3420,27,0.3058003792941238,0.33977819921569313
4,10,300,3421,27,0.4647190869091699,0.5163545410101887
4,10,300,3422,27,0.4056772539615493,0.4507525044017215
4,10,300,3423,27,0.4996806832618664,0.5552007591798515
4,10,300,3424,27,0.39019273341721583,0.43354748157468426
4,10,300,3425,27,0.33019329254884744,0.36688143616538604
4,10,300,3426,27,0.3416004924171397,0.3795561026857108
4,10,300,3427,27,0.4082001442843386,0.45355571587148735
4,10,300,3428,27,0.33633461494952516,0.3737051277216946
4,10,300,3429,27,0.41353320600850746,0.45948134000945273
4,10,300,3430,27,0.4127877951683703,0.4586531057426337
4,10,300,3431,27,0.2600139040263819,0.288904337807091
4,10,300,3432,27,0.2876051102154064,0.3195612335726738
4,10,300,3433,27,0.4100417672191671,0.4556019635768523
4,10,300,3434,27,0.3247232869293508,0.3608036521437232
4,10,300,3435,27,0.397312005107613,0.4414577834529033
4,10,300,3436,27,0.3382737824472505,0.3758597582747228
4,10,300,3437,27,0.4132667278756779,0.4591852531951977
4,10,300,3438,27,0.3174233172835484,0.35269257475949817
4,10,300,3439,27,0.37170504262947784,0.413005602921642
4,10,300,3440,27,0.3005872355281627,0.3339858172535141
4,10,300,3441,27,0.2846050353420656,0.3162278170467396
4,10,300,3442,27,0.40781959147043345,0.4531328794115927
4,10,300,3443,27,0.2285314204494474,0.253923800499386
4,10,300,3444,27,0.42773887274383904,0.47526541415982115
4,10,300,3445,27,0.39539014035125286,0.43932237816805875
4,10,300,3446,27,0.3835135092848264,0.4261261214275849
4,10,300,3447,27,0.3188294438952225,0.35425493766135835
4,10,300,3448,27,0.34889915583847625,0.38766572870941807
4,10,300,3449,27,0.2882627772602518,0.3202919747336131
4,10,300,3450,27,0.3374784054571268,0.37497600606347425
4,10,300,3451,27,0.30078706834473234,0.33420785371636924
4,10,300,3452,27,0.4003005130338596,0.44477834781539954
4,10,300,3453,27,0.2866006197552313,0.3184451330613681
4,10,300,3454,27,0.28614594185483677,0.3179399353942631
4,10,300,3455,27,0.341169117320964,0.37907679702329333
4,10,300,3456,27,0.2893755823520515,0.3215284248356128
4,10,300,3457,27,0.4946905398587943,0.5496561553986603
4,10,300,3458,27,0.413122277953037,0.4590247532811523
4,10,300,3459,27,0.4296079561437,0.477342173493
4,10,300,3460,27,0.3059591224410809,0.3399545804900899
4,10,300,3461,27,0.24555188724887075,0.27283543027652307
4,10,300,3462,27,0.2920651468949986,0.32451682988333175
4,10,300,3463,27,0.3132405876244041,0.34804509736044903
4,10,300,3464,27,0.5093904440218401,0.565989382246489
4,10,300,3465,27,0.3540520461509104,0.39339116238990046
4,10,300,3466,27,0.33340820054335585,0.37045355615928427
4,10,300,3467,27,0.3298603116386444,0.36651145737627155
4,10,300,3468,27,0.3551483077513637,0.39460923083484856
4,10,300,3469,27,0.690785448634176,0.7675393873713067
4,10,300,3470,27,0.5574426323577346,0.6193807026197051
4,10,300,3471,27,0.3129293914144855,0.3476993237938728
4,10,300,3472,27,0.3766391808502297,0.4184879787224774
4,10,300,3473,27,0.3678225936282621,0.408691770698069
4,10,300,3474,27,0.3765980978990045,0.4184423309988939
4,10,300,3475,27,0.3949006425048572,0.4387784916720635
4,10,300,3476,27,0.3493264927089583,0.38814054745439813
4,10,300,3477,27,0.316250698422224,0.3513896649135822
4,10,300,3478,27,0.2187201435179181,0.24302238168657567
4,10,300,3479,27,0.43943556572003195,0.48826173968892445
4,10,300,3480,27,0.3403045928507069,0.37811621427856323
4,10,300,3481,27,0.29726875708527484,0.3302986189836387
4,10,300,3482,27,0.433370008606754,0.48152223178528225
4,10,300,3483,27,0.37905519296301826,0.42117243662557585
4,10,300,3484,27,0.4022189792007634,0.4469099768897371
4,10,300,3485,27,0.37389002269237104,0.41543335854707897
4,10,300,3486,27,0.32603308073181025,0.3622589785909003
4,10,300,3487,27,0.3144840609552044,0.3494267343946716
4,10,300,3488,27,0.4519239675450737,0.5021377417167485
4,10,300,3489,27,0.39836362055284164,0.44262624505871295
4,10,300,3490,27,0.3492559649341888,0.38806218326020975
4,10,300,3491,27,0.4312560344394668,0.47917337159940754
4,10,300,3492,27,0.39187636624418665,0.43541818471576293
4,10,300,3493,27,0.3810712489817861,0.42341249886865123
4,10,300,3494,27,0.39834793454061135,0.4426088161562349
4,10,300,3495,27,0.5524499552939098,0.6138332836598998
4,10,300,3496,27,0.46135084526963627,0.5126120502995958
4,10,300,3497,27,0.4005181098480487,0.4450201220533874
4,10,300,3498,27,0.22820303079558374,0.2535589231062042
4,10,300,3499,27,0.4659078132220454,0.5176753480244949
4,10,300,3500,27,0.32047877558930804,0.35608752843256447
4,10,300,3501,27,0.2855406314489001,0.31726736827655566
4,10,300,3502,27,0.3714997818204875,0.4127775353560972
4,10,300,3503,27,0.3189315423008813,0.35436838033431256
4,10,300,3504,27,0.5273002960928255,0.5858892178809172
4,10,300,3505,27,0.5058257450173547,0.5620286055748386
4,10,300,3506,27,0.3991674978323769,0.4435194420359743
4,10,300,3507,27,0.3352378618465798,0.3724865131628664
4,10,300,3508,27,0.5586939935798362,0.6207711039775958
4,10,300,3509,27,0.3817487498301968,0.4241652775891076
4,10,300,3510,27,0.3051762362321136,0.33908470692457066
4,10,300,3511,27,0.38931809342508,0.43257565936119996
4,10,300,3512,27,0.543262801354361,0.6036253348381789
4,10,300,3513,27,0.37599631547837903,0.4177736838648656
4,10,300,3514,27,0.33600275574393895,0.3733363952710433
4,10,300,3515,27,0.40586130141232324,0.450957001569248
4,10,300,3516,27,0.45827213625745644,0.509191262508285
4,10,300,3517,27,0.32115044662872705,0.3568338295874745
4,10,300,3518,27,0.37960960448441455,0.4217884494271273
4,10,300,3519,27,0.3459149099061312,0.38434989989570134
4,10,300,3520,27,0.2505802000580927,0.2784224445089919
4,10,300,3521,27,0.41974211028416786,0.4663801225379643
4,10,300,3522,27,0.4242361564447368,0.47137350716081866
4,10,300,3523,27,0.5333599865934883,0.592622207326098
4,10,300,3524,27,0.3991597980249239,0.4435108866943599
4,10,300,3525,27,0.336712753130579,0.3741252812561989
4,10,300,3526,27,0.2515064401128544,0.2794516001253938
4,10,300,3527,27,0.39069260565124475,0.43410289516804973
4,10,300,3528,27,0.41303806958536315,0.45893118842818126
4,10,300,3529,27,0.3465532305973603,0.3850591451081782
4,10,300,3530,27,0.32618014650890625,0.3624223850098958
4,10,300,3531,27,0.44728808840720474,0.49698676489689414
4,10,300,3532,27,0.35149564845282444,0.39055072050313827
4,10,300,3533,27,0.47247499908091467,0.5249722212010164
4,10,300,3534,27,0.37986687369495686,0.42207430410550767
4,10,300,3535,27,0.23872308023792507,0.26524786693102786
4,10,300,3536,27,0.41921131058594974,0.4657903450954997
4,10,300,3537,27,0.3008930663681268,0.33432562929791865
4,10,300,3538,27,0.4370831592070118,0.4856479546744576
4,10,300,3539,27,0.3396804271943781,0.3774226968826423
4,10,300,3540,27,0.4028774320533648,0.4476415911704053
4,10,300,3541,27,0.3328019496402495,0.3697799440447217
4,10,300,3542,27,0.39613191404687353,0.4401465711631928
4,10,300,3543,27,0.32668645035657196,0.36298494484063554
4,10,300,3544,27,0.3410224615720099,0.3789138461911221
4,10,300,3545,27,0.2551210398444463,0.28346782204938475
4,10,300,3546,27,0.30450689218757515,0.33834099131952794
4,10,300,3547,27,0.33846453898807755,0.3760717099867529
4,10,300,3548,27,0.5672190159240715,0.6302433510267461
4,10,300,3549,27,0.34263417197629964,0.3807046355292218
4,10,300,3550,27,0.3470584317209182,0.38562047968990915
4,10,300,3551,27,0.4344056096388116,0.4826728995986795
4,10,300,3552,27,0.34761319564567283,0.3862368840507476
4,10,300,3553,27,0.30832007535143424,0.3425778615015936
4,10,300,3554,27,0.3942189089818895,0.4380210099798772
4,10,300,3555,27,0.23613044642320008,0.26236716269244453
4,10,300,3556,27,0.4098527815119357,0.4553919794577064
4,10,300,3557,27,0.404127859904866,0.44903095544985105
4,10,300,3558,27,0.39868040260944954,0.44297822512161056
4,10,300,3559,27,0.3893622642519124,0.4326247380576805
4,10,300,3560,27,0.5232657856385247,0.5814064284872497
4,10,300,3561,27,0.6123480573382517,0.6803867303758352
4,10,300,3562,27,0.36458193077307444,0.4050910341923049
4,10,300,3563,27,0.284932722982275,0.31659191442475
4,10,300,3564,27,0.39845819761416834,0.4427313306824093
4,10,300,3565,27,0.3821209838357445,0.424578870928605
4,10,300,3566,27,0.2878481057957482,0.3198312286619424
4,10,300,3567,27,0.4681259267512147,0.5201399186124608
4,10,300,3568,27,0.5701953823761432,0.6335504248623813
4,10,300,3569,27,0.41490892831163717,0.4610099203462635
4,10,300,3570,27,0.3623265585674385,0.4025850650749317
4,10,300,3571,27,0.40804680296598217,0.4533853366288691
4,10,300,3572,27,0.3136439692564694,0.3484932991738549
4,10,300,3573,27,0.2361107092270041,0.262345232474449
4,10,300,3574,27,0.4577730748555413,0.5086367498394904
4,10,300,3575,27,0.3453584141950211,0.3837315713278012
4,10,300,3576,27,0.4073397866925312,0.45259976299170135
4,10,300,3577,27,0.4110504524568821,0.4567227249520912
4,10,300,3578,27,0.3720830663107728,0.413425629234192
4,10,300,3579,27,0.350914972244575,0.3899055247161945
4,10,300,3580,27,0.35854489143022494,0.39838321270024996
4,10,300,3581,27,0.3539756169175941,0.39330624101954903
4,10,300,3582,27,0.3237844252615617,0.3597604725128463
4,10,300,3583,27,0.25084915157750304,0.2787212795305589
4,10,300,3584,27,0.39192501602646956,0.43547224002941065
4,10,300,3585,27,0.36468330142825883,0.4052036682536209
4,10,300,3586,27,0.38203853675204635,0.4244872630578293
4,10,300,3587,27,0.36636742752319923,0.40707491947022134
4,10,300,3588,27,0.28810793427724335,0.3201199269747148
4,10,300,3589,27,0.34313291988215916,0.38125879986906575
4,10,300,3590,27,0.40012260066655897,0.44458066740728774
4,10,300,3591,27,0.46993849416446515,0.5221538824049613
4,10,300,3592,27,0.4268295487675758,0.4742550541861953
4,10,300,3593,27,0.36293634949128667,0.4032626105458741
4,10,300,3594,27,0.6356036694138373,0.7062262993487081
4,10,300,3595,27,0.2536603578554797,0.2818448420616441
4,10,300,3596,27,0.4597591125081329,0.5108434583423699
4,10,300,3597,27,0.4601097611142482,0.5112330679047202
4,10,300,3598,27,0.2986282068394143,0.33180911871046037
4,10,300,3599,27,0.3529576844339551,0.3921752049266167
4,10,300,3600,27,0.3902750362736658,0.433638929192962
4,10,300,3601,27,0.2952140056802046,0.328015561866894
4,10,300,3602,27,0.29235721904466583,0.32484135449407314
4,10,300,3603,27,0.3047715806489466,0.3386350896099407
4,10,300,3604,27,0.40633574552344387,0.4514841616927154
4,10,300,3605,27,0.4026409044563051,0.4473787827292279
4,10,300,3606,27,0.3066523838822397,0.3407248709802663
4,10,300,3607,27,0.4137886118423245,0.4597651242692495
4,10,300,3608,27,0.4286268558528114,0.4762520620586793
4,10,300,3609,27,0.3726035455950597,0.4140039395500663
4,10,300,3610,27,0.27388361528015853,0.304315128089065
4,10,300,3611,27,0.3445240957449736,0.38280455082774845
4,10,300,3612,27,0.34470268406245164,0.38300298229161295
4,10,300,3613,27,0.3270967558895938,0.36344083987732645
4,10,300,3614,27,0.49647699363749825,0.5516411040416648
4,10,300,3615,27,0.35520447855983717,0.39467164284426354
4,10,300,3616,27,0.3452645197955414,0.38362724421726824
4,10,300,3617,27,0.38388363844771567,0.4265373760530174
4,10,300,3618,27,0.3831867362720063,0.4257630403022292
4,10,300,3619,27,0.43250630794809286,0.48056256438676986
4,10,300,3620,27,0.5173801531900224,0.5748668368778027
4,10,300,3621,27,0.2857117833449787,0.31745753704997637
4,10,300,3622,27,0.3301284234954387,0.3668093594393763
4,10,300,3623,27,0.39169745602382877,0.43521939558203193
4,10,300,3624,27,0.45064952400413605,0.5007216933379289
4,10,300,3625,27,0.41644994895225157,0.4627221655025018
4,10,300,3626,27,0.29611874104693303,0.32902082338548116
4,10,300,3627,27,0.4878446028113617,0.5420495586792907
4,10,300,3628,27,0.3925005848709112,0.4361117609676792
4,10,300,3629,27,0.2627998712209262,0.29199985691214025
4,10,300,3630,27,0.3681132051207984,0.4090146723564427
4,10,300,3631,27,0.2989832254015867,0.33220358377954085
4,10,300,3632,27,0.3545048283684711,0.39389425374274567
4,10,300,3633,27,0.34370125033021404,0.3818902781446823
4,10,300,3634,27,0.43873378256755113,0.4874819806306124
4,10,300,3635,27,0.28783550649441864,0.3198172294382429
4,10,300,3636,27,0.41729038743151503,0.4636559860350167
4,10,300,3637,27,0.3867283764043916,0.4296981960048796
4,10,300,3638,27,0.332198564410374,0.36910951601152664
4,10,300,3639,27,0.31467909991892085,0.3496434443543565
4,10,300,3640,27,0.4428251111061279,0.4920279012290309
4,10,300,3641,27,0.5228190142741568,0.5809100158601742
4,10,300,3642,27,0.33604758216666125,0.3733862024074014
4,10,300,3643,27,0.3906183188609138,0.4340203542899042
4,10,300,3644,27,0.36614417195442284,0.4068268577271365
4,10,300,3645,27,0.36807688528674154,0.40897431698526837
4,10,300,3646,27,0.3325041416260882,0.3694490462512091
4,10,300,3647,27,0.31684691304854895,0.35205212560949883
4,10,300,3648,27,0.3843871828062342,0.4270968697847047
4,10,300,3649,27,0.3631260666306461,0.4034734073673846
4,10,300,3650,27,0.41881515647144824,0.4653501738571647
4,10,300,3651,27,0.5066297850860034,0.5629219834288927
4,10,300,3652,27,0.42410478352223463,0.4712275372469274
4,10,300,3653,27,0.3633875376258592,0.4037639306953991
4,10,300,3654,27,0.36806053717589443,0.4089561524176605
4,10,300,3655,27,0.30341092823278343,0.3371232535919816
4,10,300,3656,27,0.4371986747007105,0.4857763052230117
4,10,300,3657,27,0.40667147658387964,0.45185719620431075
4,10,300,3658,27,0.31546182708181014,0.35051314120201127
4,10,300,3659,27,0.33430441058933447,0.37144934509926053
4,10,300,3660,27,0.35693664590140173,0.3965962732237797
4,10,300,3661,27,0.2135532019762852,0.23728133552920577
4,10,300,3662,27,0.23316052283709388,0.25906724759677097
4,10,300,3663,27,0.5102833906725535,0.566981545191726
4,10,300,3664,27,0.3703215669372417,0.4114684077080463
4,10,300,3665,27,0.44302021644113265,0.49224468493459184
4,10,300,3666,27,0.48867411346186074,0.5429712371798452
4,10,300,3667,27,0.4019680257364791,0.446631139707199
4,10,300,3668,27,0.29268948565590763,0.32521053961767515
4,10,300,3669,27,0.36675921612839535,0.4075102401426615
4,10,300,3670,27,0.25667828216605054,0.28519809129561174
4,10,300,3671,27,0.4271548538986749,0.4746165043318611
4,10,300,3672,27,0.36527564978513893,0.40586183309459883
4,10,300,3673,27,0.43068905057290885,0.4785433895254542
4,10,300,3674,27,0.2990870396665891,0.3323189329628768
4,10,300,3675,27,0.46700216043775644,0.5188912893752848
4,10,300,3676,27,0.2785671239167491,0.30951902657416563
4,10,300,3677,27,0.2566044898333148,0.28511609981479424
4,10,300,3678,27,0.33514579721012916,0.37238421912236574
4,10,300,3679,27,0.39341055146964565,0.4371228349662729
4,10,300,3680,27,0.32421207369642574,0.36023563744047304
4,10,300,3681,27,0.2903403685317819,0.3226004094797577
4,10,300,3682,27,0.3278973801670403,0.36433042240782254
4,10,300,3683,27,0.3129503116876693,0.3477225685418548
4,10,300,3684,27,0.3925180256983628,0.43613113966484757
4,10,300,3685,27,0.27258855711746693,0.3028761745749633
4,10,300,3686,27,0.31279885058387724,0.34755427842653025
4,10,300,3687,27,0.33242962403314613,0.3693662489257179
4,10,300,3688,27,0.31868353872238625,0.35409282080265136
4,10,300,3689,27,0.35613296103068337,0.3957032900340926
4,10,300,3690,27,0.3374371828600472,0.3749302031778302
4,10,300,3691,27,0.3387623903060165,0.3764026558955739
4,10,300,3692,27,0.6343159293822883,0.7047954770914314
4,10,300,3693,27,0.3737170657416665,0.41524118415740724
4,10,300,3694,27,0.3378497534414098,0.3753886149348998
4,10,300,3695,27,0.29497838306670554,0.3277537589630062
4,10,300,3696,27,0.24593018735368696,0.2732557637263189
4,10,300,3697,27,0.23979895878036392,0.2664432875337377
4,10,300,3698,27,0.44809284141125977,0.4978809349013998
4,10,300,3699,27,0.3993445953346638,0.4437162170385153
4,10,300,3700,27,0.27557857585137846,0.30619841761264277
4,10,300,3701,27,0.3614407111988791,0.4016007902209768
4,10,300,3702,27,0.35300578264487853,0.39222864738319835
4,10,300,3703,27,0.4829832849804771,0.5366480944227523
4,10,300,3704,27,0.2854004436312552,0.31711160403472805
4,10,300,3705,27,0.38940943087292296,0.43267714541435887
4,10,300,3706,27,0.27190347164051676,0.30211496848946306
4,10,300,3707,27,0.30577074616664596,0.3397452735184955
4,10,300,3708,27,0.29423813717085245,0.3269312635231694
4,10,300,3709,27,0.3256645917654014,0.36184954640600153
4,10,300,3710,27,0.38917972333138695,0.4324219148126522
4,10,300,3711,27,0.2774026040647014,0.30822511562744603
4,10,300,3712,27,0.31573209640987954,0.35081344045542173
4,10,300,3713,27,0.4710316141949552,0.5233684602166169
4,10,300,3714,27,0.345808080431647,0.3842312004796078
4,10,300,3715,27,0.4594222190690207,0.5104691322989119
4,10,300,3716,27,0.26751630238741764,0.29724033598601957
4,10,300,3717,27,0.37230719065835216,0.41367465628705796
4,10,300,3718,27,0.34806984106989963,0.386744267855444
4,10,300,3719,27,0.29069602219436574,0.322995580215962
4,10,300,3720,27,0.46551812217486155,0.5172423579720684
4,10,300,3721,27,0.30709112482494416,0.3412123609166046
4,10,300,3722,27,0.3643801329291134,0.40486681436568156
4,10,300,3723,27,0.45615868742796095,0.5068429860310677
4,10,300,3724,27,0.3497979447537549,0.3886643830597277
4,10,300,3725,27,0.42657074073184154,0.47396748970204616
4,10,300,3726,27,0.3169658021305097,0.3521842245894552
4,10,300,3727,27,0.39934132936113,0.4437125881790333
4,10,300,3728,27,0.3541446211493631,0.39349402349929236
4,10,300,3729,27,0.43718339291410874,0.4857593254601208
4,10,300,3730,27,0.30407455199189304,0.3378606133243256
4,10,300,3731,27,0.28329527061106735,0.31477252290118596
4,10,300,3732,27,0.4178857091684678,0.4643174546316309
4,10,300,3733,27,0.31318814621591334,0.3479868291287926
4,10,300,3734,27,0.28185707726970477,0.31317453029967196
4,10,300,3735,27,0.3093043339918904,0.34367148221321153
4,10,300,3736,27,0.281021903072303,0.3122465589692256
4,10,300,3737,27,0.31197283590515085,0.34663648433905647
4,10,300,3738,27,0.3942883101970075,0.43809812244111945
4,10,300,3739,27,0.3463737038277841,0.3848596709197601
4,10,300,3740,27,0.3856501555239802,0.42850017280442243
4,10,300,3741,27,0.2561017502533469,0.28455750028149657
4,10,300,3742,27,0.31660636700407585,0.35178485222675093
4,10,300,3743,27,0.361652426406723,0.40183602934080337
4,10,300,3744,27,0.3693378859551878,0.4103754288390975
4,10,300,3745,27,0.3304857269472206,0.3672063632746896
4,10,300,3746,27,0.29964021327884566,0.3329335703098285
4,10,300,3747,27,0.34285213775358475,0.3809468197262053
4,10,300,3748,27,0.2913933636299343,0.3237704040332603
4,10,300,3749,27,0.2619860960161517,0.29109566224016853
4,10,300,3750,27,0.22360310350548995,0.24844789278387772
4,10,300,3751,27,0.31707575279191746,0.35230639199101943
4,10,300,3752,27,0.3247161817598396,0.36079575751093285
4,10,300,3753,27,0.29163881674793385,0.3240431297199265
4,10,300,3754,27,0.3808334976481768,0.4231483307201965
4,10,300,3755,27,0.6129459363059878,0.6810510403399864
4,10,300,3756,27,0.3692787247167849,0.41030969412976104
4,10,300,3757,27,0.369562043208681,0.41062449245409
4,10,300,3758,27,0.48325439266728315,0.5369493251858701
4,10,300,3759,27,0.3423404962759346,0.38037832919548287
4,10,300,3760,27,0.4818053614232414,0.5353392904702682
4,10,300,3761,27,0.318697870124674,0.3541087445829711
4,10,300,3762,27,0.37105725437479076,0.41228583819421194
4,10,300,3763,27,0.3229530804962545,0.35883675610694943
4,10,300,3764,27,0.3978523820915553,0.4420582023239504
4,10,300,3765,27,0.3767293312441158,0.4185881458267953
4,10,300,3766,27,0.3724162056450584,0.4137957840500649
4,10,300,3767,27,0.3889984400910523,0.4322204889900581
4,10,300,3768,27,0.3431428593262158,0.38126984369579536
4,10,300,3769,27,0.6373028956805913,0.7081143285339903
4,10,300,3770,27,0.44460346278286994,0.49400384753652216
4,10,300,3771,27,0.3739381185554865,0.415486798394985
4,10,300,3772,27,0.3019091038888655,0.33545455987651723
4,10,300,3773,27,0.3202711559929213,0.35585683999213474
4,10,300,3774,27,0.43293105885443534,0.4810345098382615
4,10,300,3775,27,0.3998468350061635,0.4442742611179595
4,10,300,3776,27,0.3568372254803506,0.3964858060892784
4,10,300,3777,27,0.32368074730467333,0.35964527478297037
4,10,300,3778,27,0.28700902952128615,0.31889892169031797
4,10,300,3779,27,0.30035111904768086,0.3337234656085343
4,10,300,3780,27,0.29151124782209825,0.3239013864689981
4,10,300,3781,27,0.6216977947782358,0.6907753275313732
4,10,300,3782,27,0.5139239779130209,0.5710266421255789
4,10,300,3783,27,0.3907123238987007,0.43412480433188966
4,10,300,3784,27,0.3713174204744867,0.41257491163831855
4,10,300,3785,27,0.3267222414749098,0.3630247127498998
4,10,300,3786,27,0.28257652026773233,0.3139739114085915
4,10,300,3787,27,0.34216079436252905,0.38017866040281006
4,10,300,3788,27,0.4454341981838231,0.4949268868709145
4,10,300,3789,27,0.26144049525759605,0.2904894391751067
4,10,300,3790,27,0.4060475520747129,0.451163946749681
4,10,300,3791,27,0.442640368197033,0.4918226313300366
4,10,300,3792,27,0.3457827119214312,0.3842030132460346
4,10,300,3793,27,0.49393632963122824,0.5488181440346981
4,10,300,3794,27,0.31001582819013535,0.34446203132237263
4,10,300,3795,27,0.37208928539480157,0.4134325393275573
4,10,300,3796,27,0.48281068028265955,0.5364563114251772
4,10,300,3797,27,0.3988651095075948,0.44318345500843864
4,10,300,3798,27,0.3897155838374735,0.43301731537497057
4,10,300,3799,27,0.28094792716081396,0.3121643635120155
4,10,300,3800,27,0.3338130803518702,0.3709034226131891
4,10,300,3801,27,0.38514258586340044,0.4279362065148894
4,10,300,3802,27,0.29794979453826254,0.33105532726473613
4,10,300,3803,27,0.5949664436613673,0.6610738262904081
4,10,300,3804,27,0.37518737118165,0.4168748568685
4,10,300,3805,27,0.43921457114732754,0.48801619016369724
4,10,300,3806,27,0.32925994954214666,0.3658443883801629
4,10,300,3807,27,0.37029865208259916,0.4114429467584435
4,10,300,3808,27,0.39674629429830127,0.4408292158870014
4,10,300,3809,27,0.29443817648791093,0.3271535294310121
4,10,300,3810,27,0.3275263204753413,0.36391813386149036
4,10,300,3811,27,0.37092857876692137,0.4121428652965793
4,10,300,3812,27,0.4200391244017134,0.46671013822412605
4,10,300,3813,27,0.36135322193594605,0.40150357992882896
4,10,300,3814,27,0.4475342291958896,0.4972602546620995
4,10,300,3815,27,0.4862969643950037,0.540329960438893
4,10,300,3816,27,0.3779570044390298,0.41995222715447755
4,10,300,3817,27,0.355521419367451,0.3950237992971678
4,10,300,3818,27,0.35084979485195333,0.38983310539105925
4,10,300,3819,27,0.39812336715305086,0.44235929683672315
4,10,300,3820,27,0.3698986324120483,0.41099848045783144
4,10,300,3821,27,0.37190894607877867,0.41323216230975407
4,10,300,3822,27,0.337768430757122,0.3752982563968022
4,10,300,3823,27,0.29525882650586227,0.3280653627842914
4,10,300,3824,27,0.3422194864671215,0.38024387385235725
4,10,300,3825,27,0.3790929356642394,0.421214372960266
4,10,300,3826,27,0.36426390045597756,0.4047376671733084
4,10,300,3827,27,0.46935503186265093,0.521505590958501
4,10,300,3828,27,0.3617711118579398,0.40196790206437755
4,10,300,3829,27,0.33456689509694504,0.37174099455216114
4,10,300,3830,27,0.37889278829663503,0.4209919869962611
4,10,300,3831,27,0.3421765665720133,0.38019618508001474
4,10,300,3832,27,0.4080184150509959,0.4533537945011065
4,10,300,3833,27,0.37912507910830473,0.4212500878981164
4,10,300,3834,27,0.4193391061080502,0.46593234012005574
4,10,300,3835,27,0.26183575195798514,0.29092861328665015
4,10,300,3836,27,0.33534946771919183,0.3726105196879909
4,10,300,3837,27,0.40133825878020174,0.44593139864466863
4,10,300,3838,27,0.3779346509884912,0.41992738998721246
4,10,300,3839,27,0.3513259857632517,0.390362206403613
4,10,300,3840,27,0.3238643578735267,0.35984928652614073
4,10,300,3841,27,0.32494239266665736,0.3610471029629526
4,10,300,3842,27,0.3953573887703006,0.43928598752255615
4,10,300,3843,27,0.35625608252562013,0.39584009169513346
4,10,300,3844,27,0.29185857925420633,0.3242873102824515
4,10,300,3845,27,0.35145054699453415,0.39050060777170464
4,10,300,3846,27,0.46204970299461257,0.5133885588829029
4,10,300,3847,27,0.34635371888938693,0.3848374654326521
4,10,300,3848,27,0.5322645980102065,0.5914051089002296
4,10,300,3849,27,0.554455533810884,0.6160617042343155
4,10,300,3850,27,0.286293206083722,0.31810356231524667
4,10,300,3851,27,0.42137012471991686,0.4681890274665743
4,10,300,3852,27,0.3934875206372451,0.4372083562636057
4,10,300,3853,27,0.284921053371058,0.31657894819006444
4,10,300,3854,27,0.36922922628358645,0.4102546958706516
4,10,300,3855,27,0.2768373611209838,0.3075970679122042
4,10,300,3856,27,0.45143446467207243,0.501593849635636
4,10,300,3857,27,0.3815825857888509,0.423980650876501
4,10,300,3858,27,0.26518658663522393,0.2946517629280266
4,10,300,3859,27,0.43232987618783514,0.4803665290975946
4,10,300,3860,27,0.3548372336059149,0.39426359289546103
4,10,300,3861,27,0.37756174829557765,0.41951305366175295
4,10,300,3862,27,0.36332120257299017,0.40369022508110014
4,10,300,3863,27,0.32662470801390253,0.36291634223766944
4,10,300,3864,27,0.3095437396433121,0.343937488492569
4,10,300,3865,27,0.4759901770266943,0.5288779744741048
4,10,300,3866,27,0.33847751288197625,0.37608612542441805
4,10,300,3867,27,0.454508854629495,0.5050098384772166
4,10,300,3868,27,0.5074145938147123,0.5637939931274581
4,10,300,3869,27,0.5079507108957375,0.5643896787730417
4,10,300,3870,27,0.33585809915572407,0.3731756657285823
4,10,300,3871,27,0.32938879296398194,0.3659875477377577
4,10,300,3872,27,0.3271506627013924,0.36350073633488045
4,10,300,3873,27,0.32007348518008605,0.35563720575565116
4,10,300,3874,27,0.3190558935198019,0.35450654835533546
4,10,300,3875,27,0.44489591601934086,0.49432879557704545
4,10,300,3876,27,0.3812693343849049,0.4236325937610055
4,10,300,3877,27,0.4177115723226764,0.4641239692474182
4,10,300,3878,27,0.47622726058885084,0.5291414006542787
4,10,300,3879,27,0.450973048718134,0.5010811652423711
4,10,300,3880,27,0.360260220230411,0.40028913358934554
4,10,300,3881,27,0.3285276852200469,0.3650307613556077
4,10,300,3882,27,0.4553151431207979,0.5059057145786644
4,10,300,3883,27,0.23419216250260474,0.26021351389178304
4,10,300,3884,27,0.3772954415613863,0.41921715729042924
4,10,300,3885,27,0.35999760294665784,0.3999973366073976
4,10,300,3886,27,0.37318348850963023,0.41464832056625583
4,10,300,3887,27,0.45217645753519964,0.5024182861502219
4,10,300,3888,27,0.48664411026429316,0.540715678071437
4,10,300,3889,27,0.45460679123499415,0.5051186569277712
4,10,300,3890,27,0.3077389302396333,0.34193214471070366
4,10,300,3891,27,0.32922250657911467,0.3658027850879052
4,10,300,3892,27,0.2503409882668961,0.27815665362988456
4,10,300,3893,27,0.3467206141096911,0.38524512678854567
4,10,300,3894,27,0.5307524110105768,0.589724901122863
4,10,300,3895,27,0.4936284431556328,0.5484760479507031
4,10,300,3896,27,0.38243757571912884,0.42493063968792094
4,10,300,3897,27,0.37835297145812585,0.4203921905090287
4,10,300,3898,27,0.41791943103787993,0.4643549233754221
4,10,300,3899,27,0.3280938917357521,0.36454876859528007
4,10,300,3900,27,0.3425508090506569,0.3806120100562854
4,10,300,3901,27,0.3446561758441126,0.3829513064934585
4,10,300,3902,27,0.42413663709780297,0.47126293010867
4,10,300,3903,27,0.6481999733549402,0.7202221926166003
4,10,300,3904,27,0.42234569564930685,0.4692729951658965
4,10,300,3905,27,0.212934400369953,0.2365937781888367
4,10,300,3906,27,0.327991041626326,0.36443449069591777
4,10,300,3907,27,0.3524116173919385,0.3915684637688206
4,10,300,3908,27,0.6279378529751933,0.6977087255279926
4,10,300,3909,27,0.3786745205510529,0.4207494672789477
4,10,300,3910,27,0.3929395311529563,0.43659947905884033
4,10,300,3911,27,0.31684802650419364,0.3520533627824374
4,10,300,3912,27,0.5824452872933581,0.6471614303259534
4,10,300,3913,27,0.3839867675700469,0.4266519639667188
4,10,300,3914,27,0.526138479917428,0.5845983110193644
4,10,300,3915,27,0.27808282009351604,0.30898091121501786
4,10,300,3916,27,0.32315129836571654,0.35905699818412945
4,10,300,3917,27,0.46370106220418783,0.5152234024490976
4,10,300,3918,27,0.3316013675482418,0.36844596394249096
4,10,300,3919,27,0.24624736662354324,0.27360818513727025
4,10,300,3920,27,0.4752461374488784,0.5280512638320871
4,10,300,3921,27,0.4256821701923533,0.4729801891026148
4,10,300,3922,27,0.28770220084146814,0.31966911204607573
4,10,300,3923,27,0.40648358033813337,0.451648422597926
4,10,300,3924,27,0.31347311394578997,0.34830345993976664
4,10,300,3925,27,0.4246564705079209,0.47184052278657873
4,10,300,3926,27,0.3279947480745249,0.36443860897169433
4,10,300,3927,27,0.3533308062777525,0.39258978475305834
4,10,300,3928,27,0.28770813086384567,0.31967570095982856
4,10,300,3929,27,0.2527792402666138,0.2808658225184598
4,10,300,3930,27,0.39161323282095817,0.43512581424550906
4,10,300,3931,27,0.2843694360411978,0.31596604004577533
4,10,300,3932,27,0.334493649271723,0.3716596103019144
4,10,300,3933,27,0.3203369298683438,0.35592992207593754
4,10,300,3934,27,0.3644683867586831,0.40496487417631455
4,10,300,3935,27,0.3323103878050685,0.36923376422785387
4,10,300,3936,27,0.4532758326290648,0.5036398140322943
4,10,300,3937,27,0.3976437360810546,0.441826373423394
4,10,300,3938,27,0.3539828006874395,0.39331422298604385
4,10,300,3939,27,0.4367210407546677,0.4852456008385197
4,10,300,3940,27,0.4452013366555525,0.49466815183950275
4,10,300,3941,27,0.25989393938759886,0.2887710437639987
4,10,300,3942,27,0.446013376406871,0.4955704182298567
4,10,300,3943,27,0.3915347926350249,0.435038658483361
4,10,300,3944,27,0.38309245280699317,0.4256582808966591
4,10,300,3945,27,0.33029709077999636,0.36699676753332927
4,10,300,3946,27,0.27271188375217603,0.3030132041690845
4,10,300,3947,27,0.2966245248061593,0.32958280534017703
4,10,300,3948,27,0.4944546198728463,0.5493940220809403
4,10,300,3949,27,0.34407652940007954,0.38230725488897727
4,10,300,3950,27,0.39725063838466257,0.4413895982051806
4,10,300,3951,27,0.4068097906655704,0.45201087851730043
4,10,300,3952,27,0.2920876879303066,0.3245418754781184
4,10,300,3953,27,0.5015262205594881,0.5572513561772091
4,10,300,3954,27,0.3844959293972606,0.4272176993302896
4,10,300,3955,27,0.41532017860004955,0.4614668651111662
4,10,300,3956,27,0.3045231218173672,0.3383590242415191
4,10,300,3957,27,0.431709909110381,0.47967767678931217
4,10,300,3958,27,0.45042044262619607,0.5004671584735512
4,10,300,3959,27,0.39932544346307175,0.44369493718119085
4,10,300,3960,27,0.3597457659789706,0.3997175177544118
4,10,300,3961,27,0.4138433474715115,0.45982594163501284
4,10,300,3962,27,0.3154601561790989,0.35051128464344317
4,10,300,3963,27,0.3160528142656123,0.3511697936284582
4,10,300,3964,27,0.4026164578582375,0.4473516198424861
4,10,300,3965,27,0.5236125290437912,0.5817916989375457
4,10,300,3966,27,0.31730358367750144,0.352559537419446
4,10,300,3967,27,0.32485525551963057,0.3609502839107006
4,10,300,3968,27,0.3010294397390538,0.33447715526561533
4,10,300,3969,27,0.4394824455546157,0.48831382839401744
4,10,300,3970,27,0.5848865533545061,0.6498739481716734
4,10,300,3971,27,0.42600268719384315,0.4733363191042702
4,10,300,3972,27,0.47803799048781587,0.5311533227642399
4,10,300,3973,27,0.3672810777916625,0.4080900864351806
4,10,300,3974,27,0.2859268302611353,0.3176964780679281
4,10,300,3975,27,0.3303915680596392,0.367101742288488
4,10,300,3976,27,0.29034289200637153,0.3226032133404128
4,10,300,3977,27,0.4640995954584261,0.515666217176029
4,10,300,3978,27,0.30515106632873296,0.3390567403652588
4,10,300,3979,27,0.28970619367003336,0.3218957707444815
4,10,300,3980,27,0.3525410805334,0.3917123117037778
4,10,300,3981,27,0.3077046215743857,0.3418940239715397
4,10,300,3982,27,0.3939788178736785,0.43775424208186503
4,10,300,3983,27,0.47258097080544975,0.5250899675616109
4,10,300,3984,27,0.37435527033097404,0.41595030036774894
4,10,300,3985,27,0.44145144675483083,0.49050160750536764
4,10,300,3986,27,0.25787023405601994,0.2865224822844666
4,10,300,3987,27,0.3239919645633931,0.35999107173710343
4,10,300,3988,27,0.48028499890123066,0.5336499987791451
4,10,300,3989,27,0.42006882223745096,0.4667431358193899
4,10,300,3990,27,0.47436033498085717,0.5270670388676191
4,10,300,3991,27,0.36619298286646385,0.4068810920738487
4,10,300,3992,27,0.40760073701861393,0.4528897077984599
4,10,300,3993,27,0.37320886338209525,0.4146765148689947
4,10,300,3994,27,0.39975267919720325,0.44416964355244803
4,10,300,3995,27,0.31574598246397895,0.35082886940442104
4,10,300,3996,27,0.25635056470604534,0.2848339607844948
4,10,300,3997,27,0.36113573371785157,0.4012619263531684
4,10,300,3998,27,0.27440441279055083,0.30489379198950095
4,10,300,3999,27,0.400776098745327,0.44530677638369665
