d,r,m,m_over_r,capture_fraction,ambient_dimension,support_dimension,trial,rankr_ratio,projector_ratio,qr_rank_margin
0,32,48,1.5,0.03125,16384,1536,0,2.8317052822115363,2.821066984339196,0.20721035380137523
0,32,64,2.0,0.041666666666666664,16384,1536,0,1.9527908232300333,1.9315142274853525,0.18510563080994927
0,32,96,3.0,0.0625,16384,1536,0,1.4626642144787336,1.4201110229893719,0.16145226587839587
0,32,128,4.0,0.08333333333333333,16384,1536,0,1.2966925093384327,1.2328627221043902,0.1562290119390015
0,32,192,6.0,0.125,16384,1536,0,1.17194923824214,1.0655662595187356,0.14345918740763638
0,32,256,8.0,0.16666666666666666,16384,1536,0,1.119512417816515,0.970576247603749,0.1378376414901312
0,32,384,12.0,0.25,16384,1536,0,1.0702011849955777,0.8361586318040883,0.12819029898069462
2,32,48,1.5,0.03125,16384,1536,0,7.597800716715062,7.587162418842722,
2,32,64,2.0,0.041666666666666664,16384,1536,0,4.09913701601416,4.077860420269479,
2,32,96,3.0,0.0625,16384,1536,0,2.0903480594980124,2.047794868008651,
2,32,128,4.0,0.08333333333333333,16384,1536,0,1.6119086255111916,1.548078838277149,
2,32,192,6.0,0.125,16384,1536,0,1.2429235541564099,1.1365405754330056,
2,32,256,8.0,0.16666666666666666,16384,1536,0,1.152934366648504,1.003998196435738,
2,32,384,12.0,0.25,16384,1536,0,1.088026418179099,0.8539838649876097,
3,32,48,1.5,0.03125,16384,1536,0,8.198879254814452,8.188240956942112,
3,32,64,2.0,0.041666666666666664,16384,1536,0,6.205673714349414,6.184397118604734,
3,32,96,3.0,0.0625,16384,1536,0,3.0534622951533463,3.010909103663985,
3,32,128,4.0,0.08333333333333333,16384,1536,0,2.157958527181358,2.0941287399473154,
3,32,192,6.0,0.125,16384,1536,0,1.3694613039513146,1.2630783252279103,
3,32,256,8.0,0.16666666666666666,16384,1536,0,1.2324522947814933,1.0835161245687273,
3,32,384,12.0,0.25,16384,1536,0,1.0910236142837528,0.8569810610922635,
4,32,48,1.5,0.03125,16384,1536,0,13.905071004048638,13.894432706176298,0.07921211441714275
4,32,64,2.0,0.041666666666666664,16384,1536,0,10.668441960236127,10.647165364491446,0.07899568493686315
4,32,96,3.0,0.0625,16384,1536,0,4.821954887919235,4.779401696429873,0.07814432143233244
4,32,128,4.0,0.08333333333333333,16384,1536,0,3.067262973545347,3.0034331863113044,0.0771215204336227
4,32,192,6.0,0.125,16384,1536,0,1.7835141528336478,1.6771311741102435,0.07539384004608703
4,32,256,8.0,0.16666666666666666,16384,1536,0,1.4857829723347593,1.3368468021219932,0.07220714303730898
4,32,384,12.0,0.25,16384,1536,0,1.2073496179195728,0.9733070647280835,0.0697424147746262
0,32,48,1.5,0.03125,16384,1536,1,2.784342312302666,2.7737040144303258,
0,32,64,2.0,0.041666666666666664,16384,1536,1,1.9093028982798526,1.8880263025351718,
0,32,96,3.0,0.0625,16384,1536,1,1.4673775294976676,1.4248243380083059,
0,32,128,4.0,0.08333333333333333,16384,1536,1,1.2980732496648473,1.2342434624308047,
0,32,192,6.0,0.125,16384,1536,1,1.1740759215054553,1.067692942782051,
0,32,256,8.0,0.16666666666666666,16384,1536,1,1.1180371070417514,0.9691009368289855,
0,32,384,12.0,0.25,16384,1536,1,1.0689984588971442,0.8349559057056548,
2,32,48,1.5,0.03125,16384,1536,1,4.497193120758041,4.486554822885701,
2,32,64,2.0,0.041666666666666664,16384,1536,1,2.9075277748313,2.886251179086619,
2,32,96,3.0,0.0625,16384,1536,1,1.9406913335095717,1.89813814202021,
2,32,128,4.0,0.08333333333333333,16384,1536,1,1.4948612841014652,1.4310314968674227,
2,32,192,6.0,0.125,16384,1536,1,1.2469132931076992,1.1405303143842949,
2,32,256,8.0,0.16666666666666666,16384,1536,1,1.1529726874910298,1.004036517278264,
2,32,384,12.0,0.25,16384,1536,1,1.0751607815778672,0.8411182283863778,
3,32,48,1.5,0.03125,16384,1536,1,9.940956063356154,9.930317765483814,
3,32,64,2.0,0.041666666666666664,16384,1536,1,6.1312545285888564,6.109977932844176,
3,32,96,3.0,0.0625,16384,1536,1,3.2440985004228464,3.201545308933485,
3,32,128,4.0,0.08333333333333333,16384,1536,1,1.8716206259986872,1.8077908387646446,
3,32,192,6.0,0.125,16384,1536,1,1.4709402827207647,1.3645573039973604,
3,32,256,8.0,0.16666666666666666,16384,1536,1,1.2615981280814101,1.112661957868644,
3,32,384,12.0,0.25,16384,1536,1,1.132212382983841,0.8981698297923517,
4,32,48,1.5,0.03125,16384,1536,1,14.211436518224634,14.200798220352294,
4,32,64,2.0,0.041666666666666664,16384,1536,1,11.854925142571927,11.833648546827247,
4,32,96,3.0,0.0625,16384,1536,1,5.224435407302765,5.181882215813403,
4,32,128,4.0,0.08333333333333333,16384,1536,1,3.424103902998472,3.3602741157644296,
4,32,192,6.0,0.125,16384,1536,1,1.8344996452017996,1.7281166664783953,
4,32,256,8.0,0.16666666666666666,16384,1536,1,1.4134969121337708,1.264560741921005,
4,32,384,12.0,0.25,16384,1536,1,1.1519064020725762,0.9178638488810869,
0,32,48,1.5,0.03125,16384,1536,2,3.042369069365861,3.0317307714935207,
0,32,64,2.0,0.041666666666666664,16384,1536,2,2.0902922559368524,2.0690156601921714,
0,32,96,3.0,0.0625,16384,1536,2,1.525132347581663,1.4825791560923012,
0,32,128,4.0,0.08333333333333333,16384,1536,2,1.3295787879854855,1.265749000751443,
0,32,192,6.0,0.125,16384,1536,2,1.1850121632755637,1.0786291845521594,
0,32,256,8.0,0.16666666666666666,16384,1536,2,1.1251937496503515,0.9762575794375855,
0,32,384,12.0,0.25,16384,1536,2,1.0696718939411451,0.8356293407496558,
2,32,48,1.5,0.03125,16384,1536,2,4.822221509631156,4.8115832117588155,
2,32,64,2.0,0.041666666666666664,16384,1536,2,2.8971061724807203,2.8758295767360393,
2,32,96,3.0,0.0625,16384,1536,2,1.7365608391081184,1.6940076476187567,
2,32,128,4.0,0.08333333333333333,16384,1536,2,1.4557155180448658,1.3918857308108232,
2,32,192,6.0,0.125,16384,1536,2,1.225482823098322,1.1190998443749176,
2,32,256,8.0,0.16666666666666666,16384,1536,2,1.1451199370698222,0.9961837668570562,
2,32,384,12.0,0.25,16384,1536,2,1.0795949560090998,0.8455524028176105,
3,32,48,1.5,0.03125,16384,1536,2,9.397973062319704,9.387334764447363,
3,32,64,2.0,0.041666666666666664,16384,1536,2,5.410392759382463,5.389116163637782,
3,32,96,3.0,0.0625,16384,1536,2,2.5652681474988457,2.522714956009484,
3,32,128,4.0,0.08333333333333333,16384,1536,2,1.8881777369670951,1.8243479497330526,
3,32,192,6.0,0.125,16384,1536,2,1.4078405343682296,1.3014575556448253,
3,32,256,8.0,0.16666666666666666,16384,1536,2,1.2278800061154083,1.0789438359026424,
3,32,384,12.0,0.25,16384,1536,2,1.1018934753442697,0.8678509221527804,
4,32,48,1.5,0.03125,16384,1536,2,12.114931370651357,12.104293072779017,
4,32,64,2.0,0.041666666666666664,16384,1536,2,7.001414602949503,6.980138007204823,
4,32,96,3.0,0.0625,16384,1536,2,2.684259114381956,2.6417059228925943,
4,32,128,4.0,0.08333333333333333,16384,1536,2,1.9748246057691083,1.9109948185350658,
4,32,192,6.0,0.125,16384,1536,2,1.364818896658463,1.2584359179350586,
4,32,256,8.0,0.16666666666666666,16384,1536,2,1.2166437646526078,1.0677075944398418,
4,32,384,12.0,0.25,16384,1536,2,1.1054862405467842,0.8714436873552949,
0,32,48,1.5,0.03125,16384,1536,3,2.5550043938654654,2.544366095993125,
0,32,64,2.0,0.041666666666666664,16384,1536,3,1.8193953320226233,1.7981187362779425,
0,32,96,3.0,0.0625,16384,1536,3,1.4348634191659428,1.392310227676581,
0,32,128,4.0,0.08333333333333333,16384,1536,3,1.29249461557258,1.2286648283385375,
0,32,192,6.0,0.125,16384,1536,3,1.1726459035635786,1.0662629248401743,
0,32,256,8.0,0.16666666666666666,16384,1536,3,1.1198079400887397,0.9708717698759738,
0,32,384,12.0,0.25,16384,1536,3,1.069067622562077,0.8350250693705876,
2,32,48,1.5,0.03125,16384,1536,3,4.867041049121253,4.856402751248913,
2,32,64,2.0,0.041666666666666664,16384,1536,3,2.9484513649239474,2.9271747691792664,
2,32,96,3.0,0.0625,16384,1536,3,2.0484373326091956,2.005884141119834,
2,32,128,4.0,0.08333333333333333,16384,1536,3,1.5490103780146973,1.4851805907806548,
2,32,192,6.0,0.125,16384,1536,3,1.2728450809052088,1.1664621021818045,
2,32,256,8.0,0.16666666666666666,16384,1536,3,1.159578494964651,1.0106423247518852,
2,32,384,12.0,0.25,16384,1536,3,1.0843598664554495,0.8503173132639601,
3,32,48,1.5,0.03125,16384,1536,3,9.241437448162472,9.230799150290132,
3,32,64,2.0,0.041666666666666664,16384,1536,3,5.547217149898745,5.525940554154064,
3,32,96,3.0,0.0625,16384,1536,3,3.52084470691701,3.4782915154276486,
3,32,128,4.0,0.08333333333333333,16384,1536,3,2.102110089657107,2.0382803024230647,
3,32,192,6.0,0.125,16384,1536,3,1.4908088377147126,1.3844258589913083,
3,32,256,8.0,0.16666666666666666,16384,1536,3,1.2353170231656954,1.0863808529529293,
3,32,384,12.0,0.25,16384,1536,3,1.1231895126928448,0.8891469595013555,
4,32,48,1.5,0.03125,16384,1536,3,14.259265891162542,14.248627593290202,
4,32,64,2.0,0.041666666666666664,16384,1536,3,9.347404719109848,9.326128123365168,
4,32,96,3.0,0.0625,16384,1536,3,4.738190999745294,4.695637808255932,
4,32,128,4.0,0.08333333333333333,16384,1536,3,2.469844926934996,2.4060151397009535,
4,32,192,6.0,0.125,16384,1536,3,1.5907207446207838,1.4843377658973795,
4,32,256,8.0,0.16666666666666666,16384,1536,3,1.3357735899423404,1.1868374197295743,
4,32,384,12.0,0.25,16384,1536,3,1.1401337786015224,0.9060912254100331,
0,32,48,1.5,0.03125,16384,1536,4,2.6342490997308188,2.6236108018584785,
0,32,64,2.0,0.041666666666666664,16384,1536,4,1.8673457948233778,1.846069199078697,
0,32,96,3.0,0.0625,16384,1536,4,1.4425310000526381,1.3999778085632764,
0,32,128,4.0,0.08333333333333333,16384,1536,4,1.3008017203958193,1.2369719331617768,
0,32,192,6.0,0.125,16384,1536,4,1.1777826939810698,1.0713997152576655,
0,32,256,8.0,0.16666666666666666,16384,1536,4,1.1244858597966914,0.9755496895839254,
0,32,384,12.0,0.25,16384,1536,4,1.0696217094425517,0.8355791562510624,
2,32,48,1.5,0.03125,16384,1536,4,4.159282789507655,4.148644491635315,
2,32,64,2.0,0.041666666666666664,16384,1536,4,2.3216176770165893,2.3003410812719083,
2,32,96,3.0,0.0625,16384,1536,4,1.5662643014238224,1.5237111099344607,
2,32,128,4.0,0.08333333333333333,16384,1536,4,1.4049216297015334,1.341091842467491,
2,32,192,6.0,0.125,16384,1536,4,1.2146755293292961,1.1082925506058918,
2,32,256,8.0,0.16666666666666666,16384,1536,4,1.1304095480724758,0.9814733778597099,
2,32,384,12.0,0.25,16384,1536,4,1.0751882242595383,0.8411456710680489,
3,32,48,1.5,0.03125,16384,1536,4,5.999669352300418,5.989031054428078,
3,32,64,2.0,0.041666666666666664,16384,1536,4,4.20385716932871,4.18258057358403,
3,32,96,3.0,0.0625,16384,1536,4,2.1935548669972142,2.1510016755078527,
3,32,128,4.0,0.08333333333333333,16384,1536,4,1.6899289385922045,1.626099151358162,
3,32,192,6.0,0.125,16384,1536,4,1.3289346626554535,1.2225516839320492,
3,32,256,8.0,0.16666666666666666,16384,1536,4,1.2160016781071055,1.0670655078943394,
3,32,384,12.0,0.25,16384,1536,4,1.1032315507672041,0.8691889975757148,
4,32,48,1.5,0.03125,16384,1536,4,10.259624515103264,10.248986217230923,
4,32,64,2.0,0.041666666666666664,16384,1536,4,6.791422733615176,6.770146137870495,
4,32,96,3.0,0.0625,16384,1536,4,3.2294609743508085,3.186907782861447,
4,32,128,4.0,0.08333333333333333,16384,1536,4,2.3476681506098824,2.28383836337584,
4,32,192,6.0,0.125,16384,1536,4,1.5668288820672207,1.4604459033438164,
4,32,256,8.0,0.16666666666666666,16384,1536,4,1.2773914792435759,1.12845530903081,
4,32,384,12.0,0.25,16384,1536,4,1.1442529371514516,0.9102103839599622,
0,32,48,1.5,0.03125,16384,1536,5,2.8277867279246047,2.8171484300522645,
0,32,64,2.0,0.041666666666666664,16384,1536,5,1.977680089526176,1.9564034937814951,
0,32,96,3.0,0.0625,16384,1536,5,1.463175499821108,1.4206223083317462,
0,32,128,4.0,0.08333333333333333,16384,1536,5,1.3138680395378204,1.2500382523037779,
0,32,192,6.0,0.125,16384,1536,5,1.1775533955780828,1.0711704168546785,
0,32,256,8.0,0.16666666666666666,16384,1536,5,1.1207014708889487,0.9717653006761827,
0,32,384,12.0,0.25,16384,1536,5,1.0685273555232087,0.8344848023317193,
2,32,48,1.5,0.03125,16384,1536,5,5.78678508380311,5.77614678593077,
2,32,64,2.0,0.041666666666666664,16384,1536,5,3.4133553078023717,3.3920787120576907,
2,32,96,3.0,0.0625,16384,1536,5,1.8757032588882159,1.833150067398854,
2,32,128,4.0,0.08333333333333333,16384,1536,5,1.4599001673671113,1.3960703801330687,
2,32,192,6.0,0.125,16384,1536,5,1.2373406757095673,1.130957696986163,
2,32,256,8.0,0.16666666666666666,16384,1536,5,1.1655455863050659,1.0166094160923,
2,32,384,12.0,0.25,16384,1536,5,1.075705378081378,0.8416628248898885,
3,32,48,1.5,0.03125,16384,1536,5,8.684384311058402,8.673746013186062,
3,32,64,2.0,0.041666666666666664,16384,1536,5,5.048769748458518,5.027493152713838,
3,32,96,3.0,0.0625,16384,1536,5,2.772313516015027,2.7297603245256656,
3,32,128,4.0,0.08333333333333333,16384,1536,5,1.8906142674377429,1.8267844802037003,
3,32,192,6.0,0.125,16384,1536,5,1.3684112761137692,1.262028297390365,
3,32,256,8.0,0.16666666666666666,16384,1536,5,1.220816058638891,1.0718798884261251,
3,32,384,12.0,0.25,16384,1536,5,1.1081012713619818,0.8740587181704924,
4,32,48,1.5,0.03125,16384,1536,5,12.154002771355588,12.143364473483247,
4,32,64,2.0,0.041666666666666664,16384,1536,5,7.76816600936842,7.746889413623739,
4,32,96,3.0,0.0625,16384,1536,5,4.0226215405300305,3.980068349040669,
4,32,128,4.0,0.08333333333333333,16384,1536,5,2.453686066499355,2.3898562792653126,
4,32,192,6.0,0.125,16384,1536,5,1.5079462106219892,1.401563231898585,
4,32,256,8.0,0.16666666666666666,16384,1536,5,1.2559948552574653,1.1070586850446995,
4,32,384,12.0,0.25,16384,1536,5,1.122908919148082,0.8888663659565927,
0,32,48,1.5,0.03125,16384,1536,6,2.728931418488916,2.718293120616576,
0,32,64,2.0,0.041666666666666664,16384,1536,6,1.9330897579935349,1.9118131622488541,
0,32,96,3.0,0.0625,16384,1536,6,1.4617523071271554,1.4191991156377937,
0,32,128,4.0,0.08333333333333333,16384,1536,6,1.3114815650465272,1.2476517778124847,
0,32,192,6.0,0.125,16384,1536,6,1.178424708137972,1.0720417294145677,
0,32,256,8.0,0.16666666666666666,16384,1536,6,1.1239255775093784,0.9749894072966124,
0,32,384,12.0,0.25,16384,1536,6,1.070246473334325,0.8362039201428357,
2,32,48,1.5,0.03125,16384,1536,6,6.746587974052636,6.7359496761802955,
2,32,64,2.0,0.041666666666666664,16384,1536,6,3.681660226372937,3.6603836306282562,
2,32,96,3.0,0.0625,16384,1536,6,2.0368963068278685,1.9943431153385067,
2,32,128,4.0,0.08333333333333333,16384,1536,6,1.5946201539795193,1.5307903667454767,
2,32,192,6.0,0.125,16384,1536,6,1.2992679662415014,1.1928849875180971,
2,32,256,8.0,0.16666666666666666,16384,1536,6,1.1743407524519887,1.0254045822392226,
2,32,384,12.0,0.25,16384,1536,6,1.0967357310277137,0.8626931778362243,
3,32,48,1.5,0.03125,16384,1536,6,8.320477597940425,8.309839300068084,
3,32,64,2.0,0.041666666666666664,16384,1536,6,5.4579386181126,5.436662022367919,
3,32,96,3.0,0.0625,16384,1536,6,2.5504813249631972,2.5079281334738357,
3,32,128,4.0,0.08333333333333333,16384,1536,6,1.8753060431946795,1.811476255960637,
3,32,192,6.0,0.125,16384,1536,6,1.334412363745766,1.2280293850223618,
3,32,256,8.0,0.16666666666666666,16384,1536,6,1.2127452468010853,1.0638090765883192,
3,32,384,12.0,0.25,16384,1536,6,1.095820884138699,0.8617783309472096,
4,32,48,1.5,0.03125,16384,1536,6,9.151807499556151,9.14116920168381,
4,32,64,2.0,0.041666666666666664,16384,1536,6,6.676100740467834,6.654824144723153,
4,32,96,3.0,0.0625,16384,1536,6,3.5174018116604207,3.474848620171059,
4,32,128,4.0,0.08333333333333333,16384,1536,6,2.543777852053257,2.4799480648192143,
4,32,192,6.0,0.125,16384,1536,6,1.5725739092447761,1.4661909305213718,
4,32,256,8.0,0.16666666666666666,16384,1536,6,1.3024544336191548,1.1535182634063887,
4,32,384,12.0,0.25,16384,1536,6,1.1562592458865395,0.9222166926950501,
0,32,48,1.5,0.03125,16384,1536,7,2.829349243473495,2.8187109456011545,
0,32,64,2.0,0.041666666666666664,16384,1536,7,1.9668263558749506,1.9455497601302698,
0,32,96,3.0,0.0625,16384,1536,7,1.4901489387776718,1.44759574728831,
0,32,128,4.0,0.08333333333333333,16384,1536,7,1.3187409818348597,1.2549111946008171,
0,32,192,6.0,0.125,16384,1536,7,1.1815159298670532,1.075132951143649,
0,32,256,8.0,0.16666666666666666,16384,1536,7,1.123276462937536,0.9743402927247701,
0,32,384,12.0,0.25,16384,1536,7,1.068931218340554,0.8348886651490646,
2,32,48,1.5,0.03125,16384,1536,7,5.91146032986054,5.900822031988199,
2,32,64,2.0,0.041666666666666664,16384,1536,7,3.447343588908591,3.42606699316391,
2,32,96,3.0,0.0625,16384,1536,7,1.9472329111541882,1.9046797196648264,
2,32,128,4.0,0.08333333333333333,16384,1536,7,1.52543588041333,1.4616060931792874,
2,32,192,6.0,0.125,16384,1536,7,1.2614182374791494,1.155035258755745,
2,32,256,8.0,0.16666666666666666,16384,1536,7,1.1722796954658472,1.0233435252530811,
2,32,384,12.0,0.25,16384,1536,7,1.089322602190163,0.8552800489986736,
3,32,48,1.5,0.03125,16384,1536,7,7.8287234590758255,7.818085161203485,
3,32,64,2.0,0.041666666666666664,16384,1536,7,4.769497835486997,4.748221239742317,
3,32,96,3.0,0.0625,16384,1536,7,2.182336254921256,2.1397830634318944,
3,32,128,4.0,0.08333333333333333,16384,1536,7,1.649684389432896,1.5858546021988535,
3,32,192,6.0,0.125,16384,1536,7,1.3433616208071848,1.2369786420837805,
3,32,256,8.0,0.16666666666666666,16384,1536,7,1.2338201820585666,1.0848840118458005,
3,32,384,12.0,0.25,16384,1536,7,1.0999465505258437,0.8659039973343543,
4,32,48,1.5,0.03125,16384,1536,7,14.050674426203942,14.040036128331602,
4,32,64,2.0,0.041666666666666664,16384,1536,7,10.580421132289224,10.559144536544544,
4,32,96,3.0,0.0625,16384,1536,7,5.219927322217174,5.177374130727812,
4,32,128,4.0,0.08333333333333333,16384,1536,7,2.711420070192858,2.6475902829588156,
4,32,192,6.0,0.125,16384,1536,7,1.6232156376973736,1.5168326589739693,
4,32,256,8.0,0.16666666666666666,16384,1536,7,1.3114363865328722,1.1625002163201064,
4,32,384,12.0,0.25,16384,1536,7,1.1471102489767644,0.913067695785275,
0,32,48,1.5,0.03125,16384,1536,8,2.7020813679753406,2.6914430701030003,
0,32,64,2.0,0.041666666666666664,16384,1536,8,1.9701091901876344,1.9488325944429536,
0,32,96,3.0,0.0625,16384,1536,8,1.4743816586946208,1.431828467205259,
0,32,128,4.0,0.08333333333333333,16384,1536,8,1.3135641922855412,1.2497344050514987,
0,32,192,6.0,0.125,16384,1536,8,1.1808217076797694,1.074438728956365,
0,32,256,8.0,0.16666666666666666,16384,1536,8,1.120386285699139,0.971450115486373,
0,32,384,12.0,0.25,16384,1536,8,1.0691853167486496,0.8351427635571602,
2,32,48,1.5,0.03125,16384,1536,8,4.76833554237175,4.7576972444994095,
2,32,64,2.0,0.041666666666666664,16384,1536,8,2.9559473084729624,2.9346707127282814,
2,32,96,3.0,0.0625,16384,1536,8,1.763055268448272,1.7205020769589103,
2,32,128,4.0,0.08333333333333333,16384,1536,8,1.4886046701457283,1.4247748829116857,
2,32,192,6.0,0.125,16384,1536,8,1.2494434061535542,1.14306042743015,
2,32,256,8.0,0.16666666666666666,16384,1536,8,1.1477148703380098,0.9987787001252438,
2,32,384,12.0,0.25,16384,1536,8,1.0813520722159042,0.8473095190244149,
3,32,48,1.5,0.03125,16384,1536,8,9.487281453850416,9.476643155978076,
3,32,64,2.0,0.041666666666666664,16384,1536,8,5.9886684375319374,5.967391841787257,
3,32,96,3.0,0.0625,16384,1536,8,2.442300549460551,2.3997473579711897,
3,32,128,4.0,0.08333333333333333,16384,1536,8,1.7750205958638423,1.7111908086297998,
3,32,192,6.0,0.125,16384,1536,8,1.3684339381854582,1.262050959462054,
3,32,256,8.0,0.16666666666666666,16384,1536,8,1.1829136799974533,1.0339775097846875,
3,32,384,12.0,0.25,16384,1536,8,1.0976867459905124,0.863644192799023,
4,32,48,1.5,0.03125,16384,1536,8,10.754577383667261,10.74393908579492,
4,32,64,2.0,0.041666666666666664,16384,1536,8,7.234371133993824,7.213094538249144,
4,32,96,3.0,0.0625,16384,1536,8,3.084188925539373,3.0416357340500113,
4,32,128,4.0,0.08333333333333333,16384,1536,8,2.158548311631234,2.0947185243971913,
4,32,192,6.0,0.125,16384,1536,8,1.4823603127278155,1.3759773340044112,
4,32,256,8.0,0.16666666666666666,16384,1536,8,1.266763796760312,1.117827626547546,
4,32,384,12.0,0.25,16384,1536,8,1.1251769122336255,0.8911343590421361,
0,32,48,1.5,0.03125,16384,1536,9,2.6341548456606105,2.6235165477882703,
0,32,64,2.0,0.041666666666666664,16384,1536,9,1.9069911392896506,1.8857145435449698,
0,32,96,3.0,0.0625,16384,1536,9,1.4732353944327832,1.4306822029434214,
0,32,128,4.0,0.08333333333333333,16384,1536,9,1.3102410878561777,1.2464113006221351,
0,32,192,6.0,0.125,16384,1536,9,1.1749127200812313,1.068529741357827,
0,32,256,8.0,0.16666666666666666,16384,1536,9,1.1212167657221035,0.9722805955093375,
0,32,384,12.0,0.25,16384,1536,9,1.0704837883861305,0.8364412351946411,
2,32,48,1.5,0.03125,16384,1536,9,5.241774948129532,5.231136650257191,
2,32,64,2.0,0.041666666666666664,16384,1536,9,2.9661536152737082,2.9448770195290273,
2,32,96,3.0,0.0625,16384,1536,9,1.7733348262645001,1.7307816347751384,
2,32,128,4.0,0.08333333333333333,16384,1536,9,1.4578517106712816,1.394021923437239,
2,32,192,6.0,0.125,16384,1536,9,1.2334776474321478,1.1270946687087435,
2,32,256,8.0,0.16666666666666666,16384,1536,9,1.1339872511738223,0.9850510809610563,
2,32,384,12.0,0.25,16384,1536,9,1.0722601120657007,0.8382175588742113,
3,32,48,1.5,0.03125,16384,1536,9,9.504898819298429,9.494260521426089,
3,32,64,2.0,0.041666666666666664,16384,1536,9,6.164234659553996,6.142958063809315,
3,32,96,3.0,0.0625,16384,1536,9,3.257783058386991,3.2152298668976296,
3,32,128,4.0,0.08333333333333333,16384,1536,9,2.031136788308437,1.9673070010743943,
3,32,192,6.0,0.125,16384,1536,9,1.3882448212873661,1.2818618425639619,
3,32,256,8.0,0.16666666666666666,16384,1536,9,1.2051187457359966,1.0561825755232306,
3,32,384,12.0,0.25,16384,1536,9,1.1025827886240775,0.8685402354325882,
4,32,48,1.5,0.03125,16384,1536,9,13.214952597352271,13.20431429947993,
4,32,64,2.0,0.041666666666666664,16384,1536,9,10.130660629657358,10.109384033912677,
4,32,96,3.0,0.0625,16384,1536,9,5.120883985036362,5.078330793547,
4,32,128,4.0,0.08333333333333333,16384,1536,9,3.020984616819041,2.9571548295849985,
4,32,192,6.0,0.125,16384,1536,9,1.839580535232829,1.7331975565094246,
4,32,256,8.0,0.16666666666666666,16384,1536,9,1.3671020172947908,1.218165847082025,
4,32,384,12.0,0.25,16384,1536,9,1.158356069235822,0.9243135160443325,
0,32,48,1.5,0.03125,16384,1536,10,2.6874591694356744,2.676820871563334,
0,32,64,2.0,0.041666666666666664,16384,1536,10,1.9479907055304078,1.926714109785727,
0,32,96,3.0,0.0625,16384,1536,10,1.475208291053805,1.4326550995644431,
0,32,128,4.0,0.08333333333333333,16384,1536,10,1.31593299867489,1.2521032114408475,
0,32,192,6.0,0.125,16384,1536,10,1.1824518456569026,1.0760688669334983,
0,32,256,8.0,0.16666666666666666,16384,1536,10,1.1211193857923543,0.9721832155795883,
0,32,384,12.0,0.25,16384,1536,10,1.0696120771748228,0.8355695239833334,
2,32,48,1.5,0.03125,16384,1536,10,5.569727074367796,5.5590887764954555,
2,32,64,2.0,0.041666666666666664,16384,1536,10,3.1559727534155653,3.1346961576708843,
2,32,96,3.0,0.0625,16384,1536,10,1.8174911306574844,1.7749379391681226,
2,32,128,4.0,0.08333333333333333,16384,1536,10,1.4774324477466698,1.4136026605126273,
2,32,192,6.0,0.125,16384,1536,10,1.2477977024773437,1.1414147237539394,
2,32,256,8.0,0.16666666666666666,16384,1536,10,1.162781943166412,1.0138457729536459,
2,32,384,12.0,0.25,16384,1536,10,1.0817804760496308,0.8477379228581414,
3,32,48,1.5,0.03125,16384,1536,10,10.169596286818114,10.158957988945774,
3,32,64,2.0,0.041666666666666664,16384,1536,10,7.820952200946526,7.799675605201846,
3,32,96,3.0,0.0625,16384,1536,10,3.4837681913469667,3.441214999857605,
3,32,128,4.0,0.08333333333333333,16384,1536,10,1.8992436175882914,1.8354138303542489,
3,32,192,6.0,0.125,16384,1536,10,1.422123444001915,1.3157404652785107,
3,32,256,8.0,0.16666666666666666,16384,1536,10,1.231597626832208,1.0826614566194421,
3,32,384,12.0,0.25,16384,1536,10,1.1141882663906173,0.8801457131991279,
4,32,48,1.5,0.03125,16384,1536,10,13.924418992372809,13.913780694500469,
4,32,64,2.0,0.041666666666666664,16384,1536,10,9.08056692132357,9.059290325578889,
4,32,96,3.0,0.0625,16384,1536,10,4.204098202577029,4.161545011087667,
4,32,128,4.0,0.08333333333333333,16384,1536,10,2.263105911880553,2.1992761246465107,
4,32,192,6.0,0.125,16384,1536,10,1.5137860974271191,1.4074031187037148,
4,32,256,8.0,0.16666666666666666,16384,1536,10,1.264938182550888,1.116002012338122,
4,32,384,12.0,0.25,16384,1536,10,1.12219512771977,0.8881525745282806,
0,32,48,1.5,0.03125,16384,1536,11,2.9024605493189464,2.891822251446606,
0,32,64,2.0,0.041666666666666664,16384,1536,11,2.024297188095441,2.00302059235076,
0,32,96,3.0,0.0625,16384,1536,11,1.4897070683333156,1.4471538768439538,
0,32,128,4.0,0.08333333333333333,16384,1536,11,1.3267779052382562,1.2629481180042137,
0,32,192,6.0,0.125,16384,1536,11,1.1861984245097923,1.079815445786388,
0,32,256,8.0,0.16666666666666666,16384,1536,11,1.125938835230306,0.97700266501754,
0,32,384,12.0,0.25,16384,1536,11,1.0711380552642908,0.8370955020728015,
2,32,48,1.5,0.03125,16384,1536,11,6.208431452606021,6.197793154733681,
2,32,64,2.0,0.041666666666666664,16384,1536,11,3.621207396898772,3.599930801154091,
2,32,96,3.0,0.0625,16384,1536,11,1.9929465191404345,1.9503933276510728,
2,32,128,4.0,0.08333333333333333,16384,1536,11,1.5113797183784594,1.4475499311444169,
2,32,192,6.0,0.125,16384,1536,11,1.2406358678015175,1.1342528890781132,
2,32,256,8.0,0.16666666666666666,16384,1536,11,1.152861120727487,1.0039249505147212,
2,32,384,12.0,0.25,16384,1536,11,1.0793414158154941,0.8452988626240048,
3,32,48,1.5,0.03125,16384,1536,11,6.485558718547865,6.474920420675525,
3,32,64,2.0,0.041666666666666664,16384,1536,11,4.134263627542683,4.112987031798003,
3,32,96,3.0,0.0625,16384,1536,11,2.4484617214578392,2.4059085299684777,
3,32,128,4.0,0.08333333333333333,16384,1536,11,1.6609793892692744,1.5971496020352318,
3,32,192,6.0,0.125,16384,1536,11,1.3040444721549476,1.1976614934315433,
3,32,256,8.0,0.16666666666666666,16384,1536,11,1.2025052700649552,1.0535690998521892,
3,32,384,12.0,0.25,16384,1536,11,1.0889341399699253,0.8548915867784359,
4,32,48,1.5,0.03125,16384,1536,11,14.520628899709903,14.509990601837563,
4,32,64,2.0,0.041666666666666664,16384,1536,11,10.005029727007244,9.983753131262564,
4,32,96,3.0,0.0625,16384,1536,11,4.300489308958515,4.257936117469153,
4,32,128,4.0,0.08333333333333333,16384,1536,11,2.6610461703764043,2.597216383142362,
4,32,192,6.0,0.125,16384,1536,11,1.7614561957946506,1.6550732170712463,
4,32,256,8.0,0.16666666666666666,16384,1536,11,1.385668002678044,1.2367318324652778,
4,32,384,12.0,0.25,16384,1536,11,1.1592309555527132,0.9251884023612238,
0,32,48,1.5,0.03125,16384,1536,12,2.7553494667913716,2.7447111689190313,
0,32,64,2.0,0.041666666666666664,16384,1536,12,1.9867822556234835,1.9655056598788028,
0,32,96,3.0,0.0625,16384,1536,12,1.47895762011562,1.4364044286262583,
0,32,128,4.0,0.08333333333333333,16384,1536,12,1.3108826636758653,1.2470528764418227,
0,32,192,6.0,0.125,16384,1536,12,1.178826510274796,1.0724435315513916,
0,32,256,8.0,0.16666666666666666,16384,1536,12,1.1212369998937297,0.9723008296809638,
0,32,384,12.0,0.25,16384,1536,12,1.0696516404230234,0.835609087231534,
2,32,48,1.5,0.03125,16384,1536,12,4.870028661217066,4.859390363344725,
2,32,64,2.0,0.041666666666666664,16384,1536,12,3.037435669933716,3.016159074189035,
2,32,96,3.0,0.0625,16384,1536,12,1.778854694879985,1.7363015033906233,
2,32,128,4.0,0.08333333333333333,16384,1536,12,1.4444510654904335,1.380621278256391,
2,32,192,6.0,0.125,16384,1536,12,1.2065051387593393,1.100122160035935,
2,32,256,8.0,0.16666666666666666,16384,1536,12,1.1351639562705786,0.9862277860578127,
2,32,384,12.0,0.25,16384,1536,12,1.0766181982766976,0.8425756450852082,
3,32,48,1.5,0.03125,16384,1536,12,9.452093165537125,9.441454867664785,
3,32,64,2.0,0.041666666666666664,16384,1536,12,5.816690188587126,5.795413592842445,
3,32,96,3.0,0.0625,16384,1536,12,3.3588808873201907,3.316327695830829,
3,32,128,4.0,0.08333333333333333,16384,1536,12,2.211060202164376,2.1472304149303336,
3,32,192,6.0,0.125,16384,1536,12,1.4278074150602094,1.321424436336805,
3,32,256,8.0,0.16666666666666666,16384,1536,12,1.2576283403449209,1.108692170132155,
3,32,384,12.0,0.25,16384,1536,12,1.1062044693946655,0.8721619162031762,
4,32,48,1.5,0.03125,16384,1536,12,10.364958371940775,10.354320074068434,
4,32,64,2.0,0.041666666666666664,16384,1536,12,8.020567387064018,7.999290791319337,
4,32,96,3.0,0.0625,16384,1536,12,3.809091709371432,3.7665385178820703,
4,32,128,4.0,0.08333333333333333,16384,1536,12,2.290127789440041,2.2262980022059984,
4,32,192,6.0,0.125,16384,1536,12,1.6967877915544176,1.5904048128310133,
4,32,256,8.0,0.16666666666666666,16384,1536,12,1.352983068728058,1.204046898515292,
4,32,384,12.0,0.25,16384,1536,12,1.1490343125012787,0.9149917593097894,
0,32,48,1.5,0.03125,16384,1536,13,2.7784721830383496,2.7678338851660094,
0,32,64,2.0,0.041666666666666664,16384,1536,13,1.9269388163916084,1.9056622206469276,
0,32,96,3.0,0.0625,16384,1536,13,1.4831204031897043,1.4405672117003425,
0,32,128,4.0,0.08333333333333333,16384,1536,13,1.3117675425443136,1.247937755310271,
0,32,192,6.0,0.125,16384,1536,13,1.183585890518777,1.0772029117953728,
0,32,256,8.0,0.16666666666666666,16384,1536,13,1.1249709542404014,0.9760347840276354,
0,32,384,12.0,0.25,16384,1536,13,1.0705774138712938,0.8365348606798044,
2,32,48,1.5,0.03125,16384,1536,13,6.500255810747276,6.489617512874935,
2,32,64,2.0,0.041666666666666664,16384,1536,13,3.741125402345661,3.71984880660098,
2,32,96,3.0,0.0625,16384,1536,13,1.9472699111054315,1.9047167196160697,
2,32,128,4.0,0.08333333333333333,16384,1536,13,1.45955422055952,1.3957244333254775,
2,32,192,6.0,0.125,16384,1536,13,1.2598112044984542,1.1534282257750499,
2,32,256,8.0,0.16666666666666666,16384,1536,13,1.1588364936796305,1.0099003234668644,
2,32,384,12.0,0.25,16384,1536,13,1.087181192965338,0.8531386397738487,
3,32,48,1.5,0.03125,16384,1536,13,6.656406424606176,6.645768126733835,
3,32,64,2.0,0.041666666666666664,16384,1536,13,3.7555896609004544,3.7343130651557734,
3,32,96,3.0,0.0625,16384,1536,13,2.04632642536302,2.0037732338736585,
3,32,128,4.0,0.08333333333333333,16384,1536,13,1.5804123072494685,1.516582520015426,
3,32,192,6.0,0.125,16384,1536,13,1.3291472756573581,1.2227642969339538,
3,32,256,8.0,0.16666666666666666,16384,1536,13,1.2081937222639287,1.0592575520511627,
3,32,384,12.0,0.25,16384,1536,13,1.1107312281529234,0.876688674961434,
4,32,48,1.5,0.03125,16384,1536,13,15.659207696356379,15.648569398484039,
4,32,64,2.0,0.041666666666666664,16384,1536,13,10.148951252019883,10.127674656275202,
4,32,96,3.0,0.0625,16384,1536,13,4.091157673256085,4.048604481766723,
4,32,128,4.0,0.08333333333333333,16384,1536,13,2.24618884980063,2.1823590625665874,
4,32,192,6.0,0.125,16384,1536,13,1.470884855485752,1.3645018767623478,
4,32,256,8.0,0.16666666666666666,16384,1536,13,1.24557158345432,1.096635413241554,
4,32,384,12.0,0.25,16384,1536,13,1.1293868082709224,0.895344255079433,
0,32,48,1.5,0.03125,16384,1536,14,2.8806143365810017,2.8699760387086615,
0,32,64,2.0,0.041666666666666664,16384,1536,14,2.0011555503489102,1.9798789546042295,
0,32,96,3.0,0.0625,16384,1536,14,1.475030913866688,1.4324777223773262,
0,32,128,4.0,0.08333333333333333,16384,1536,14,1.3083933467017959,1.2445635594677533,
0,32,192,6.0,0.125,16384,1536,14,1.180389099605191,1.0740061208817866,
0,32,256,8.0,0.16666666666666666,16384,1536,14,1.124853548702699,0.975917378489933,
0,32,384,12.0,0.25,16384,1536,14,1.072080138110062,0.8380375849185726,
2,32,48,1.5,0.03125,16384,1536,14,5.22722297329514,5.2165846754228,
2,32,64,2.0,0.041666666666666664,16384,1536,14,2.940468892929643,2.919192297184962,
2,32,96,3.0,0.0625,16384,1536,14,1.6719457194625083,1.6293925279731465,
2,32,128,4.0,0.08333333333333333,16384,1536,14,1.3445540996982934,1.280724312464251,
2,32,192,6.0,0.125,16384,1536,14,1.1924241825186217,1.0860412037952174,
2,32,256,8.0,0.16666666666666666,16384,1536,14,1.1281627208643945,0.9792265506516286,
2,32,384,12.0,0.25,16384,1536,14,1.0731625288169577,0.8391199756254684,
3,32,48,1.5,0.03125,16384,1536,14,7.391225030037797,7.380586732165456,
3,32,64,2.0,0.041666666666666664,16384,1536,14,4.725421223211248,4.704144627466567,
3,32,96,3.0,0.0625,16384,1536,14,2.5449209202434133,2.502367728754052,
3,32,128,4.0,0.08333333333333333,16384,1536,14,1.798074060110062,1.7342442728760195,
3,32,192,6.0,0.125,16384,1536,14,1.2966261817684623,1.190243203045058,
3,32,256,8.0,0.16666666666666666,16384,1536,14,1.1743966889070758,1.02546051869431,
3,32,384,12.0,0.25,16384,1536,14,1.0883551978770076,0.8543126446855183,
4,32,48,1.5,0.03125,16384,1536,14,10.26973811058747,10.25909981271513,
4,32,64,2.0,0.041666666666666664,16384,1536,14,6.344265391444702,6.322988795700021,
4,32,96,3.0,0.0625,16384,1536,14,3.014261348949569,2.9717081574602076,
4,32,128,4.0,0.08333333333333333,16384,1536,14,2.0176546984409356,1.953824911206893,
4,32,192,6.0,0.125,16384,1536,14,1.4571980389940244,1.3508150602706201,
4,32,256,8.0,0.16666666666666666,16384,1536,14,1.2453476010593838,1.0964114308466177,
4,32,384,12.0,0.25,16384,1536,14,1.120697626300984,0.8866550731094947,
0,32,48,1.5,0.03125,16384,1536,15,2.6401798603906954,2.629541562518355,
0,32,64,2.0,0.041666666666666664,16384,1536,15,1.908914937045858,1.8876383413011772,
0,32,96,3.0,0.0625,16384,1536,15,1.4788703826825873,1.4363171911932255,
0,32,128,4.0,0.08333333333333333,16384,1536,15,1.3089891045308628,1.2451593172968203,
0,32,192,6.0,0.125,16384,1536,15,1.1715240660315493,1.065141087308145,
0,32,256,8.0,0.16666666666666666,16384,1536,15,1.1154775616669503,0.9665413914541844,
0,32,384,12.0,0.25,16384,1536,15,1.0670002802843797,0.8329577270928903,
2,32,48,1.5,0.03125,16384,1536,15,6.425216516859951,6.414578218987611,
2,32,64,2.0,0.041666666666666664,16384,1536,15,3.641411672885357,3.620135077140676,
2,32,96,3.0,0.0625,16384,1536,15,1.9321564642302882,1.8896032727409264,
2,32,128,4.0,0.08333333333333333,16384,1536,15,1.5300402900079557,1.4662105027739132,
2,32,192,6.0,0.125,16384,1536,15,1.2456518686727287,1.1392688899493244,
2,32,256,8.0,0.16666666666666666,16384,1536,15,1.1400797407185834,0.9911435705058175,
2,32,384,12.0,0.25,16384,1536,15,1.0804393215090353,0.846396768317546,
3,32,48,1.5,0.03125,16384,1536,15,11.93509995463734,11.924461656765,
3,32,64,2.0,0.041666666666666664,16384,1536,15,7.872580001322882,7.851303405578202,
3,32,96,3.0,0.0625,16384,1536,15,3.4103535692215963,3.3678003777322347,
3,32,128,4.0,0.08333333333333333,16384,1536,15,2.079359287206259,2.0155294999722164,
3,32,192,6.0,0.125,16384,1536,15,1.456673768394154,1.3502907896707497,
3,32,256,8.0,0.16666666666666666,16384,1536,15,1.2485200406308636,1.0995838704180976,
3,32,384,12.0,0.25,16384,1536,15,1.119570084028228,0.8855275308367387,
4,32,48,1.5,0.03125,16384,1536,15,11.356686700993226,11.346048403120886,
4,32,64,2.0,0.041666666666666664,16384,1536,15,7.125947576406059,7.104670980661378,
4,32,96,3.0,0.0625,16384,1536,15,3.787961103925121,3.7454079124357595,
4,32,128,4.0,0.08333333333333333,16384,1536,15,2.5145243325802293,2.450694545346187,
4,32,192,6.0,0.125,16384,1536,15,1.7183069534171498,1.6119239746937455,
4,32,256,8.0,0.16666666666666666,16384,1536,15,1.324676829855441,1.175740659642675,
4,32,384,12.0,0.25,16384,1536,15,1.1317346903581849,0.8976921371666955,
0,32,48,1.5,0.03125,16384,1536,16,2.895427108621445,2.8847888107491046,
0,32,64,2.0,0.041666666666666664,16384,1536,16,1.9410024944252071,1.9197258986805263,
0,32,96,3.0,0.0625,16384,1536,16,1.4576272086474027,1.415074017158041,
0,32,128,4.0,0.08333333333333333,16384,1536,16,1.30966919838289,1.2458394111488476,
0,32,192,6.0,0.125,16384,1536,16,1.1735942000599446,1.0672112213365403,
0,32,256,8.0,0.16666666666666666,16384,1536,16,1.1189412658502802,0.9700050956375142,
0,32,384,12.0,0.25,16384,1536,16,1.0678327250452957,0.8337901718538063,
2,32,48,1.5,0.03125,16384,1536,16,4.202175722396345,4.191537424524005,
2,32,64,2.0,0.041666666666666664,16384,1536,16,2.3121365261839113,2.2908599304392303,
2,32,96,3.0,0.0625,16384,1536,16,1.7163527247470052,1.6737995332576434,
2,32,128,4.0,0.08333333333333333,16384,1536,16,1.409614588793934,1.3457848015598914,
2,32,192,6.0,0.125,16384,1536,16,1.218661690273203,1.1122787115497987,
2,32,256,8.0,0.16666666666666666,16384,1536,16,1.1415237880812077,0.9925876178684417,
2,32,384,12.0,0.25,16384,1536,16,1.0754217871821612,0.8413792339906718,
3,32,48,1.5,0.03125,16384,1536,16,13.58485695261478,13.57421865474244,
3,32,64,2.0,0.041666666666666664,16384,1536,16,7.366480034794435,7.3452034390497545,
3,32,96,3.0,0.0625,16384,1536,16,3.302711444370426,3.2601582528810646,
3,32,128,4.0,0.08333333333333333,16384,1536,16,2.1169902635003828,2.0531604762663402,
3,32,192,6.0,0.125,16384,1536,16,1.4468452536085015,1.3404622748850972,
3,32,256,8.0,0.16666666666666666,16384,1536,16,1.245843606207352,1.096907435994586,
3,32,384,12.0,0.25,16384,1536,16,1.1176725745973497,0.8836300214058603,
4,32,48,1.5,0.03125,16384,1536,16,9.940729319187396,9.930091021315055,
4,32,64,2.0,0.041666666666666664,16384,1536,16,6.925374741852421,6.90409814610774,
4,32,96,3.0,0.0625,16384,1536,16,3.50629850408273,3.4637453125933684,
4,32,128,4.0,0.08333333333333333,16384,1536,16,2.105769075163466,2.0419392879294236,
4,32,192,6.0,0.125,16384,1536,16,1.505177080199055,1.3987941014756506,
4,32,256,8.0,0.16666666666666666,16384,1536,16,1.2703287578236415,1.1213925876108757,
4,32,384,12.0,0.25,16384,1536,16,1.142953388434687,0.9089108352431976,
0,32,48,1.5,0.03125,16384,1536,17,2.633117508978282,2.622479211105942,
0,32,64,2.0,0.041666666666666664,16384,1536,17,1.9543322201176245,1.9330556243729438,
0,32,96,3.0,0.0625,16384,1536,17,1.4659038880053548,1.423350696515993,
0,32,128,4.0,0.08333333333333333,16384,1536,17,1.309454839537826,1.2456250523037835,
0,32,192,6.0,0.125,16384,1536,17,1.1802715964122434,1.0738886176888391,
0,32,256,8.0,0.16666666666666666,16384,1536,17,1.1219497371222908,0.9730135669095249,
0,32,384,12.0,0.25,16384,1536,17,1.0700446424245453,0.836002089233056,
2,32,48,1.5,0.03125,16384,1536,17,5.178340128691409,5.167701830819069,
2,32,64,2.0,0.041666666666666664,16384,1536,17,2.9400794891266755,2.9188028933819945,
2,32,96,3.0,0.0625,16384,1536,17,1.777618009775054,1.7350648182856923,
2,32,128,4.0,0.08333333333333333,16384,1536,17,1.4424169758214356,1.378587188587393,
2,32,192,6.0,0.125,16384,1536,17,1.2181175079115396,1.1117345291881353,
2,32,256,8.0,0.16666666666666666,16384,1536,17,1.1442856262183523,0.9953494560055863,
2,32,384,12.0,0.25,16384,1536,17,1.0781195624970574,0.8440770093055681,
3,32,48,1.5,0.03125,16384,1536,17,8.211655963326063,8.201017665453723,
3,32,64,2.0,0.041666666666666664,16384,1536,17,5.112310519793477,5.091033924048796,
3,32,96,3.0,0.0625,16384,1536,17,2.556693512657257,2.5141403211678957,
3,32,128,4.0,0.08333333333333333,16384,1536,17,1.8839412793417183,1.8201114921076758,
3,32,192,6.0,0.125,16384,1536,17,1.409558668508835,1.3031756897854307,
3,32,256,8.0,0.16666666666666666,16384,1536,17,1.2429814251668354,1.0940452549540693,
3,32,384,12.0,0.25,16384,1536,17,1.1198125957827763,0.8857700425912869,
4,32,48,1.5,0.03125,16384,1536,17,10.010442926540499,9.999804628668159,
4,32,64,2.0,0.041666666666666664,16384,1536,17,6.0235688120430275,6.002292216298347,
4,32,96,3.0,0.0625,16384,1536,17,3.4207777643494492,3.3782245728600877,
4,32,128,4.0,0.08333333333333333,16384,1536,17,2.3016094934156355,2.237779706181593,
4,32,192,6.0,0.125,16384,1536,17,1.4679767916625355,1.3615938129391312,
4,32,256,8.0,0.16666666666666666,16384,1536,17,1.2630954382457324,1.1141592680329664,
4,32,384,12.0,0.25,16384,1536,17,1.1329881428637045,0.8989455896722152,
0,32,48,1.5,0.03125,16384,1536,18,2.706399006455917,2.6957607085835766,
0,32,64,2.0,0.041666666666666664,16384,1536,18,1.9423201051017513,1.9210435093570706,
0,32,96,3.0,0.0625,16384,1536,18,1.4904259418506856,1.4478727503613238,
0,32,128,4.0,0.08333333333333333,16384,1536,18,1.312841358083439,1.2490115708493965,
0,32,192,6.0,0.125,16384,1536,18,1.1813927835841616,1.0750098048607573,
0,32,256,8.0,0.16666666666666666,16384,1536,18,1.1219711817479996,0.9730350115352336,
0,32,384,12.0,0.25,16384,1536,18,1.0695932715797953,0.835550718388306,
2,32,48,1.5,0.03125,16384,1536,18,5.110734858564265,5.100096560691925,
2,32,64,2.0,0.041666666666666664,16384,1536,18,3.214863868479262,3.193587272734581,
2,32,96,3.0,0.0625,16384,1536,18,1.86080742855468,1.8182542370653183,
2,32,128,4.0,0.08333333333333333,16384,1536,18,1.4271470745240649,1.3633172872900223,
2,32,192,6.0,0.125,16384,1536,18,1.238962555362302,1.1325795766388977,
2,32,256,8.0,0.16666666666666666,16384,1536,18,1.1443388423283094,0.9954026721155435,
2,32,384,12.0,0.25,16384,1536,18,1.0806096100110565,0.8465670568195671,
3,32,48,1.5,0.03125,16384,1536,18,8.403697647079635,8.393059349207295,
3,32,64,2.0,0.041666666666666664,16384,1536,18,4.544760452203903,4.523483856459222,
3,32,96,3.0,0.0625,16384,1536,18,2.569163182565198,2.5266099910758366,
3,32,128,4.0,0.08333333333333333,16384,1536,18,1.9691020976421387,1.9052723104080962,
3,32,192,6.0,0.125,16384,1536,18,1.4156820241747035,1.3092990454512992,
3,32,256,8.0,0.16666666666666666,16384,1536,18,1.2226147045915448,1.0736785343787787,
3,32,384,12.0,0.25,16384,1536,18,1.1089191955573852,0.8748766423658958,
4,32,48,1.5,0.03125,16384,1536,18,11.349890689183123,11.339252391310783,
4,32,64,2.0,0.041666666666666664,16384,1536,18,6.71766324126699,6.69638664552231,
4,32,96,3.0,0.0625,16384,1536,18,3.0612367114650936,3.018683519975732,
4,32,128,4.0,0.08333333333333333,16384,1536,18,2.2749535158239556,2.211123728589913,
4,32,192,6.0,0.125,16384,1536,18,1.6209977958371917,1.5146148171137874,
4,32,256,8.0,0.16666666666666666,16384,1536,18,1.365940597922838,1.217004427710072,
4,32,384,12.0,0.25,16384,1536,18,1.1335775937684676,0.8995350405769782,
0,32,48,1.5,0.03125,16384,1536,19,3.011622294438944,3.0009839965666036,
0,32,64,2.0,0.041666666666666664,16384,1536,19,2.0497021931000052,2.0284255973553242,
0,32,96,3.0,0.0625,16384,1536,19,1.503241636011527,1.4606884445221653,
0,32,128,4.0,0.08333333333333333,16384,1536,19,1.3240363754082232,1.2602065881741806,
0,32,192,6.0,0.125,16384,1536,19,1.1817731858738063,1.075390207150402,
0,32,256,8.0,0.16666666666666666,16384,1536,19,1.1246573511796785,0.9757211809669125,
0,32,384,12.0,0.25,16384,1536,19,1.0697980067091286,0.8357554535176392,
2,32,48,1.5,0.03125,16384,1536,19,5.4535322374556126,5.442893939583272,
2,32,64,2.0,0.041666666666666664,16384,1536,19,3.452987082543736,3.431710486799055,
2,32,96,3.0,0.0625,16384,1536,19,1.7747591399036002,1.7322059484142385,
2,32,128,4.0,0.08333333333333333,16384,1536,19,1.4541146032338557,1.3902848159998131,
2,32,192,6.0,0.125,16384,1536,19,1.2241567001232783,1.117773721399874,
2,32,256,8.0,0.16666666666666666,16384,1536,19,1.1430118037164003,0.9940756335036344,
2,32,384,12.0,0.25,16384,1536,19,1.080297868966534,0.8462553157750445,
3,32,48,1.5,0.03125,16384,1536,19,8.422984651280562,8.412346353408221,
3,32,64,2.0,0.041666666666666664,16384,1536,19,5.044560866652615,5.023284270907935,
3,32,96,3.0,0.0625,16384,1536,19,2.543910620163846,2.5013574286744844,
3,32,128,4.0,0.08333333333333333,16384,1536,19,1.7571118693866623,1.6932820821526198,
3,32,192,6.0,0.125,16384,1536,19,1.3075395693783556,1.2011565906549513,
3,32,256,8.0,0.16666666666666666,16384,1536,19,1.1909978281214038,1.0420616579086377,
3,32,384,12.0,0.25,16384,1536,19,1.0862250715153736,0.8521825183238843,
4,32,48,1.5,0.03125,16384,1536,19,10.238689757481819,10.228051459609478,
4,32,64,2.0,0.041666666666666664,16384,1536,19,6.283327403646591,6.26205080790191,
4,32,96,3.0,0.0625,16384,1536,19,4.505520781936521,4.462967590447159,
4,32,128,4.0,0.08333333333333333,16384,1536,19,2.498373890656132,2.4345441034220894,
4,32,192,6.0,0.125,16384,1536,19,1.6017147741648718,1.4953317954414675,
4,32,256,8.0,0.16666666666666666,16384,1536,19,1.3382565391569938,1.189320368944228,
4,32,384,12.0,0.25,16384,1536,19,1.1447640023241519,0.9107214491326625,
0,32,48,1.5,0.03125,16384,1536,20,3.0436470810493477,3.0330087831770074,
0,32,64,2.0,0.041666666666666664,16384,1536,20,2.011950064944682,1.9906734692000014,
0,32,96,3.0,0.0625,16384,1536,20,1.485186237677667,1.4426330461883052,
0,32,128,4.0,0.08333333333333333,16384,1536,20,1.3191879757597422,1.2553581885256997,
0,32,192,6.0,0.125,16384,1536,20,1.1786429688602165,1.0722599901368122,
0,32,256,8.0,0.16666666666666666,16384,1536,20,1.1237328896734537,0.9747967194606878,
0,32,384,12.0,0.25,16384,1536,20,1.0700214856707984,0.835978932479309,
2,32,48,1.5,0.03125,16384,1536,20,5.222792418917803,5.2121541210454625,
2,32,64,2.0,0.041666666666666664,16384,1536,20,3.2791755097586694,3.2578989140139885,
2,32,96,3.0,0.0625,16384,1536,20,1.6996398031326945,1.6570866116433327,
2,32,128,4.0,0.08333333333333333,16384,1536,20,1.3967400867635362,1.3329102995294937,
2,32,192,6.0,0.125,16384,1536,20,1.1819199781410354,1.0755369994176311,
2,32,256,8.0,0.16666666666666666,16384,1536,20,1.1227821597781857,0.9738459895654198,
2,32,384,12.0,0.25,16384,1536,20,1.0745304370105493,0.8404878838190599,
3,32,48,1.5,0.03125,16384,1536,20,9.959862583074946,9.949224285202606,
3,32,64,2.0,0.041666666666666664,16384,1536,20,5.701348475226884,5.680071879482203,
3,32,96,3.0,0.0625,16384,1536,20,2.5282531700982127,2.485699978608851,
3,32,128,4.0,0.08333333333333333,16384,1536,20,1.813261945890841,1.7494321586567985,
3,32,192,6.0,0.125,16384,1536,20,1.4171238342238992,1.310740855500495,
3,32,256,8.0,0.16666666666666666,16384,1536,20,1.2184071721969976,1.0694710019842315,
3,32,384,12.0,0.25,16384,1536,20,1.094357055180323,0.8603145019888336,
4,32,48,1.5,0.03125,16384,1536,20,9.239169010448125,9.228530712575784,
4,32,64,2.0,0.041666666666666664,16384,1536,20,6.296875897107773,6.275599301363092,
4,32,96,3.0,0.0625,16384,1536,20,3.365599248064132,3.3230460565747704,
4,32,128,4.0,0.08333333333333333,16384,1536,20,1.9925911120374127,1.9287613248033701,
4,32,192,6.0,0.125,16384,1536,20,1.4395215589705157,1.3331385802471114,
4,32,256,8.0,0.16666666666666666,16384,1536,20,1.2560736793169118,1.1071375091041458,
4,32,384,12.0,0.25,16384,1536,20,1.1172202364028736,0.8831776832113842,
0,32,48,1.5,0.03125,16384,1536,21,2.764294403266123,2.753656105393783,
0,32,64,2.0,0.041666666666666664,16384,1536,21,1.9236715938371756,1.9023949980924948,
0,32,96,3.0,0.0625,16384,1536,21,1.4545989627950373,1.4120457713056755,
0,32,128,4.0,0.08333333333333333,16384,1536,21,1.2984904316978187,1.2346606444637762,
0,32,192,6.0,0.125,16384,1536,21,1.1750234046281003,1.068640425904696,
0,32,256,8.0,0.16666666666666666,16384,1536,21,1.1227352887068043,0.9737991184940383,
0,32,384,12.0,0.25,16384,1536,21,1.0708396331359678,0.8367970799444784,
2,32,48,1.5,0.03125,16384,1536,21,5.214378861623685,5.203740563751345,
2,32,64,2.0,0.041666666666666664,16384,1536,21,3.054749682599867,3.033473086855186,
2,32,96,3.0,0.0625,16384,1536,21,2.021565807866544,1.9790126163771824,
2,32,128,4.0,0.08333333333333333,16384,1536,21,1.5638611288566389,1.5000313416225963,
2,32,192,6.0,0.125,16384,1536,21,1.283092845652028,1.1767098669286238,
2,32,256,8.0,0.16666666666666666,16384,1536,21,1.1666423293384491,1.0177061591256833,
2,32,384,12.0,0.25,16384,1536,21,1.0908639815009218,0.8568214283094324,
3,32,48,1.5,0.03125,16384,1536,21,9.106203336094,9.09556503822166,
3,32,64,2.0,0.041666666666666664,16384,1536,21,5.390926270602911,5.3696496748582305,
3,32,96,3.0,0.0625,16384,1536,21,2.509866588923349,2.4673133974339874,
3,32,128,4.0,0.08333333333333333,16384,1536,21,1.7542438889551728,1.6904141017211303,
3,32,192,6.0,0.125,16384,1536,21,1.429018692622917,1.3226357138995126,
3,32,256,8.0,0.16666666666666666,16384,1536,21,1.2869287651249328,1.1379925949121668,
3,32,384,12.0,0.25,16384,1536,21,1.1214923903206193,0.88744983712913,
4,32,48,1.5,0.03125,16384,1536,21,11.958746938472373,11.948108640600033,
4,32,64,2.0,0.041666666666666664,16384,1536,21,8.646553244473779,8.625276648729098,
4,32,96,3.0,0.0625,16384,1536,21,4.1588714149405135,4.1163182234511515,
4,32,128,4.0,0.08333333333333333,16384,1536,21,2.435091402659806,2.3712616154257633,
4,32,192,6.0,0.125,16384,1536,21,1.7953726276658375,1.6889896489424332,
4,32,256,8.0,0.16666666666666666,16384,1536,21,1.4620665579668257,1.3131303877540597,
4,32,384,12.0,0.25,16384,1536,21,1.1518327986116754,0.9177902454201861,
0,32,48,1.5,0.03125,16384,1536,22,2.966970384507773,2.956332086635433,
0,32,64,2.0,0.041666666666666664,16384,1536,22,1.9910794456906857,1.969802849946005,
0,32,96,3.0,0.0625,16384,1536,22,1.497371472853995,1.4548182813646333,
0,32,128,4.0,0.08333333333333333,16384,1536,22,1.3102968025084327,1.2464670152743902,
0,32,192,6.0,0.125,16384,1536,22,1.1821629511801355,1.0757799724567312,
0,32,256,8.0,0.16666666666666666,16384,1536,22,1.1242440218596281,0.9753078516468622,
0,32,384,12.0,0.25,16384,1536,22,1.0704893713075754,0.836446818116086,
2,32,48,1.5,0.03125,16384,1536,22,5.94281678918722,5.93217849131488,
2,32,64,2.0,0.041666666666666664,16384,1536,22,3.130026944305059,3.108750348560378,
2,32,96,3.0,0.0625,16384,1536,22,1.7646686112325374,1.7221154197431756,
2,32,128,4.0,0.08333333333333333,16384,1536,22,1.4507031523235212,1.3868733650894787,
2,32,192,6.0,0.125,16384,1536,22,1.2072520895944863,1.100869110871082,
2,32,256,8.0,0.16666666666666666,16384,1536,22,1.1411524939786266,0.9922163237658607,
2,32,384,12.0,0.25,16384,1536,22,1.0774995686784437,0.8434570154869543,
3,32,48,1.5,0.03125,16384,1536,22,10.300842862590372,10.290204564718032,
3,32,64,2.0,0.041666666666666664,16384,1536,22,5.356470577401825,5.335193981657144,
3,32,96,3.0,0.0625,16384,1536,22,2.6347270529642257,2.592173861474864,
3,32,128,4.0,0.08333333333333333,16384,1536,22,1.863676413189706,1.7998466259556634,
3,32,192,6.0,0.125,16384,1536,22,1.3421031551557299,1.2357201764323256,
3,32,256,8.0,0.16666666666666666,16384,1536,22,1.1894598228288427,1.0405236526160766,
3,32,384,12.0,0.25,16384,1536,22,1.0892381129152244,0.8551955597237351,
4,32,48,1.5,0.03125,16384,1536,22,11.583391501874521,11.572753204002181,
4,32,64,2.0,0.041666666666666664,16384,1536,22,6.690113689901846,6.6688370941571655,
4,32,96,3.0,0.0625,16384,1536,22,4.0660078839647635,4.0234546924754016,
4,32,128,4.0,0.08333333333333333,16384,1536,22,2.1684144445310594,2.104584657297017,
4,32,192,6.0,0.125,16384,1536,22,1.456747041039728,1.3503640623163238,
4,32,256,8.0,0.16666666666666666,16384,1536,22,1.2527658429409534,1.1038296727281875,
4,32,384,12.0,0.25,16384,1536,22,1.1169357419627415,0.8828931887712521,
0,32,48,1.5,0.03125,16384,1536,23,2.680908040083793,2.6702697422114525,
0,32,64,2.0,0.041666666666666664,16384,1536,23,1.9765389212332862,1.9552623254886055,
0,32,96,3.0,0.0625,16384,1536,23,1.4798600978242136,1.4373069063348518,
0,32,128,4.0,0.08333333333333333,16384,1536,23,1.3161730584254163,1.2523432711913738,
0,32,192,6.0,0.125,16384,1536,23,1.1767908590870069,1.0704078803636026,
0,32,256,8.0,0.16666666666666666,16384,1536,23,1.1194195393111208,0.9704833690983549,
0,32,384,12.0,0.25,16384,1536,23,1.0689558989464705,0.8349133457549811,
2,32,48,1.5,0.03125,16384,1536,23,5.111934908847226,5.101296610974885,
2,32,64,2.0,0.041666666666666664,16384,1536,23,3.4632284973326337,3.4419519015879527,
2,32,96,3.0,0.0625,16384,1536,23,1.8872011073085364,1.8446479158191746,
2,32,128,4.0,0.08333333333333333,16384,1536,23,1.5194847751024407,1.4556549878683982,
2,32,192,6.0,0.125,16384,1536,23,1.2574798879622513,1.151096909238847,
2,32,256,8.0,0.16666666666666666,16384,1536,23,1.1553354215518676,1.0063992513391016,
2,32,384,12.0,0.25,16384,1536,23,1.0853915844488573,0.8513490312573679,
3,32,48,1.5,0.03125,16384,1536,23,10.1369062183752,10.12626792050286,
3,32,64,2.0,0.041666666666666664,16384,1536,23,6.417223522941338,6.395946927196658,
3,32,96,3.0,0.0625,16384,1536,23,2.678816737777658,2.6362635462882964,
3,32,128,4.0,0.08333333333333333,16384,1536,23,1.7304704411159433,1.6666406538819007,
3,32,192,6.0,0.125,16384,1536,23,1.3358802152602505,1.2294972365368462,
3,32,256,8.0,0.16666666666666666,16384,1536,23,1.226996028899639,1.0780598586868733,
3,32,384,12.0,0.25,16384,1536,23,1.1084786538164773,0.8744361006249879,
4,32,48,1.5,0.03125,16384,1536,23,15.086901130785671,15.076262832913331,
4,32,64,2.0,0.041666666666666664,16384,1536,23,11.049061279714499,11.027784683969818,
4,32,96,3.0,0.0625,16384,1536,23,5.64481725540284,5.602264063913478,
4,32,128,4.0,0.08333333333333333,16384,1536,23,2.5602141228513853,2.4963843356173427,
4,32,192,6.0,0.125,16384,1536,23,1.6079558621726804,1.501572883449276,
4,32,256,8.0,0.16666666666666666,16384,1536,23,1.3278761328293884,1.1789399626166226,
4,32,384,12.0,0.25,16384,1536,23,1.1705385759600635,0.9364960227685741,
0,32,48,1.5,0.03125,16384,1536,24,2.916757082670462,2.906118784798122,
0,32,64,2.0,0.041666666666666664,16384,1536,24,2.060782243279071,2.03950564753439,
0,32,96,3.0,0.0625,16384,1536,24,1.4863336342196392,1.4437804427302774,
0,32,128,4.0,0.08333333333333333,16384,1536,24,1.3259999105660096,1.262170123331967,
0,32,192,6.0,0.125,16384,1536,24,1.189503443884309,1.0831204651609048,
0,32,256,8.0,0.16666666666666666,16384,1536,24,1.126433350959253,0.9774971807464871,
0,32,384,12.0,0.25,16384,1536,24,1.0705990401877772,0.8365564869962878,
2,32,48,1.5,0.03125,16384,1536,24,5.528379856149791,5.517741558277451,
2,32,64,2.0,0.041666666666666664,16384,1536,24,3.3347277214744695,3.3134511257297885,
2,32,96,3.0,0.0625,16384,1536,24,1.7903096009568367,1.747756409467475,
2,32,128,4.0,0.08333333333333333,16384,1536,24,1.4537606739210416,1.389930886686999,
2,32,192,6.0,0.125,16384,1536,24,1.211046305736699,1.1046633270132946,
2,32,256,8.0,0.16666666666666666,16384,1536,24,1.140662340439186,0.9917261702264201,
2,32,384,12.0,0.25,16384,1536,24,1.0790486945114166,0.8450061413199272,
3,32,48,1.5,0.03125,16384,1536,24,9.118804478155914,9.108166180283574,
3,32,64,2.0,0.041666666666666664,16384,1536,24,5.650704764626213,5.629428168881533,
3,32,96,3.0,0.0625,16384,1536,24,2.8633389775615967,2.820785786072235,
3,32,128,4.0,0.08333333333333333,16384,1536,24,1.8991887770189766,1.835358989784934,
3,32,192,6.0,0.125,16384,1536,24,1.3292925362488193,1.222909557525415,
3,32,256,8.0,0.16666666666666666,16384,1536,24,1.2034388485656462,1.0545026783528804,
3,32,384,12.0,0.25,16384,1536,24,1.0998669935902663,0.8658244403987769,
4,32,48,1.5,0.03125,16384,1536,24,14.36853821218169,14.35789991430935,
4,32,64,2.0,0.041666666666666664,16384,1536,24,10.021283413462909,10.000006817718228,
4,32,96,3.0,0.0625,16384,1536,24,3.9845096485584603,3.941956457069099,
4,32,128,4.0,0.08333333333333333,16384,1536,24,2.3267456213713142,2.2629158341372717,
4,32,192,6.0,0.125,16384,1536,24,1.6134631976806133,1.507080218957209,
4,32,256,8.0,0.16666666666666666,16384,1536,24,1.3387487137094118,1.1898125434966458,
4,32,384,12.0,0.25,16384,1536,24,1.1315953883027183,0.897552835111229,
0,32,48,1.5,0.03125,16384,1536,25,2.647613117016551,2.6369748191442106,
0,32,64,2.0,0.041666666666666664,16384,1536,25,1.9894426760625257,1.968166080317845,
0,32,96,3.0,0.0625,16384,1536,25,1.4723029283602362,1.4297497368708745,
0,32,128,4.0,0.08333333333333333,16384,1536,25,1.3170046664461874,1.2531748792121449,
0,32,192,6.0,0.125,16384,1536,25,1.1788658402747745,1.0724828615513702,
0,32,256,8.0,0.16666666666666666,16384,1536,25,1.1230634450254684,0.9741272748127024,
0,32,384,12.0,0.25,16384,1536,25,1.072282196549965,0.8382396433584756,
2,32,48,1.5,0.03125,16384,1536,25,4.507886249552655,4.497247951680315,
2,32,64,2.0,0.041666666666666664,16384,1536,25,2.6993826033408306,2.6781060075961496,
2,32,96,3.0,0.0625,16384,1536,25,1.6524664146274644,1.6099132231381026,
2,32,128,4.0,0.08333333333333333,16384,1536,25,1.4208349014877546,1.357005114253712,
2,32,192,6.0,0.125,16384,1536,25,1.1826600868329702,1.076277108109566,
2,32,256,8.0,0.16666666666666666,16384,1536,25,1.1328867992200453,0.9839506290072794,
2,32,384,12.0,0.25,16384,1536,25,1.0717694338124697,0.8377268806209803,
3,32,48,1.5,0.03125,16384,1536,25,6.469396611565771,6.458758313693431,
3,32,64,2.0,0.041666666666666664,16384,1536,25,3.9482501170515993,3.9269735213069183,
3,32,96,3.0,0.0625,16384,1536,25,2.339783208909912,2.2972300174205507,
3,32,128,4.0,0.08333333333333333,16384,1536,25,1.7603072103812736,1.696477423147231,
3,32,192,6.0,0.125,16384,1536,25,1.3655299301348787,1.2591469514114744,
3,32,256,8.0,0.16666666666666666,16384,1536,25,1.2010488501928351,1.0521126799800693,
3,32,384,12.0,0.25,16384,1536,25,1.1042575210118897,0.8702149678204003,
4,32,48,1.5,0.03125,16384,1536,25,13.404500196935203,13.393861899062863,
4,32,64,2.0,0.041666666666666664,16384,1536,25,8.653404370933295,8.632127775188614,
4,32,96,3.0,0.0625,16384,1536,25,4.384290560592627,4.341737369103265,
4,32,128,4.0,0.08333333333333333,16384,1536,25,2.491452351015788,2.4276225637817457,
4,32,192,6.0,0.125,16384,1536,25,1.6449409115380664,1.5385579328146621,
4,32,256,8.0,0.16666666666666666,16384,1536,25,1.4040868822356445,1.2551507120228784,
4,32,384,12.0,0.25,16384,1536,25,1.164975660790953,0.9309331075994636,
0,32,48,1.5,0.03125,16384,1536,26,2.8101758160995303,2.79953751822719,
0,32,64,2.0,0.041666666666666664,16384,1536,26,1.973900596234781,1.9526240004901003,
0,32,96,3.0,0.0625,16384,1536,26,1.4712749219329007,1.428721730443539,
0,32,128,4.0,0.08333333333333333,16384,1536,26,1.307829421371964,1.2439996341379214,
0,32,192,6.0,0.125,16384,1536,26,1.1815546732862416,1.0751716945628373,
0,32,256,8.0,0.16666666666666666,16384,1536,26,1.1253715787443628,0.9764354085315968,
0,32,384,12.0,0.25,16384,1536,26,1.0712682034422232,0.8372256502507338,
2,32,48,1.5,0.03125,16384,1536,26,5.495616352238174,5.4849780543658335,
2,32,64,2.0,0.041666666666666664,16384,1536,26,3.0944438061603314,3.0731672104156504,
2,32,96,3.0,0.0625,16384,1536,26,1.8802466502498318,1.83769345876047,
2,32,128,4.0,0.08333333333333333,16384,1536,26,1.5426803808926053,1.4788505936585628,
2,32,192,6.0,0.125,16384,1536,26,1.250845323917045,1.1444623451936407,
2,32,256,8.0,0.16666666666666666,16384,1536,26,1.174440421239149,1.025504251026383,
2,32,384,12.0,0.25,16384,1536,26,1.0980754632388314,0.8640329100473421,
3,32,48,1.5,0.03125,16384,1536,26,11.585976659815104,11.575338361942764,
3,32,64,2.0,0.041666666666666664,16384,1536,26,7.1425550925068135,7.121278496762133,
3,32,96,3.0,0.0625,16384,1536,26,4.0804120809827875,4.0378588894934255,
3,32,128,4.0,0.08333333333333333,16384,1536,26,2.1370287850741017,2.073198997840059,
3,32,192,6.0,0.125,16384,1536,26,1.3674373899241699,1.2610544112007656,
3,32,256,8.0,0.16666666666666666,16384,1536,26,1.1941719641684643,1.0452357939556984,
3,32,384,12.0,0.25,16384,1536,26,1.0946810982298776,0.8606385450383882,
4,32,48,1.5,0.03125,16384,1536,26,8.474097611029691,8.463459313157351,
4,32,64,2.0,0.041666666666666664,16384,1536,26,5.38216144235624,5.360884846611559,
4,32,96,3.0,0.0625,16384,1536,26,2.919898750481332,2.8773455589919705,
4,32,128,4.0,0.08333333333333333,16384,1536,26,2.043244276753601,1.9794144895195585,
4,32,192,6.0,0.125,16384,1536,26,1.4322558323603136,1.3258728536369093,
4,32,256,8.0,0.16666666666666666,16384,1536,26,1.2897186225468216,1.1407824523340557,
4,32,384,12.0,0.25,16384,1536,26,1.1366300592718235,0.9025875060803341,
0,32,48,1.5,0.03125,16384,1536,27,2.810407196933707,2.799768899061367,
0,32,64,2.0,0.041666666666666664,16384,1536,27,1.93642401790221,1.9151474221575293,
0,32,96,3.0,0.0625,16384,1536,27,1.462712494579555,1.4201593030901933,
0,32,128,4.0,0.08333333333333333,16384,1536,27,1.3108152342416883,1.2469854470076458,
0,32,192,6.0,0.125,16384,1536,27,1.1765495994366284,1.070166620713224,
0,32,256,8.0,0.16666666666666666,16384,1536,27,1.1194801560240226,0.9705439858112567,
0,32,384,12.0,0.25,16384,1536,27,1.0688917137618605,0.8348491605703712,
2,32,48,1.5,0.03125,16384,1536,27,5.440421535538415,5.429783237666075,
2,32,64,2.0,0.041666666666666664,16384,1536,27,2.8724084452870735,2.8511318495423925,
2,32,96,3.0,0.0625,16384,1536,27,1.9540119049533717,1.91145871346401,
2,32,128,4.0,0.08333333333333333,16384,1536,27,1.5037823374654826,1.43995255023144,
2,32,192,6.0,0.125,16384,1536,27,1.2451952249584277,1.1388122462350234,
2,32,256,8.0,0.16666666666666666,16384,1536,27,1.141144512423666,0.9922083422109002,
2,32,384,12.0,0.25,16384,1536,27,1.0732926030389356,0.8392500498474462,
3,32,48,1.5,0.03125,16384,1536,27,7.50819449008929,7.497556192216949,
3,32,64,2.0,0.041666666666666664,16384,1536,27,5.620021571917034,5.598744976172354,
3,32,96,3.0,0.0625,16384,1536,27,2.7984760532799013,2.75592286179054,
3,32,128,4.0,0.08333333333333333,16384,1536,27,1.89984785239225,1.8360180651582074,
3,32,192,6.0,0.125,16384,1536,27,1.3571397491462804,1.2507567704228761,
3,32,256,8.0,0.16666666666666666,16384,1536,27,1.2175051955486802,1.0685690253359144,
3,32,384,12.0,0.25,16384,1536,27,1.099891852248274,0.8658492990567845,
4,32,48,1.5,0.03125,16384,1536,27,10.377088799132007,10.366450501259667,
4,32,64,2.0,0.041666666666666664,16384,1536,27,6.444724491168709,6.423447895424029,
4,32,96,3.0,0.0625,16384,1536,27,2.8002714682192784,2.757718276729917,
4,32,128,4.0,0.08333333333333333,16384,1536,27,1.8806623056201128,1.8168325183860703,
4,32,192,6.0,0.125,16384,1536,27,1.4533005421151666,1.3469175633917623,
4,32,256,8.0,0.16666666666666666,16384,1536,27,1.2810875504170625,1.1321513802042964,
4,32,384,12.0,0.25,16384,1536,27,1.1301336812424145,0.8960911280509252,
0,32,48,1.5,0.03125,16384,1536,28,2.955014112359916,2.9443758144875756,
0,32,64,2.0,0.041666666666666664,16384,1536,28,1.9667582617488275,1.9454816660041467,
0,32,96,3.0,0.0625,16384,1536,28,1.4626277188143122,1.4200745273249504,
0,32,128,4.0,0.08333333333333333,16384,1536,28,1.3116577749807954,1.2478279877467529,
0,32,192,6.0,0.125,16384,1536,28,1.1763915303681252,1.0700085516447209,
0,32,256,8.0,0.16666666666666666,16384,1536,28,1.121270719828572,0.9723345496158061,
0,32,384,12.0,0.25,16384,1536,28,1.0695978798199415,0.8355553266284521,
2,32,48,1.5,0.03125,16384,1536,28,6.850397661005857,6.839759363133517,
2,32,64,2.0,0.041666666666666664,16384,1536,28,3.6294837314618795,3.6082071357171985,
2,32,96,3.0,0.0625,16384,1536,28,1.8120842203115033,1.7695310288221415,
2,32,128,4.0,0.08333333333333333,16384,1536,28,1.4751442275900282,1.4113144403559856,
2,32,192,6.0,0.125,16384,1536,28,1.2728415048702153,1.166458526146811,
2,32,256,8.0,0.16666666666666666,16384,1536,28,1.1588238613504676,1.0098876911377017,
2,32,384,12.0,0.25,16384,1536,28,1.0781907580647279,0.8441482048732385,
3,32,48,1.5,0.03125,16384,1536,28,8.851245328648726,8.840607030776386,
3,32,64,2.0,0.041666666666666664,16384,1536,28,5.620112628922394,5.598836033177713,
3,32,96,3.0,0.0625,16384,1536,28,2.326820452081452,2.2842672605920904,
3,32,128,4.0,0.08333333333333333,16384,1536,28,1.6563798888738495,1.592550101639807,
3,32,192,6.0,0.125,16384,1536,28,1.3148821725667983,1.208499193843394,
3,32,256,8.0,0.16666666666666666,16384,1536,28,1.1853560416949678,1.036419871482202,
3,32,384,12.0,0.25,16384,1536,28,1.0950856942636344,0.8610431410721451,
4,32,48,1.5,0.03125,16384,1536,28,11.599828739238728,11.589190441366387,
4,32,64,2.0,0.041666666666666664,16384,1536,28,8.69273291986314,8.67145632411846,
4,32,96,3.0,0.0625,16384,1536,28,4.136829809393371,4.094276617904009,
4,32,128,4.0,0.08333333333333333,16384,1536,28,2.6377266121658596,2.573896824931817,
4,32,192,6.0,0.125,16384,1536,28,1.4787571406580944,1.37237416193469,
4,32,256,8.0,0.16666666666666666,16384,1536,28,1.2736757930192555,1.1247396228064894,
4,32,384,12.0,0.25,16384,1536,28,1.132349752513644,0.8983071993221545,
0,32,48,1.5,0.03125,16384,1536,29,2.823002216809079,2.8123639189367386,
0,32,64,2.0,0.041666666666666664,16384,1536,29,1.917125682746061,1.8958490870013802,
0,32,96,3.0,0.0625,16384,1536,29,1.4716261366082641,1.4290729451189024,
0,32,128,4.0,0.08333333333333333,16384,1536,29,1.309092794429334,1.2452630071952915,
0,32,192,6.0,0.125,16384,1536,29,1.179904578397297,1.0735215996738927,
0,32,256,8.0,0.16666666666666666,16384,1536,29,1.1230864178373934,0.9741502476246274,
0,32,384,12.0,0.25,16384,1536,29,1.0705451254083291,0.8365025722168398,
2,32,48,1.5,0.03125,16384,1536,29,5.8129017572422415,5.802263459369901,
2,32,64,2.0,0.041666666666666664,16384,1536,29,3.482081781521615,3.460805185776934,
2,32,96,3.0,0.0625,16384,1536,29,1.8397820769500304,1.7972288854606686,
2,32,128,4.0,0.08333333333333333,16384,1536,29,1.54155963736742,1.4777298501333775,
2,32,192,6.0,0.125,16384,1536,29,1.2605113863142257,1.1541284075908214,
2,32,256,8.0,0.16666666666666666,16384,1536,29,1.1736724144932453,1.0247362442804793,
2,32,384,12.0,0.25,16384,1536,29,1.0845047138572395,0.8504621606657501,
3,32,48,1.5,0.03125,16384,1536,29,10.203536062173342,10.192897764301001,
3,32,64,2.0,0.041666666666666664,16384,1536,29,6.229586630642237,6.208310034897557,
3,32,96,3.0,0.0625,16384,1536,29,2.4614762557292424,2.418923064239881,
3,32,128,4.0,0.08333333333333333,16384,1536,29,1.8669904601755691,1.8031606729415266,
3,32,192,6.0,0.125,16384,1536,29,1.2779590014487086,1.1715760227253043,
3,32,256,8.0,0.16666666666666666,16384,1536,29,1.1864881284303563,1.0375519582175903,
3,32,384,12.0,0.25,16384,1536,29,1.1019130343441537,0.8678704811526643,
4,32,48,1.5,0.03125,16384,1536,29,9.090134417405427,9.079496119533086,
4,32,64,2.0,0.041666666666666664,16384,1536,29,6.402091206390621,6.38081461064594,
4,32,96,3.0,0.0625,16384,1536,29,3.579174580176124,3.5366213886867626,
4,32,128,4.0,0.08333333333333333,16384,1536,29,2.195996789432116,2.1321670021980736,
4,32,192,6.0,0.125,16384,1536,29,1.6008449327550336,1.4944619540316293,
4,32,256,8.0,0.16666666666666666,16384,1536,29,1.3251276037682869,1.176191433555521,
4,32,384,12.0,0.25,16384,1536,29,1.1331568945025035,0.8991143413110141,
0,32,48,1.5,0.03125,16384,1536,30,2.7570513377577783,2.746413039885438,
0,32,64,2.0,0.041666666666666664,16384,1536,30,1.952319228173013,1.9310426324283323,
0,32,96,3.0,0.0625,16384,1536,30,1.4731779172803061,1.4306247257909444,
0,32,128,4.0,0.08333333333333333,16384,1536,30,1.3070620416760201,1.2432322544419776,
0,32,192,6.0,0.125,16384,1536,30,1.1785078322132736,1.0721248534898693,
0,32,256,8.0,0.16666666666666666,16384,1536,30,1.123210673077996,0.9742745028652301,
0,32,384,12.0,0.25,16384,1536,30,1.0706570448178785,0.8366144916263891,
2,32,48,1.5,0.03125,16384,1536,30,4.978707282162295,4.968068984289955,
2,32,64,2.0,0.041666666666666664,16384,1536,30,3.177889789313135,3.156613193568454,
2,32,96,3.0,0.0625,16384,1536,30,1.8853256343277311,1.8427724428383694,
2,32,128,4.0,0.08333333333333333,16384,1536,30,1.5703009698204125,1.50647118258637,
2,32,192,6.0,0.125,16384,1536,30,1.2492073571699858,1.1428243784465815,
2,32,256,8.0,0.16666666666666666,16384,1536,30,1.1603871880364534,1.0114510178236875,
2,32,384,12.0,0.25,16384,1536,30,1.0866162095463827,0.8525736563548933,
3,32,48,1.5,0.03125,16384,1536,30,8.239664308580178,8.229026010707837,
3,32,64,2.0,0.041666666666666664,16384,1536,30,5.085510506989587,5.064233911244907,
3,32,96,3.0,0.0625,16384,1536,30,2.6213213893116647,2.578768197822303,
3,32,128,4.0,0.08333333333333333,16384,1536,30,1.942039450886078,1.8782096636520356,
3,32,192,6.0,0.125,16384,1536,30,1.4635050027028629,1.3571220239794586,
3,32,256,8.0,0.16666666666666666,16384,1536,30,1.2563560309200759,1.10741986070731,
3,32,384,12.0,0.25,16384,1536,30,1.1224902910330201,0.8884477378415307,
4,32,48,1.5,0.03125,16384,1536,30,11.435775624536262,11.425137326663922,
4,32,64,2.0,0.041666666666666664,16384,1536,30,6.296633248292622,6.275356652547941,
4,32,96,3.0,0.0625,16384,1536,30,3.361949421506741,3.3193962300173796,
4,32,128,4.0,0.08333333333333333,16384,1536,30,2.7722864954762487,2.708456708242206,
4,32,192,6.0,0.125,16384,1536,30,1.5283873138335622,1.422004335110158,
4,32,256,8.0,0.16666666666666666,16384,1536,30,1.3358072046379341,1.186871034425168,
4,32,384,12.0,0.25,16384,1536,30,1.1550127587582308,0.9209702055667415,
0,32,48,1.5,0.03125,16384,1536,31,2.97406125943216,2.9634229615598198,
0,32,64,2.0,0.041666666666666664,16384,1536,31,2.041705782083251,2.02042918633857,
0,32,96,3.0,0.0625,16384,1536,31,1.4819076265452478,1.439354435055886,
0,32,128,4.0,0.08333333333333333,16384,1536,31,1.3071417404158228,1.2433119531817802,
0,32,192,6.0,0.125,16384,1536,31,1.176419282190618,1.0700363034672138,
0,32,256,8.0,0.16666666666666666,16384,1536,31,1.118487909429045,0.969551739216279,
0,32,384,12.0,0.25,16384,1536,31,1.0677023305523967,0.8336597773609074,
2,32,48,1.5,0.03125,16384,1536,31,5.170944967493794,5.160306669621454,
2,32,64,2.0,0.041666666666666664,16384,1536,31,3.2723164253796497,3.2510398296349687,
2,32,96,3.0,0.0625,16384,1536,31,1.8805531269857367,1.837999935496375,
2,32,128,4.0,0.08333333333333333,16384,1536,31,1.4486162623550884,1.384786475121046,
2,32,192,6.0,0.125,16384,1536,31,1.2280060515247035,1.1216230728012992,
2,32,256,8.0,0.16666666666666666,16384,1536,31,1.156392083476421,1.0074559132636551,
2,32,384,12.0,0.25,16384,1536,31,1.085179453868697,0.8511369006772076,
3,32,48,1.5,0.03125,16384,1536,31,6.675140459240329,6.664502161367989,
3,32,64,2.0,0.041666666666666664,16384,1536,31,4.0530434521852055,4.031766856440525,
3,32,96,3.0,0.0625,16384,1536,31,2.222236451689893,2.1796832602005316,
3,32,128,4.0,0.08333333333333333,16384,1536,31,1.7357448067810557,1.6719150195470132,
3,32,192,6.0,0.125,16384,1536,31,1.3207983344537488,1.2144153557303445,
3,32,256,8.0,0.16666666666666666,16384,1536,31,1.1777008861518339,1.0287647159390678,
3,32,384,12.0,0.25,16384,1536,31,1.0877575544175393,0.8537150012260499,
4,32,48,1.5,0.03125,16384,1536,31,13.758478323824821,13.747840025952481,
4,32,64,2.0,0.041666666666666664,16384,1536,31,8.655337569688932,8.634060973944251,
4,32,96,3.0,0.0625,16384,1536,31,4.657494753212842,4.61494156172348,
4,32,128,4.0,0.08333333333333333,16384,1536,31,2.8773067384154296,2.813476951181387,
4,32,192,6.0,0.125,16384,1536,31,1.6240482831117655,1.5176653043883612,
4,32,256,8.0,0.16666666666666666,16384,1536,31,1.3434650662955856,1.1945288960828195,
4,32,384,12.0,0.25,16384,1536,31,1.1363467899677333,0.9023042367762439,
0,32,48,1.5,0.03125,16384,1536,32,2.744633357943293,2.733995060070953,
0,32,64,2.0,0.041666666666666664,16384,1536,32,1.9469100954874472,1.9256334997427664,
0,32,96,3.0,0.0625,16384,1536,32,1.4564991974115065,1.4139460059221447,
0,32,128,4.0,0.08333333333333333,16384,1536,32,1.3109018965273507,1.2470721092933081,
0,32,192,6.0,0.125,16384,1536,32,1.1783323150949434,1.071949336371539,
0,32,256,8.0,0.16666666666666666,16384,1536,32,1.119505881822562,0.9705697116097961,
0,32,384,12.0,0.25,16384,1536,32,1.0683460500379833,0.834303496846494,
2,32,48,1.5,0.03125,16384,1536,32,7.526448480240297,7.515810182367956,
2,32,64,2.0,0.041666666666666664,16384,1536,32,3.854219179965034,3.832942584220353,
2,32,96,3.0,0.0625,16384,1536,32,1.9802171977005956,1.9376640062112338,
2,32,128,4.0,0.08333333333333333,16384,1536,32,1.5313145557693255,1.467484768535283,
2,32,192,6.0,0.125,16384,1536,32,1.2347720623988419,1.1283890836754376,
2,32,256,8.0,0.16666666666666666,16384,1536,32,1.1456416462870633,0.9967054760742974,
2,32,384,12.0,0.25,16384,1536,32,1.0788910298727616,0.8448484766812723,
3,32,48,1.5,0.03125,16384,1536,32,9.36277603384958,9.352137735977239,
3,32,64,2.0,0.041666666666666664,16384,1536,32,5.45112965505402,5.429853059309339,
3,32,96,3.0,0.0625,16384,1536,32,3.1016596295659187,3.059106438076557,
3,32,128,4.0,0.08333333333333333,16384,1536,32,2.1208183998401275,2.056988612606085,
3,32,192,6.0,0.125,16384,1536,32,1.4060983713279998,1.2997153926045955,
3,32,256,8.0,0.16666666666666666,16384,1536,32,1.225661933986827,1.076725763774061,
3,32,384,12.0,0.25,16384,1536,32,1.1175395895059654,0.8834970363144761,
4,32,48,1.5,0.03125,16384,1536,32,12.152440333880358,12.141802036008018,
4,32,64,2.0,0.041666666666666664,16384,1536,32,8.726326610087629,8.705050014342948,
4,32,96,3.0,0.0625,16384,1536,32,4.506350917844276,4.4637977263549145,
4,32,128,4.0,0.08333333333333333,16384,1536,32,2.6156772244201156,2.551847437186073,
4,32,192,6.0,0.125,16384,1536,32,1.6913071970883826,1.5849242183649783,
4,32,256,8.0,0.16666666666666666,16384,1536,32,1.3450851036545202,1.196148933441754,
4,32,384,12.0,0.25,16384,1536,32,1.1447277817049837,0.9106852285134943,
0,32,48,1.5,0.03125,16384,1536,33,2.796845041737577,2.786206743865237,
0,32,64,2.0,0.041666666666666664,16384,1536,33,1.9589265918196628,1.937649996074982,
0,32,96,3.0,0.0625,16384,1536,33,1.4856383830453854,1.4430851915560237,
0,32,128,4.0,0.08333333333333333,16384,1536,33,1.3092825810206785,1.245452793786636,
0,32,192,6.0,0.125,16384,1536,33,1.1776931862927282,1.071310207569324,
0,32,256,8.0,0.16666666666666666,16384,1536,33,1.118498003437715,0.969561833224949,
0,32,384,12.0,0.25,16384,1536,33,1.0684785472708964,0.834435994079407,
2,32,48,1.5,0.03125,16384,1536,33,5.320659012337896,5.310020714465556,
2,32,64,2.0,0.041666666666666664,16384,1536,33,3.055699603803924,3.034423008059243,
2,32,96,3.0,0.0625,16384,1536,33,1.7978752513694505,1.7553220598800887,
2,32,128,4.0,0.08333333333333333,16384,1536,33,1.3970691730588434,1.3332393858248008,
2,32,192,6.0,0.125,16384,1536,33,1.205220570805868,1.0988375920824638,
2,32,256,8.0,0.16666666666666666,16384,1536,33,1.12245302531757,0.973516855104804,
2,32,384,12.0,0.25,16384,1536,33,1.0709156108164783,0.836873057624989,
3,32,48,1.5,0.03125,16384,1536,33,8.694047229600155,8.683408931727815,
3,32,64,2.0,0.041666666666666664,16384,1536,33,6.055269080682408,6.033992484937728,
3,32,96,3.0,0.0625,16384,1536,33,2.926858806789228,2.8843056152998665,
3,32,128,4.0,0.08333333333333333,16384,1536,33,2.0461845942156476,1.982354806981605,
3,32,192,6.0,0.125,16384,1536,33,1.4225009509757793,1.316117972252375,
3,32,256,8.0,0.16666666666666666,16384,1536,33,1.237518284578159,1.0885821143653929,
3,32,384,12.0,0.25,16384,1536,33,1.1189944610382292,0.8849519078467398,
4,32,48,1.5,0.03125,16384,1536,33,10.990211084476028,10.979572786603688,
4,32,64,2.0,0.041666666666666664,16384,1536,33,5.983082909387663,5.961806313642983,
4,32,96,3.0,0.0625,16384,1536,33,3.065051301619524,3.0224981101301625,
4,32,128,4.0,0.08333333333333333,16384,1536,33,2.02858439424935,1.9647546070153075,
4,32,192,6.0,0.125,16384,1536,33,1.4509284322402773,1.344545453516873,
4,32,256,8.0,0.16666666666666666,16384,1536,33,1.313779178265667,1.1648430080529009,
4,32,384,12.0,0.25,16384,1536,33,1.162286657832451,0.9282441046409617,
0,32,48,1.5,0.03125,16384,1536,34,2.6655581313860495,2.654919833513709,
0,32,64,2.0,0.041666666666666664,16384,1536,34,1.951976306833207,1.9306997110885262,
0,32,96,3.0,0.0625,16384,1536,34,1.4851430187565822,1.4425898272672204,
0,32,128,4.0,0.08333333333333333,16384,1536,34,1.314567837600051,1.2507380503660084,
0,32,192,6.0,0.125,16384,1536,34,1.1787268823302683,1.072343903606864,
0,32,256,8.0,0.16666666666666666,16384,1536,34,1.1218783088733477,0.9729421386605818,
0,32,384,12.0,0.25,16384,1536,34,1.0692299659741664,0.835187412782677,
2,32,48,1.5,0.03125,16384,1536,34,5.322933122659599,5.312294824787259,
2,32,64,2.0,0.041666666666666664,16384,1536,34,3.206510688884258,3.185234093139577,
2,32,96,3.0,0.0625,16384,1536,34,1.85967477854501,1.8171215870556483,
2,32,128,4.0,0.08333333333333333,16384,1536,34,1.4548828723809746,1.391053085146932,
2,32,192,6.0,0.125,16384,1536,34,1.2443048807801431,1.1379219020567388,
2,32,256,8.0,0.16666666666666666,16384,1536,34,1.1448629235963,0.995926753383534,
2,32,384,12.0,0.25,16384,1536,34,1.078987941044324,0.8449453878528346,
3,32,48,1.5,0.03125,16384,1536,34,7.8699469904274695,7.859308692555129,
3,32,64,2.0,0.041666666666666664,16384,1536,34,4.8961813371526,4.87490474140792,
3,32,96,3.0,0.0625,16384,1536,34,2.7307676535072383,2.6882144620178767,
3,32,128,4.0,0.08333333333333333,16384,1536,34,1.9254031361723127,1.8615733489382702,
3,32,192,6.0,0.125,16384,1536,34,1.3735699486953052,1.267186969971901,
3,32,256,8.0,0.16666666666666666,16384,1536,34,1.2376128527336212,1.0886766825208554,
3,32,384,12.0,0.25,16384,1536,34,1.1188317069066303,0.8847891537151409,
4,32,48,1.5,0.03125,16384,1536,34,12.962185924862622,12.951547626990282,
4,32,64,2.0,0.041666666666666664,16384,1536,34,9.071934229324915,9.050657633580235,
4,32,96,3.0,0.0625,16384,1536,34,4.163163198828414,4.120610007339052,
4,32,128,4.0,0.08333333333333333,16384,1536,34,2.2767031163128593,2.2128733290788167,
4,32,192,6.0,0.125,16384,1536,34,1.52041594353236,1.4140329648089558,
4,32,256,8.0,0.16666666666666666,16384,1536,34,1.2405085569475185,1.0915723867347524,
4,32,384,12.0,0.25,16384,1536,34,1.1131447740295228,0.8791022208380335,
0,32,48,1.5,0.03125,16384,1536,35,2.5746203930548965,2.5639820951825563,
0,32,64,2.0,0.041666666666666664,16384,1536,35,1.9071090867765195,1.8858324910318387,
0,32,96,3.0,0.0625,16384,1536,35,1.4927064175040279,1.4501532260146661,
0,32,128,4.0,0.08333333333333333,16384,1536,35,1.3235277045271534,1.2596979172931109,
0,32,192,6.0,0.125,16384,1536,35,1.178764434830463,1.0723814561070586,
0,32,256,8.0,0.16666666666666666,16384,1536,35,1.1208069599617416,0.9718707897489757,
0,32,384,12.0,0.25,16384,1536,35,1.070837304597356,0.8367947514058667,
2,32,48,1.5,0.03125,16384,1536,35,6.510139713302589,6.499501415430249,
2,32,64,2.0,0.041666666666666664,16384,1536,35,3.703806011533077,3.682529415788396,
2,32,96,3.0,0.0625,16384,1536,35,2.0292690617067457,1.986715870217384,
2,32,128,4.0,0.08333333333333333,16384,1536,35,1.5811519000427885,1.517322112808746,
2,32,192,6.0,0.125,16384,1536,35,1.2387070498378139,1.1323240711144096,
2,32,256,8.0,0.16666666666666666,16384,1536,35,1.166282607697373,1.017346437484607,
2,32,384,12.0,0.25,16384,1536,35,1.0886257713320877,0.8545832181405983,
3,32,48,1.5,0.03125,16384,1536,35,10.963498158280185,10.952859860407845,
3,32,64,2.0,0.041666666666666664,16384,1536,35,7.513106083104225,7.491829487359545,
3,32,96,3.0,0.0625,16384,1536,35,3.8881273831150542,3.8455741916256927,
3,32,128,4.0,0.08333333333333333,16384,1536,35,2.1970101908992845,2.133180403665242,
3,32,192,6.0,0.125,16384,1536,35,1.5067535433143753,1.400370564590971,
3,32,256,8.0,0.16666666666666666,16384,1536,35,1.2703035529960445,1.1213673827832786,
3,32,384,12.0,0.25,16384,1536,35,1.1304817878204314,0.896439234628942,
4,32,48,1.5,0.03125,16384,1536,35,15.389526359499534,15.378888061627194,
4,32,64,2.0,0.041666666666666664,16384,1536,35,10.792539102183747,10.771262506439067,
4,32,96,3.0,0.0625,16384,1536,35,5.293099403298451,5.250546211809089,
4,32,128,4.0,0.08333333333333333,16384,1536,35,3.1201181829741675,3.056288395740125,
4,32,192,6.0,0.125,16384,1536,35,1.7658393278338669,1.6594563491104626,
4,32,256,8.0,0.16666666666666666,16384,1536,35,1.324375820162956,1.17543964995019,
4,32,384,12.0,0.25,16384,1536,35,1.1447141528185578,0.9106715996270685,
0,32,48,1.5,0.03125,16384,1536,36,2.5852318295010974,2.574593531628757,
0,32,64,2.0,0.041666666666666664,16384,1536,36,1.8600181952577604,1.8387415995130796,
0,32,96,3.0,0.0625,16384,1536,36,1.4615646115887142,1.4190114200993524,
0,32,128,4.0,0.08333333333333333,16384,1536,36,1.2981583195216013,1.2343285322875588,
0,32,192,6.0,0.125,16384,1536,36,1.1703169358297467,1.0639339571063424,
0,32,256,8.0,0.16666666666666666,16384,1536,36,1.117799186935151,0.968863016722385,
0,32,384,12.0,0.25,16384,1536,36,1.0673126611847248,0.8332701079932354,
2,32,48,1.5,0.03125,16384,1536,36,5.6836465407037275,5.673008242831387,
2,32,64,2.0,0.041666666666666664,16384,1536,36,3.502600128797988,3.481323533053307,
2,32,96,3.0,0.0625,16384,1536,36,1.8787659531239989,1.836212761634637,
2,32,128,4.0,0.08333333333333333,16384,1536,36,1.4697833553010373,1.4059535680669948,
2,32,192,6.0,0.125,16384,1536,36,1.2192733295921874,1.112890350868783,
2,32,256,8.0,0.16666666666666666,16384,1536,36,1.1456906145281076,0.9967544443153417,
2,32,384,12.0,0.25,16384,1536,36,1.0824584784694598,0.8484159252779704,
3,32,48,1.5,0.03125,16384,1536,36,11.039071699310524,11.028433401438184,
3,32,64,2.0,0.041666666666666664,16384,1536,36,6.882430744835994,6.8611541490913135,
3,32,96,3.0,0.0625,16384,1536,36,3.049483257896112,3.0069300664067504,
3,32,128,4.0,0.08333333333333333,16384,1536,36,1.806889415296111,1.7430596280620685,
3,32,192,6.0,0.125,16384,1536,36,1.3778468433993818,1.2714638646759775,
3,32,256,8.0,0.16666666666666666,16384,1536,36,1.2113356881997848,1.0623995179870187,
3,32,384,12.0,0.25,16384,1536,36,1.0966006411598561,0.8625580879683667,
4,32,48,1.5,0.03125,16384,1536,36,10.35550121384033,10.34486291596799,
4,32,64,2.0,0.041666666666666664,16384,1536,36,6.892171943953416,6.870895348208736,
4,32,96,3.0,0.0625,16384,1536,36,3.3233235789227606,3.280770387433399,
4,32,128,4.0,0.08333333333333333,16384,1536,36,1.9945782782699988,1.9307484910359562,
4,32,192,6.0,0.125,16384,1536,36,1.4147833104300105,1.3084003317066062,
4,32,256,8.0,0.16666666666666666,16384,1536,36,1.2213995045620583,1.0724633343492922,
4,32,384,12.0,0.25,16384,1536,36,1.1090507123567581,0.8750081591652688,
0,32,48,1.5,0.03125,16384,1536,37,2.6123092050280254,2.601670907155685,
0,32,64,2.0,0.041666666666666664,16384,1536,37,1.8766225417676596,1.8553459460229789,
0,32,96,3.0,0.0625,16384,1536,37,1.4747291672230247,1.432175975733663,
0,32,128,4.0,0.08333333333333333,16384,1536,37,1.3148751263802168,1.2510453391461742,
0,32,192,6.0,0.125,16384,1536,37,1.1826543084325902,1.076271329709186,
0,32,256,8.0,0.16666666666666666,16384,1536,37,1.1233854438930708,0.9744492736803049,
0,32,384,12.0,0.25,16384,1536,37,1.0698758917517575,0.8358333385602681,
2,32,48,1.5,0.03125,16384,1536,37,4.8186587636642955,4.808020465791955,
2,32,64,2.0,0.041666666666666664,16384,1536,37,2.5648656520046043,2.5435890562599233,
2,32,96,3.0,0.0625,16384,1536,37,1.7972219713867577,1.754668779897396,
2,32,128,4.0,0.08333333333333333,16384,1536,37,1.4687313868202416,1.404901599586199,
2,32,192,6.0,0.125,16384,1536,37,1.2431002907770665,1.1367173120536622,
2,32,256,8.0,0.16666666666666666,16384,1536,37,1.1559580163212546,1.0070218461084885,
2,32,384,12.0,0.25,16384,1536,37,1.0779490471646973,0.8439064939732079,
3,32,48,1.5,0.03125,16384,1536,37,8.96549917328788,8.95486087541554,
3,32,64,2.0,0.041666666666666664,16384,1536,37,4.730368497244056,4.7090919014993755,
3,32,96,3.0,0.0625,16384,1536,37,2.6752565628736034,2.632703371384242,
3,32,128,4.0,0.08333333333333333,16384,1536,37,1.8618978935018395,1.798068106267797,
3,32,192,6.0,0.125,16384,1536,37,1.373167134281604,1.2667841555581998,
3,32,256,8.0,0.16666666666666666,16384,1536,37,1.2255689078143015,1.0766327376015354,
3,32,384,12.0,0.25,16384,1536,37,1.1050198597562477,0.8709773065647584,
4,32,48,1.5,0.03125,16384,1536,37,13.125834541269363,13.115196243397023,
4,32,64,2.0,0.041666666666666664,16384,1536,37,8.284517294014828,8.263240698270147,
4,32,96,3.0,0.0625,16384,1536,37,4.716599602615224,4.674046411125862,
4,32,128,4.0,0.08333333333333333,16384,1536,37,2.7597727509746273,2.6959429637405847,
4,32,192,6.0,0.125,16384,1536,37,1.6406873724749507,1.5343043937515464,
4,32,256,8.0,0.16666666666666666,16384,1536,37,1.3362698570373015,1.1873336868245357,
4,32,384,12.0,0.25,16384,1536,37,1.1561915985603528,0.9221490453688634,
0,32,48,1.5,0.03125,16384,1536,38,2.99917818411771,2.98853988624537,
0,32,64,2.0,0.041666666666666664,16384,1536,38,2.06708200796835,2.045805412223669,
0,32,96,3.0,0.0625,16384,1536,38,1.492289869307903,1.4497366778185412,
0,32,128,4.0,0.08333333333333333,16384,1536,38,1.3161414599811545,1.252311672747112,
0,32,192,6.0,0.125,16384,1536,38,1.1808414093245991,1.0744584306011948,
0,32,256,8.0,0.16666666666666666,16384,1536,38,1.1223034296192587,0.9733672594064927,
0,32,384,12.0,0.25,16384,1536,38,1.0695807801480326,0.8355382269565432,
2,32,48,1.5,0.03125,16384,1536,38,6.93356314561442,6.92292484774208,
2,32,64,2.0,0.041666666666666664,16384,1536,38,4.047233794553403,4.025957198808722,
2,32,96,3.0,0.0625,16384,1536,38,2.2842852138225775,2.241732022333216,
2,32,128,4.0,0.08333333333333333,16384,1536,38,1.603432598295349,1.5396028110613065,
2,32,192,6.0,0.125,16384,1536,38,1.293745007146904,1.1873620284234998,
2,32,256,8.0,0.16666666666666666,16384,1536,38,1.1847116915713012,1.0357755213585351,
2,32,384,12.0,0.25,16384,1536,38,1.092488611186941,0.8584460579954516,
3,32,48,1.5,0.03125,16384,1536,38,8.10443214639838,8.09379384852604,
3,32,64,2.0,0.041666666666666664,16384,1536,38,4.915615914479739,4.894339318735058,
3,32,96,3.0,0.0625,16384,1536,38,2.3561416888600277,2.313588497370666,
3,32,128,4.0,0.08333333333333333,16384,1536,38,1.7147992676361903,1.6509694804021477,
3,32,192,6.0,0.125,16384,1536,38,1.3240986991767434,1.217715720453339,
3,32,256,8.0,0.16666666666666666,16384,1536,38,1.1893532027455913,1.0404170325328255,
3,32,384,12.0,0.25,16384,1536,38,1.0855312477766246,0.8514886945851352,
4,32,48,1.5,0.03125,16384,1536,38,11.077756368503236,11.067118070630896,
4,32,64,2.0,0.041666666666666664,16384,1536,38,7.066637755006304,7.045361159261623,
4,32,96,3.0,0.0625,16384,1536,38,3.343242191149768,3.3006889996604065,
4,32,128,4.0,0.08333333333333333,16384,1536,38,2.1767166432290956,2.112886855995053,
4,32,192,6.0,0.125,16384,1536,38,1.4153305421480162,1.308947563424612,
4,32,256,8.0,0.16666666666666666,16384,1536,38,1.2267635305465463,1.0778273603337802,
4,32,384,12.0,0.25,16384,1536,38,1.0831010724803174,0.849058519288828,
0,32,48,1.5,0.03125,16384,1536,39,2.777408107151465,2.7667698092791246,
0,32,64,2.0,0.041666666666666664,16384,1536,39,1.9698227741480094,1.9485461784033287,
0,32,96,3.0,0.0625,16384,1536,39,1.4825302066887973,1.4399770151994356,
0,32,128,4.0,0.08333333333333333,16384,1536,39,1.3212871508403925,1.25745736360635,
0,32,192,6.0,0.125,16384,1536,39,1.1771706463867448,1.0707876676633405,
0,32,256,8.0,0.16666666666666666,16384,1536,39,1.1195065283213457,0.9705703581085797,
0,32,384,12.0,0.25,16384,1536,39,1.0696097349853666,0.8355671817938772,
2,32,48,1.5,0.03125,16384,1536,39,6.53683622332235,6.52619792545001,
2,32,64,2.0,0.041666666666666664,16384,1536,39,3.1778011061632476,3.1565245104185666,
2,32,96,3.0,0.0625,16384,1536,39,1.6964898947689846,1.6539367032796228,
2,32,128,4.0,0.08333333333333333,16384,1536,39,1.3794082157841743,1.3155784285501317,
2,32,192,6.0,0.125,16384,1536,39,1.2055595665401562,1.0991765878167519,
2,32,256,8.0,0.16666666666666666,16384,1536,39,1.127631089445841,0.9786949192330751,
2,32,384,12.0,0.25,16384,1536,39,1.077887149057253,0.8438445958657637,
3,32,48,1.5,0.03125,16384,1536,39,10.223297085771522,10.212658787899182,
3,32,64,2.0,0.041666666666666664,16384,1536,39,6.540584455954739,6.519307860210058,
3,32,96,3.0,0.0625,16384,1536,39,3.198971897111614,3.1564187056222526,
3,32,128,4.0,0.08333333333333333,16384,1536,39,2.1033329865226524,2.03950319928861,
3,32,192,6.0,0.125,16384,1536,39,1.4369924348937049,1.3306094561703006,
3,32,256,8.0,0.16666666666666666,16384,1536,39,1.2084736020543612,1.059537431841595,
3,32,384,12.0,0.25,16384,1536,39,1.1163886503932088,0.8823460972017194,
4,32,48,1.5,0.03125,16384,1536,39,10.304853845657608,10.294215547785267,
4,32,64,2.0,0.041666666666666664,16384,1536,39,7.154085868272628,7.132809272527948,
4,32,96,3.0,0.0625,16384,1536,39,4.216719096315396,4.174165904826034,
4,32,128,4.0,0.08333333333333333,16384,1536,39,2.3782396091808953,2.3144098219468527,
4,32,192,6.0,0.125,16384,1536,39,1.6359448696072663,1.529561890883862,
4,32,256,8.0,0.16666666666666666,16384,1536,39,1.321132204468456,1.1721960342556899,
4,32,384,12.0,0.25,16384,1536,39,1.168370720938683,0.9343281677471937,
0,32,48,1.5,0.03125,16384,1536,40,2.640621085824814,2.6299827879524735,
0,32,64,2.0,0.041666666666666664,16384,1536,40,1.8650149554960695,1.8437383597513888,
0,32,96,3.0,0.0625,16384,1536,40,1.4530270127209173,1.4104738212315555,
0,32,128,4.0,0.08333333333333333,16384,1536,40,1.3058427478188124,1.2420129605847698,
0,32,192,6.0,0.125,16384,1536,40,1.1803221246059497,1.0739391458825454,
0,32,256,8.0,0.16666666666666666,16384,1536,40,1.123756737146575,0.9748205669338091,
0,32,384,12.0,0.25,16384,1536,40,1.069555398373001,0.8355128451815117,
2,32,48,1.5,0.03125,16384,1536,40,5.278519464363174,5.267881166490834,
2,32,64,2.0,0.041666666666666664,16384,1536,40,3.0863809530616426,3.0651043573169616,
2,32,96,3.0,0.0625,16384,1536,40,1.795330380396606,1.7527771889072443,
2,32,128,4.0,0.08333333333333333,16384,1536,40,1.4920797526088,1.4282499653747576,
2,32,192,6.0,0.125,16384,1536,40,1.229739702140852,1.1233567234174477,
2,32,256,8.0,0.16666666666666666,16384,1536,40,1.1331456933092838,0.9842095230965179,
2,32,384,12.0,0.25,16384,1536,40,1.0722971478740373,0.8382545946825479,
3,32,48,1.5,0.03125,16384,1536,40,7.37737424761949,7.36673594974715,
3,32,64,2.0,0.041666666666666664,16384,1536,40,5.251984571555395,5.230707975810715,
3,32,96,3.0,0.0625,16384,1536,40,2.9013140922653724,2.858760900776011,
3,32,128,4.0,0.08333333333333333,16384,1536,40,1.7634226908495734,1.6995929036155308,
3,32,192,6.0,0.125,16384,1536,40,1.329789703644047,1.2234067249206426,
3,32,256,8.0,0.16666666666666666,16384,1536,40,1.196106008131255,1.047169837918489,
3,32,384,12.0,0.25,16384,1536,40,1.0986396770990479,0.8645971239075585,
4,32,48,1.5,0.03125,16384,1536,40,12.669237989172363,12.658599691300022,
4,32,64,2.0,0.041666666666666664,16384,1536,40,7.88967861139374,7.8684020156490595,
4,32,96,3.0,0.0625,16384,1536,40,2.9916003159053073,2.9490471244159457,
4,32,128,4.0,0.08333333333333333,16384,1536,40,1.9891174673806118,1.9252876801465693,
4,32,192,6.0,0.125,16384,1536,40,1.4092435847709575,1.3028606060475532,
4,32,256,8.0,0.16666666666666666,16384,1536,40,1.2857312280401416,1.1367950578273756,
4,32,384,12.0,0.25,16384,1536,40,1.137299179338526,0.9032566261470367,
0,32,48,1.5,0.03125,16384,1536,41,2.6416626997659005,2.6310244018935602,
0,32,64,2.0,0.041666666666666664,16384,1536,41,1.912553829875291,1.8912772341306103,
0,32,96,3.0,0.0625,16384,1536,41,1.4623998594030652,1.4198466679137034,
0,32,128,4.0,0.08333333333333333,16384,1536,41,1.3053965818235223,1.2415667945894797,
0,32,192,6.0,0.125,16384,1536,41,1.1744850671735347,1.0681020884501304,
0,32,256,8.0,0.16666666666666666,16384,1536,41,1.11974932791814,0.9708131577053741,
0,32,384,12.0,0.25,16384,1536,41,1.0695419480923885,0.8354993949008991,
2,32,48,1.5,0.03125,16384,1536,41,4.052320802805891,4.041682504933551,
2,32,64,2.0,0.041666666666666664,16384,1536,41,2.6156607522812596,2.5943841565365786,
2,32,96,3.0,0.0625,16384,1536,41,1.6190278124919537,1.576474621002592,
2,32,128,4.0,0.08333333333333333,16384,1536,41,1.3674109023803216,1.303581115146279,
2,32,192,6.0,0.125,16384,1536,41,1.2095675606532794,1.1031845819298751,
2,32,256,8.0,0.16666666666666666,16384,1536,41,1.1353871823167632,0.9864510121039972,
2,32,384,12.0,0.25,16384,1536,41,1.079529575879372,0.8454870226878826,
3,32,48,1.5,0.03125,16384,1536,41,6.77809315592394,6.767454858051599,
3,32,64,2.0,0.041666666666666664,16384,1536,41,3.9030089933339247,3.8817323975892437,
3,32,96,3.0,0.0625,16384,1536,41,2.102046501532265,2.0594933100429036,
3,32,128,4.0,0.08333333333333333,16384,1536,41,1.6728255128668261,1.6089957256327836,
3,32,192,6.0,0.125,16384,1536,41,1.321523189888845,1.2151402111654408,
3,32,256,8.0,0.16666666666666666,16384,1536,41,1.1968504181982778,1.0479142479855117,
3,32,384,12.0,0.25,16384,1536,41,1.1060040456791143,0.8719614924876249,
4,32,48,1.5,0.03125,16384,1536,41,12.588954918266303,12.578316620393963,
4,32,64,2.0,0.041666666666666664,16384,1536,41,8.679277429478258,8.658000833733578,
4,32,96,3.0,0.0625,16384,1536,41,3.343900534090749,3.3013473426013875,
4,32,128,4.0,0.08333333333333333,16384,1536,41,2.3127242442178897,2.248894456983847,
4,32,192,6.0,0.125,16384,1536,41,1.5711235854007706,1.4647406066773663,
4,32,256,8.0,0.16666666666666666,16384,1536,41,1.3131772636350671,1.164241093422301,
4,32,384,12.0,0.25,16384,1536,41,1.126048903483959,0.8920063502924696,
0,32,48,1.5,0.03125,16384,1536,42,2.9360876375743468,2.9254493397020065,
0,32,64,2.0,0.041666666666666664,16384,1536,42,1.907228834366871,1.8859522386221903,
0,32,96,3.0,0.0625,16384,1536,42,1.4635932864392336,1.4210400949498718,
0,32,128,4.0,0.08333333333333333,16384,1536,42,1.305343131631794,1.2415133443977515,
0,32,192,6.0,0.125,16384,1536,42,1.177494354294371,1.0711113755709667,
0,32,256,8.0,0.16666666666666666,16384,1536,42,1.1197751495916834,0.9708389793789175,
0,32,384,12.0,0.25,16384,1536,42,1.068555478888696,0.8345129256972066,
2,32,48,1.5,0.03125,16384,1536,42,4.1039412599524905,4.09330296208015,
2,32,64,2.0,0.041666666666666664,16384,1536,42,2.40860862859165,2.387332032846969,
2,32,96,3.0,0.0625,16384,1536,42,1.6453862761063236,1.6028330846169618,
2,32,128,4.0,0.08333333333333333,16384,1536,42,1.4242717808152443,1.3604419935812018,
2,32,192,6.0,0.125,16384,1536,42,1.224823943179417,1.1184409644560127,
2,32,256,8.0,0.16666666666666666,16384,1536,42,1.1483799697049206,0.9994437994921547,
2,32,384,12.0,0.25,16384,1536,42,1.0774239586347076,0.8433814054432183,
3,32,48,1.5,0.03125,16384,1536,42,7.73362147537697,7.72298317750463,
3,32,64,2.0,0.041666666666666664,16384,1536,42,3.3712673213454205,3.3499907256007395,
3,32,96,3.0,0.0625,16384,1536,42,2.1318128382239134,2.089259646734552,
3,32,128,4.0,0.08333333333333333,16384,1536,42,1.6417073711368892,1.5778775839028467,
3,32,192,6.0,0.125,16384,1536,42,1.3055472364394753,1.199164257716071,
3,32,256,8.0,0.16666666666666666,16384,1536,42,1.1836179564095164,1.0346817861967503,
3,32,384,12.0,0.25,16384,1536,42,1.094594747920449,0.8605521947289596,
4,32,48,1.5,0.03125,16384,1536,42,11.232980679954231,11.22234238208189,
4,32,64,2.0,0.041666666666666664,16384,1536,42,6.900588599999055,6.879312004254374,
4,32,96,3.0,0.0625,16384,1536,42,3.9364138022130435,3.893860610723682,
4,32,128,4.0,0.08333333333333333,16384,1536,42,2.289572274855412,2.2257424876213694,
4,32,192,6.0,0.125,16384,1536,42,1.7123367497197615,1.6059537709963572,
4,32,256,8.0,0.16666666666666666,16384,1536,42,1.2813116281854453,1.1323754579726795,
4,32,384,12.0,0.25,16384,1536,42,1.1427952482031931,0.9087526950117037,
0,32,48,1.5,0.03125,16384,1536,43,2.7250462241495828,2.7144079262772425,
0,32,64,2.0,0.041666666666666664,16384,1536,43,1.951778578580054,1.9305019828353733,
0,32,96,3.0,0.0625,16384,1536,43,1.4618619191843172,1.4193087276949554,
0,32,128,4.0,0.08333333333333333,16384,1536,43,1.3073482995231513,1.2435185122891088,
0,32,192,6.0,0.125,16384,1536,43,1.1765463729062193,1.070163394182815,
0,32,256,8.0,0.16666666666666666,16384,1536,43,1.123945810517708,0.9750096403049421,
0,32,384,12.0,0.25,16384,1536,43,1.070613979236929,0.8365714260454395,
2,32,48,1.5,0.03125,16384,1536,43,4.565108148089194,4.5544698502168535,
2,32,64,2.0,0.041666666666666664,16384,1536,43,3.004374556063111,2.98309796031843,
2,32,96,3.0,0.0625,16384,1536,43,1.7221202920991892,1.6795671006098274,
2,32,128,4.0,0.08333333333333333,16384,1536,43,1.4454717517235234,1.3816419644894808,
2,32,192,6.0,0.125,16384,1536,43,1.2056262061156422,1.099243227392238,
2,32,256,8.0,0.16666666666666666,16384,1536,43,1.1260765403590927,0.9771403701463267,
2,32,384,12.0,0.25,16384,1536,43,1.072119386914845,0.8380768337233557,
3,32,48,1.5,0.03125,16384,1536,43,10.21745629591721,10.206817998044869,
3,32,64,2.0,0.041666666666666664,16384,1536,43,6.002528265552904,5.981251669808223,
3,32,96,3.0,0.0625,16384,1536,43,2.2772046425620944,2.234651451072733,
3,32,128,4.0,0.08333333333333333,16384,1536,43,1.7081559701392757,1.6443261829052331,
3,32,192,6.0,0.125,16384,1536,43,1.3117489289467215,1.2053659502233172,
3,32,256,8.0,0.16666666666666666,16384,1536,43,1.193738510548691,1.044802340335925,
3,32,384,12.0,0.25,16384,1536,43,1.0884595819904683,0.854417028798979,
4,32,48,1.5,0.03125,16384,1536,43,9.973777165490496,9.963138867618156,
4,32,64,2.0,0.041666666666666664,16384,1536,43,6.090133108720681,6.068856512976001,
4,32,96,3.0,0.0625,16384,1536,43,3.5277875152372973,3.4852343237479357,
4,32,128,4.0,0.08333333333333333,16384,1536,43,2.3183274165715995,2.254497629337557,
4,32,192,6.0,0.125,16384,1536,43,1.6117440590575673,1.505361080334163,
4,32,256,8.0,0.16666666666666666,16384,1536,43,1.311515831111146,1.16257966089838,
4,32,384,12.0,0.25,16384,1536,43,1.1276245641789289,0.8935820109874395,
0,32,48,1.5,0.03125,16384,1536,44,2.7598598587635257,2.7492215608911854,
0,32,64,2.0,0.041666666666666664,16384,1536,44,1.927247451139635,1.9059708553949541,
0,32,96,3.0,0.0625,16384,1536,44,1.446238250514752,1.4036850590253902,
0,32,128,4.0,0.08333333333333333,16384,1536,44,1.2959045904376683,1.2320748032036257,
0,32,192,6.0,0.125,16384,1536,44,1.1774531432508162,1.0710701645274119,
0,32,256,8.0,0.16666666666666666,16384,1536,44,1.1213785232425169,0.9724423530297509,
0,32,384,12.0,0.25,16384,1536,44,1.068958446793989,0.8349158936024996,
2,32,48,1.5,0.03125,16384,1536,44,5.042022057503995,5.031383759631654,
2,32,64,2.0,0.041666666666666664,16384,1536,44,2.971493557235344,2.950216961490663,
2,32,96,3.0,0.0625,16384,1536,44,1.7568914158684645,1.7143382243791028,
2,32,128,4.0,0.08333333333333333,16384,1536,44,1.468205145960455,1.4043753587264125,
2,32,192,6.0,0.125,16384,1536,44,1.2136727137543026,1.1072897350308983,
2,32,256,8.0,0.16666666666666666,16384,1536,44,1.1379034143463413,0.9889672441335754,
2,32,384,12.0,0.25,16384,1536,44,1.0733244236715052,0.8392818704800158,
3,32,48,1.5,0.03125,16384,1536,44,7.4145261679125705,7.40388787004023,
3,32,64,2.0,0.041666666666666664,16384,1536,44,4.844232558858366,4.822955963113685,
3,32,96,3.0,0.0625,16384,1536,44,2.345379384063884,2.3028261925745226,
3,32,128,4.0,0.08333333333333333,16384,1536,44,1.602059877147679,1.5382300899136365,
3,32,192,6.0,0.125,16384,1536,44,1.3451252520367856,1.2387422733133813,
3,32,256,8.0,0.16666666666666666,16384,1536,44,1.2209239863406565,1.0719878161278906,
3,32,384,12.0,0.25,16384,1536,44,1.0981218156983008,0.8640792625068114,
4,32,48,1.5,0.03125,16384,1536,44,12.18826005737571,12.177621759503369,
4,32,64,2.0,0.041666666666666664,16384,1536,44,7.776032910380943,7.754756314636262,
4,32,96,3.0,0.0625,16384,1536,44,3.8847400582847467,3.842186866795385,
4,32,128,4.0,0.08333333333333333,16384,1536,44,2.2345916748212957,2.170761887587253,
4,32,192,6.0,0.125,16384,1536,44,1.5132177992537017,1.4068348205302974,
4,32,256,8.0,0.16666666666666666,16384,1536,44,1.2863489149779133,1.1374127447651472,
4,32,384,12.0,0.25,16384,1536,44,1.1273304828276343,0.8932879296361449,
0,32,48,1.5,0.03125,16384,1536,45,2.7260407609649278,2.7154024630925875,
0,32,64,2.0,0.041666666666666664,16384,1536,45,1.9866819331144803,1.9654053373697995,
0,32,96,3.0,0.0625,16384,1536,45,1.4997609431572618,1.4572077516679,
0,32,128,4.0,0.08333333333333333,16384,1536,45,1.314130520688562,1.2503007334545195,
0,32,192,6.0,0.125,16384,1536,45,1.1821236679725684,1.075740689249164,
0,32,256,8.0,0.16666666666666666,16384,1536,45,1.1220729892729353,0.9731368190601694,
0,32,384,12.0,0.25,16384,1536,45,1.0695904792513489,0.8355479260598595,
2,32,48,1.5,0.03125,16384,1536,45,5.635864147135396,5.625225849263056,
2,32,64,2.0,0.041666666666666664,16384,1536,45,3.371721073934829,3.350444478190148,
2,32,96,3.0,0.0625,16384,1536,45,1.9084698184063416,1.8659166269169798,
2,32,128,4.0,0.08333333333333333,16384,1536,45,1.5341163319487565,1.470286544714714,
2,32,192,6.0,0.125,16384,1536,45,1.23601080961296,1.1296278308895558,
2,32,256,8.0,0.16666666666666666,16384,1536,45,1.1507002613009152,1.0017640910881491,
2,32,384,12.0,0.25,16384,1536,45,1.0861596608876343,0.8521171076961449,
3,32,48,1.5,0.03125,16384,1536,45,6.916059926180859,6.905421628308519,
3,32,64,2.0,0.041666666666666664,16384,1536,45,4.104630080433778,4.0833534846890975,
3,32,96,3.0,0.0625,16384,1536,45,2.485866980962009,2.4433137894726475,
3,32,128,4.0,0.08333333333333333,16384,1536,45,1.6484663075210118,1.5846365202869692,
3,32,192,6.0,0.125,16384,1536,45,1.3144401217343986,1.2080571430109943,
3,32,256,8.0,0.16666666666666666,16384,1536,45,1.2159037355464366,1.0669675653336705,
3,32,384,12.0,0.25,16384,1536,45,1.1037648390286352,0.8697222858371458,
4,32,48,1.5,0.03125,16384,1536,45,11.617145216355931,11.606506918483591,
4,32,64,2.0,0.041666666666666664,16384,1536,45,6.575834828321246,6.554558232576565,
4,32,96,3.0,0.0625,16384,1536,45,3.597844837730526,3.5552916462411646,
4,32,128,4.0,0.08333333333333333,16384,1536,45,2.534138430649164,2.4703086434151214,
4,32,192,6.0,0.125,16384,1536,45,1.4888227616397218,1.3824397829163175,
4,32,256,8.0,0.16666666666666666,16384,1536,45,1.2568742194857205,1.1079380492729545,
4,32,384,12.0,0.25,16384,1536,45,1.146994307614869,0.9129517544233796,
0,32,48,1.5,0.03125,16384,1536,46,2.8592714838174946,2.8486331859451544,
0,32,64,2.0,0.041666666666666664,16384,1536,46,1.9349837174045401,1.9137071216598593,
0,32,96,3.0,0.0625,16384,1536,46,1.4568250523114712,1.4142718608221094,
0,32,128,4.0,0.08333333333333333,16384,1536,46,1.3055113634100222,1.2416815761759796,
0,32,192,6.0,0.125,16384,1536,46,1.1802895029248286,1.0739065242014243,
0,32,256,8.0,0.16666666666666666,16384,1536,46,1.1191730754185514,0.9702369052057854,
0,32,384,12.0,0.25,16384,1536,46,1.0695427250740286,0.8355001718825392,
2,32,48,1.5,0.03125,16384,1536,46,5.325741883786788,5.315103585914447,
2,32,64,2.0,0.041666666666666664,16384,1536,46,3.071948015502696,3.050671419758015,
2,32,96,3.0,0.0625,16384,1536,46,1.7355403585830778,1.692987167093716,
2,32,128,4.0,0.08333333333333333,16384,1536,46,1.4113336266982535,1.347503839464211,
2,32,192,6.0,0.125,16384,1536,46,1.2107413349232505,1.1043583561998462,
2,32,256,8.0,0.16666666666666666,16384,1536,46,1.1471897232052248,0.9982535529924589,
2,32,384,12.0,0.25,16384,1536,46,1.0816753000099815,0.8476327468184921,
3,32,48,1.5,0.03125,16384,1536,46,13.506289995949764,13.495651698077424,
3,32,64,2.0,0.041666666666666664,16384,1536,46,8.610450423291457,8.589173827546777,
3,32,96,3.0,0.0625,16384,1536,46,3.591920933503366,3.5493677420140046,
3,32,128,4.0,0.08333333333333333,16384,1536,46,2.2034809646715954,2.139651177437553,
3,32,192,6.0,0.125,16384,1536,46,1.4623739743194468,1.3559909955960425,
3,32,256,8.0,0.16666666666666666,16384,1536,46,1.2269960323367513,1.0780598621239852,
3,32,384,12.0,0.25,16384,1536,46,1.107344112543529,0.8733015593520397,
4,32,48,1.5,0.03125,16384,1536,46,15.6931719573068,15.68253365943446,
4,32,64,2.0,0.041666666666666664,16384,1536,46,9.295303564989837,9.274026969245156,
4,32,96,3.0,0.0625,16384,1536,46,4.351791953459758,4.309238761970396,
4,32,128,4.0,0.08333333333333333,16384,1536,46,2.6230460688498605,2.559216281615818,
4,32,192,6.0,0.125,16384,1536,46,1.6583152451899108,1.5519322664665065,
4,32,256,8.0,0.16666666666666666,16384,1536,46,1.3237906768172216,1.1748545066044556,
4,32,384,12.0,0.25,16384,1536,46,1.139231798779614,0.9051892455881245,
0,32,48,1.5,0.03125,16384,1536,47,2.6820179117711005,2.67137961389876,
0,32,64,2.0,0.041666666666666664,16384,1536,47,1.9094520182014225,1.8881754224567417,
0,32,96,3.0,0.0625,16384,1536,47,1.4726011649303716,1.4300479734410099,
0,32,128,4.0,0.08333333333333333,16384,1536,47,1.3058600872077346,1.242030299973692,
0,32,192,6.0,0.125,16384,1536,47,1.1738625560989422,1.067479577375538,
0,32,256,8.0,0.16666666666666666,16384,1536,47,1.1188529145881467,0.9699167443753808,
0,32,384,12.0,0.25,16384,1536,47,1.0691077184790665,0.8350651652875771,
2,32,48,1.5,0.03125,16384,1536,47,6.008311823654649,5.997673525782309,
2,32,64,2.0,0.041666666666666664,16384,1536,47,3.110649460753221,3.08937286500854,
2,32,96,3.0,0.0625,16384,1536,47,1.7891384092982454,1.7465852178088836,
2,32,128,4.0,0.08333333333333333,16384,1536,47,1.4342527488691568,1.3704229616351142,
2,32,192,6.0,0.125,16384,1536,47,1.2316473129567844,1.1252643342333801,
2,32,256,8.0,0.16666666666666666,16384,1536,47,1.1518387286937772,1.0029025584810114,
2,32,384,12.0,0.25,16384,1536,47,1.080267541386245,0.8462249881947557,
3,32,48,1.5,0.03125,16384,1536,47,7.1294077824997135,7.118769484627373,
3,32,64,2.0,0.041666666666666664,16384,1536,47,5.003157398120151,4.98188080237547,
3,32,96,3.0,0.0625,16384,1536,47,2.5826749031918137,2.540121711702452,
3,32,128,4.0,0.08333333333333333,16384,1536,47,1.661058197687157,1.5972284104531145,
3,32,192,6.0,0.125,16384,1536,47,1.384411039765596,1.2780280610421917,
3,32,256,8.0,0.16666666666666666,16384,1536,47,1.2125187064803027,1.0635825362675368,
3,32,384,12.0,0.25,16384,1536,47,1.103432707643434,0.8693901544519447,
4,32,48,1.5,0.03125,16384,1536,47,15.404494027820725,15.393855729948385,
4,32,64,2.0,0.041666666666666664,16384,1536,47,11.215444446170851,11.19416785042617,
4,32,96,3.0,0.0625,16384,1536,47,6.504153784520811,6.461600593031449,
4,32,128,4.0,0.08333333333333333,16384,1536,47,3.8031197993560433,3.7392900121220007,
4,32,192,6.0,0.125,16384,1536,47,2.052508726199396,1.9461257474759919,
4,32,256,8.0,0.16666666666666666,16384,1536,47,1.4638135457651587,1.3148773755523928,
4,32,384,12.0,0.25,16384,1536,47,1.1382511287381645,0.9042085755466751,
0,32,48,1.5,0.03125,16384,1536,48,2.638569324071682,2.6279310261993416,
0,32,64,2.0,0.041666666666666664,16384,1536,48,1.939948980267228,1.9186723845225473,
0,32,96,3.0,0.0625,16384,1536,48,1.4673534152553358,1.424800223765974,
0,32,128,4.0,0.08333333333333333,16384,1536,48,1.3036228815177415,1.239793094283699,
0,32,192,6.0,0.125,16384,1536,48,1.1734975761036277,1.0671145973802234,
0,32,256,8.0,0.16666666666666666,16384,1536,48,1.1210410427603543,0.9721048725475884,
0,32,384,12.0,0.25,16384,1536,48,1.068805914698188,0.8347633615066987,
2,32,48,1.5,0.03125,16384,1536,48,7.371038617906244,7.360400320033904,
2,32,64,2.0,0.041666666666666664,16384,1536,48,3.4305010883387292,3.4092244925940483,
2,32,96,3.0,0.0625,16384,1536,48,1.9209744901067078,1.878421298617346,
2,32,128,4.0,0.08333333333333333,16384,1536,48,1.5909189532679462,1.5270891660339037,
2,32,192,6.0,0.125,16384,1536,48,1.2869187915218,1.1805358127983958,
2,32,256,8.0,0.16666666666666666,16384,1536,48,1.1755789078229888,1.026642737610223,
2,32,384,12.0,0.25,16384,1536,48,1.0888716538283154,0.854829100636826,
3,32,48,1.5,0.03125,16384,1536,48,8.349716758935113,8.339078461062773,
3,32,64,2.0,0.041666666666666664,16384,1536,48,5.45670020222878,5.4354236064840995,
3,32,96,3.0,0.0625,16384,1536,48,2.351720878241162,2.3091676867518003,
3,32,128,4.0,0.08333333333333333,16384,1536,48,1.6339284515418822,1.5700986643078396,
3,32,192,6.0,0.125,16384,1536,48,1.2626222655289725,1.1562392868055682,
3,32,256,8.0,0.16666666666666666,16384,1536,48,1.1676915739506908,1.018755403737925,
3,32,384,12.0,0.25,16384,1536,48,1.0973715944426605,0.8633290412511712,
4,32,48,1.5,0.03125,16384,1536,48,12.974023376350392,12.963385078478051,
4,32,64,2.0,0.041666666666666664,16384,1536,48,8.954886399106174,8.933609803361493,
4,32,96,3.0,0.0625,16384,1536,48,3.819870645262325,3.7773174537729632,
4,32,128,4.0,0.08333333333333333,16384,1536,48,2.208568521031559,2.1447387337975163,
4,32,192,6.0,0.125,16384,1536,48,1.600579371637588,1.4941963929141837,
4,32,256,8.0,0.16666666666666666,16384,1536,48,1.3285342580362092,1.179598087823443,
4,32,384,12.0,0.25,16384,1536,48,1.1485592978598578,0.9145167446683684,
0,32,48,1.5,0.03125,16384,1536,49,2.777669291506067,2.7670309936337265,
0,32,64,2.0,0.041666666666666664,16384,1536,49,1.9451286254904878,1.923852029745807,
0,32,96,3.0,0.0625,16384,1536,49,1.4849539540988677,1.442400762609506,
0,32,128,4.0,0.08333333333333333,16384,1536,49,1.312292715226874,1.2484629279928314,
0,32,192,6.0,0.125,16384,1536,49,1.1750853511853616,1.0687023724619573,
0,32,256,8.0,0.16666666666666666,16384,1536,49,1.1217512952477817,0.9728151250350158,
0,32,384,12.0,0.25,16384,1536,49,1.0689568366273,0.8349142834358105,
2,32,48,1.5,0.03125,16384,1536,49,4.261217959137485,4.250579661265145,
2,32,64,2.0,0.041666666666666664,16384,1536,49,2.341783854240565,2.320507258495884,
2,32,96,3.0,0.0625,16384,1536,49,1.5219256236716001,1.4793724321822384,
2,32,128,4.0,0.08333333333333333,16384,1536,49,1.3392046091817702,1.2753748219477277,
2,32,192,6.0,0.125,16384,1536,49,1.177647248217547,1.0712642694941428,
2,32,256,8.0,0.16666666666666666,16384,1536,49,1.1176210794969226,0.9686849092841566,
2,32,384,12.0,0.25,16384,1536,49,1.0699231913711604,0.8358806381796711,
3,32,48,1.5,0.03125,16384,1536,49,9.082552106382055,9.071913808509715,
3,32,64,2.0,0.041666666666666664,16384,1536,49,6.137730459948498,6.116453864203818,
3,32,96,3.0,0.0625,16384,1536,49,3.3461038436004147,3.303550652111053,
3,32,128,4.0,0.08333333333333333,16384,1536,49,1.9973483909534149,1.9335186037193723,
3,32,192,6.0,0.125,16384,1536,49,1.418102974507814,1.3117199957844097,
3,32,256,8.0,0.16666666666666666,16384,1536,49,1.241256742561651,1.0923205723488851,
3,32,384,12.0,0.25,16384,1536,49,1.103613406957496,0.8695708537660067,
4,32,48,1.5,0.03125,16384,1536,49,9.099645697887224,9.089007400014884,
4,32,64,2.0,0.041666666666666664,16384,1536,49,6.875078239578954,6.853801643834274,
4,32,96,3.0,0.0625,16384,1536,49,3.6085572051846038,3.5660040136952422,
4,32,128,4.0,0.08333333333333333,16384,1536,49,2.178928459546653,2.1150986723126106,
4,32,192,6.0,0.125,16384,1536,49,1.5252227135113325,1.4188397347879282,
4,32,256,8.0,0.16666666666666666,16384,1536,49,1.2748756266024086,1.1259394563896428,
4,32,384,12.0,0.25,16384,1536,49,1.1508034928853983,0.9167609396939089,
0,32,48,1.5,0.03125,16384,1536,50,2.7597774396911845,2.7491391418188442,
0,32,64,2.0,0.041666666666666664,16384,1536,50,1.9027082524003713,1.8814316566556906,
0,32,96,3.0,0.0625,16384,1536,50,1.4333067020823687,1.390753510593007,
0,32,128,4.0,0.08333333333333333,16384,1536,50,1.2958623098245505,1.232032522590508,
0,32,192,6.0,0.125,16384,1536,50,1.1718131950239834,1.065430216300579,
0,32,256,8.0,0.16666666666666666,16384,1536,50,1.1170432179827676,0.9681070477700017,
0,32,384,12.0,0.25,16384,1536,50,1.0681462854317456,0.8341037322402562,
2,32,48,1.5,0.03125,16384,1536,50,4.824758001023934,4.814119703151594,
2,32,64,2.0,0.041666666666666664,16384,1536,50,2.762244324828462,2.740967729083781,
2,32,96,3.0,0.0625,16384,1536,50,1.6367100022492957,1.594156810759934,
2,32,128,4.0,0.08333333333333333,16384,1536,50,1.3696526597108594,1.3058228724768168,
2,32,192,6.0,0.125,16384,1536,50,1.2179760558216846,1.1115930770982803,
2,32,256,8.0,0.16666666666666666,16384,1536,50,1.144451026275513,0.995514856062747,
2,32,384,12.0,0.25,16384,1536,50,1.076690415068239,0.8426478618767497,
3,32,48,1.5,0.03125,16384,1536,50,7.792804848848693,7.782166550976353,
3,32,64,2.0,0.041666666666666664,16384,1536,50,4.1916997171068076,4.170423121362127,
3,32,96,3.0,0.0625,16384,1536,50,2.3175545281527126,2.275001336663351,
3,32,128,4.0,0.08333333333333333,16384,1536,50,1.7365649616422774,1.6727351744082348,
3,32,192,6.0,0.125,16384,1536,50,1.3331954699109163,1.226812491187512,
3,32,256,8.0,0.16666666666666666,16384,1536,50,1.1858586187674625,1.0369224485546966,
3,32,384,12.0,0.25,16384,1536,50,1.1054160625214202,0.8713735093299309,
4,32,48,1.5,0.03125,16384,1536,50,10.667338837660127,10.656700539787787,
4,32,64,2.0,0.041666666666666664,16384,1536,50,7.200533680910315,7.179257085165634,
4,32,96,3.0,0.0625,16384,1536,50,3.799769145753806,3.7572159542644443,
4,32,128,4.0,0.08333333333333333,16384,1536,50,2.524060760599039,2.4602309733649963,
4,32,192,6.0,0.125,16384,1536,50,1.5945791045120448,1.4881961257886405,
4,32,256,8.0,0.16666666666666666,16384,1536,50,1.3806484534824055,1.2317122832696397,
4,32,384,12.0,0.25,16384,1536,50,1.1488585273814713,0.914815974189982,
0,32,48,1.5,0.03125,16384,1536,51,2.6511586195570067,2.6405203216846664,
0,32,64,2.0,0.041666666666666664,16384,1536,51,1.9991892639468722,1.9779126682021915,
0,32,96,3.0,0.0625,16384,1536,51,1.4882085719000437,1.445655380410682,
0,32,128,4.0,0.08333333333333333,16384,1536,51,1.3223808416224307,1.2585510543883882,
0,32,192,6.0,0.125,16384,1536,51,1.184201869274255,1.0778188905508508,
0,32,256,8.0,0.16666666666666666,16384,1536,51,1.125987105229288,0.9770509350165221,
0,32,384,12.0,0.25,16384,1536,51,1.070637365628447,0.8365948124369575,
2,32,48,1.5,0.03125,16384,1536,51,5.146132362768547,5.135494064896207,
2,32,64,2.0,0.041666666666666664,16384,1536,51,3.393645858805509,3.372369263060828,
2,32,96,3.0,0.0625,16384,1536,51,1.9866472802535515,1.9440940887641898,
2,32,128,4.0,0.08333333333333333,16384,1536,51,1.5539247907233467,1.4900950034893041,
2,32,192,6.0,0.125,16384,1536,51,1.2939425260630093,1.187559547339605,
2,32,256,8.0,0.16666666666666666,16384,1536,51,1.1858836963662982,1.0369475261535324,
2,32,384,12.0,0.25,16384,1536,51,1.092430842574277,0.8583882893827877,
3,32,48,1.5,0.03125,16384,1536,51,10.79559459959547,10.78495630172313,
3,32,64,2.0,0.041666666666666664,16384,1536,51,6.950595265305608,6.929318669560927,
3,32,96,3.0,0.0625,16384,1536,51,2.9405203241834252,2.8979671326940637,
3,32,128,4.0,0.08333333333333333,16384,1536,51,2.1054707344783834,2.041640947244341,
3,32,192,6.0,0.125,16384,1536,51,1.3485349648074028,1.2421519860839985,
3,32,256,8.0,0.16666666666666666,16384,1536,51,1.1912898769554703,1.0423537067427042,
3,32,384,12.0,0.25,16384,1536,51,1.1046971435861699,0.8706545903946805,
4,32,48,1.5,0.03125,16384,1536,51,11.416093664735964,11.405455366863624,
4,32,64,2.0,0.041666666666666664,16384,1536,51,7.477696524207537,7.456419928462856,
4,32,96,3.0,0.0625,16384,1536,51,3.8243329620004207,3.781779770511059,
4,32,128,4.0,0.08333333333333333,16384,1536,51,2.2430534314221378,2.179223644188095,
4,32,192,6.0,0.125,16384,1536,51,1.5088528876545593,1.402469908931155,
4,32,256,8.0,0.16666666666666666,16384,1536,51,1.239538008556309,1.090601838343543,
4,32,384,12.0,0.25,16384,1536,51,1.1102973857082803,0.8762548325167909,
0,32,48,1.5,0.03125,16384,1536,52,2.861605241265094,2.850966943392754,
0,32,64,2.0,0.041666666666666664,16384,1536,52,2.0029398745772538,1.981663278832573,
0,32,96,3.0,0.0625,16384,1536,52,1.497587294750237,1.4550341032608753,
0,32,128,4.0,0.08333333333333333,16384,1536,52,1.3232904114954365,1.259460624261394,
0,32,192,6.0,0.125,16384,1536,52,1.1825282364344982,1.076145257711094,
0,32,256,8.0,0.16666666666666666,16384,1536,52,1.1234737226897535,0.9745375524769876,
0,32,384,12.0,0.25,16384,1536,52,1.0721947178330846,0.8381521646415953,
2,32,48,1.5,0.03125,16384,1536,52,5.897024769068543,5.886386471196203,
2,32,64,2.0,0.041666666666666664,16384,1536,52,3.4447711302963526,3.4234945345516716,
2,32,96,3.0,0.0625,16384,1536,52,1.9921240272261296,1.9495708357367678,
2,32,128,4.0,0.08333333333333333,16384,1536,52,1.500408095319357,1.4365783080853145,
2,32,192,6.0,0.125,16384,1536,52,1.2455131123516328,1.1391301336282285,
2,32,256,8.0,0.16666666666666666,16384,1536,52,1.1519726928307998,1.003036522618034,
2,32,384,12.0,0.25,16384,1536,52,1.0846252184327914,0.850582665241302,
3,32,48,1.5,0.03125,16384,1536,52,7.216300333138653,7.205662035266313,
3,32,64,2.0,0.041666666666666664,16384,1536,52,3.793612864805844,3.772336269061163,
3,32,96,3.0,0.0625,16384,1536,52,2.2286167546222417,2.18606356313288,
3,32,128,4.0,0.08333333333333333,16384,1536,52,1.7957390060647453,1.7319092188307028,
3,32,192,6.0,0.125,16384,1536,52,1.3399596275258763,1.233576648802472,
3,32,256,8.0,0.16666666666666666,16384,1536,52,1.182168395439331,1.0332322252265649,
3,32,384,12.0,0.25,16384,1536,52,1.104314867968037,0.8702723147765477,
4,32,48,1.5,0.03125,16384,1536,52,9.036798885365668,9.026160587493328,
4,32,64,2.0,0.041666666666666664,16384,1536,52,7.317203537782828,7.295926942038148,
4,32,96,3.0,0.0625,16384,1536,52,3.435781512407136,3.3932283209177743,
4,32,128,4.0,0.08333333333333333,16384,1536,52,2.1052876474028217,2.041457860168779,
4,32,192,6.0,0.125,16384,1536,52,1.4075808210210439,1.3011978422976396,
4,32,256,8.0,0.16666666666666666,16384,1536,52,1.2266553316716104,1.0777191614588446,
4,32,384,12.0,0.25,16384,1536,52,1.1119769966458661,0.8779344434543768,
0,32,48,1.5,0.03125,16384,1536,53,2.6813541540787136,2.6707158562063733,
0,32,64,2.0,0.041666666666666664,16384,1536,53,1.8219405112215694,1.8006639154768886,
0,32,96,3.0,0.0625,16384,1536,53,1.4332422872637633,1.3906890957744016,
0,32,128,4.0,0.08333333333333333,16384,1536,53,1.292150316799357,1.2283205295653146,
0,32,192,6.0,0.125,16384,1536,53,1.1760201382796536,1.0696371595562493,
0,32,256,8.0,0.16666666666666666,16384,1536,53,1.1209290957687186,0.9719929255559526,
0,32,384,12.0,0.25,16384,1536,53,1.0694612638321932,0.8354187106407038,
2,32,48,1.5,0.03125,16384,1536,53,5.765920843404278,5.755282545531938,
2,32,64,2.0,0.041666666666666664,16384,1536,53,3.3402730621116947,3.3189964663670137,
2,32,96,3.0,0.0625,16384,1536,53,1.8047136019407548,1.762160410451393,
2,32,128,4.0,0.08333333333333333,16384,1536,53,1.4449649652361107,1.3811351780020682,
2,32,192,6.0,0.125,16384,1536,53,1.242740056907785,1.1363570781843808,
2,32,256,8.0,0.16666666666666666,16384,1536,53,1.1480617538978912,0.9991255836851253,
2,32,384,12.0,0.25,16384,1536,53,1.0832663567172847,0.8492238035257953,
3,32,48,1.5,0.03125,16384,1536,53,9.086972720096716,9.076334422224376,
3,32,64,2.0,0.041666666666666664,16384,1536,53,5.495870633163775,5.474594037419094,
3,32,96,3.0,0.0625,16384,1536,53,3.0144029142177278,2.9718497227283662,
3,32,128,4.0,0.08333333333333333,16384,1536,53,2.133851606732313,2.0700218194982707,
3,32,192,6.0,0.125,16384,1536,53,1.498854870476575,1.3924718917531707,
3,32,256,8.0,0.16666666666666666,16384,1536,53,1.2609418862994333,1.1120057160866672,
3,32,384,12.0,0.25,16384,1536,53,1.1038648651455811,0.8698223119540918,
4,32,48,1.5,0.03125,16384,1536,53,14.063236853862517,14.052598555990176,
4,32,64,2.0,0.041666666666666664,16384,1536,53,10.131967001588293,10.110690405843613,
4,32,96,3.0,0.0625,16384,1536,53,5.589495109268798,5.546941917779436,
4,32,128,4.0,0.08333333333333333,16384,1536,53,3.646877640667271,3.5830478534332286,
4,32,192,6.0,0.125,16384,1536,53,1.943720239670642,1.8373372609472376,
4,32,256,8.0,0.16666666666666666,16384,1536,53,1.443233864697922,1.2942976944851559,
4,32,384,12.0,0.25,16384,1536,53,1.1682870273561474,0.9342444741646581,
0,32,48,1.5,0.03125,16384,1536,54,2.7447759966230185,2.7341376987506782,
0,32,64,2.0,0.041666666666666664,16384,1536,54,1.8564224267029483,1.8351458309582676,
0,32,96,3.0,0.0625,16384,1536,54,1.4359902042138195,1.3934370127244577,
0,32,128,4.0,0.08333333333333333,16384,1536,54,1.3046053985744033,1.2407756113403607,
0,32,192,6.0,0.125,16384,1536,54,1.1752121667872113,1.068829188063807,
0,32,256,8.0,0.16666666666666666,16384,1536,54,1.1192679956545453,0.9703318254417793,
0,32,384,12.0,0.25,16384,1536,54,1.069154512689419,0.8351119594979297,
2,32,48,1.5,0.03125,16384,1536,54,5.860095030694462,5.849456732822122,
2,32,64,2.0,0.041666666666666664,16384,1536,54,2.6973027165987915,2.6760261208541105,
2,32,96,3.0,0.0625,16384,1536,54,1.7602252422450677,1.717672050755706,
2,32,128,4.0,0.08333333333333333,16384,1536,54,1.4111336940471009,1.3473039068130583,
2,32,192,6.0,0.125,16384,1536,54,1.2343554608893956,1.1279724821659913,
2,32,256,8.0,0.16666666666666666,16384,1536,54,1.1455228406678897,0.9965866704551237,
2,32,384,12.0,0.25,16384,1536,54,1.0763220883903706,0.8422795351988812,
3,32,48,1.5,0.03125,16384,1536,54,9.013966053038066,9.003327755165726,
3,32,64,2.0,0.041666666666666664,16384,1536,54,5.824791082153837,5.803514486409156,
3,32,96,3.0,0.0625,16384,1536,54,2.6965855455062164,2.654032354016855,
3,32,128,4.0,0.08333333333333333,16384,1536,54,1.9400203734292591,1.8761905861952166,
3,32,192,6.0,0.125,16384,1536,54,1.4013713948500575,1.2949884161266532,
3,32,256,8.0,0.16666666666666666,16384,1536,54,1.2188596013126476,1.0699234310998817,
3,32,384,12.0,0.25,16384,1536,54,1.1076132978515658,0.8735707446600764,
4,32,48,1.5,0.03125,16384,1536,54,12.664526933622382,12.653888635750041,
4,32,64,2.0,0.041666666666666664,16384,1536,54,8.28370416522807,8.262427569483389,
4,32,96,3.0,0.0625,16384,1536,54,3.8906251465463066,3.848071955056945,
4,32,128,4.0,0.08333333333333333,16384,1536,54,2.340418670670685,2.2765888834366423,
4,32,192,6.0,0.125,16384,1536,54,1.6327068267585325,1.5263238480351282,
4,32,256,8.0,0.16666666666666666,16384,1536,54,1.3557787756766215,1.2068426054638555,
4,32,384,12.0,0.25,16384,1536,54,1.1354678741253599,0.9014253209338705,
0,32,48,1.5,0.03125,16384,1536,55,2.9191710302341756,2.9085327323618353,
0,32,64,2.0,0.041666666666666664,16384,1536,55,1.9506328771195771,1.9293562813748963,
0,32,96,3.0,0.0625,16384,1536,55,1.4952003432861567,1.452647151796795,
0,32,128,4.0,0.08333333333333333,16384,1536,55,1.3234556334978915,1.259625846263849,
0,32,192,6.0,0.125,16384,1536,55,1.1794149163237047,1.0730319376003004,
0,32,256,8.0,0.16666666666666666,16384,1536,55,1.1225749065802757,0.9736387363675097,
0,32,384,12.0,0.25,16384,1536,55,1.0690707138406959,0.8350281606492065,
2,32,48,1.5,0.03125,16384,1536,55,5.964080790816822,5.953442492944482,
2,32,64,2.0,0.041666666666666664,16384,1536,55,3.408721447086429,3.387444851341748,
2,32,96,3.0,0.0625,16384,1536,55,1.9875012367876677,1.944948045298306,
2,32,128,4.0,0.08333333333333333,16384,1536,55,1.5369919418523987,1.4731621546183562,
2,32,192,6.0,0.125,16384,1536,55,1.2522702648791482,1.1458872861557439,
2,32,256,8.0,0.16666666666666666,16384,1536,55,1.1585290268261208,1.009592856613355,
2,32,384,12.0,0.25,16384,1536,55,1.0805092709294533,0.8464667177379639,
3,32,48,1.5,0.03125,16384,1536,55,5.7039398036371525,5.693301505764812,
3,32,64,2.0,0.041666666666666664,16384,1536,55,3.7730595358089705,3.7517829400642895,
3,32,96,3.0,0.0625,16384,1536,55,2.147043385488754,2.1044901939993923,
3,32,128,4.0,0.08333333333333333,16384,1536,55,1.7403683869231403,1.6765385996890978,
3,32,192,6.0,0.125,16384,1536,55,1.3899423935975357,1.2835594148741314,
3,32,256,8.0,0.16666666666666666,16384,1536,55,1.257362865295732,1.108426695082966,
3,32,384,12.0,0.25,16384,1536,55,1.1067784917736092,0.8727359385821198,
4,32,48,1.5,0.03125,16384,1536,55,11.965526003634102,11.954887705761761,
4,32,64,2.0,0.041666666666666664,16384,1536,55,7.1897708367838,7.168494241039119,
4,32,96,3.0,0.0625,16384,1536,55,3.9098244615675064,3.867271270078145,
4,32,128,4.0,0.08333333333333333,16384,1536,55,2.4630626705352876,2.399232883301245,
4,32,192,6.0,0.125,16384,1536,55,1.429303150650897,1.3229201719274928,
4,32,256,8.0,0.16666666666666666,16384,1536,55,1.246650937020263,1.097714766807497,
4,32,384,12.0,0.25,16384,1536,55,1.1078707899454756,0.8738282367539862,
0,32,48,1.5,0.03125,16384,1536,56,2.994277664817413,2.9836393669450727,
0,32,64,2.0,0.041666666666666664,16384,1536,56,1.9528630659129278,1.931586470168247,
0,32,96,3.0,0.0625,16384,1536,56,1.4641087499616727,1.421555558472311,
0,32,128,4.0,0.08333333333333333,16384,1536,56,1.3168734453672863,1.2530436581332438,
0,32,192,6.0,0.125,16384,1536,56,1.183198524823333,1.0768155460999287,
0,32,256,8.0,0.16666666666666666,16384,1536,56,1.1247014710877352,0.9757653008749693,
0,32,384,12.0,0.25,16384,1536,56,1.0712455372189589,0.8372029840274695,
2,32,48,1.5,0.03125,16384,1536,56,5.638824577802809,5.6281862799304685,
2,32,64,2.0,0.041666666666666664,16384,1536,56,3.3379674578267133,3.3166908620820323,
2,32,96,3.0,0.0625,16384,1536,56,1.6944933523258725,1.6519401608365107,
2,32,128,4.0,0.08333333333333333,16384,1536,56,1.4540859545248024,1.3902561672907598,
2,32,192,6.0,0.125,16384,1536,56,1.2287615405137524,1.1223785617903481,
2,32,256,8.0,0.16666666666666666,16384,1536,56,1.1564574063009037,1.0075212360881376,
2,32,384,12.0,0.25,16384,1536,56,1.089809648188262,0.8557670949967726,
3,32,48,1.5,0.03125,16384,1536,56,6.333388033123211,6.322749735250871,
3,32,64,2.0,0.041666666666666664,16384,1536,56,3.840922862097148,3.819646266352467,
3,32,96,3.0,0.0625,16384,1536,56,2.456147087378591,2.4135938958892296,
3,32,128,4.0,0.08333333333333333,16384,1536,56,1.921972261850159,1.8581424746161164,
3,32,192,6.0,0.125,16384,1536,56,1.3900010878353233,1.283618109111919,
3,32,256,8.0,0.16666666666666666,16384,1536,56,1.194136197470163,1.0452000272573971,
3,32,384,12.0,0.25,16384,1536,56,1.1030654004165672,0.8690228472250778,
4,32,48,1.5,0.03125,16384,1536,56,14.839169088634161,14.828530790761821,
4,32,64,2.0,0.041666666666666664,16384,1536,56,9.007572081463456,8.986295485718776,
4,32,96,3.0,0.0625,16384,1536,56,4.163193904642036,4.120640713152674,
4,32,128,4.0,0.08333333333333333,16384,1536,56,2.6891287102164334,2.625298922982391,
4,32,192,6.0,0.125,16384,1536,56,1.6423589841791353,1.535976005455731,
4,32,256,8.0,0.16666666666666666,16384,1536,56,1.329854277404982,1.1809181071922161,
4,32,384,12.0,0.25,16384,1536,56,1.119658829063029,0.8856162758715396,
0,32,48,1.5,0.03125,16384,1536,57,2.7826402354789335,2.772001937606593,
0,32,64,2.0,0.041666666666666664,16384,1536,57,1.9836927631076717,1.962416167362991,
0,32,96,3.0,0.0625,16384,1536,57,1.4918050658873319,1.44925187439797,
0,32,128,4.0,0.08333333333333333,16384,1536,57,1.3069827028513523,1.2431529156173098,
0,32,192,6.0,0.125,16384,1536,57,1.1733273089494212,1.0669443302260169,
0,32,256,8.0,0.16666666666666666,16384,1536,57,1.1161258053936465,0.9671896351808805,
0,32,384,12.0,0.25,16384,1536,57,1.0670934724597525,0.8330509192682631,
2,32,48,1.5,0.03125,16384,1536,57,5.174001819998715,5.1633635221263745,
2,32,64,2.0,0.041666666666666664,16384,1536,57,2.9783170738694738,2.9570404781247928,
2,32,96,3.0,0.0625,16384,1536,57,1.8033151623989552,1.7607619709095934,
2,32,128,4.0,0.08333333333333333,16384,1536,57,1.422592714439438,1.3587629272053954,
2,32,192,6.0,0.125,16384,1536,57,1.2029264073793757,1.0965434286559714,
2,32,256,8.0,0.16666666666666666,16384,1536,57,1.1330772400478595,0.9841410698350935,
2,32,384,12.0,0.25,16384,1536,57,1.0759914071008452,0.8419488539093558,
3,32,48,1.5,0.03125,16384,1536,57,9.102334571921173,9.091696274048832,
3,32,64,2.0,0.041666666666666664,16384,1536,57,5.224177769013994,5.202901173269313,
3,32,96,3.0,0.0625,16384,1536,57,2.7371556697111763,2.6946024782218148,
3,32,128,4.0,0.08333333333333333,16384,1536,57,1.8615448251776574,1.7977150379436149,
3,32,192,6.0,0.125,16384,1536,57,1.3394049516302715,1.2330219729068672,
3,32,256,8.0,0.16666666666666666,16384,1536,57,1.1995705869089393,1.0506344166961732,
3,32,384,12.0,0.25,16384,1536,57,1.1000194414451026,0.8659768882536132,
4,32,48,1.5,0.03125,16384,1536,57,12.814178428616092,12.803540130743752,
4,32,64,2.0,0.041666666666666664,16384,1536,57,7.707528714339639,7.686252118594958,
4,32,96,3.0,0.0625,16384,1536,57,4.705355080628036,4.662801889138674,
4,32,128,4.0,0.08333333333333333,16384,1536,57,2.4166625093440723,2.35283272211003,
4,32,192,6.0,0.125,16384,1536,57,1.5216574175270667,1.4152744388036624,
4,32,256,8.0,0.16666666666666666,16384,1536,57,1.2609947756873503,1.1120586054745845,
4,32,384,12.0,0.25,16384,1536,57,1.1331755553956135,0.8991330022041242,
0,32,48,1.5,0.03125,16384,1536,58,2.5156813747567193,2.505043076884379,
0,32,64,2.0,0.041666666666666664,16384,1536,58,1.85920116847997,1.8379245727352893,
0,32,96,3.0,0.0625,16384,1536,58,1.4541433527812564,1.4115901612918946,
0,32,128,4.0,0.08333333333333333,16384,1536,58,1.3085706607290273,1.2447408734949847,
0,32,192,6.0,0.125,16384,1536,58,1.175443561108765,1.0690605823853607,
0,32,256,8.0,0.16666666666666666,16384,1536,58,1.1202369571661954,0.9713007869534295,
0,32,384,12.0,0.25,16384,1536,58,1.070003211780861,0.8359606585893717,
2,32,48,1.5,0.03125,16384,1536,58,5.630059358020185,5.619421060147845,
2,32,64,2.0,0.041666666666666664,16384,1536,58,3.022371691770746,3.001095096026065,
2,32,96,3.0,0.0625,16384,1536,58,1.9080039068379042,1.8654507153485425,
2,32,128,4.0,0.08333333333333333,16384,1536,58,1.5232083815719912,1.4593785943379487,
2,32,192,6.0,0.125,16384,1536,58,1.2582443309377938,1.1518613522143895,
2,32,256,8.0,0.16666666666666666,16384,1536,58,1.1593343713982551,1.010398201185489,
2,32,384,12.0,0.25,16384,1536,58,1.0786289942348484,0.844586441043359,
3,32,48,1.5,0.03125,16384,1536,58,11.530564779565575,11.519926481693235,
3,32,64,2.0,0.041666666666666664,16384,1536,58,7.037101723296881,7.0158251275522,
3,32,96,3.0,0.0625,16384,1536,58,3.0744860118790007,3.031932820389639,
3,32,128,4.0,0.08333333333333333,16384,1536,58,1.9896177644723678,1.9257879772383253,
3,32,192,6.0,0.125,16384,1536,58,1.4275515281689244,1.32116854944552,
3,32,256,8.0,0.16666666666666666,16384,1536,58,1.2103374794836295,1.0614013092708636,
3,32,384,12.0,0.25,16384,1536,58,1.102340654084533,0.8682981008930437,
4,32,48,1.5,0.03125,16384,1536,58,11.746725783128953,11.736087485256613,
4,32,64,2.0,0.041666666666666664,16384,1536,58,7.385415678508031,7.364139082763351,
4,32,96,3.0,0.0625,16384,1536,58,3.87233907369174,3.8297858822023785,
4,32,128,4.0,0.08333333333333333,16384,1536,58,2.0598276924824646,1.995997905248422,
4,32,192,6.0,0.125,16384,1536,58,1.3737300849397271,1.2673471062163228,
4,32,256,8.0,0.16666666666666666,16384,1536,58,1.1947178962756961,1.04578172606293,
4,32,384,12.0,0.25,16384,1536,58,1.0917386506291724,0.857696097437683,
0,32,48,1.5,0.03125,16384,1536,59,2.8566463593436917,2.8460080614713514,
0,32,64,2.0,0.041666666666666664,16384,1536,59,1.916131714966814,1.8948551192221332,
0,32,96,3.0,0.0625,16384,1536,59,1.4799323805600821,1.4373791890707204,
0,32,128,4.0,0.08333333333333333,16384,1536,59,1.3063957113270497,1.2425659240930071,
0,32,192,6.0,0.125,16384,1536,59,1.1766821613397125,1.0702991826163082,
0,32,256,8.0,0.16666666666666666,16384,1536,59,1.1224452555090667,0.9735090852963008,
0,32,384,12.0,0.25,16384,1536,59,1.0707817964416848,0.8367392432501954,
2,32,48,1.5,0.03125,16384,1536,59,4.864058035065553,4.853419737193213,
2,32,64,2.0,0.041666666666666664,16384,1536,59,2.6928466822178683,2.6715700864731873,
2,32,96,3.0,0.0625,16384,1536,59,1.6609468412883455,1.6183936497989837,
2,32,128,4.0,0.08333333333333333,16384,1536,59,1.3638968585685454,1.3000670713345028,
2,32,192,6.0,0.125,16384,1536,59,1.2124841763961107,1.1061011976727064,
2,32,256,8.0,0.16666666666666666,16384,1536,59,1.1459967474678094,0.9970605772550435,
2,32,384,12.0,0.25,16384,1536,59,1.080195157924105,0.8461526047326156,
3,32,48,1.5,0.03125,16384,1536,59,7.080273663977746,7.069635366105405,
3,32,64,2.0,0.041666666666666664,16384,1536,59,4.077907747031668,4.056631151286988,
3,32,96,3.0,0.0625,16384,1536,59,2.0692971793109396,2.026743987821578,
3,32,128,4.0,0.08333333333333333,16384,1536,59,1.6233642108037167,1.5595344235696742,
3,32,192,6.0,0.125,16384,1536,59,1.2879011467999941,1.1815181680765898,
3,32,256,8.0,0.16666666666666666,16384,1536,59,1.1789217140433343,1.0299855438305685,
3,32,384,12.0,0.25,16384,1536,59,1.1054673851977819,0.8714248320062925,
4,32,48,1.5,0.03125,16384,1536,59,11.63918318441808,11.62854488654574,
4,32,64,2.0,0.041666666666666664,16384,1536,59,6.781507520744107,6.760230924999426,
4,32,96,3.0,0.0625,16384,1536,59,3.0078530084809207,2.965299816991559,
4,32,128,4.0,0.08333333333333333,16384,1536,59,2.047732552467769,1.9839027652337267,
4,32,192,6.0,0.125,16384,1536,59,1.4198978086878138,1.3135148299644095,
4,32,256,8.0,0.16666666666666666,16384,1536,59,1.222396898709612,1.0734607284968463,
4,32,384,12.0,0.25,16384,1536,59,1.0995028771987063,0.865460324007217,
0,32,48,1.5,0.03125,16384,1536,60,2.7009166565293805,2.6902783586570402,
0,32,64,2.0,0.041666666666666664,16384,1536,60,1.947105631865511,1.9258290361208303,
0,32,96,3.0,0.0625,16384,1536,60,1.4756669570278078,1.433113765538446,
0,32,128,4.0,0.08333333333333333,16384,1536,60,1.3090936515239928,1.2452638642899503,
0,32,192,6.0,0.125,16384,1536,60,1.1743205900577622,1.067937611334358,
0,32,256,8.0,0.16666666666666666,16384,1536,60,1.1212461990146059,0.9723100288018399,
0,32,384,12.0,0.25,16384,1536,60,1.0703814737037873,0.836338920512298,
2,32,48,1.5,0.03125,16384,1536,60,4.073893989227365,4.063255691355025,
2,32,64,2.0,0.041666666666666664,16384,1536,60,2.375421295722225,2.354144699977544,
2,32,96,3.0,0.0625,16384,1536,60,1.6466446552469431,1.6040914637575814,
2,32,128,4.0,0.08333333333333333,16384,1536,60,1.3744773871422762,1.3106475999082337,
2,32,192,6.0,0.125,16384,1536,60,1.2040617632780304,1.097678784554626,
2,32,256,8.0,0.16666666666666666,16384,1536,60,1.1498989340580443,1.0009627638452785,
2,32,384,12.0,0.25,16384,1536,60,1.0795467850543041,0.8455042318628148,
3,32,48,1.5,0.03125,16384,1536,60,8.467564412584473,8.456926114712132,
3,32,64,2.0,0.041666666666666664,16384,1536,60,5.090192753690817,5.068916157946137,
3,32,96,3.0,0.0625,16384,1536,60,2.710487698414988,2.6679345069256266,
3,32,128,4.0,0.08333333333333333,16384,1536,60,1.849249583057415,1.7854197958233724,
3,32,192,6.0,0.125,16384,1536,60,1.3818719858885502,1.275489007165146,
3,32,256,8.0,0.16666666666666666,16384,1536,60,1.2191554726181024,1.0702193024053366,
3,32,384,12.0,0.25,16384,1536,60,1.106354566724467,0.8723120135329776,
4,32,48,1.5,0.03125,16384,1536,60,11.106476768476396,11.095838470604056,
4,32,64,2.0,0.041666666666666664,16384,1536,60,7.515816177272212,7.4945395815275315,
4,32,96,3.0,0.0625,16384,1536,60,3.048404710180333,3.0058515186909713,
4,32,128,4.0,0.08333333333333333,16384,1536,60,1.7822201969542464,1.7183904097202038,
4,32,192,6.0,0.125,16384,1536,60,1.3332430349598081,1.2268600562364038,
4,32,256,8.0,0.16666666666666666,16384,1536,60,1.2003790679724902,1.051442897759724,
4,32,384,12.0,0.25,16384,1536,60,1.09584724720814,0.8618046940166506,
0,32,48,1.5,0.03125,16384,1536,61,2.6046342616054146,2.5939959637330743,
0,32,64,2.0,0.041666666666666664,16384,1536,61,1.9064736682510945,1.8851970725064138,
0,32,96,3.0,0.0625,16384,1536,61,1.4855926410045748,1.443039449515213,
0,32,128,4.0,0.08333333333333333,16384,1536,61,1.3110192043485556,1.247189417114513,
0,32,192,6.0,0.125,16384,1536,61,1.1824342559974719,1.0760512772740676,
0,32,256,8.0,0.16666666666666666,16384,1536,61,1.1209721749335668,0.9720360047208009,
0,32,384,12.0,0.25,16384,1536,61,1.0696490400171381,0.8356064868256488,
2,32,48,1.5,0.03125,16384,1536,61,5.560379368577208,5.549741070704868,
2,32,64,2.0,0.041666666666666664,16384,1536,61,3.4078932813094536,3.3866166855647726,
2,32,96,3.0,0.0625,16384,1536,61,2.0696487244413238,2.027095532951962,
2,32,128,4.0,0.08333333333333333,16384,1536,61,1.609449428440771,1.5456196412067285,
2,32,192,6.0,0.125,16384,1536,61,1.278999922229494,1.1726169435060898,
2,32,256,8.0,0.16666666666666666,16384,1536,61,1.172114364867071,1.0231781946543053,
2,32,384,12.0,0.25,16384,1536,61,1.0843120334994047,0.8502694803079154,
3,32,48,1.5,0.03125,16384,1536,61,6.953590328423327,6.942952030550987,
3,32,64,2.0,0.041666666666666664,16384,1536,61,4.377212615738905,4.355936019994225,
3,32,96,3.0,0.0625,16384,1536,61,2.3420376652526356,2.299484473763274,
3,32,128,4.0,0.08333333333333333,16384,1536,61,1.7607207313147333,1.6968909440806907,
3,32,192,6.0,0.125,16384,1536,61,1.370805656780778,1.2644226780573737,
3,32,256,8.0,0.16666666666666666,16384,1536,61,1.236745449456225,1.087809279243459,
3,32,384,12.0,0.25,16384,1536,61,1.103364780912915,0.8693222277214256,
4,32,48,1.5,0.03125,16384,1536,61,11.566064089414937,11.555425791542596,
4,32,64,2.0,0.041666666666666664,16384,1536,61,8.383325502954033,8.362048907209353,
4,32,96,3.0,0.0625,16384,1536,61,5.043933967784389,5.001380776295027,
4,32,128,4.0,0.08333333333333333,16384,1536,61,2.9784207902365347,2.914591003002492,
4,32,192,6.0,0.125,16384,1536,61,1.7052617348217098,1.5988787560983055,
4,32,256,8.0,0.16666666666666666,16384,1536,61,1.3595345193954638,1.210598349182698,
4,32,384,12.0,0.25,16384,1536,61,1.1456903155228282,0.9116477623313388,
0,32,48,1.5,0.03125,16384,1536,62,2.8360076545865107,2.8253693567141704,
0,32,64,2.0,0.041666666666666664,16384,1536,62,1.9547222337783883,1.9334456380337075,
0,32,96,3.0,0.0625,16384,1536,62,1.4910772388272873,1.4485240473379255,
0,32,128,4.0,0.08333333333333333,16384,1536,62,1.314360747761232,1.2505309605271895,
0,32,192,6.0,0.125,16384,1536,62,1.1801226048270421,1.0737396261036378,
0,32,256,8.0,0.16666666666666666,16384,1536,62,1.1204455842409535,0.9715094140281876,
0,32,384,12.0,0.25,16384,1536,62,1.0686362048885056,0.8345936516970163,
2,32,48,1.5,0.03125,16384,1536,62,6.572140193808702,6.561501895936361,
2,32,64,2.0,0.041666666666666664,16384,1536,62,3.3240752990969,3.302798703352219,
2,32,96,3.0,0.0625,16384,1536,62,1.8237685516007365,1.7812153601113747,
2,32,128,4.0,0.08333333333333333,16384,1536,62,1.4797379235552848,1.4159081363212422,
2,32,192,6.0,0.125,16384,1536,62,1.2589485429899296,1.1525655642665253,
2,32,256,8.0,0.16666666666666666,16384,1536,62,1.161500093471303,1.0125639232585368,
2,32,384,12.0,0.25,16384,1536,62,1.078044398512781,0.8440018453212916,
3,32,48,1.5,0.03125,16384,1536,62,8.96395256895072,8.95331427107838,
3,32,64,2.0,0.041666666666666664,16384,1536,62,5.337937717763579,5.316661122018899,
3,32,96,3.0,0.0625,16384,1536,62,2.536833604960294,2.4942804134709324,
3,32,128,4.0,0.08333333333333333,16384,1536,62,1.968214883280765,1.9043850960467226,
3,32,192,6.0,0.125,16384,1536,62,1.337910801295061,1.2315278225716566,
3,32,256,8.0,0.16666666666666666,16384,1536,62,1.2413083097651607,1.0923721395523946,
3,32,384,12.0,0.25,16384,1536,62,1.1216924627775906,0.8876499095861012,
4,32,48,1.5,0.03125,16384,1536,62,10.433400995710848,10.422762697838508,
4,32,64,2.0,0.041666666666666664,16384,1536,62,7.123829157108554,7.102552561363874,
4,32,96,3.0,0.0625,16384,1536,62,3.5701389408247666,3.527585749335405,
4,32,128,4.0,0.08333333333333333,16384,1536,62,2.322988909835474,2.2591591226014316,
4,32,192,6.0,0.125,16384,1536,62,1.478990681307919,1.3726077025845147,
4,32,256,8.0,0.16666666666666666,16384,1536,62,1.2465790629952336,1.0976428927824675,
4,32,384,12.0,0.25,16384,1536,62,1.106074543590215,0.8720319903987257,
0,32,48,1.5,0.03125,16384,1536,63,2.6461348357661736,2.6354965378938333,
0,32,64,2.0,0.041666666666666664,16384,1536,63,1.9338499033743597,1.912573307629679,
0,32,96,3.0,0.0625,16384,1536,63,1.4725714630317213,1.4300182715423595,
0,32,128,4.0,0.08333333333333333,16384,1536,63,1.3083046223542483,1.2444748351202057,
0,32,192,6.0,0.125,16384,1536,63,1.1757293214370583,1.069346342713654,
0,32,256,8.0,0.16666666666666666,16384,1536,63,1.1193154885611443,0.9703793183483783,
0,32,384,12.0,0.25,16384,1536,63,1.0683087637685273,0.834266210577038,
2,32,48,1.5,0.03125,16384,1536,63,5.089028524909783,5.078390227037443,
2,32,64,2.0,0.041666666666666664,16384,1536,63,2.8982570919526194,2.8769804962079384,
2,32,96,3.0,0.0625,16384,1536,63,1.8191015544156066,1.7765483629262449,
2,32,128,4.0,0.08333333333333333,16384,1536,63,1.4382925330004483,1.3744627457664058,
2,32,192,6.0,0.125,16384,1536,63,1.2339980599471505,1.1276150812237462,
2,32,256,8.0,0.16666666666666666,16384,1536,63,1.1566004976286857,1.0076643274159198,
2,32,384,12.0,0.25,16384,1536,63,1.084740409446192,0.8506978562547027,
3,32,48,1.5,0.03125,16384,1536,63,6.6788831154064985,6.668244817534158,
3,32,64,2.0,0.041666666666666664,16384,1536,63,4.240396760024442,4.2191201642797616,
3,32,96,3.0,0.0625,16384,1536,63,2.640826964633172,2.5982737731438106,
3,32,128,4.0,0.08333333333333333,16384,1536,63,1.9030086298000533,1.8391788425660107,
3,32,192,6.0,0.125,16384,1536,63,1.3135046023888595,1.2071216236654552,
3,32,256,8.0,0.16666666666666666,16384,1536,63,1.1687391288869589,1.0198029586741928,
3,32,384,12.0,0.25,16384,1536,63,1.0863722985763067,0.8523297453848173,
4,32,48,1.5,0.03125,16384,1536,63,12.899910959542403,12.889272661670063,
4,32,64,2.0,0.041666666666666664,16384,1536,63,7.197264417822444,7.175987822077763,
4,32,96,3.0,0.0625,16384,1536,63,3.210186442048979,3.1676332505596174,
4,32,128,4.0,0.08333333333333333,16384,1536,63,2.5461690395733907,2.482339252339348,
4,32,192,6.0,0.125,16384,1536,63,1.671716089708846,1.5653331109854418,
4,32,256,8.0,0.16666666666666666,16384,1536,63,1.3595863568113784,1.2106501865986123,
4,32,384,12.0,0.25,16384,1536,63,1.156568181667254,0.9225256284757646,
0,32,48,1.5,0.03125,16384,1536,64,2.9295555997799188,2.9189173019075785,
0,32,64,2.0,0.041666666666666664,16384,1536,64,1.9931645029106777,1.971887907165997,
0,32,96,3.0,0.0625,16384,1536,64,1.4876185376178044,1.4450653461284426,
0,32,128,4.0,0.08333333333333333,16384,1536,64,1.3129889708160203,1.2491591835819778,
0,32,192,6.0,0.125,16384,1536,64,1.1759455026098822,1.0695625238864779,
0,32,256,8.0,0.16666666666666666,16384,1536,64,1.1195652703501286,0.9706291001373627,
0,32,384,12.0,0.25,16384,1536,64,1.0687584056451076,0.8347158524536182,
2,32,48,1.5,0.03125,16384,1536,64,5.1450013843976015,5.134363086525261,
2,32,64,2.0,0.041666666666666664,16384,1536,64,3.128122963478536,3.106846367733855,
2,32,96,3.0,0.0625,16384,1536,64,1.8436285411265099,1.801075349637148,
2,32,128,4.0,0.08333333333333333,16384,1536,64,1.4870940560469346,1.423264268812892,
2,32,192,6.0,0.125,16384,1536,64,1.2258773895190707,1.1194944107956664,
2,32,256,8.0,0.16666666666666666,16384,1536,64,1.1524935476955867,1.0035573774828208,
2,32,384,12.0,0.25,16384,1536,64,1.0826483786086747,0.8486058254171853,
3,32,48,1.5,0.03125,16384,1536,64,9.014858179761987,9.004219881889647,
3,32,64,2.0,0.041666666666666664,16384,1536,64,6.153606421092464,6.132329825347783,
3,32,96,3.0,0.0625,16384,1536,64,3.1573666107409672,3.1148134192516057,
3,32,128,4.0,0.08333333333333333,16384,1536,64,2.1494791145695427,2.0856493273355,
3,32,192,6.0,0.125,16384,1536,64,1.500855856276771,1.3944728775533668,
3,32,256,8.0,0.16666666666666666,16384,1536,64,1.2870669039800606,1.1381307337672948,
3,32,384,12.0,0.25,16384,1536,64,1.1212731367331652,0.8872305835416758,
4,32,48,1.5,0.03125,16384,1536,64,9.137792151081436,9.127153853209096,
4,32,64,2.0,0.041666666666666664,16384,1536,64,5.369272928147082,5.347996332402402,
4,32,96,3.0,0.0625,16384,1536,64,2.733939725355642,2.6913865338662806,
4,32,128,4.0,0.08333333333333333,16384,1536,64,2.119329561590306,2.0554997743562633,
4,32,192,6.0,0.125,16384,1536,64,1.521099228408824,1.4147162496854198,
4,32,256,8.0,0.16666666666666666,16384,1536,64,1.3447524879653971,1.195816317752631,
4,32,384,12.0,0.25,16384,1536,64,1.1598484546000631,0.9258059014085738,
0,32,48,1.5,0.03125,16384,1536,65,3.016603748519823,3.0059654506474827,
0,32,64,2.0,0.041666666666666664,16384,1536,65,2.0421726026811404,2.0208960069364594,
0,32,96,3.0,0.0625,16384,1536,65,1.4852014746997315,1.4426482832103698,
0,32,128,4.0,0.08333333333333333,16384,1536,65,1.3179134292192651,1.2540836419852226,
0,32,192,6.0,0.125,16384,1536,65,1.1856042941167897,1.0792213153933854,
0,32,256,8.0,0.16666666666666666,16384,1536,65,1.1240869717992248,0.9751508015864588,
0,32,384,12.0,0.25,16384,1536,65,1.0700831429994317,0.8360405898079424,
2,32,48,1.5,0.03125,16384,1536,65,5.924383454756886,5.913745156884546,
2,32,64,2.0,0.041666666666666664,16384,1536,65,3.0134493098525654,2.9921727141078844,
2,32,96,3.0,0.0625,16384,1536,65,1.725680161230533,1.6831269697411713,
2,32,128,4.0,0.08333333333333333,16384,1536,65,1.4263871206510133,1.3625573334169707,
2,32,192,6.0,0.125,16384,1536,65,1.2110722674315484,1.104689288708144,
2,32,256,8.0,0.16666666666666666,16384,1536,65,1.152535907965088,1.0035997377523223,
2,32,384,12.0,0.25,16384,1536,65,1.0821181464579732,0.8480755932664839,
3,32,48,1.5,0.03125,16384,1536,65,11.61423273450987,11.603594436637529,
3,32,64,2.0,0.041666666666666664,16384,1536,65,6.820762725906691,6.799486130162011,
3,32,96,3.0,0.0625,16384,1536,65,3.073701714803133,3.0311485233137714,
3,32,128,4.0,0.08333333333333333,16384,1536,65,2.0528091429730106,1.9889793557389681,
3,32,192,6.0,0.125,16384,1536,65,1.4073413675719528,1.3009583888485485,
3,32,256,8.0,0.16666666666666666,16384,1536,65,1.248411118563914,1.0994749483511481,
3,32,384,12.0,0.25,16384,1536,65,1.1001797730403606,0.8661372198488713,
4,32,48,1.5,0.03125,16384,1536,65,14.469073740540692,14.458435442668351,
4,32,64,2.0,0.041666666666666664,16384,1536,65,8.655827646744772,8.634551051000091,
4,32,96,3.0,0.0625,16384,1536,65,3.9761575368436564,3.933604345354295,
4,32,128,4.0,0.08333333333333333,16384,1536,65,2.6818302125276743,2.6180004252936317,
4,32,192,6.0,0.125,16384,1536,65,1.5575035775214643,1.45112059879806,
4,32,256,8.0,0.16666666666666666,16384,1536,65,1.243516762968647,1.094580592755881,
4,32,384,12.0,0.25,16384,1536,65,1.1068947966490776,0.8728522434575883,
0,32,48,1.5,0.03125,16384,1536,66,2.7785705621882677,2.7679322643159274,
0,32,64,2.0,0.041666666666666664,16384,1536,66,1.9120395500527918,1.890762954308111,
0,32,96,3.0,0.0625,16384,1536,66,1.4580051277670454,1.4154519362776836,
0,32,128,4.0,0.08333333333333333,16384,1536,66,1.2901516602710763,1.2263218730370338,
0,32,192,6.0,0.125,16384,1536,66,1.1676760458031834,1.061293067079779,
0,32,256,8.0,0.16666666666666666,16384,1536,66,1.1154291899776423,0.9664930197648763,
0,32,384,12.0,0.25,16384,1536,66,1.0681721408767095,0.8341295876852202,
2,32,48,1.5,0.03125,16384,1536,66,5.704982914783804,5.694344616911463,
2,32,64,2.0,0.041666666666666664,16384,1536,66,3.287922632120392,3.266646036375711,
2,32,96,3.0,0.0625,16384,1536,66,1.8867749501418316,1.8442217586524698,
2,32,128,4.0,0.08333333333333333,16384,1536,66,1.5024426973495064,1.4386129101154639,
2,32,192,6.0,0.125,16384,1536,66,1.2478535346958113,1.141470555972407,
2,32,256,8.0,0.16666666666666666,16384,1536,66,1.161212404601859,1.012276234389093,
2,32,384,12.0,0.25,16384,1536,66,1.0901092241057702,0.8560666709142808,
3,32,48,1.5,0.03125,16384,1536,66,8.469328622278653,8.458690324406312,
3,32,64,2.0,0.041666666666666664,16384,1536,66,4.933327885406651,4.912051289661971,
3,32,96,3.0,0.0625,16384,1536,66,2.8837451513146055,2.841191959825244,
3,32,128,4.0,0.08333333333333333,16384,1536,66,1.7207881215575274,1.6569583343234848,
3,32,192,6.0,0.125,16384,1536,66,1.3156180274433695,1.2092350487199652,
3,32,256,8.0,0.16666666666666666,16384,1536,66,1.1862096261922468,1.0372734559794807,
3,32,384,12.0,0.25,16384,1536,66,1.08064383889841,0.8466012857069207,
4,32,48,1.5,0.03125,16384,1536,66,14.043071850472213,14.032433552599873,
4,32,64,2.0,0.041666666666666664,16384,1536,66,9.567891738059199,9.546615142314518,
4,32,96,3.0,0.0625,16384,1536,66,4.297781988123564,4.255228796634202,
4,32,128,4.0,0.08333333333333333,16384,1536,66,2.4801835317224388,2.4163537444883962,
4,32,192,6.0,0.125,16384,1536,66,1.61062297982838,1.5042400011049757,
4,32,256,8.0,0.16666666666666666,16384,1536,66,1.2525171462684417,1.1035809760556758,
4,32,384,12.0,0.25,16384,1536,66,1.127083749224313,0.8930411960328237,
0,32,48,1.5,0.03125,16384,1536,67,2.697398625525273,2.686760327652933,
0,32,64,2.0,0.041666666666666664,16384,1536,67,1.9308658412547628,1.909589245510082,
0,32,96,3.0,0.0625,16384,1536,67,1.4491889717920194,1.4066357803026577,
0,32,128,4.0,0.08333333333333333,16384,1536,67,1.2949905808804014,1.2311607936463589,
0,32,192,6.0,0.125,16384,1536,67,1.174198741485952,1.0678157627625477,
0,32,256,8.0,0.16666666666666666,16384,1536,67,1.11849180987009,0.969555639657324,
0,32,384,12.0,0.25,16384,1536,67,1.0688056322699713,0.8347630790784819,
2,32,48,1.5,0.03125,16384,1536,67,5.714417995555029,5.703779697682688,
2,32,64,2.0,0.041666666666666664,16384,1536,67,3.181299889747369,3.160023294002688,
2,32,96,3.0,0.0625,16384,1536,67,1.8343709843695248,1.791817792880163,
2,32,128,4.0,0.08333333333333333,16384,1536,67,1.4935555916418415,1.429725804407799,
2,32,192,6.0,0.125,16384,1536,67,1.232111308988533,1.1257283302651286,
2,32,256,8.0,0.16666666666666666,16384,1536,67,1.1444671195535145,0.9955309493407486,
2,32,384,12.0,0.25,16384,1536,67,1.0780503809441866,0.8440078277526972,
3,32,48,1.5,0.03125,16384,1536,67,8.00293470469943,7.992296406827089,
3,32,64,2.0,0.041666666666666664,16384,1536,67,4.414554748017425,4.393278152272744,
3,32,96,3.0,0.0625,16384,1536,67,2.314135720118178,2.2715825286288163,
3,32,128,4.0,0.08333333333333333,16384,1536,67,1.897040185555111,1.8332103983210684,
3,32,192,6.0,0.125,16384,1536,67,1.3451128112515176,1.2387298325281133,
3,32,256,8.0,0.16666666666666666,16384,1536,67,1.1938481222291557,1.0449119520163896,
3,32,384,12.0,0.25,16384,1536,67,1.0922236810968406,0.8581811279053513,
4,32,48,1.5,0.03125,16384,1536,67,9.411946711928731,9.401308414056391,
4,32,64,2.0,0.041666666666666664,16384,1536,67,6.33584079796359,6.314564202218909,
4,32,96,3.0,0.0625,16384,1536,67,3.702897418314035,3.6603442268246735,
4,32,128,4.0,0.08333333333333333,16384,1536,67,2.1002109252391037,2.036381138005061,
4,32,192,6.0,0.125,16384,1536,67,1.477207870381404,1.3708248916579997,
4,32,256,8.0,0.16666666666666666,16384,1536,67,1.3036528821688549,1.1547167119560888,
4,32,384,12.0,0.25,16384,1536,67,1.1383272099144621,0.9042846567229728,
0,32,48,1.5,0.03125,16384,1536,68,3.0043427388398833,2.993704440967543,
0,32,64,2.0,0.041666666666666664,16384,1536,68,1.9800992875288628,1.958822691784182,
0,32,96,3.0,0.0625,16384,1536,68,1.4691705752659998,1.426617383776638,
0,32,128,4.0,0.08333333333333333,16384,1536,68,1.3103200974394777,1.2464903102054352,
0,32,192,6.0,0.125,16384,1536,68,1.1816781652248143,1.07529518650141,
0,32,256,8.0,0.16666666666666666,16384,1536,68,1.1218499480316184,0.9729137778188525,
0,32,384,12.0,0.25,16384,1536,68,1.0698814027173784,0.835838849525889,
2,32,48,1.5,0.03125,16384,1536,68,6.060332582416876,6.049694284544536,
2,32,64,2.0,0.041666666666666664,16384,1536,68,3.2824581667462835,3.2611815710016026,
2,32,96,3.0,0.0625,16384,1536,68,1.7319184330467845,1.6893652415574227,
2,32,128,4.0,0.08333333333333333,16384,1536,68,1.4281833189105195,1.364353531676477,
2,32,192,6.0,0.125,16384,1536,68,1.2392968221823948,1.1329138434589905,
2,32,256,8.0,0.16666666666666666,16384,1536,68,1.148804323732647,0.9998681535198811,
2,32,384,12.0,0.25,16384,1536,68,1.0781681927130684,0.844125639521579,
3,32,48,1.5,0.03125,16384,1536,68,7.141911036616974,7.1312727387446335,
3,32,64,2.0,0.041666666666666664,16384,1536,68,5.22116575287741,5.19988915713273,
3,32,96,3.0,0.0625,16384,1536,68,2.819737822710907,2.7771846312215454,
3,32,128,4.0,0.08333333333333333,16384,1536,68,1.9938893345344826,1.93005954730044,
3,32,192,6.0,0.125,16384,1536,68,1.5521675499498353,1.445784571226431,
3,32,256,8.0,0.16666666666666666,16384,1536,68,1.3085125725052533,1.1595764022924873,
3,32,384,12.0,0.25,16384,1536,68,1.1145148225301613,0.880472269338672,
4,32,48,1.5,0.03125,16384,1536,68,15.719806602842024,15.709168304969683,
4,32,64,2.0,0.041666666666666664,16384,1536,68,8.645411720547838,8.624135124803157,
4,32,96,3.0,0.0625,16384,1536,68,3.8486408389944513,3.8060876475050898,
4,32,128,4.0,0.08333333333333333,16384,1536,68,2.3419241107287245,2.278094323494682,
4,32,192,6.0,0.125,16384,1536,68,1.5949919025108217,1.4886089237874174,
4,32,256,8.0,0.16666666666666666,16384,1536,68,1.3207148233345598,1.1717786531217937,
4,32,384,12.0,0.25,16384,1536,68,1.1587918574313822,0.9247493042398929,
0,32,48,1.5,0.03125,16384,1536,69,2.735804792083601,2.7251664942112606,
0,32,64,2.0,0.041666666666666664,16384,1536,69,1.956571104485549,1.9352945087408682,
0,32,96,3.0,0.0625,16384,1536,69,1.4879881604472924,1.4454349689579307,
0,32,128,4.0,0.08333333333333333,16384,1536,69,1.3165932682154673,1.2527634809814248,
0,32,192,6.0,0.125,16384,1536,69,1.1763088670320525,1.0699258883086482,
0,32,256,8.0,0.16666666666666666,16384,1536,69,1.1198493379164784,0.9709131677037125,
0,32,384,12.0,0.25,16384,1536,69,1.0698275935298371,0.8357850403383478,
2,32,48,1.5,0.03125,16384,1536,69,4.709517178335668,4.698878880463328,
2,32,64,2.0,0.041666666666666664,16384,1536,69,2.8820306860027904,2.8607540902581094,
2,32,96,3.0,0.0625,16384,1536,69,1.7598173298333517,1.71726413834399,
2,32,128,4.0,0.08333333333333333,16384,1536,69,1.4298820229071896,1.366052235673147,
2,32,192,6.0,0.125,16384,1536,69,1.2145655065983414,1.108182527874937,
2,32,256,8.0,0.16666666666666666,16384,1536,69,1.1427031506674041,0.9937669804546382,
2,32,384,12.0,0.25,16384,1536,69,1.0841190990830125,0.8500765458915231,
3,32,48,1.5,0.03125,16384,1536,69,10.00277747210605,9.99213917423371,
3,32,64,2.0,0.041666666666666664,16384,1536,69,4.971995407420308,4.950718811675627,
3,32,96,3.0,0.0625,16384,1536,69,2.883053142160798,2.8404999506714366,
3,32,128,4.0,0.08333333333333333,16384,1536,69,1.9388828349160283,1.8750530476819858,
3,32,192,6.0,0.125,16384,1536,69,1.4286836550774284,1.3223006763540242,
3,32,256,8.0,0.16666666666666666,16384,1536,69,1.2380062944008619,1.0890701241880958,
3,32,384,12.0,0.25,16384,1536,69,1.1080493777969846,0.8740068246054953,
4,32,48,1.5,0.03125,16384,1536,69,11.398362427823706,11.387724129951366,
4,32,64,2.0,0.041666666666666664,16384,1536,69,7.707061687569033,7.685785091824353,
4,32,96,3.0,0.0625,16384,1536,69,4.230528718891641,4.187975527402279,
4,32,128,4.0,0.08333333333333333,16384,1536,69,2.523506529416139,2.4596767421820966,
4,32,192,6.0,0.125,16384,1536,69,1.6337803816161127,1.5273974028927084,
4,32,256,8.0,0.16666666666666666,16384,1536,69,1.3282053714433173,1.1792692012305515,
4,32,384,12.0,0.25,16384,1536,69,1.16413595791197,0.9300934047204807,
0,32,48,1.5,0.03125,16384,1536,70,2.5827480154827507,2.5721097176104104,
0,32,64,2.0,0.041666666666666664,16384,1536,70,1.8506436485516682,1.8293670528069874,
0,32,96,3.0,0.0625,16384,1536,70,1.4439973494586824,1.4014441579693206,
0,32,128,4.0,0.08333333333333333,16384,1536,70,1.294106188590433,1.2302764013563905,
0,32,192,6.0,0.125,16384,1536,70,1.175311393249237,1.0689284145258326,
0,32,256,8.0,0.16666666666666666,16384,1536,70,1.1198946353604258,0.9709584651476598,
0,32,384,12.0,0.25,16384,1536,70,1.0686820915688462,0.8346395383773568,
2,32,48,1.5,0.03125,16384,1536,70,3.6138266305865274,3.603188332714187,
2,32,64,2.0,0.041666666666666664,16384,1536,70,2.433763910470722,2.412487314726041,
2,32,96,3.0,0.0625,16384,1536,70,1.5947105579889551,1.5521573664995933,
2,32,128,4.0,0.08333333333333333,16384,1536,70,1.3952275831487457,1.3313977959147032,
2,32,192,6.0,0.125,16384,1536,70,1.2145104091106937,1.1081274303872894,
2,32,256,8.0,0.16666666666666666,16384,1536,70,1.1441418076564294,0.9952056374436634,
2,32,384,12.0,0.25,16384,1536,70,1.0790549380643288,0.8450123848728395,
3,32,48,1.5,0.03125,16384,1536,70,11.43185876779829,11.42122046992595,
3,32,64,2.0,0.041666666666666664,16384,1536,70,7.400164655410587,7.378888059665907,
3,32,96,3.0,0.0625,16384,1536,70,3.8573198743458237,3.814766682856462,
3,32,128,4.0,0.08333333333333333,16384,1536,70,2.3163202401217413,2.252490452887699,
3,32,192,6.0,0.125,16384,1536,70,1.4664439737358896,1.3600609950124853,
3,32,256,8.0,0.16666666666666666,16384,1536,70,1.2480616762651136,1.0991255060523475,
3,32,384,12.0,0.25,16384,1536,70,1.1127873713250507,0.8787448181335613,
4,32,48,1.5,0.03125,16384,1536,70,11.765654318891675,11.755016021019335,
4,32,64,2.0,0.041666666666666664,16384,1536,70,8.261509110935409,8.240232515190728,
4,32,96,3.0,0.0625,16384,1536,70,4.444352963410385,4.401799771921023,
4,32,128,4.0,0.08333333333333333,16384,1536,70,2.626908639107959,2.5630788518739163,
4,32,192,6.0,0.125,16384,1536,70,1.486910135486971,1.3805271567635666,
4,32,256,8.0,0.16666666666666666,16384,1536,70,1.25968171530777,1.110745545095004,
4,32,384,12.0,0.25,16384,1536,70,1.122304383888587,0.8882618306970977,
0,32,48,1.5,0.03125,16384,1536,71,2.807991910681098,2.7973536128087577,
0,32,64,2.0,0.041666666666666664,16384,1536,71,1.9373841539231715,1.9161075581784908,
0,32,96,3.0,0.0625,16384,1536,71,1.4798448849265922,1.4372916934372304,
0,32,128,4.0,0.08333333333333333,16384,1536,71,1.315717326175637,1.2518875389415944,
0,32,192,6.0,0.125,16384,1536,71,1.1829917218432224,1.0766087431198181,
0,32,256,8.0,0.16666666666666666,16384,1536,71,1.1231052839886424,0.9741691137758764,
0,32,384,12.0,0.25,16384,1536,71,1.0716776936432664,0.837635140451777,
2,32,48,1.5,0.03125,16384,1536,71,6.239379954884685,6.228741657012344,
2,32,64,2.0,0.041666666666666664,16384,1536,71,3.7335761566376293,3.7122995608929483,
2,32,96,3.0,0.0625,16384,1536,71,1.9084291941706693,1.8658760026813075,
2,32,128,4.0,0.08333333333333333,16384,1536,71,1.554559834390075,1.4907300471560325,
2,32,192,6.0,0.125,16384,1536,71,1.2823019704577585,1.1759189917343542,
2,32,256,8.0,0.16666666666666666,16384,1536,71,1.1562809586422444,1.0073447884294784,
2,32,384,12.0,0.25,16384,1536,71,1.0850252331475996,0.8509826799561102,
3,32,48,1.5,0.03125,16384,1536,71,6.430209542500333,6.419571244627993,
3,32,64,2.0,0.041666666666666664,16384,1536,71,3.8195470717445326,3.7982704759998516,
3,32,96,3.0,0.0625,16384,1536,71,2.4269970116314177,2.384443820142056,
3,32,128,4.0,0.08333333333333333,16384,1536,71,1.8992755469954021,1.8354457597613596,
3,32,192,6.0,0.125,16384,1536,71,1.4638701677624648,1.3574871890390605,
3,32,256,8.0,0.16666666666666666,16384,1536,71,1.279772538295724,1.1308363680829578,
3,32,384,12.0,0.25,16384,1536,71,1.1166862189487028,0.8826436657572134,
4,32,48,1.5,0.03125,16384,1536,71,14.36144230254646,14.350804004674119,
4,32,64,2.0,0.041666666666666664,16384,1536,71,10.218055154697849,10.196778558953168,
4,32,96,3.0,0.0625,16384,1536,71,4.360922252904103,4.318369061414741,
4,32,128,4.0,0.08333333333333333,16384,1536,71,2.4393295184223853,2.375499731188343,
4,32,192,6.0,0.125,16384,1536,71,1.4972827077627109,1.3908997290393066,
4,32,256,8.0,0.16666666666666666,16384,1536,71,1.2923897252222531,1.1434535550094873,
4,32,384,12.0,0.25,16384,1536,71,1.1275706164943327,0.8935280633028433,
0,32,48,1.5,0.03125,16384,1536,72,2.7134910874344023,2.702852789562062,
0,32,64,2.0,0.041666666666666664,16384,1536,72,1.9624472140022293,1.9411706182575486,
0,32,96,3.0,0.0625,16384,1536,72,1.4772520891545673,1.4346988976652055,
0,32,128,4.0,0.08333333333333333,16384,1536,72,1.3183637419123695,1.254533954678327,
0,32,192,6.0,0.125,16384,1536,72,1.1789155307101973,1.072532551986793,
0,32,256,8.0,0.16666666666666666,16384,1536,72,1.121392136531426,0.9724559663186602,
0,32,384,12.0,0.25,16384,1536,72,1.069654928596101,0.8356123754046116,
2,32,48,1.5,0.03125,16384,1536,72,5.317031878600623,5.306393580728283,
2,32,64,2.0,0.041666666666666664,16384,1536,72,3.482100614942421,3.46082401919774,
2,32,96,3.0,0.0625,16384,1536,72,2.0300982335284807,1.987545042039119,
2,32,128,4.0,0.08333333333333333,16384,1536,72,1.5368027892032425,1.4729730019692,
2,32,192,6.0,0.125,16384,1536,72,1.2419965718612567,1.1356135931378524,
2,32,256,8.0,0.16666666666666666,16384,1536,72,1.1582166094477744,1.0092804392350083,
2,32,384,12.0,0.25,16384,1536,72,1.0881925435682902,0.8541499903768008,
3,32,48,1.5,0.03125,16384,1536,72,11.445175429205852,11.434537131333512,
3,32,64,2.0,0.041666666666666664,16384,1536,72,8.404928820025464,8.383652224280784,
3,32,96,3.0,0.0625,16384,1536,72,4.030289333498206,3.987736142008844,
3,32,128,4.0,0.08333333333333333,16384,1536,72,1.9928464544859201,1.9290166672518776,
3,32,192,6.0,0.125,16384,1536,72,1.4064194408127115,1.3000364620893072,
3,32,256,8.0,0.16666666666666666,16384,1536,72,1.2337784630298085,1.0848422928170427,
3,32,384,12.0,0.25,16384,1536,72,1.099650576737779,0.8656080235462897,
4,32,48,1.5,0.03125,16384,1536,72,14.845117062432537,14.834478764560197,
4,32,64,2.0,0.041666666666666664,16384,1536,72,11.312689692415479,11.291413096670798,
4,32,96,3.0,0.0625,16384,1536,72,5.800249868032795,5.757696676543433,
4,32,128,4.0,0.08333333333333333,16384,1536,72,3.1809705293525226,3.11714074211848,
4,32,192,6.0,0.125,16384,1536,72,1.7104275537455145,1.6040445750221102,
4,32,256,8.0,0.16666666666666666,16384,1536,72,1.3351738253225425,1.1862376551097764,
4,32,384,12.0,0.25,16384,1536,72,1.1751523198683202,0.9411097666768309,
0,32,48,1.5,0.03125,16384,1536,73,2.9917599939248354,2.981121696052495,
0,32,64,2.0,0.041666666666666664,16384,1536,73,2.0350227640990646,2.0137461683543836,
0,32,96,3.0,0.0625,16384,1536,73,1.4945466884798835,1.4519934969905217,
0,32,128,4.0,0.08333333333333333,16384,1536,73,1.3278592827892215,1.264029495555179,
0,32,192,6.0,0.125,16384,1536,73,1.1801139812987358,1.0737310025753315,
0,32,256,8.0,0.16666666666666666,16384,1536,73,1.1232714853711545,0.9743353151583886,
0,32,384,12.0,0.25,16384,1536,73,1.0704583514572241,0.8364157982657348,
2,32,48,1.5,0.03125,16384,1536,73,5.485428136552078,5.474789838679738,
2,32,64,2.0,0.041666666666666664,16384,1536,73,2.9462827083402474,2.9250061125955664,
2,32,96,3.0,0.0625,16384,1536,73,1.8264180833146983,1.7838648918253366,
2,32,128,4.0,0.08333333333333333,16384,1536,73,1.4908853045116062,1.4270555172775636,
2,32,192,6.0,0.125,16384,1536,73,1.263795567192342,1.1574125884689377,
2,32,256,8.0,0.16666666666666666,16384,1536,73,1.16224441913524,1.013308248922474,
2,32,384,12.0,0.25,16384,1536,73,1.0785555164996627,0.8445129633081734,
3,32,48,1.5,0.03125,16384,1536,73,10.325802284350896,10.315163986478556,
3,32,64,2.0,0.041666666666666664,16384,1536,73,5.946470185277077,5.925193589532396,
3,32,96,3.0,0.0625,16384,1536,73,3.0491317687849295,3.006578577295568,
3,32,128,4.0,0.08333333333333333,16384,1536,73,2.0519903965460444,1.988160609312002,
3,32,192,6.0,0.125,16384,1536,73,1.4217254589078125,1.3153424801844082,
3,32,256,8.0,0.16666666666666666,16384,1536,73,1.2293189808568137,1.0803828106440476,
3,32,384,12.0,0.25,16384,1536,73,1.0959699886655492,0.8619274354740598,
4,32,48,1.5,0.03125,16384,1536,73,13.892666619859977,13.882028321987637,
4,32,64,2.0,0.041666666666666664,16384,1536,73,8.480944719794582,8.459668124049902,
4,32,96,3.0,0.0625,16384,1536,73,4.157931616334835,4.115378424845473,
4,32,128,4.0,0.08333333333333333,16384,1536,73,2.9761762096265976,2.912346422392555,
4,32,192,6.0,0.125,16384,1536,73,1.685556663082403,1.5791736843589987,
4,32,256,8.0,0.16666666666666666,16384,1536,73,1.341224374827479,1.1922882046147132,
4,32,384,12.0,0.25,16384,1536,73,1.1395258357452849,0.9054832825537955,
0,32,48,1.5,0.03125,16384,1536,74,2.9030078054752364,2.892369507602896,
0,32,64,2.0,0.041666666666666664,16384,1536,74,1.8839034506650074,1.8626268549203266,
0,32,96,3.0,0.0625,16384,1536,74,1.4699280874972431,1.4273748960078814,
0,32,128,4.0,0.08333333333333333,16384,1536,74,1.3092983341239162,1.2454685468898736,
0,32,192,6.0,0.125,16384,1536,74,1.1785093313913695,1.0721263526679652,
0,32,256,8.0,0.16666666666666666,16384,1536,74,1.1181676689509734,0.9692314987382075,
0,32,384,12.0,0.25,16384,1536,74,1.0683487662911586,0.8343062130996692,
2,32,48,1.5,0.03125,16384,1536,74,4.7180148300233755,4.707376532151035,
2,32,64,2.0,0.041666666666666664,16384,1536,74,2.7708507499185084,2.7495741541738274,
2,32,96,3.0,0.0625,16384,1536,74,1.8833953764231466,1.8408421849337848,
2,32,128,4.0,0.08333333333333333,16384,1536,74,1.5012787793848834,1.4374489921508409,
2,32,192,6.0,0.125,16384,1536,74,1.252193090442615,1.1458101117192108,
2,32,256,8.0,0.16666666666666666,16384,1536,74,1.1593310643267924,1.0103948941140266,
2,32,384,12.0,0.25,16384,1536,74,1.0802522378602295,0.8462096846687401,
3,32,48,1.5,0.03125,16384,1536,74,9.912278138280582,9.901639840408242,
3,32,64,2.0,0.041666666666666664,16384,1536,74,5.444718937440356,5.423442341695676,
3,32,96,3.0,0.0625,16384,1536,74,2.7523386070972586,2.709785415607897,
3,32,128,4.0,0.08333333333333333,16384,1536,74,1.9524229247706921,1.8885931375366496,
3,32,192,6.0,0.125,16384,1536,74,1.3561146662955983,1.249731687572194,
3,32,256,8.0,0.16666666666666666,16384,1536,74,1.2269829005851516,1.0780467303723857,
3,32,384,12.0,0.25,16384,1536,74,1.1109334222433525,0.8768908690518631,
4,32,48,1.5,0.03125,16384,1536,74,14.749389989567796,14.738751691695455,
4,32,64,2.0,0.041666666666666664,16384,1536,74,10.957172905075739,10.935896309331058,
4,32,96,3.0,0.0625,16384,1536,74,5.7864948959670395,5.7439417044776775,
4,32,128,4.0,0.08333333333333333,16384,1536,74,3.4267859623157397,3.362956175081697,
4,32,192,6.0,0.125,16384,1536,74,1.7125413402484524,1.606158361525048,
4,32,256,8.0,0.16666666666666666,16384,1536,74,1.3273779825670178,1.1784418123542517,
4,32,384,12.0,0.25,16384,1536,74,1.1550270219254073,0.9209844687339179,
0,32,48,1.5,0.03125,16384,1536,75,2.6965766786438996,2.6859383807715593,
0,32,64,2.0,0.041666666666666664,16384,1536,75,1.8277924126491751,1.8065158169044944,
0,32,96,3.0,0.0625,16384,1536,75,1.460742207062061,1.4181890155726993,
0,32,128,4.0,0.08333333333333333,16384,1536,75,1.308369107592259,1.2445393203582165,
0,32,192,6.0,0.125,16384,1536,75,1.1732644459066601,1.0668814671832558,
0,32,256,8.0,0.16666666666666666,16384,1536,75,1.1168601552656885,0.9679239850529225,
0,32,384,12.0,0.25,16384,1536,75,1.0676115902387846,0.8335690370472952,
2,32,48,1.5,0.03125,16384,1536,75,3.6537134540665615,3.643075156194221,
2,32,64,2.0,0.041666666666666664,16384,1536,75,2.243610093412702,2.222333497668021,
2,32,96,3.0,0.0625,16384,1536,75,1.5953760681707003,1.5528228766813386,
2,32,128,4.0,0.08333333333333333,16384,1536,75,1.3917792907049602,1.3279495034709177,
2,32,192,6.0,0.125,16384,1536,75,1.1950930198360694,1.0887100411126651,
2,32,256,8.0,0.16666666666666666,16384,1536,75,1.1213182676719329,0.9723820974591669,
2,32,384,12.0,0.25,16384,1536,75,1.0689940526827673,0.8349514994912779,
3,32,48,1.5,0.03125,16384,1536,75,7.200836080171701,7.190197782299361,
3,32,64,2.0,0.041666666666666664,16384,1536,75,5.366755004279762,5.345478408535081,
3,32,96,3.0,0.0625,16384,1536,75,2.5158229527268996,2.473269761237538,
3,32,128,4.0,0.08333333333333333,16384,1536,75,1.7858219173235135,1.721992130089471,
3,32,192,6.0,0.125,16384,1536,75,1.3096629194181744,1.20327994069477,
3,32,256,8.0,0.16666666666666666,16384,1536,75,1.1844862321169363,1.0355500619041704,
3,32,384,12.0,0.25,16384,1536,75,1.097608441815813,0.8635658886243236,
4,32,48,1.5,0.03125,16384,1536,75,12.583068175324454,12.572429877452114,
4,32,64,2.0,0.041666666666666664,16384,1536,75,7.842325704362222,7.821049108617541,
4,32,96,3.0,0.0625,16384,1536,75,3.451761326007609,3.4092081345182477,
4,32,128,4.0,0.08333333333333333,16384,1536,75,2.268729913608528,2.2049001263744854,
4,32,192,6.0,0.125,16384,1536,75,1.5832786296454955,1.4768956509220912,
4,32,256,8.0,0.16666666666666666,16384,1536,75,1.2593285912823602,1.1103924210695943,
4,32,384,12.0,0.25,16384,1536,75,1.1243956176613492,0.8903530644698598,
0,32,48,1.5,0.03125,16384,1536,76,2.8193429092138462,2.808704611341506,
0,32,64,2.0,0.041666666666666664,16384,1536,76,1.999383544154825,1.9781069484101443,
0,32,96,3.0,0.0625,16384,1536,76,1.4892698195065723,1.4467166280172106,
0,32,128,4.0,0.08333333333333333,16384,1536,76,1.3228181922147195,1.258988404980677,
0,32,192,6.0,0.125,16384,1536,76,1.1814136648627036,1.0750306861392993,
0,32,256,8.0,0.16666666666666666,16384,1536,76,1.1227804908739925,0.9738443206612265,
0,32,384,12.0,0.25,16384,1536,76,1.0704470475517462,0.8364044943602569,
2,32,48,1.5,0.03125,16384,1536,76,4.822597136508552,4.811958838636212,
2,32,64,2.0,0.041666666666666664,16384,1536,76,2.955781437541062,2.934504841796381,
2,32,96,3.0,0.0625,16384,1536,76,1.9089603555587789,1.866407164069417,
2,32,128,4.0,0.08333333333333333,16384,1536,76,1.5657535741988178,1.5019237869647752,
2,32,192,6.0,0.125,16384,1536,76,1.2265621289484467,1.1201791502250424,
2,32,256,8.0,0.16666666666666666,16384,1536,76,1.1319285399111247,0.9829923696983588,
2,32,384,12.0,0.25,16384,1536,76,1.0774878342020808,0.8434452810105915,
3,32,48,1.5,0.03125,16384,1536,76,9.941043998267958,9.930405700395617,
3,32,64,2.0,0.041666666666666664,16384,1536,76,6.108411850886762,6.087135255142082,
3,32,96,3.0,0.0625,16384,1536,76,2.9537518349686995,2.911198643479338,
3,32,128,4.0,0.08333333333333333,16384,1536,76,1.856741722643348,1.7929119354093055,
3,32,192,6.0,0.125,16384,1536,76,1.3709818840804937,1.2645989053570894,
3,32,256,8.0,0.16666666666666666,16384,1536,76,1.2213780920860868,1.0724419218733208,
3,32,384,12.0,0.25,16384,1536,76,1.0963239885907998,0.8622814353993105,
4,32,48,1.5,0.03125,16384,1536,76,12.17159327204923,12.16095497417689,
4,32,64,2.0,0.041666666666666664,16384,1536,76,8.430128435833996,8.408851840089316,
4,32,96,3.0,0.0625,16384,1536,76,3.5366127112160823,3.494059519726721,
4,32,128,4.0,0.08333333333333333,16384,1536,76,2.554471557480107,2.4906417702460644,
4,32,192,6.0,0.125,16384,1536,76,1.73113419636146,1.6247512176380556,
4,32,256,8.0,0.16666666666666666,16384,1536,76,1.4017078264533795,1.2527716562406135,
4,32,384,12.0,0.25,16384,1536,76,1.1554778509211785,0.9214352977296891,
0,32,48,1.5,0.03125,16384,1536,77,2.527777576174536,2.5171392783021957,
0,32,64,2.0,0.041666666666666664,16384,1536,77,1.8239723106912908,1.80269571494661,
0,32,96,3.0,0.0625,16384,1536,77,1.4281669319496642,1.3856137404603024,
0,32,128,4.0,0.08333333333333333,16384,1536,77,1.293056702625603,1.2292269153915605,
0,32,192,6.0,0.125,16384,1536,77,1.1765478291799103,1.070164850456506,
0,32,256,8.0,0.16666666666666666,16384,1536,77,1.1201050423952927,0.9711688721825268,
0,32,384,12.0,0.25,16384,1536,77,1.068687384882139,0.8346448316906496,
2,32,48,1.5,0.03125,16384,1536,77,5.409640297745493,5.399001999873152,
2,32,64,2.0,0.041666666666666664,16384,1536,77,2.979311368628159,2.958034772883478,
2,32,96,3.0,0.0625,16384,1536,77,1.730218929889131,1.6876657383997693,
2,32,128,4.0,0.08333333333333333,16384,1536,77,1.4101646080364438,1.3463348208024013,
2,32,192,6.0,0.125,16384,1536,77,1.210005194687348,1.1036222159639437,
2,32,256,8.0,0.16666666666666666,16384,1536,77,1.142665069656549,0.9937288994437831,
2,32,384,12.0,0.25,16384,1536,77,1.0791016850942257,0.8450591319027363,
3,32,48,1.5,0.03125,16384,1536,77,7.987590527239917,7.976952229367576,
3,32,64,2.0,0.041666666666666664,16384,1536,77,5.128802072888722,5.1075254771440415,
3,32,96,3.0,0.0625,16384,1536,77,2.6475273378455944,2.604974146356233,
3,32,128,4.0,0.08333333333333333,16384,1536,77,1.8273987623737382,1.7635689751396957,
3,32,192,6.0,0.125,16384,1536,77,1.3593251673857822,1.252942188662378,
3,32,256,8.0,0.16666666666666666,16384,1536,77,1.2104949095928998,1.0615587393801338,
3,32,384,12.0,0.25,16384,1536,77,1.0983751106942143,0.864332557502725,
4,32,48,1.5,0.03125,16384,1536,77,9.16435101732121,9.153712719448869,
4,32,64,2.0,0.041666666666666664,16384,1536,77,5.780089165888556,5.758812570143875,
4,32,96,3.0,0.0625,16384,1536,77,3.0208166094205016,2.97826341793114,
4,32,128,4.0,0.08333333333333333,16384,1536,77,2.1120353082283145,2.048205520994272,
4,32,192,6.0,0.125,16384,1536,77,1.4110204612856223,1.304637482562218,
4,32,256,8.0,0.16666666666666666,16384,1536,77,1.2515940588776635,1.1026578886648974,
4,32,384,12.0,0.25,16384,1536,77,1.1223681462452488,0.8883255930537595,
0,32,48,1.5,0.03125,16384,1536,78,3.1598358696733837,3.1491975718010434,
0,32,64,2.0,0.041666666666666664,16384,1536,78,1.9312691500992671,1.9099925543545864,
0,32,96,3.0,0.0625,16384,1536,78,1.4911777996524833,1.4486246081631216,
0,32,128,4.0,0.08333333333333333,16384,1536,78,1.3218667009410239,1.2580369137069813,
0,32,192,6.0,0.125,16384,1536,78,1.1813718642241395,1.0749888855007352,
0,32,256,8.0,0.16666666666666666,16384,1536,78,1.1231549161986238,0.9742187459858579,
0,32,384,12.0,0.25,16384,1536,78,1.0710632158575433,0.8370206626660539,
2,32,48,1.5,0.03125,16384,1536,78,6.26834590013418,6.257707602261839,
2,32,64,2.0,0.041666666666666664,16384,1536,78,3.8743373106350223,3.8530607148903413,
2,32,96,3.0,0.0625,16384,1536,78,1.995904745504014,1.9533515540146522,
2,32,128,4.0,0.08333333333333333,16384,1536,78,1.5438734637319664,1.480043676497924,
2,32,192,6.0,0.125,16384,1536,78,1.2732451722867753,1.166862193563371,
2,32,256,8.0,0.16666666666666666,16384,1536,78,1.1713682726243764,1.0224321024116105,
2,32,384,12.0,0.25,16384,1536,78,1.0832994207813464,0.8492568675898571,
3,32,48,1.5,0.03125,16384,1536,78,9.103579921470637,9.092941623598296,
3,32,64,2.0,0.041666666666666664,16384,1536,78,6.183864970250029,6.162588374505348,
3,32,96,3.0,0.0625,16384,1536,78,2.5733565394090747,2.530803347919713,
3,32,128,4.0,0.08333333333333333,16384,1536,78,1.8203434456556713,1.7565136584216288,
3,32,192,6.0,0.125,16384,1536,78,1.3784299859370606,1.2720470072136563,
3,32,256,8.0,0.16666666666666666,16384,1536,78,1.2286507056470661,1.0797145354343,
3,32,384,12.0,0.25,16384,1536,78,1.1113818568643123,0.877339303672823,
4,32,48,1.5,0.03125,16384,1536,78,11.665404018398311,11.65476572052597,
4,32,64,2.0,0.041666666666666664,16384,1536,78,6.645350803032869,6.624074207288189,
4,32,96,3.0,0.0625,16384,1536,78,3.6447423084314194,3.602189116942058,
4,32,128,4.0,0.08333333333333333,16384,1536,78,2.6599534193040237,2.596123632069981,
4,32,192,6.0,0.125,16384,1536,78,1.8120130988034646,1.7056301200800603,
4,32,256,8.0,0.16666666666666666,16384,1536,78,1.445626653236201,1.296690483023435,
4,32,384,12.0,0.25,16384,1536,78,1.1694183348591933,0.935375781667704,
0,32,48,1.5,0.03125,16384,1536,79,2.7001690634408178,2.6895307655684775,
0,32,64,2.0,0.041666666666666664,16384,1536,79,1.8999672056331658,1.878690609888485,
0,32,96,3.0,0.0625,16384,1536,79,1.4506140133264989,1.408060821837137,
0,32,128,4.0,0.08333333333333333,16384,1536,79,1.2950582575985612,1.2312284703645187,
0,32,192,6.0,0.125,16384,1536,79,1.176106609611157,1.0697236308877527,
0,32,256,8.0,0.16666666666666666,16384,1536,79,1.1202199482767214,0.9712837780639555,
0,32,384,12.0,0.25,16384,1536,79,1.070027133729732,0.8359845805382426,
2,32,48,1.5,0.03125,16384,1536,79,5.405459710774542,5.394821412902202,
2,32,64,2.0,0.041666666666666664,16384,1536,79,3.1953953765789285,3.1741187808342475,
2,32,96,3.0,0.0625,16384,1536,79,1.9395740276833708,1.897020836194009,
2,32,128,4.0,0.08333333333333333,16384,1536,79,1.528138978933988,1.4643091916999456,
2,32,192,6.0,0.125,16384,1536,79,1.250016605265805,1.1436336265424007,
2,32,256,8.0,0.16666666666666666,16384,1536,79,1.1571913147897284,1.0082551445769625,
2,32,384,12.0,0.25,16384,1536,79,1.084934178384037,0.8508916251925476,
3,32,48,1.5,0.03125,16384,1536,79,9.847258638544698,9.836620340672358,
3,32,64,2.0,0.041666666666666664,16384,1536,79,5.139134467165455,5.1178578714207745,
3,32,96,3.0,0.0625,16384,1536,79,2.8296891500999335,2.787135958610572,
3,32,128,4.0,0.08333333333333333,16384,1536,79,2.132250123630806,2.0684203363967635,
3,32,192,6.0,0.125,16384,1536,79,1.3823700377948258,1.2759870590714215,
3,32,256,8.0,0.16666666666666666,16384,1536,79,1.2133724635199539,1.064436293307188,
3,32,384,12.0,0.25,16384,1536,79,1.104154501628284,0.8701119484367947,
4,32,48,1.5,0.03125,16384,1536,79,12.026051125954938,12.015412828082598,
4,32,64,2.0,0.041666666666666664,16384,1536,79,8.10687265498231,8.085596059237629,
4,32,96,3.0,0.0625,16384,1536,79,3.791908557882852,3.7493553663934907,
4,32,128,4.0,0.08333333333333333,16384,1536,79,2.33088402028479,2.2670542330507475,
4,32,192,6.0,0.125,16384,1536,79,1.4445328955660532,1.338149916842649,
4,32,256,8.0,0.16666666666666666,16384,1536,79,1.2576658849350366,1.1087297147222706,
4,32,384,12.0,0.25,16384,1536,79,1.1249537218524182,0.8909111686609288,
0,32,48,1.5,0.03125,16384,1536,80,2.752591310049774,2.741953012177434,
0,32,64,2.0,0.041666666666666664,16384,1536,80,1.9258160304551561,1.9045394347104754,
0,32,96,3.0,0.0625,16384,1536,80,1.4736552357377124,1.4311020442483506,
0,32,128,4.0,0.08333333333333333,16384,1536,80,1.3104695740408514,1.2466397868068089,
0,32,192,6.0,0.125,16384,1536,80,1.1773038696363405,1.0709208909129362,
0,32,256,8.0,0.16666666666666666,16384,1536,80,1.1225908790703123,0.9736547088575463,
0,32,384,12.0,0.25,16384,1536,80,1.0692820699513081,0.8352395167598188,
2,32,48,1.5,0.03125,16384,1536,80,5.52160361284107,5.51096531496873,
2,32,64,2.0,0.041666666666666664,16384,1536,80,3.3685319211636156,3.3472553254189346,
2,32,96,3.0,0.0625,16384,1536,80,1.824823758412045,1.7822705669226833,
2,32,128,4.0,0.08333333333333333,16384,1536,80,1.4718414240410291,1.4080116368069866,
2,32,192,6.0,0.125,16384,1536,80,1.2483072171270342,1.1419242384036299,
2,32,256,8.0,0.16666666666666666,16384,1536,80,1.1537375178616134,1.0048013476488475,
2,32,384,12.0,0.25,16384,1536,80,1.0900842418421963,0.856041688650707,
3,32,48,1.5,0.03125,16384,1536,80,8.821140929396979,8.810502631524638,
3,32,64,2.0,0.041666666666666664,16384,1536,80,4.7224847379623665,4.701208142217686,
3,32,96,3.0,0.0625,16384,1536,80,2.2782156047599926,2.235662413270631,
3,32,128,4.0,0.08333333333333333,16384,1536,80,1.6558676554245686,1.592037868190526,
3,32,192,6.0,0.125,16384,1536,80,1.2807241064890258,1.1743411277656215,
3,32,256,8.0,0.16666666666666666,16384,1536,80,1.1815772475553725,1.0326410773426065,
3,32,384,12.0,0.25,16384,1536,80,1.1028535383809737,0.8688109851894843,
4,32,48,1.5,0.03125,16384,1536,80,11.501993295904668,11.491354998032328,
4,32,64,2.0,0.041666666666666664,16384,1536,80,6.497735897036718,6.476459301292038,
4,32,96,3.0,0.0625,16384,1536,80,3.450962239202725,3.4084090477133633,
4,32,128,4.0,0.08333333333333333,16384,1536,80,2.5682316710168385,2.504401883782796,
4,32,192,6.0,0.125,16384,1536,80,1.5789431313887574,1.4725601526653531,
4,32,256,8.0,0.16666666666666666,16384,1536,80,1.3383334804532214,1.1893973102404556,
4,32,384,12.0,0.25,16384,1536,80,1.149389568126839,0.9153470149353495,
0,32,48,1.5,0.03125,16384,1536,81,2.734113539293573,2.723475241421233,
0,32,64,2.0,0.041666666666666664,16384,1536,81,1.9300114074062655,1.9087348116615848,
0,32,96,3.0,0.0625,16384,1536,81,1.474811785834188,1.4322585943448263,
0,32,128,4.0,0.08333333333333333,16384,1536,81,1.3035561933479427,1.2397264061139002,
0,32,192,6.0,0.125,16384,1536,81,1.175256088619087,1.0688731098956827,
0,32,256,8.0,0.16666666666666666,16384,1536,81,1.1200168097973289,0.9710806395845629,
0,32,384,12.0,0.25,16384,1536,81,1.0690692911612671,0.8350267379697778,
2,32,48,1.5,0.03125,16384,1536,81,5.4156703603250165,5.405032062452676,
2,32,64,2.0,0.041666666666666664,16384,1536,81,2.9629111572933575,2.9416345615486765,
2,32,96,3.0,0.0625,16384,1536,81,1.752925571621533,1.7103723801321713,
2,32,128,4.0,0.08333333333333333,16384,1536,81,1.4035697932397908,1.3397400060057483,
2,32,192,6.0,0.125,16384,1536,81,1.2037779967959614,1.0973950180725571,
2,32,256,8.0,0.16666666666666666,16384,1536,81,1.1291708670638794,0.9802346968511134,
2,32,384,12.0,0.25,16384,1536,81,1.0684992747942954,0.834456721602806,
3,32,48,1.5,0.03125,16384,1536,81,9.827897934490124,9.817259636617784,
3,32,64,2.0,0.041666666666666664,16384,1536,81,5.8814112459744035,5.860134650229723,
3,32,96,3.0,0.0625,16384,1536,81,3.1309990058785075,3.088445814389146,
3,32,128,4.0,0.08333333333333333,16384,1536,81,2.10107148543879,2.0372416982047477,
3,32,192,6.0,0.125,16384,1536,81,1.4353656128449264,1.328982634121522,
3,32,256,8.0,0.16666666666666666,16384,1536,81,1.252937444589737,1.1040012743769712,
3,32,384,12.0,0.25,16384,1536,81,1.128732134038454,0.8946895808469646,
4,32,48,1.5,0.03125,16384,1536,81,9.654768639303105,9.644130341430765,
4,32,64,2.0,0.041666666666666664,16384,1536,81,6.049140895791807,6.027864300047127,
4,32,96,3.0,0.0625,16384,1536,81,2.599640340824757,2.5570871493353953,
4,32,128,4.0,0.08333333333333333,16384,1536,81,1.8706669000074387,1.8068371127733962,
4,32,192,6.0,0.125,16384,1536,81,1.4731066126557317,1.3667236339323274,
4,32,256,8.0,0.16666666666666666,16384,1536,81,1.306246260976601,1.157310090763835,
4,32,384,12.0,0.25,16384,1536,81,1.1376057718519095,0.9035632186604201,
0,32,48,1.5,0.03125,16384,1536,82,2.994123160373981,2.9834848625016406,
0,32,64,2.0,0.041666666666666664,16384,1536,82,1.984423985633463,1.9631473898887821,
0,32,96,3.0,0.0625,16384,1536,82,1.4935545655251343,1.4510013740357726,
0,32,128,4.0,0.08333333333333333,16384,1536,82,1.3092862344422498,1.2454564472082073,
0,32,192,6.0,0.125,16384,1536,82,1.177539576651868,1.0711565979284636,
0,32,256,8.0,0.16666666666666666,16384,1536,82,1.1239848277313451,0.9750486575185792,
0,32,384,12.0,0.25,16384,1536,82,1.069751860236709,0.8357093070452197,
2,32,48,1.5,0.03125,16384,1536,82,6.020194743543238,6.009556445670897,
2,32,64,2.0,0.041666666666666664,16384,1536,82,3.5190488547460403,3.4977722590013594,
2,32,96,3.0,0.0625,16384,1536,82,2.07767090448818,2.0351177129988183,
2,32,128,4.0,0.08333333333333333,16384,1536,82,1.617146894493628,1.5533171072595855,
2,32,192,6.0,0.125,16384,1536,82,1.2613332817805463,1.154950303057142,
2,32,256,8.0,0.16666666666666666,16384,1536,82,1.1596306697521293,1.0106944995393632,
2,32,384,12.0,0.25,16384,1536,82,1.0915457422904424,0.8575031890989531,
3,32,48,1.5,0.03125,16384,1536,82,9.532221479033574,9.521583181161233,
3,32,64,2.0,0.041666666666666664,16384,1536,82,5.813601232436563,5.792324636691882,
3,32,96,3.0,0.0625,16384,1536,82,2.960128659328962,2.9175754678396006,
3,32,128,4.0,0.08333333333333333,16384,1536,82,1.9225865229647603,1.8587567357307178,
3,32,192,6.0,0.125,16384,1536,82,1.3747472717042273,1.268364292980823,
3,32,256,8.0,0.16666666666666666,16384,1536,82,1.2383045137941802,1.0893683435814143,
3,32,384,12.0,0.25,16384,1536,82,1.1068431835615067,0.8728006303700173,
4,32,48,1.5,0.03125,16384,1536,82,11.437916464310527,11.427278166438187,
4,32,64,2.0,0.041666666666666664,16384,1536,82,8.415241775005718,8.393965179261038,
4,32,96,3.0,0.0625,16384,1536,82,3.9985091920125098,3.955956000523148,
4,32,128,4.0,0.08333333333333333,16384,1536,82,2.5858507560902133,2.5220209688561708,
4,32,192,6.0,0.125,16384,1536,82,1.591118371030162,1.4847353923067577,
4,32,256,8.0,0.16666666666666666,16384,1536,82,1.3181946045877382,1.1692584343749721,
4,32,384,12.0,0.25,16384,1536,82,1.1497756618972106,0.9157331087057212,
0,32,48,1.5,0.03125,16384,1536,83,2.6147416723828063,2.604103374510466,
0,32,64,2.0,0.041666666666666664,16384,1536,83,1.9385467443476174,1.9172701486029367,
0,32,96,3.0,0.0625,16384,1536,83,1.4697429848189463,1.4271897933295845,
0,32,128,4.0,0.08333333333333333,16384,1536,83,1.3045775961356605,1.240747808901618,
0,32,192,6.0,0.125,16384,1536,83,1.1762590506080048,1.0698760718846005,
0,32,256,8.0,0.16666666666666666,16384,1536,83,1.1196042318406805,0.9706680616279145,
0,32,384,12.0,0.25,16384,1536,83,1.0678144722413023,0.833771919049813,
2,32,48,1.5,0.03125,16384,1536,83,5.57556646804364,5.564928170171299,
2,32,64,2.0,0.041666666666666664,16384,1536,83,2.5548576264733818,2.533581030728701,
2,32,96,3.0,0.0625,16384,1536,83,1.7616078260764594,1.7190546345870976,
2,32,128,4.0,0.08333333333333333,16384,1536,83,1.425370846515512,1.3615410592814694,
2,32,192,6.0,0.125,16384,1536,83,1.2086037237080571,1.1022207449846528,
2,32,256,8.0,0.16666666666666666,16384,1536,83,1.1355713661887221,0.9866351959759562,
2,32,384,12.0,0.25,16384,1536,83,1.0744080963573792,0.8403655431658899,
3,32,48,1.5,0.03125,16384,1536,83,8.752350984658808,8.741712686786467,
3,32,64,2.0,0.041666666666666664,16384,1536,83,4.437610567554622,4.416333971809942,
3,32,96,3.0,0.0625,16384,1536,83,2.5331938762849227,2.490640684795561,
3,32,128,4.0,0.08333333333333333,16384,1536,83,1.9434823986257217,1.8796526113916792,
3,32,192,6.0,0.125,16384,1536,83,1.3836122595271185,1.2772292808037142,
3,32,256,8.0,0.16666666666666666,16384,1536,83,1.2256418821530244,1.0767057119402583,
3,32,384,12.0,0.25,16384,1536,83,1.110552801022397,0.8765102478309077,
4,32,48,1.5,0.03125,16384,1536,83,10.515094172978793,10.504455875106453,
4,32,64,2.0,0.041666666666666664,16384,1536,83,7.331546486604099,7.310269890859418,
4,32,96,3.0,0.0625,16384,1536,83,3.918508544461049,3.8759553529716873,
4,32,128,4.0,0.08333333333333333,16384,1536,83,2.4400030061434466,2.376173218909404,
4,32,192,6.0,0.125,16384,1536,83,1.5644094573467051,1.4580264786233008,
4,32,256,8.0,0.16666666666666666,16384,1536,83,1.2741600046763,1.125223834463534,
4,32,384,12.0,0.25,16384,1536,83,1.1545781062513982,0.9205355530599089,
0,32,48,1.5,0.03125,16384,1536,84,2.8349393949878703,2.82430109711553,
0,32,64,2.0,0.041666666666666664,16384,1536,84,1.9428904172048018,1.921613821460121,
0,32,96,3.0,0.0625,16384,1536,84,1.4819596024287236,1.4394064109393618,
0,32,128,4.0,0.08333333333333333,16384,1536,84,1.307464479976133,1.2436346927420905,
0,32,192,6.0,0.125,16384,1536,84,1.1745207694266495,1.0681377907032452,
0,32,256,8.0,0.16666666666666666,16384,1536,84,1.119168015884734,0.970231845671968,
0,32,384,12.0,0.25,16384,1536,84,1.0692112309377722,0.8351686777462828,
2,32,48,1.5,0.03125,16384,1536,84,5.290979213168681,5.280340915296341,
2,32,64,2.0,0.041666666666666664,16384,1536,84,3.3128814799061965,3.2916048841615155,
2,32,96,3.0,0.0625,16384,1536,84,2.0058059605277245,1.9632527690383628,
2,32,128,4.0,0.08333333333333333,16384,1536,84,1.5380227245265135,1.474192937292471,
2,32,192,6.0,0.125,16384,1536,84,1.2621761296244842,1.15579315090108,
2,32,256,8.0,0.16666666666666666,16384,1536,84,1.1490266194969823,1.0000904492842162,
2,32,384,12.0,0.25,16384,1536,84,1.075607426199379,0.8415648730078897,
3,32,48,1.5,0.03125,16384,1536,84,8.729904604489429,8.719266306617088,
3,32,64,2.0,0.041666666666666664,16384,1536,84,5.542725029238779,5.521448433494099,
3,32,96,3.0,0.0625,16384,1536,84,2.6795514843045316,2.63699829281517,
3,32,128,4.0,0.08333333333333333,16384,1536,84,1.9364970676299027,1.8726672803958602,
3,32,192,6.0,0.125,16384,1536,84,1.410187676144462,1.3038046974210578,
3,32,256,8.0,0.16666666666666666,16384,1536,84,1.2517529718563738,1.1028168016436077,
3,32,384,12.0,0.25,16384,1536,84,1.1188949665269474,0.884852413335458,
4,32,48,1.5,0.03125,16384,1536,84,13.355002801561492,13.344364503689151,
4,32,64,2.0,0.041666666666666664,16384,1536,84,8.309247568983086,8.287970973238405,
4,32,96,3.0,0.0625,16384,1536,84,3.800395548496361,3.7578423570069996,
4,32,128,4.0,0.08333333333333333,16384,1536,84,2.4845228550685503,2.4206930678345078,
4,32,192,6.0,0.125,16384,1536,84,1.605739673861058,1.4993566951376538,
4,32,256,8.0,0.16666666666666666,16384,1536,84,1.3455377005694096,1.1966015303566437,
4,32,384,12.0,0.25,16384,1536,84,1.1452170240200408,0.9111744708285514,
0,32,48,1.5,0.03125,16384,1536,85,2.754678483869027,2.7440401859966865,
0,32,64,2.0,0.041666666666666664,16384,1536,85,1.9294290174783213,1.9081524217336405,
0,32,96,3.0,0.0625,16384,1536,85,1.4882487290842332,1.4456955375948715,
0,32,128,4.0,0.08333333333333333,16384,1536,85,1.3108684279691416,1.247038640735099,
0,32,192,6.0,0.125,16384,1536,85,1.1822063777467657,1.0758233990233614,
0,32,256,8.0,0.16666666666666666,16384,1536,85,1.1234629205054587,0.9745267502926928,
0,32,384,12.0,0.25,16384,1536,85,1.0706901454586333,0.8366475922671439,
2,32,48,1.5,0.03125,16384,1536,85,4.6901601689477435,4.679521871075403,
2,32,64,2.0,0.041666666666666664,16384,1536,85,2.809134379107356,2.787857783362675,
2,32,96,3.0,0.0625,16384,1536,85,1.7969682778783937,1.754415086389032,
2,32,128,4.0,0.08333333333333333,16384,1536,85,1.5076200489683322,1.4437902617342897,
2,32,192,6.0,0.125,16384,1536,85,1.2624556124526807,1.1560726337292764,
2,32,256,8.0,0.16666666666666666,16384,1536,85,1.1818666633259383,1.0329304931131724,
2,32,384,12.0,0.25,16384,1536,85,1.0919661305125359,0.8579235773210465,
3,32,48,1.5,0.03125,16384,1536,85,9.58676727273141,9.57612897485907,
3,32,64,2.0,0.041666666666666664,16384,1536,85,5.877753271272119,5.856476675527438,
3,32,96,3.0,0.0625,16384,1536,85,3.13394122464516,3.0913880331557984,
3,32,128,4.0,0.08333333333333333,16384,1536,85,2.041309920422595,1.9774801331885525,
3,32,192,6.0,0.125,16384,1536,85,1.4644773223562586,1.3580943436328543,
3,32,256,8.0,0.16666666666666666,16384,1536,85,1.2211368353736711,1.072200665160905,
3,32,384,12.0,0.25,16384,1536,85,1.1058627884429897,0.8718202352515003,
4,32,48,1.5,0.03125,16384,1536,85,11.013678935205172,11.003040637332832,
4,32,64,2.0,0.041666666666666664,16384,1536,85,6.778049445729545,6.7567728499848645,
4,32,96,3.0,0.0625,16384,1536,85,3.9362677210645387,3.893714529575177,
4,32,128,4.0,0.08333333333333333,16384,1536,85,2.255816721108264,2.1919869338742215,
4,32,192,6.0,0.125,16384,1536,85,1.6760288458153711,1.5696458670919669,
4,32,256,8.0,0.16666666666666666,16384,1536,85,1.3933175211731632,1.2443813509603974,
4,32,384,12.0,0.25,16384,1536,85,1.1647035736093807,0.9306610204178913,
0,32,48,1.5,0.03125,16384,1536,86,2.793299131029169,2.7826608331568288,
0,32,64,2.0,0.041666666666666664,16384,1536,86,1.983355743397206,1.9620791476525252,
0,32,96,3.0,0.0625,16384,1536,86,1.4669589895899544,1.4244057981005926,
0,32,128,4.0,0.08333333333333333,16384,1536,86,1.3090944659648378,1.2452646787307953,
0,32,192,6.0,0.125,16384,1536,86,1.1779404863505234,1.071557507627119,
0,32,256,8.0,0.16666666666666666,16384,1536,86,1.1175631823501235,0.9686270121373576,
0,32,384,12.0,0.25,16384,1536,86,1.0680817763276338,0.8340392231361444,
2,32,48,1.5,0.03125,16384,1536,86,5.591406695325016,5.580768397452676,
2,32,64,2.0,0.041666666666666664,16384,1536,86,3.198299655794601,3.17702306004992,
2,32,96,3.0,0.0625,16384,1536,86,1.7930041209867618,1.7504509294974,
2,32,128,4.0,0.08333333333333333,16384,1536,86,1.4578150800744258,1.3939852928403833,
2,32,192,6.0,0.125,16384,1536,86,1.2307991702554897,1.1244161915320854,
2,32,256,8.0,0.16666666666666666,16384,1536,86,1.1594490042647676,1.0105128340520015,
2,32,384,12.0,0.25,16384,1536,86,1.0812512572897524,0.847208704098263,
3,32,48,1.5,0.03125,16384,1536,86,5.456351879025879,5.445713581153539,
3,32,64,2.0,0.041666666666666664,16384,1536,86,3.5338803903784015,3.5126037946337205,
3,32,96,3.0,0.0625,16384,1536,86,2.169366561862802,2.1268133703734406,
3,32,128,4.0,0.08333333333333333,16384,1536,86,1.5945984507234998,1.5307686634894573,
3,32,192,6.0,0.125,16384,1536,86,1.2526776066381853,1.146294627914781,
3,32,256,8.0,0.16666666666666666,16384,1536,86,1.1528448244352871,1.003908654222521,
3,32,384,12.0,0.25,16384,1536,86,1.080027113820789,0.8459845606292997,
4,32,48,1.5,0.03125,16384,1536,86,12.401941224531372,12.391302926659032,
4,32,64,2.0,0.041666666666666664,16384,1536,86,8.260940268201074,8.239663672456393,
4,32,96,3.0,0.0625,16384,1536,86,4.341526546615864,4.298973355126502,
4,32,128,4.0,0.08333333333333333,16384,1536,86,2.9179078432110424,2.854078055977,
4,32,192,6.0,0.125,16384,1536,86,1.564368267311131,1.4579852885877267,
4,32,256,8.0,0.16666666666666666,16384,1536,86,1.3430587979882584,1.1941226277754926,
4,32,384,12.0,0.25,16384,1536,86,1.121247132554975,0.8872045793634857,
0,32,48,1.5,0.03125,16384,1536,87,2.9150554720211725,2.9044171741488323,
0,32,64,2.0,0.041666666666666664,16384,1536,87,2.0554682481758917,2.0341916524312107,
0,32,96,3.0,0.0625,16384,1536,87,1.492414635985693,1.4498614444963311,
0,32,128,4.0,0.08333333333333333,16384,1536,87,1.3175212839854367,1.2536914967513941,
0,32,192,6.0,0.125,16384,1536,87,1.1816951104186573,1.075312131695253,
0,32,256,8.0,0.16666666666666666,16384,1536,87,1.1217356522353203,0.9727994820225544,
0,32,384,12.0,0.25,16384,1536,87,1.069651921275176,0.8356093680836867,
2,32,48,1.5,0.03125,16384,1536,87,4.906849482113085,4.8962111842407445,
2,32,64,2.0,0.041666666666666664,16384,1536,87,3.2517861188094797,3.2305095230647987,
2,32,96,3.0,0.0625,16384,1536,87,1.8014330174097286,1.7588798259203668,
2,32,128,4.0,0.08333333333333333,16384,1536,87,1.4753173563426938,1.4114875691086513,
2,32,192,6.0,0.125,16384,1536,87,1.275257000507603,1.1688740217841986,
2,32,256,8.0,0.16666666666666666,16384,1536,87,1.17474639271828,1.025810222505514,
2,32,384,12.0,0.25,16384,1536,87,1.0913470819639697,0.8573045287724803,
3,32,48,1.5,0.03125,16384,1536,87,9.940954155017492,9.930315857145152,
3,32,64,2.0,0.041666666666666664,16384,1536,87,6.78386190859347,6.762585312848789,
3,32,96,3.0,0.0625,16384,1536,87,2.9503074045171402,2.9077542130277787,
3,32,128,4.0,0.08333333333333333,16384,1536,87,1.8258205549252253,1.7619907676911828,
3,32,192,6.0,0.125,16384,1536,87,1.3464194672608767,1.2400364885374724,
3,32,256,8.0,0.16666666666666666,16384,1536,87,1.2003864998946003,1.0514503296818343,
3,32,384,12.0,0.25,16384,1536,87,1.095266971197461,0.8612244180059716,
4,32,48,1.5,0.03125,16384,1536,87,10.090349200700611,10.079710902828271,
4,32,64,2.0,0.041666666666666664,16384,1536,87,7.561708681146627,7.540432085401947,
4,32,96,3.0,0.0625,16384,1536,87,3.6436975629915582,3.6011443715021967,
4,32,128,4.0,0.08333333333333333,16384,1536,87,2.5821573369559903,2.5183275497219477,
4,32,192,6.0,0.125,16384,1536,87,1.7130781750583464,1.606695196334942,
4,32,256,8.0,0.16666666666666666,16384,1536,87,1.3963033822439606,1.2473672120311945,
4,32,384,12.0,0.25,16384,1536,87,1.1574225205315685,0.9233799673400791,
0,32,48,1.5,0.03125,16384,1536,88,2.6446685513761263,2.634030253503786,
0,32,64,2.0,0.041666666666666664,16384,1536,88,1.8620282342552814,1.8407516385106006,
0,32,96,3.0,0.0625,16384,1536,88,1.4493330543059075,1.4067798628165458,
0,32,128,4.0,0.08333333333333333,16384,1536,88,1.3049860931766966,1.241156305942654,
0,32,192,6.0,0.125,16384,1536,88,1.1730252239575867,1.0666422452341824,
0,32,256,8.0,0.16666666666666666,16384,1536,88,1.1178686828812812,0.9689325126685152,
0,32,384,12.0,0.25,16384,1536,88,1.0687646768060004,0.834722123614511,
2,32,48,1.5,0.03125,16384,1536,88,5.593456990304711,5.582818692432371,
2,32,64,2.0,0.041666666666666664,16384,1536,88,3.143198869166596,3.121922273421915,
2,32,96,3.0,0.0625,16384,1536,88,1.791143558801502,1.7485903673121401,
2,32,128,4.0,0.08333333333333333,16384,1536,88,1.4407096202927085,1.376879833058666,
2,32,192,6.0,0.125,16384,1536,88,1.2394762258414136,1.1330932471180093,
2,32,256,8.0,0.16666666666666666,16384,1536,88,1.1415453897302006,0.9926092195174346,
2,32,384,12.0,0.25,16384,1536,88,1.0810688355867384,0.847026282395249,
3,32,48,1.5,0.03125,16384,1536,88,7.330071785467727,7.319433487595386,
3,32,64,2.0,0.041666666666666664,16384,1536,88,4.601985953490303,4.580709357745622,
3,32,96,3.0,0.0625,16384,1536,88,2.632793324534559,2.5902401330451976,
3,32,128,4.0,0.08333333333333333,16384,1536,88,1.9685313864530694,1.9047015992190268,
3,32,192,6.0,0.125,16384,1536,88,1.3868823631018448,1.2804993843784405,
3,32,256,8.0,0.16666666666666666,16384,1536,88,1.2124296287637923,1.0634934585510263,
3,32,384,12.0,0.25,16384,1536,88,1.1008927088056037,0.8668501556141144,
4,32,48,1.5,0.03125,16384,1536,88,12.87118203125257,12.86054373338023,
4,32,64,2.0,0.041666666666666664,16384,1536,88,8.332059573646887,8.310782977902207,
4,32,96,3.0,0.0625,16384,1536,88,3.2264937168988457,3.183940525409484,
4,32,128,4.0,0.08333333333333333,16384,1536,88,1.9770996397179745,1.913269852483932,
4,32,192,6.0,0.125,16384,1536,88,1.457752586384173,1.3513696076607686,
4,32,256,8.0,0.16666666666666666,16384,1536,88,1.2084264806856893,1.0594903104729232,
4,32,384,12.0,0.25,16384,1536,88,1.094833489209654,0.8607909360181647,
0,32,48,1.5,0.03125,16384,1536,89,2.9008549838060067,2.8902166859336664,
0,32,64,2.0,0.041666666666666664,16384,1536,89,1.9369281440143546,1.9156515482696739,
0,32,96,3.0,0.0625,16384,1536,89,1.4508089495529888,1.408255758063627,
0,32,128,4.0,0.08333333333333333,16384,1536,89,1.305470775451935,1.2416409882178925,
0,32,192,6.0,0.125,16384,1536,89,1.1758830689319613,1.069500090208557,
0,32,256,8.0,0.16666666666666666,16384,1536,89,1.1190061142724939,0.9700699440597279,
0,32,384,12.0,0.25,16384,1536,89,1.0686595655372355,0.8346170123457461,
2,32,48,1.5,0.03125,16384,1536,89,7.156134672921417,7.145496375049077,
2,32,64,2.0,0.041666666666666664,16384,1536,89,3.9946221835430404,3.9733455877983594,
2,32,96,3.0,0.0625,16384,1536,89,1.9678011598605647,1.925247968371203,
2,32,128,4.0,0.08333333333333333,16384,1536,89,1.499201275731594,1.4353714884975515,
2,32,192,6.0,0.125,16384,1536,89,1.2306070268395248,1.1242240481161205,
2,32,256,8.0,0.16666666666666666,16384,1536,89,1.1515039142331456,1.0025677440203795,
2,32,384,12.0,0.25,16384,1536,89,1.074237688605447,0.8401951354139576,
3,32,48,1.5,0.03125,16384,1536,89,8.665242374440268,8.654604076567928,
3,32,64,2.0,0.041666666666666664,16384,1536,89,5.657670599435508,5.636394003690827,
3,32,96,3.0,0.0625,16384,1536,89,2.9032985323245333,2.8607453408351717,
3,32,128,4.0,0.08333333333333333,16384,1536,89,1.8214687911553167,1.7576390039212741,
3,32,192,6.0,0.125,16384,1536,89,1.3575758610394975,1.2511928823160932,
3,32,256,8.0,0.16666666666666666,16384,1536,89,1.1786188108755729,1.029682640662807,
3,32,384,12.0,0.25,16384,1536,89,1.0899636516742575,0.8559210984827681,
4,32,48,1.5,0.03125,16384,1536,89,11.054059975675655,11.043421677803314,
4,32,64,2.0,0.041666666666666664,16384,1536,89,6.758518683585902,6.737242087841222,
4,32,96,3.0,0.0625,16384,1536,89,3.185922423273233,3.1433692317838715,
4,32,128,4.0,0.08333333333333333,16384,1536,89,2.1565884861471503,2.0927586989131077,
4,32,192,6.0,0.125,16384,1536,89,1.4790695840039583,1.372686605280554,
4,32,256,8.0,0.16666666666666666,16384,1536,89,1.2994844516428272,1.1505482814300612,
4,32,384,12.0,0.25,16384,1536,89,1.1420950427334593,0.9080524895419699,
0,32,48,1.5,0.03125,16384,1536,90,2.63525146463775,2.6246131667654096,
0,32,64,2.0,0.041666666666666664,16384,1536,90,1.8973118240883857,1.876035228343705,
0,32,96,3.0,0.0625,16384,1536,90,1.4345766568104048,1.392023465321043,
0,32,128,4.0,0.08333333333333333,16384,1536,90,1.288073969341661,1.2242441821076184,
0,32,192,6.0,0.125,16384,1536,90,1.1654481632232294,1.0590651844998251,
0,32,256,8.0,0.16666666666666666,16384,1536,90,1.1146388784248267,0.9657027082120607,
0,32,384,12.0,0.25,16384,1536,90,1.0673094385894735,0.8332668853979841,
2,32,48,1.5,0.03125,16384,1536,90,5.265376351820115,5.254738053947775,
2,32,64,2.0,0.041666666666666664,16384,1536,90,2.9485313928201684,2.9272547970754874,
2,32,96,3.0,0.0625,16384,1536,90,1.7505151529400522,1.7079619614506905,
2,32,128,4.0,0.08333333333333333,16384,1536,90,1.4303969036882414,1.3665671164541988,
2,32,192,6.0,0.125,16384,1536,90,1.2503349342827554,1.1439519555593511,
2,32,256,8.0,0.16666666666666666,16384,1536,90,1.1561751133697267,1.0072389431569606,
2,32,384,12.0,0.25,16384,1536,90,1.077556314454944,0.8435137612634547,
3,32,48,1.5,0.03125,16384,1536,90,9.687433643998606,9.676795346126266,
3,32,64,2.0,0.041666666666666664,16384,1536,90,6.242194572795401,6.22091797705072,
3,32,96,3.0,0.0625,16384,1536,90,3.2209897888367123,3.1784365973473507,
3,32,128,4.0,0.08333333333333333,16384,1536,90,2.004655391615447,1.9408256043814043,
3,32,192,6.0,0.125,16384,1536,90,1.4184972450280118,1.3121142663046075,
3,32,256,8.0,0.16666666666666666,16384,1536,90,1.2745700436515817,1.1256338734388156,
3,32,384,12.0,0.25,16384,1536,90,1.1359556722761777,0.9019131190846883,
4,32,48,1.5,0.03125,16384,1536,90,10.890767963065244,10.880129665192904,
4,32,64,2.0,0.041666666666666664,16384,1536,90,6.685481030276139,6.664204434531459,
4,32,96,3.0,0.0625,16384,1536,90,2.950018062542841,2.9074648710534796,
4,32,128,4.0,0.08333333333333333,16384,1536,90,2.13291052739783,2.0690807401637876,
4,32,192,6.0,0.125,16384,1536,90,1.488025877718164,1.3816428989947598,
4,32,256,8.0,0.16666666666666666,16384,1536,90,1.2275664650551779,1.0786302948424118,
4,32,384,12.0,0.25,16384,1536,90,1.1051770776347318,0.8711345244432425,
0,32,48,1.5,0.03125,16384,1536,91,2.783912360486655,2.773274062614315,
0,32,64,2.0,0.041666666666666664,16384,1536,91,1.8750089039081792,1.8537323081634984,
0,32,96,3.0,0.0625,16384,1536,91,1.449382405641046,1.4068292141516843,
0,32,128,4.0,0.08333333333333333,16384,1536,91,1.3063387888179112,1.2425090015838687,
0,32,192,6.0,0.125,16384,1536,91,1.1755241367768643,1.06914115805346,
0,32,256,8.0,0.16666666666666666,16384,1536,91,1.1192719044676716,0.9703357342549056,
0,32,384,12.0,0.25,16384,1536,91,1.0686483470853125,0.8346057938938232,
2,32,48,1.5,0.03125,16384,1536,91,5.164056563041292,5.153418265168952,
2,32,64,2.0,0.041666666666666664,16384,1536,91,2.6908580706632237,2.6695814749185427,
2,32,96,3.0,0.0625,16384,1536,91,1.7779858664116603,1.7354326749222986,
2,32,128,4.0,0.08333333333333333,16384,1536,91,1.456457506446669,1.3926277192126264,
2,32,192,6.0,0.125,16384,1536,91,1.2434511285081027,1.1370681497846984,
2,32,256,8.0,0.16666666666666666,16384,1536,91,1.1633887059256172,1.0144525357128513,
2,32,384,12.0,0.25,16384,1536,91,1.0853561684082196,0.8513136152167302,
3,32,48,1.5,0.03125,16384,1536,91,8.165389262036122,8.154750964163782,
3,32,64,2.0,0.041666666666666664,16384,1536,91,4.304072048930436,4.282795453185756,
3,32,96,3.0,0.0625,16384,1536,91,2.0605939091371175,2.018040717647756,
3,32,128,4.0,0.08333333333333333,16384,1536,91,1.5474416906935076,1.483611903459465,
3,32,192,6.0,0.125,16384,1536,91,1.3062979023720485,1.1999149236486442,
3,32,256,8.0,0.16666666666666666,16384,1536,91,1.200290661012594,1.0513544907998282,
3,32,384,12.0,0.25,16384,1536,91,1.0868112807694115,0.8527687275779221,
4,32,48,1.5,0.03125,16384,1536,91,13.430741449974478,13.420103152102138,
4,32,64,2.0,0.041666666666666664,16384,1536,91,9.81614671655755,9.794870120812869,
4,32,96,3.0,0.0625,16384,1536,91,5.3336492994950335,5.2910961080056715,
4,32,128,4.0,0.08333333333333333,16384,1536,91,2.8555342193206608,2.7917044320866182,
4,32,192,6.0,0.125,16384,1536,91,1.585448645744714,1.4790656670213096,
4,32,256,8.0,0.16666666666666666,16384,1536,91,1.244357491373535,1.095421321160769,
4,32,384,12.0,0.25,16384,1536,91,1.1300653211455158,0.8960227679540265,
0,32,48,1.5,0.03125,16384,1536,92,2.7926675922905826,2.7820292944182423,
0,32,64,2.0,0.041666666666666664,16384,1536,92,1.94850801325529,1.9272314175106093,
0,32,96,3.0,0.0625,16384,1536,92,1.472203230997131,1.4296500395077691,
0,32,128,4.0,0.08333333333333333,16384,1536,92,1.3049771342578722,1.2411473470238297,
0,32,192,6.0,0.125,16384,1536,92,1.180497805713067,1.0741148269896628,
0,32,256,8.0,0.16666666666666666,16384,1536,92,1.1207256756810509,0.9717895054682849,
0,32,384,12.0,0.25,16384,1536,92,1.06894520849992,0.8349026553084307,
2,32,48,1.5,0.03125,16384,1536,92,5.310678993075318,5.300040695202978,
2,32,64,2.0,0.041666666666666664,16384,1536,92,2.864376542647819,2.843099946903138,
2,32,96,3.0,0.0625,16384,1536,92,1.8158168409453979,1.773263649456036,
2,32,128,4.0,0.08333333333333333,16384,1536,92,1.4857786309877272,1.4219488437536847,
2,32,192,6.0,0.125,16384,1536,92,1.2699277455271953,1.163544766803791,
2,32,256,8.0,0.16666666666666666,16384,1536,92,1.1574046294724738,1.0084684592597077,
2,32,384,12.0,0.25,16384,1536,92,1.080538933904794,0.8464963807133046,
3,32,48,1.5,0.03125,16384,1536,92,10.922562041485062,10.911923743612721,
3,32,64,2.0,0.041666666666666664,16384,1536,92,6.359614409990113,6.338337814245432,
3,32,96,3.0,0.0625,16384,1536,92,3.4047021853237855,3.362148993834424,
3,32,128,4.0,0.08333333333333333,16384,1536,92,2.180589291127742,2.1167595038936993,
3,32,192,6.0,0.125,16384,1536,92,1.6872983253929519,1.5809153466695476,
3,32,256,8.0,0.16666666666666666,16384,1536,92,1.3047789775279353,1.1558428073151692,
3,32,384,12.0,0.25,16384,1536,92,1.1227459690967094,0.8887034159052201,
4,32,48,1.5,0.03125,16384,1536,92,11.189741368464635,11.179103070592294,
4,32,64,2.0,0.041666666666666664,16384,1536,92,8.436542256167144,8.415265660422463,
4,32,96,3.0,0.0625,16384,1536,92,2.8760035461406446,2.833450354651283,
4,32,128,4.0,0.08333333333333333,16384,1536,92,1.9510103527999205,1.887180565565878,
4,32,192,6.0,0.125,16384,1536,92,1.487484216948988,1.3811012382255836,
4,32,256,8.0,0.16666666666666666,16384,1536,92,1.3075584441326997,1.1586222739199337,
4,32,384,12.0,0.25,16384,1536,92,1.1251878400649062,0.8911452868734169,
0,32,48,1.5,0.03125,16384,1536,93,2.7540834847433193,2.743445186870979,
0,32,64,2.0,0.041666666666666664,16384,1536,93,1.9883811357330679,1.967104539988387,
0,32,96,3.0,0.0625,16384,1536,93,1.4766845563045545,1.4341313648151928,
0,32,128,4.0,0.08333333333333333,16384,1536,93,1.3195595409196947,1.2557297536856522,
0,32,192,6.0,0.125,16384,1536,93,1.1869926222141076,1.0806096434907033,
0,32,256,8.0,0.16666666666666666,16384,1536,93,1.126231254487222,0.977295084274456,
0,32,384,12.0,0.25,16384,1536,93,1.0707424316142515,0.8366998784227622,
2,32,48,1.5,0.03125,16384,1536,93,5.242683949676597,5.232045651804257,
2,32,64,2.0,0.041666666666666664,16384,1536,93,3.4830798650634067,3.4618032693187257,
2,32,96,3.0,0.0625,16384,1536,93,1.8689299053506552,1.8263767138612934,
2,32,128,4.0,0.08333333333333333,16384,1536,93,1.486065671947353,1.4222358847133105,
2,32,192,6.0,0.125,16384,1536,93,1.2582554659449505,1.1518724872215462,
2,32,256,8.0,0.16666666666666666,16384,1536,93,1.1607898054094234,1.0118536351966574,
2,32,384,12.0,0.25,16384,1536,93,1.0808955037942767,0.8468529506027873,
3,32,48,1.5,0.03125,16384,1536,93,7.5527323009846175,7.542094003112277,
3,32,64,2.0,0.041666666666666664,16384,1536,93,4.725757870874336,4.704481275129655,
3,32,96,3.0,0.0625,16384,1536,93,2.43692668234719,2.3943734908578285,
3,32,128,4.0,0.08333333333333333,16384,1536,93,1.7558779353281446,1.692048148094102,
3,32,192,6.0,0.125,16384,1536,93,1.3669837403303156,1.2606007616069113,
3,32,256,8.0,0.16666666666666666,16384,1536,93,1.2185200861686463,1.0695839159558802,
3,32,384,12.0,0.25,16384,1536,93,1.1076262275866178,0.8735836743951284,
4,32,48,1.5,0.03125,16384,1536,93,10.356105787252114,10.345467489379773,
4,32,64,2.0,0.041666666666666664,16384,1536,93,7.569210619217942,7.547934023473261,
4,32,96,3.0,0.0625,16384,1536,93,4.231560937657235,4.189007746167873,
4,32,128,4.0,0.08333333333333333,16384,1536,93,2.4791844664886087,2.415354679254566,
4,32,192,6.0,0.125,16384,1536,93,1.6159635242251462,1.509580545501742,
4,32,256,8.0,0.16666666666666666,16384,1536,93,1.328995003711857,1.180058833499091,
4,32,384,12.0,0.25,16384,1536,93,1.1218046545482119,0.8877621013567225,
0,32,48,1.5,0.03125,16384,1536,94,2.8725358314480163,2.861897533575676,
0,32,64,2.0,0.041666666666666664,16384,1536,94,1.9575224962419395,1.9362459004972588,
0,32,96,3.0,0.0625,16384,1536,94,1.483880120407412,1.4413269289180501,
0,32,128,4.0,0.08333333333333333,16384,1536,94,1.3083962542869585,1.244566467052916,
0,32,192,6.0,0.125,16384,1536,94,1.1765366220856164,1.070153643362212,
0,32,256,8.0,0.16666666666666666,16384,1536,94,1.1195839600805866,0.9706477898678206,
0,32,384,12.0,0.25,16384,1536,94,1.070021388147307,0.8359788349558177,
2,32,48,1.5,0.03125,16384,1536,94,5.694862560723468,5.684224262851128,
2,32,64,2.0,0.041666666666666664,16384,1536,94,3.2295010113974927,3.2082244156528117,
2,32,96,3.0,0.0625,16384,1536,94,1.9131959896430246,1.8706427981536629,
2,32,128,4.0,0.08333333333333333,16384,1536,94,1.4959802866819327,1.4321504994478902,
2,32,192,6.0,0.125,16384,1536,94,1.2237024478520322,1.117319469128628,
2,32,256,8.0,0.16666666666666666,16384,1536,94,1.1305202630409354,0.9815840928281695,
2,32,384,12.0,0.25,16384,1536,94,1.0769518294230642,0.8429092762315749,
3,32,48,1.5,0.03125,16384,1536,94,6.93905559737798,6.9284172995056394,
3,32,64,2.0,0.041666666666666664,16384,1536,94,4.634433515999554,4.613156920254873,
3,32,96,3.0,0.0625,16384,1536,94,2.215281611933127,2.1727284204437654,
3,32,128,4.0,0.08333333333333333,16384,1536,94,1.7109378916384983,1.6471081044044558,
3,32,192,6.0,0.125,16384,1536,94,1.406358722001281,1.2999757432778767,
3,32,256,8.0,0.16666666666666666,16384,1536,94,1.2485064485279862,1.0995702783152201,
3,32,384,12.0,0.25,16384,1536,94,1.1219980789506683,0.8879555257591789,
4,32,48,1.5,0.03125,16384,1536,94,10.320161071365979,10.309522773493638,
4,32,64,2.0,0.041666666666666664,16384,1536,94,7.0755017290729905,7.05422513332831,
4,32,96,3.0,0.0625,16384,1536,94,4.056879813108445,4.014326621619083,
4,32,128,4.0,0.08333333333333333,16384,1536,94,2.4940501429932613,2.430220355759219,
4,32,192,6.0,0.125,16384,1536,94,1.6201830363325334,1.513800057609129,
4,32,256,8.0,0.16666666666666666,16384,1536,94,1.329293093858536,1.1803569236457698,
4,32,384,12.0,0.25,16384,1536,94,1.1286745192286145,0.8946319660371251,
0,32,48,1.5,0.03125,16384,1536,95,2.614309231175465,2.6036709333031247,
0,32,64,2.0,0.041666666666666664,16384,1536,95,1.9519667834344714,1.9306901876897906,
0,32,96,3.0,0.0625,16384,1536,95,1.4695202920675003,1.4269671005781386,
0,32,128,4.0,0.08333333333333333,16384,1536,95,1.3170551150774834,1.2532253278434409,
0,32,192,6.0,0.125,16384,1536,95,1.1768074071218244,1.0704244283984201,
0,32,256,8.0,0.16666666666666666,16384,1536,95,1.1208556750171952,0.9719195048044292,
0,32,384,12.0,0.25,16384,1536,95,1.0706095869462464,0.836567033754757,
2,32,48,1.5,0.03125,16384,1536,95,6.516275990075459,6.505637692203119,
2,32,64,2.0,0.041666666666666664,16384,1536,95,3.6298366592514313,3.6085600635067503,
2,32,96,3.0,0.0625,16384,1536,95,2.0945069251738095,2.051953733684448,
2,32,128,4.0,0.08333333333333333,16384,1536,95,1.5866886175570691,1.5228588303230266,
2,32,192,6.0,0.125,16384,1536,95,1.269875588668203,1.1634926099447986,
2,32,256,8.0,0.16666666666666666,16384,1536,95,1.164908226602406,1.0159720563896402,
2,32,384,12.0,0.25,16384,1536,95,1.0904972274360203,0.8564546742445309,
3,32,48,1.5,0.03125,16384,1536,95,9.467492754918169,9.456854457045829,
3,32,64,2.0,0.041666666666666664,16384,1536,95,6.2381932862627805,6.2169166905181,
3,32,96,3.0,0.0625,16384,1536,95,2.6574026490642595,2.614849457574898,
3,32,128,4.0,0.08333333333333333,16384,1536,95,1.7819665955879374,1.7181368083538948,
3,32,192,6.0,0.125,16384,1536,95,1.4130409460965339,1.3066579673731296,
3,32,256,8.0,0.16666666666666666,16384,1536,95,1.2518105872860474,1.1028744170732816,
3,32,384,12.0,0.25,16384,1536,95,1.1193958817681378,0.8853533285766484,
4,32,48,1.5,0.03125,16384,1536,95,11.414085630421969,11.403447332549629,
4,32,64,2.0,0.041666666666666664,16384,1536,95,7.812759056198207,7.791482460453526,
4,32,96,3.0,0.0625,16384,1536,95,3.147454056545142,3.1049008650557806,
4,32,128,4.0,0.08333333333333333,16384,1536,95,1.909404917940079,1.8455751307060364,
4,32,192,6.0,0.125,16384,1536,95,1.47048668340761,1.3641037046842057,
4,32,256,8.0,0.16666666666666666,16384,1536,95,1.2914054076866424,1.1424692374738763,
4,32,384,12.0,0.25,16384,1536,95,1.1335412061242685,0.8994986529327791,
