d,m,trial,tail_cholesky_diagonal_ratio,head_cholesky_diagonal_ratio,qr_error_difference,qr_rank_margin
0,48,0,0.9320660053792283,0.45463494910893526,4.440892098500626e-16,0.19585202149615324
0,64,0,0.9151835080485644,0.594715896974683,2.220446049250313e-16,0.1769674475336983
0,96,0,0.870520951463447,0.7231553046301598,2.220446049250313e-16,0.14700355313413999
0,128,0,0.8252164605341964,0.7364335994450677,1.7763568394002505e-15,0.1344505310846286
0,192,0,0.7242347794238537,0.7774913476390731,1.1102230246251565e-15,0.11357374883824692
0,256,0,0.6188394520746429,0.7911903767012859,4.218847493575595e-15,0.09912775854433048
0,384,0,0.328202169854178,0.6378155208075925,1.7763568394002505e-15,0.0638197191334212
2,48,0,0.9224139945670702,0.3357394334822538,,
2,64,0,0.9224139945670701,0.3517541416979666,,
2,96,0,0.8704838778760043,0.46775667480252736,,
2,128,0,0.8101818309953697,0.4147481306513807,,
2,192,0,0.711799296463595,0.5674310674972567,,
2,256,0,0.5970701504852926,0.6436131652078679,,
2,384,0,0.34782878201805173,0.5509085601638194,,
3,48,0,0.9439722212194183,0.17971025136607516,,
3,64,0,0.8977949322032736,0.1987543384844667,,
3,96,0,0.8727561462540341,0.2927091153850785,,
3,128,0,0.8238558913219612,0.31950772317053155,,
3,192,0,0.6991210885564465,0.44020083699392126,,
3,256,0,0.6152216517663258,0.47271332122335147,,
3,384,0,0.3699458744048954,0.4837369748567477,,
4,48,0,0.9320424111126945,0.27000080984444863,1.5987211554602254e-14,0.07914275810569021
4,64,0,0.8942544626053721,0.21590749926310326,2.1316282072803006e-14,0.07777892525043263
4,96,0,0.8591598913280204,0.28366131059640215,6.217248937900877e-15,0.07569648772393368
4,128,0,0.8106116482000426,0.4211419362951901,1.7763568394002505e-15,0.07169750404300232
4,192,0,0.7301908748507344,0.43220380577340617,8.881784197001252e-16,0.06449255066842602
4,256,0,0.615392585152274,0.465629029429468,2.220446049250313e-15,0.055704361346435964
4,384,0,0.3198720670552609,0.4214606209696363,1.7763568394002505e-15,0.0361690464175537
0,48,1,0.9353228652741113,0.338101469887291,,
0,64,1,0.9101115905424085,0.4587718353055586,,
0,96,1,0.8614991998816364,0.5875437849163702,,
0,128,1,0.8152025639487008,0.627225518404457,,
0,192,1,0.7160845412596725,0.6710554248327456,,
0,256,1,0.6365755849738336,0.6805597621902166,,
0,384,1,0.35790725397597783,0.6639419663640774,,
2,48,1,0.9275031457628744,0.31282683888214075,,
2,64,1,0.9077465737189283,0.3520076019079757,,
2,96,1,0.8719297203706418,0.4689142523266278,,
2,128,1,0.8254056407634228,0.5112817482691091,,
2,192,1,0.7303141873776038,0.6910055728747141,,
2,256,1,0.6294776709013957,0.7002857828157565,,
2,384,1,0.29489738662041454,0.6049879538889131,,
3,48,1,0.9351729563232641,0.2556100500006513,,
3,64,1,0.9095203330815541,0.29022757219730844,,
3,96,1,0.861480882787638,0.4039998193523965,,
3,128,1,0.8075907959442474,0.45753441524619165,,
3,192,1,0.719788667900462,0.5103393736268645,,
3,256,1,0.6226271994746477,0.5325428890178692,,
3,384,1,0.3537743396170924,0.5125911995137913,,
4,48,1,0.9260795586144596,0.21793812125375428,,
4,64,1,0.9113877116095399,0.19088931130165115,,
4,96,1,0.8698136039619849,0.25405970463382294,,
4,128,1,0.7971518090654502,0.3200942437906893,,
4,192,1,0.7327813417244298,0.38115590402791577,,
4,256,1,0.6413006031481517,0.4798105735676404,,
4,384,1,0.32369680664010764,0.33472578629568545,,
0,48,2,0.9297674360857885,0.3690620084617787,,
0,64,2,0.9276052249232873,0.5009916799474857,,
0,96,2,0.8611639108801109,0.6222729364270173,,
0,128,2,0.8257142219169075,0.6604034692228227,,
0,192,2,0.7371496494799437,0.6999087960244704,,
0,256,2,0.6379931377464747,0.7323739698026125,,
0,384,2,0.3745371620604483,0.6388645599718767,,
2,48,2,0.9428901015572541,0.2543370630971096,,
2,64,2,0.9161214561143181,0.32978541852216847,,
2,96,2,0.877026545261788,0.4643363207689979,,
2,128,2,0.8188075643909913,0.5049436451799043,,
2,192,2,0.7217809151696148,0.5951077453690077,,
2,256,2,0.6018829627531161,0.6070546319123556,,
2,384,2,0.3390221456841543,0.5672783467746628,,
3,48,2,0.9230436876075495,0.1591024903394006,,
3,64,2,0.8940110696050643,0.1817749831239818,,
3,96,2,0.8812900078612035,0.3237231071526784,,
3,128,2,0.829656631374057,0.37870115339413557,,
3,192,2,0.7088154291981282,0.3928636562973617,,
3,256,2,0.6277182915167044,0.4570963566995426,,
3,384,2,0.3667090434051715,0.5556617232051098,,
4,48,2,0.9329884250457957,0.22562544523185366,,
4,64,2,0.9208915335019956,0.19391132825913973,,
4,96,2,0.862580409249289,0.27050486556446646,,
4,128,2,0.8157061925806554,0.327691221670292,,
4,192,2,0.7277200555344301,0.4311205021181008,,
4,256,2,0.6236219511639163,0.44617127201631257,,
4,384,2,0.3382826116466136,0.48589127972918106,,
0,48,3,0.9345536079231992,0.4668993661542959,,
0,64,3,0.902935780502828,0.5373375435263642,,
0,96,3,0.8648530850124405,0.6020416072645308,,
0,128,3,0.8054532024161007,0.6412287709241034,,
0,192,3,0.7371447296958941,0.732493514378225,,
0,256,3,0.603898523080443,0.7459599699859478,,
0,384,3,0.3125861101000209,0.6432429664737491,,
2,48,3,0.9386469075061515,0.2766941188035922,,
2,64,3,0.9132276959627135,0.396202209317701,,
2,96,3,0.8640010383087012,0.43481586216970514,,
2,128,3,0.8283135710901145,0.5248778482079897,,
2,192,3,0.7188134912677235,0.5875419190232294,,
2,256,3,0.6309384095528109,0.6307099410294943,,
2,384,3,0.36400524328569095,0.5606678106021946,,
3,48,3,0.9410345059802884,0.15709059502169953,,
3,64,3,0.9142415320742786,0.1833392786284846,,
3,96,3,0.8653866226186265,0.2516682635108719,,
3,128,3,0.8118394959774606,0.3452655323485029,,
3,192,3,0.7309179877054399,0.44095080740489934,,
3,256,3,0.6334326624427434,0.5228568107008489,,
3,384,3,0.3418621563528669,0.5243604292394325,,
4,48,3,0.938329549342164,0.14792320676078272,,
4,64,3,0.9241209090414082,0.16448414897201447,,
4,96,3,0.865242642089927,0.19706343758920533,,
4,128,3,0.8264502639330753,0.21645618872581432,,
4,192,3,0.7268331636048949,0.3030912256494364,,
4,256,3,0.606166646836976,0.3814022700753936,,
4,384,3,0.32615580057978627,0.33744446909407994,,
0,48,4,0.9365075687820479,0.5066578058371294,,
0,64,4,0.9090269900730062,0.5931170270829905,,
0,96,4,0.8693843866691948,0.6716430638479657,,
0,128,4,0.8360758976344739,0.7182572333275641,,
0,192,4,0.7364726959115105,0.7802208796716517,,
0,256,4,0.6276897593655383,0.7589402119569835,,
0,384,4,0.3111107087135272,0.6320871083982285,,
2,48,4,0.931574476174714,0.34383408144452715,,
2,64,4,0.9174008312006142,0.36898652717367025,,
2,96,4,0.8828103156181645,0.5316269349953422,,
2,128,4,0.8207868591366163,0.6155500888617501,,
2,192,4,0.6953533988547563,0.6422241165633639,,
2,256,4,0.6247474382719239,0.6191781444593599,,
2,384,4,0.337619404316253,0.5628259699177106,,
3,48,4,0.9304827213991345,0.27669008393579225,,
3,64,4,0.9018502194525422,0.24955859715508094,,
3,96,4,0.8611499962861203,0.445194130781006,,
3,128,4,0.8028996957425656,0.5042981074323009,,
3,192,4,0.7308614436405184,0.5303827050073545,,
3,256,4,0.606073445957502,0.6177855415954572,,
3,384,4,0.328523140059179,0.5426901005671404,,
4,48,4,0.937637811978581,0.19364685212695998,,
4,64,4,0.9136876904750512,0.2108017876552036,,
4,96,4,0.8370405427733613,0.2834904847542878,,
4,128,4,0.8045337026563972,0.29238086114986733,,
4,192,4,0.7237829542175236,0.36890916434269894,,
4,256,4,0.6329850091292608,0.38706719288842456,,
4,384,4,0.3591940901658247,0.39221472188186896,,
0,48,5,0.9414785211767754,0.4769961579572156,,
0,64,5,0.8977761906368477,0.5848616108923176,,
0,96,5,0.8621726699613143,0.625376667808933,,
0,128,5,0.8238632825438648,0.6706952074640833,,
0,192,5,0.7447781762307535,0.7294112338914361,,
0,256,5,0.630684663743101,0.7081138695070659,,
0,384,5,0.32682036127498326,0.5892804505251551,,
2,48,5,0.9206199176116229,0.2057779132696807,,
2,64,5,0.9055110675871942,0.24343272435447427,,
2,96,5,0.8675463186042357,0.4237122600433112,,
2,128,5,0.8324683497562307,0.466288822478816,,
2,192,5,0.7340198491700187,0.6059268162632656,,
2,256,5,0.6353725870732075,0.6636832831378253,,
2,384,5,0.3293791163809063,0.5876682065984551,,
3,48,5,0.9202847231743584,0.24128148267795543,,
3,64,5,0.9130476926261728,0.21731732099653656,,
3,96,5,0.8485582147383431,0.30339341546889137,,
3,128,5,0.7993091438467155,0.3434427013878601,,
3,192,5,0.7228215010406859,0.4335221848269118,,
3,256,5,0.6221120700413816,0.5198952619354575,,
3,384,5,0.37018859072425075,0.4639821867747837,,
4,48,5,0.9319569629386079,0.27265330108505226,,
4,64,5,0.9035433347742018,0.15093557593719498,,
4,96,5,0.8699682459678297,0.1887192803640325,,
4,128,5,0.8188759313793339,0.2601663322673562,,
4,192,5,0.7285671979064193,0.35204764242295966,,
4,256,5,0.6491950402900516,0.39620583298545353,,
4,384,5,0.33703770076501327,0.4069038397711547,,
0,48,6,0.9367365149332281,0.5086976774690892,,
0,64,6,0.9170111303413558,0.587285988569552,,
0,96,6,0.867141468229513,0.6297761899785984,,
0,128,6,0.8319076793207781,0.6466084979587151,,
0,192,6,0.7350350483849025,0.7290191049218364,,
0,256,6,0.5999446106239799,0.7867274533521093,,
0,384,6,0.3564808769842574,0.6006846535868112,,
2,48,6,0.9373599708503437,0.2705592097128993,,
2,64,6,0.9191041422012554,0.39626229159023874,,
2,96,6,0.8745549648909888,0.4425695235401256,,
2,128,6,0.8320963278270599,0.5138204158349541,,
2,192,6,0.7144458883465692,0.5887211281904121,,
2,256,6,0.6220319897281419,0.616908521695511,,
2,384,6,0.3217648482917996,0.5645115607139932,,
3,48,6,0.9306255084945568,0.276357887971109,,
3,64,6,0.9213251029217697,0.36121766669151356,,
3,96,6,0.8783847057211699,0.33463790262233484,,
3,128,6,0.8162926095824522,0.32659241758058466,,
3,192,6,0.7250299080183034,0.4057313680643767,,
3,256,6,0.6095871481108347,0.4595146130278927,,
3,384,6,0.3410687808074604,0.5176929257195307,,
4,48,6,0.9329261214970719,0.20998651781426037,,
4,64,6,0.9108210183684311,0.27631851218175757,,
4,96,6,0.8787023546637595,0.2803793267097541,,
4,128,6,0.8132877169416458,0.3757360283890576,,
4,192,6,0.7153902705746951,0.31968665448748024,,
4,256,6,0.626737264886579,0.4156961280316553,,
4,384,6,0.33869023985608626,0.41717618183752503,,
0,48,7,0.93775246488392,0.4607749823793078,,
0,64,7,0.903958690232045,0.5064769963551186,,
0,96,7,0.8534405977440019,0.6246086167030264,,
0,128,7,0.8207719041515407,0.669880696133387,,
0,192,7,0.7475462076242488,0.6973670631364992,,
0,256,7,0.6027635214633086,0.7312874386068298,,
0,384,7,0.35468822505481534,0.6619185645544673,,
2,48,7,0.9447711467303348,0.2813978344562176,,
2,64,7,0.9160526951021207,0.336688549739849,,
2,96,7,0.8816524605956595,0.47990966307995114,,
2,128,7,0.8115506524527821,0.584483772453357,,
2,192,7,0.719283707653427,0.6250792815496008,,
2,256,7,0.6239518582809919,0.6078834652931664,,
2,384,7,0.3445901002711324,0.5553332876840562,,
3,48,7,0.92395877692926,0.2733871587690142,,
3,64,7,0.913647551976786,0.2745053231666049,,
3,96,7,0.8797434609839566,0.3087172556797583,,
3,128,7,0.8308787613141907,0.3648879199740946,,
3,192,7,0.7249348617379795,0.48810448915506827,,
3,256,7,0.6414484064509816,0.5272352833104131,,
3,384,7,0.34014940802180266,0.5057363876320583,,
4,48,7,0.9394202835343055,0.1571904352181969,,
4,64,7,0.9045518199423576,0.14530740092252104,,
4,96,7,0.8774862275530454,0.18634465538935407,,
4,128,7,0.8285315716764772,0.302841376720286,,
4,192,7,0.7059792491102003,0.38641458031416576,,
4,256,7,0.6106686859547128,0.3843217268350942,,
4,384,7,0.33693392698906466,0.36327283266301424,,
0,48,8,0.9283811940693416,0.4192513714314843,,
0,64,8,0.9140260448836399,0.5315734180490007,,
0,96,8,0.8817071625699496,0.6613694143434931,,
0,128,8,0.8241943373559774,0.6873559129483636,,
0,192,8,0.7352682681244012,0.749816536420083,,
0,256,8,0.6004816537873922,0.7780825225514979,,
0,384,8,0.3714455822692948,0.5781614536609091,,
2,48,8,0.931263000307007,0.22902279275237977,,
2,64,8,0.9095441900822007,0.37098851575119635,,
2,96,8,0.8748893287529387,0.4984940367592268,,
2,128,8,0.811156520714683,0.49421962251680973,,
2,192,8,0.7471079976861951,0.6008727398011229,,
2,256,8,0.62367996292746,0.6517459759755656,,
2,384,8,0.3458479194636422,0.5479835244682955,,
3,48,8,0.9312152133473104,0.16287947097263653,,
3,64,8,0.9131440915860576,0.18707484800503507,,
3,96,8,0.8767562204686843,0.236463428489064,,
3,128,8,0.8190804949252553,0.2734159233426757,,
3,192,8,0.7194738275641241,0.4400342795470638,,
3,256,8,0.6449823729742228,0.4965363829722346,,
3,384,8,0.3276224911022524,0.5131158766197256,,
4,48,8,0.9405130327052718,0.111017801815084,,
4,64,8,0.9127157224319855,0.13682859884051002,,
4,96,8,0.8831687732686225,0.22681545544626547,,
4,128,8,0.8222692592389564,0.25062027905599404,,
4,192,8,0.726622354790669,0.33312705088426875,,
4,256,8,0.6420026122474787,0.424010726781362,,
4,384,8,0.35057774187888596,0.4465328206203828,,
0,48,9,0.9244109778031817,0.49647613657146333,,
0,64,9,0.9138271577447008,0.6333254794900092,,
0,96,9,0.8634069998400531,0.6669279297910539,,
0,128,9,0.8177717404437511,0.6724242056038625,,
0,192,9,0.7264903033626119,0.700590067588909,,
0,256,9,0.6291347334938084,0.7215687086506696,,
0,384,9,0.3555313485483644,0.6837229699520416,,
2,48,9,0.9288707816648941,0.24867722935616293,,
2,64,9,0.9080835308054588,0.33495357366249523,,
2,96,9,0.8858436443330664,0.46753520215678357,,
2,128,9,0.8239266311930525,0.47682036763034236,,
2,192,9,0.7453358577278584,0.5506502660586318,,
2,256,9,0.6276042956622533,0.5599845132237361,,
2,384,9,0.34235864187180987,0.503240946469534,,
3,48,9,0.9373599618011824,0.1662380440454826,,
3,64,9,0.8781159419672622,0.20304476916282346,,
3,96,9,0.8682771318907283,0.27105880331783877,,
3,128,9,0.8320203648848896,0.37111195472431885,,
3,192,9,0.741170075081455,0.4639197052937808,,
3,256,9,0.5986194769505986,0.5193248362087255,,
3,384,9,0.3169427299801261,0.46915546075687936,,
4,48,9,0.9482257489391898,0.1917730654890148,,
4,64,9,0.891735507734544,0.1914958041571027,,
4,96,9,0.8655830693330253,0.27252489457932944,,
4,128,9,0.8251230747057297,0.2882903459785881,,
4,192,9,0.7247844502043534,0.362600985878843,,
4,256,9,0.6219705592604445,0.39575142272349856,,
4,384,9,0.34314581860720916,0.37144143954047193,,
0,48,10,0.9249892411734947,0.5284832064406128,,
0,64,10,0.8986034266578394,0.566037655626841,,
0,96,10,0.8737791261783973,0.6771407270329161,,
0,128,10,0.8161310294342846,0.688198733612582,,
0,192,10,0.709800017223717,0.7264100355342884,,
0,256,10,0.6112052245023029,0.6432620734280347,,
0,384,10,0.3445744465310966,0.5524799305640619,,
2,48,10,0.9402886761033082,0.30523173686369326,,
2,64,10,0.9078008547988979,0.37399375974357996,,
2,96,10,0.8718246649028372,0.4633146703784872,,
2,128,10,0.8250325048788394,0.5456394602476107,,
2,192,10,0.7136417432237675,0.6411081524029364,,
2,256,10,0.6367639207155874,0.6796727846459295,,
2,384,10,0.34581980697816067,0.5640557000064303,,
3,48,10,0.9333020508965354,0.29865089545658813,,
3,64,10,0.9031604160297418,0.34334501060901246,,
3,96,10,0.8695407397927583,0.4098740504580477,,
3,128,10,0.831469882782696,0.4101906856206656,,
3,192,10,0.7402947447031286,0.4979522688574051,,
3,256,10,0.6245150961685786,0.5550468180539869,,
3,384,10,0.32507911740127204,0.4259268169179588,,
4,48,10,0.9387608407872686,0.24564032380526207,,
4,64,10,0.914135343666891,0.21509396632897085,,
4,96,10,0.8779353382104298,0.2819488661801965,,
4,128,10,0.8239090485523834,0.19981393742282585,,
4,192,10,0.7421124601244697,0.32176424949423,,
4,256,10,0.611724560092922,0.3662457940122612,,
4,384,10,0.3499739224325216,0.44857157235415684,,
0,48,11,0.9266065659369972,0.4337784096033267,,
0,64,11,0.9018282485556223,0.4992505458909988,,
0,96,11,0.8701515282493226,0.6787528524891108,,
0,128,11,0.8285076267467385,0.7984703337569327,,
0,192,11,0.7284261149901499,0.7356890842964773,,
0,256,11,0.6135536763831996,0.7171501781422219,,
0,384,11,0.33276459769905303,0.6821828659545351,,
2,48,11,0.9329317142038684,0.3273541854070996,,
2,64,11,0.9163366860616051,0.3595932318941645,,
2,96,11,0.864126018306656,0.4171769401214667,,
2,128,11,0.8154101771435625,0.4903914022838822,,
2,192,11,0.7347364528051942,0.5775484345945325,,
2,256,11,0.6241258253795826,0.6189973484829853,,
2,384,11,0.3424465798382059,0.5037315144378065,,
3,48,11,0.9300064423380346,0.19370526715503628,,
3,64,11,0.9143278044084511,0.24374507611799037,,
3,96,11,0.8439646381950964,0.2988638999943334,,
3,128,11,0.8118802410582633,0.3326664489549466,,
3,192,11,0.7259599206309474,0.464971569928469,,
3,256,11,0.6200265351983962,0.4648708162728238,,
3,384,11,0.3531855885243838,0.44678296523747385,,
4,48,11,0.9201337523220123,0.18739633091422905,,
4,64,11,0.9201337523220123,0.1745292960887245,,
4,96,11,0.8631198350772755,0.3420272679658409,,
4,128,11,0.8257025235648443,0.3386113931409495,,
4,192,11,0.7320786476663814,0.42462519728920195,,
4,256,11,0.6142671506604973,0.468583502712563,,
4,384,11,0.32602087659199147,0.4582690827549654,,
0,48,12,0.9465202227558572,0.38408792198329217,,
0,64,12,0.9058791890212989,0.45909585436963013,,
0,96,12,0.8841881284644084,0.6374121931790012,,
0,128,12,0.8303526753995054,0.6652336075801338,,
0,192,12,0.7252982778379709,0.7186478088060408,,
0,256,12,0.6288126684513391,0.7024659783068113,,
0,384,12,0.34048899580953323,0.6282202416659763,,
2,48,12,0.9225056394546289,0.3127910086979489,,
2,64,12,0.9168559165815057,0.3652541244374183,,
2,96,12,0.8626935716275159,0.5265873796732243,,
2,128,12,0.8406012631526377,0.5503873473240851,,
2,192,12,0.7327767881799919,0.5238969406399446,,
2,256,12,0.6267392944766192,0.5322387930434939,,
2,384,12,0.3408764423459984,0.47928587083724866,,
3,48,12,0.9359188032336291,0.1857047453912424,,
3,64,12,0.9157137186640969,0.21747199332997497,,
3,96,12,0.8786632155671026,0.2713402711030391,,
3,128,12,0.8118908302540095,0.34058904442817783,,
3,192,12,0.731509935172145,0.42690816421154687,,
3,256,12,0.6260013811947998,0.5033243454998308,,
3,384,12,0.3209803024160948,0.5098945498130526,,
4,48,12,0.9333480238895446,0.20798597061214372,,
4,64,12,0.9147774762107995,0.22169429345330097,,
4,96,12,0.8583192754191009,0.23816188135451347,,
4,128,12,0.840424733118136,0.3664947374683304,,
4,192,12,0.7343815903718934,0.4121696664496356,,
4,256,12,0.5954160757245971,0.5049578166172121,,
4,384,12,0.35854861850901376,0.5353902307802565,,
0,48,13,0.9357724225157533,0.4773114605969781,,
0,64,13,0.9173001275874835,0.5766714598112419,,
0,96,13,0.8485622541118036,0.6595513882071591,,
0,128,13,0.8289541322611238,0.7275520620612841,,
0,192,13,0.7346215460529044,0.7491805081497283,,
0,256,13,0.6293940098355271,0.7596110098049086,,
0,384,13,0.3524095605357811,0.6323271076478225,,
2,48,13,0.9160735130569387,0.34206786228232416,,
2,64,13,0.9155232691769047,0.3648516340172249,,
2,96,13,0.8713612750844273,0.42527425487094833,,
2,128,13,0.8316918069440726,0.5564672389248104,,
2,192,13,0.7382566095908373,0.6108169268598039,,
2,256,13,0.6390868982590605,0.6967734594916319,,
2,384,13,0.37306656675088684,0.6366760866293896,,
3,48,13,0.9386723559988335,0.20533145245382056,,
3,64,13,0.9110350083861833,0.307192821865866,,
3,96,13,0.8745393069332321,0.35658331759936335,,
3,128,13,0.8150928686600909,0.4198802904179352,,
3,192,13,0.7311299346877911,0.4343680179986221,,
3,256,13,0.6259326986767261,0.45520083043277876,,
3,384,13,0.34208645065133436,0.4322193529277223,,
4,48,13,0.9300099528538894,0.1415372112345457,,
4,64,13,0.8951846775548672,0.14414099740687292,,
4,96,13,0.8646083636850838,0.23820774747810033,,
4,128,13,0.8214057353930941,0.30579920595767635,,
4,192,13,0.7317178894518319,0.3911125911393162,,
4,256,13,0.6107711128603944,0.48372181589780555,,
4,384,13,0.34326991801847795,0.44708782165210437,,
0,48,14,0.9409243767300844,0.4691507013276927,,
0,64,14,0.9102980438005596,0.5502478773136409,,
0,96,14,0.8634821545146233,0.6498630469330522,,
0,128,14,0.8290022423935756,0.6806281923307932,,
0,192,14,0.7327121031305013,0.7438213886495333,,
0,256,14,0.6445931567454879,0.7279053112593683,,
0,384,14,0.3167452093919348,0.6042932922923426,,
2,48,14,0.9363467537768412,0.286686913641401,,
2,64,14,0.9184429436584943,0.3657591530886254,,
2,96,14,0.8822056721844163,0.39671519883007555,,
2,128,14,0.822957370390986,0.42237713200605675,,
2,192,14,0.73445449823961,0.5734569889830671,,
2,256,14,0.6151738558571463,0.6060873208284098,,
2,384,14,0.34649298583151955,0.5151765817309955,,
3,48,14,0.9342633481720585,0.2707038836126212,,
3,64,14,0.9071761083542542,0.27419762008215104,,
3,96,14,0.8504881173368909,0.3515491145234918,,
3,128,14,0.8104223846396459,0.40749355938779047,,
3,192,14,0.723142551541769,0.47592931891775037,,
3,256,14,0.6181787763872398,0.5211701317729063,,
3,384,14,0.36771008534254707,0.3972521103508841,,
4,48,14,0.935255027456858,0.11114305794326192,,
4,64,14,0.9143387208590058,0.15808628701279637,,
4,96,14,0.8662407119323656,0.2300969143646338,,
4,128,14,0.8141307470254588,0.33277211331497875,,
4,192,14,0.722450568163957,0.3406461127083434,,
4,256,14,0.5987213601466992,0.39935848931324563,,
4,384,14,0.33870185755510734,0.34183905557636207,,
0,48,15,0.9369594230293818,0.44893417793465756,,
0,64,15,0.8961542065110171,0.5525616247108603,,
0,96,15,0.850042015346874,0.594589187683321,,
0,128,15,0.8009219277612344,0.6827249411507574,,
0,192,15,0.7283247781848664,0.7205318264341881,,
0,256,15,0.5913556909829396,0.7519119231196488,,
0,384,15,0.319830841432804,0.6085303276966694,,
2,48,15,0.9482353341240699,0.3121841605424754,,
2,64,15,0.9045840391024771,0.40898229633042876,,
2,96,15,0.8608288647763429,0.44118223799600254,,
2,128,15,0.8236301074588832,0.5201829088901431,,
2,192,15,0.7417454792204009,0.5290552555762181,,
2,256,15,0.6317862458208068,0.6741704947921304,,
2,384,15,0.3289689205899101,0.5316114137661448,,
3,48,15,0.9221450117248388,0.20004231669928937,,
3,64,15,0.9186357425614701,0.23776514290117945,,
3,96,15,0.8759746087247453,0.300559154994375,,
3,128,15,0.8297432118055623,0.38911218770624456,,
3,192,15,0.7348220215260891,0.4781427343731937,,
3,256,15,0.6227885414527521,0.6006924331531907,,
3,384,15,0.3430715100784286,0.44088125067515993,,
4,48,15,0.9313654024387447,0.21835992180137953,,
4,64,15,0.9002103258357411,0.2637998951516641,,
4,96,15,0.8734813048103777,0.2842926649281902,,
4,128,15,0.8211559111064367,0.31342707305521333,,
4,192,15,0.7219773654004579,0.42348253424592885,,
4,256,15,0.6227316466924905,0.49356251345143815,,
4,384,15,0.33767471601285104,0.4792692743595145,,
0,48,16,0.9423929810733269,0.4421163904059482,,
0,64,16,0.9166179563915586,0.5525762072684358,,
0,96,16,0.8707861800509055,0.5830868640385711,,
0,128,16,0.8144343994581573,0.6717078665968046,,
0,192,16,0.7317228779774388,0.7145476524059083,,
0,256,16,0.6159608483712338,0.6910870619819474,,
0,384,16,0.33259379098104813,0.5981349255094517,,
2,48,16,0.9427349275074253,0.3364054821025525,,
2,64,16,0.9076602441962778,0.44692352952062714,,
2,96,16,0.8737008699187947,0.48749873713099484,,
2,128,16,0.8257558619347318,0.5129858585119472,,
2,192,16,0.7170323704793116,0.5788566950027317,,
2,256,16,0.5937611310393475,0.6328151186098347,,
2,384,16,0.34181176261260904,0.5388692385933039,,
3,48,16,0.9318387073261404,0.33232175590814705,,
3,64,16,0.9003473856200183,0.3316188924951368,,
3,96,16,0.849463882013117,0.2670091848518136,,
3,128,16,0.8370899737380914,0.3378083891449596,,
3,192,16,0.7328819150995902,0.4828533688482867,,
3,256,16,0.6210289861382846,0.49010265003780223,,
3,384,16,0.31106064192023275,0.535221802523387,,
4,48,16,0.9304182506337214,0.17009511897315277,,
4,64,16,0.912356426820185,0.15810061514623847,,
4,96,16,0.8682665849363937,0.19830769050240268,,
4,128,16,0.8200122862957475,0.2702393207131179,,
4,192,16,0.7307746958490642,0.3266699121297322,,
4,256,16,0.630099249662702,0.37588180358397105,,
4,384,16,0.36463222348815166,0.3392328200609531,,
0,48,17,0.936132490926515,0.4368645665888546,,
0,64,17,0.9247789483801491,0.547512591800421,,
0,96,17,0.8680057412437122,0.6208347652452877,,
0,128,17,0.824925728267997,0.6723958190171281,,
0,192,17,0.736992052922843,0.6906073929414545,,
0,256,17,0.6242534173471015,0.7451684366987646,,
0,384,17,0.32227972221247564,0.5942067141706451,,
2,48,17,0.9373319393374346,0.25659450531729405,,
2,64,17,0.90647264353447,0.30571572924489093,,
2,96,17,0.8727706392846258,0.45758387639272463,,
2,128,17,0.8315671688984764,0.5576327418869809,,
2,192,17,0.7369624508166686,0.6350935542725084,,
2,256,17,0.6137415231535767,0.6756925863295608,,
2,384,17,0.3177837947728239,0.5538601747017601,,
3,48,17,0.9460198212916149,0.2302843701374543,,
3,64,17,0.9157176984762428,0.28045011477895054,,
3,96,17,0.8574674534642124,0.26848495974462044,,
3,128,17,0.8033653438297335,0.30336311967691804,,
3,192,17,0.7132948484929231,0.3572911419776772,,
3,256,17,0.6184370709735691,0.4274117020224527,,
3,384,17,0.3322447343345024,0.47559177612273124,,
4,48,17,0.9389402563674224,0.14048754054116167,,
4,64,17,0.9124254022916813,0.1472792574771003,,
4,96,17,0.8617391714150365,0.22323038562657144,,
4,128,17,0.8022310588719025,0.2460697910465414,,
4,192,17,0.727815782329859,0.3699177269336372,,
4,256,17,0.6294289708974692,0.40885892620014264,,
4,384,17,0.3458529087950417,0.43356965887279997,,
0,48,18,0.9411621369970041,0.4516616718262507,,
0,64,18,0.9079305040231423,0.5080949021844852,,
0,96,18,0.8759041797767125,0.5746214186780081,,
0,128,18,0.8383223706933035,0.707120124404021,,
0,192,18,0.7082661376262783,0.7139005260461687,,
0,256,18,0.6122548561563992,0.779448030778074,,
0,384,18,0.3642743358482747,0.6936272905878939,,
2,48,18,0.9388694798816614,0.24707682330776093,,
2,64,18,0.910268152763341,0.302504415860914,,
2,96,18,0.8717982538149289,0.4308483469357113,,
2,128,18,0.8382132862327512,0.5598208592331186,,
2,192,18,0.7420811408502338,0.6377744961197055,,
2,256,18,0.5978914305737902,0.6573219739809142,,
2,384,18,0.36181885823592835,0.5833835883591834,,
3,48,18,0.918453920333964,0.09290969588865808,,
3,64,18,0.911789048255767,0.11596463354915296,,
3,96,18,0.8819155219732439,0.1734170633397314,,
3,128,18,0.834234023348366,0.2482955084752598,,
3,192,18,0.7461594795848507,0.3562912324189512,,
3,256,18,0.6382798861843549,0.3852325655256039,,
3,384,18,0.3663478569161203,0.382470751408618,,
4,48,18,0.9293477904032583,0.239073755743307,,
4,64,18,0.9129337887648279,0.21467901866693626,,
4,96,18,0.883969214410129,0.28965916522077184,,
4,128,18,0.8296068845831304,0.36127995006259267,,
4,192,18,0.7396263079583993,0.414253587531114,,
4,256,18,0.5904983337557205,0.508641783967868,,
4,384,18,0.346460946949845,0.4496536627127282,,
0,48,19,0.9340222517393083,0.46640067863073337,,
0,64,19,0.9279256848818997,0.5982692711467716,,
0,96,19,0.8683114632840292,0.5912109104025002,,
0,128,19,0.813767677900218,0.6409614013172212,,
0,192,19,0.716914747389951,0.6505374488140259,,
0,256,19,0.609678386527306,0.6938045755386104,,
0,384,19,0.3644094319743686,0.5929985992388105,,
2,48,19,0.9330382407292641,0.23973984965590922,,
2,64,19,0.919045640967327,0.26576850377041594,,
2,96,19,0.875786730058599,0.3987450122728048,,
2,128,19,0.832299168583084,0.5135368960236614,,
2,192,19,0.7422389587099117,0.5474665067330908,,
2,256,19,0.6079817415883034,0.5605035816091068,,
2,384,19,0.32861766204988224,0.49668565549719546,,
3,48,19,0.9368524580019502,0.2690822687555952,,
3,64,19,0.9094425423581328,0.37229574061857806,,
3,96,19,0.8702446597717216,0.3542671368511206,,
3,128,19,0.8114896144114685,0.36186884173406336,,
3,192,19,0.725034089358053,0.4354233843331997,,
3,256,19,0.6180199916568608,0.5134202711565513,,
3,384,19,0.3522598457087308,0.47685380683267165,,
4,48,19,0.9389793809164674,0.15521947610076547,,
4,64,19,0.9219396539157956,0.1528385348306719,,
4,96,19,0.8698640499307383,0.2053246969826819,,
4,128,19,0.8307729221649014,0.27682894427600974,,
4,192,19,0.7174902031603059,0.41206868833298543,,
4,256,19,0.6236095234700314,0.46889586751161866,,
4,384,19,0.3201461089123981,0.42101407130231794,,
0,48,20,0.9396519482631536,0.4211782958139774,,
0,64,20,0.9179330781478644,0.4634157130608633,,
0,96,20,0.8771669619521126,0.6204712168285039,,
0,128,20,0.8178241478403998,0.6843157079493156,,
0,192,20,0.7296711521780969,0.7073727789633429,,
0,256,20,0.6208811596591551,0.66323213378444,,
0,384,20,0.3218502046696087,0.6244617810362367,,
2,48,20,0.9356181257028473,0.19817540346148338,,
2,64,20,0.8988097264553588,0.24138035511442152,,
2,96,20,0.8688045074374161,0.46519952551075466,,
2,128,20,0.8298406157214194,0.5053509045152047,,
2,192,20,0.7228771283673466,0.5488336198897605,,
2,256,20,0.6283631823408992,0.5337033489162298,,
2,384,20,0.35293312407343796,0.5536320111588696,,
3,48,20,0.9299605646984328,0.2291812389543662,,
3,64,20,0.9151699530046904,0.2793537714422357,,
3,96,20,0.868865016561207,0.3811739425800658,,
3,128,20,0.8325555442762842,0.3696316488222158,,
3,192,20,0.7329492376755791,0.4455570689296504,,
3,256,20,0.6226840774065049,0.4764690082630751,,
3,384,20,0.34841440474608193,0.5573025499374169,,
4,48,20,0.9375449196751962,0.22385856927789463,,
4,64,20,0.9074581965141651,0.24324662284662898,,
4,96,20,0.8687797494237413,0.3122020410628695,,
4,128,20,0.7955825477696903,0.3568443303063991,,
4,192,20,0.7331746323265937,0.47471654400835545,,
4,256,20,0.6165232016425825,0.46471829645108953,,
4,384,20,0.35513037543649484,0.4712440488917112,,
0,48,21,0.9281556137033677,0.43546866883283847,,
0,64,21,0.9186596071746161,0.5100360038453396,,
0,96,21,0.8340206363161279,0.6682987303880142,,
0,128,21,0.828914199825963,0.6922363799942631,,
0,192,21,0.6933569112831023,0.6975023188725997,,
0,256,21,0.6081886382351182,0.731915219416634,,
0,384,21,0.36981366009492916,0.588136247871669,,
2,48,21,0.920776676307132,0.2470530125514133,,
2,64,21,0.9065051086540814,0.3621529486825964,,
2,96,21,0.841498436505221,0.4036482378897017,,
2,128,21,0.8256129955103365,0.5797880832437218,,
2,192,21,0.7376179053366237,0.6581881851483903,,
2,256,21,0.5982499736623798,0.6578952725215239,,
2,384,21,0.35557473415754176,0.6586989940316187,,
3,48,21,0.9397515215333673,0.23678659084538223,,
3,64,21,0.9165115835311748,0.27135967746862655,,
3,96,21,0.8618619364874704,0.29133942447677763,,
3,128,21,0.8068651609486308,0.41670671253805297,,
3,192,21,0.7253941379123642,0.4717438704859239,,
3,256,21,0.610710377877354,0.5457635187498263,,
3,384,21,0.3597191890211481,0.42933343709106203,,
4,48,21,0.9310802551676662,0.29279040019882996,,
4,64,21,0.8993670076823933,0.26064589761329787,,
4,96,21,0.8651674821156494,0.276821253524254,,
4,128,21,0.8172865971909482,0.3284107413609257,,
4,192,21,0.7328244430954514,0.38499470209767334,,
4,256,21,0.6183729401549568,0.398553131429183,,
4,384,21,0.35050489403465857,0.4211620211638441,,
0,48,22,0.9237423355909835,0.46360519571015113,,
0,64,22,0.9087911851223789,0.5695776229923013,,
0,96,22,0.8717191355105794,0.6459209169409187,,
0,128,22,0.8219067156771203,0.7759888800753569,,
0,192,22,0.7363230232899359,0.798704167450327,,
0,256,22,0.6119750857670195,0.7753061882257329,,
0,384,22,0.33189675387577056,0.5955732448357689,,
2,48,22,0.9455177952885997,0.3293359176776298,,
2,64,22,0.9092742442621967,0.4079803302409242,,
2,96,22,0.859969965094841,0.5353208686460521,,
2,128,22,0.816437989677423,0.5554641303073572,,
2,192,22,0.7417257897814344,0.6294648497982533,,
2,256,22,0.6184113035068096,0.6364489678451878,,
2,384,22,0.34379344492989183,0.5790485268314904,,
3,48,22,0.9301173793053562,0.24376202348055076,,
3,64,22,0.8966416838456585,0.3207284570410382,,
3,96,22,0.8602935114017816,0.33659868138585786,,
3,128,22,0.8266375359712859,0.40660738776632027,,
3,192,22,0.7200183239664467,0.4920436784337445,,
3,256,22,0.6413775436117622,0.5867197119292178,,
3,384,22,0.3486186023243679,0.5748860492599107,,
4,48,22,0.9133392435783552,0.12672158801690434,,
4,64,22,0.8975850920518678,0.16431867488045165,,
4,96,22,0.8638380347249476,0.212384769129232,,
4,128,22,0.8316633052977943,0.2578601742548226,,
4,192,22,0.7334675284468437,0.37679915936232117,,
4,256,22,0.6318996950876244,0.35570432183036316,,
4,384,22,0.3463596260414516,0.35751602333687477,,
0,48,23,0.9367033874638862,0.46315009259255435,,
0,64,23,0.9015616045760622,0.48862663162087505,,
0,96,23,0.8650645866744237,0.6206704852409844,,
0,128,23,0.8216326649927422,0.6746566562104546,,
0,192,23,0.7160115284619465,0.7022464223238005,,
0,256,23,0.6094921713107707,0.7279376121298575,,
0,384,23,0.30459307114761097,0.6372806817062926,,
2,48,23,0.9398180967403637,0.3388143347213231,,
2,64,23,0.9029476220446808,0.36241087198860455,,
2,96,23,0.8669405067117023,0.5311499899601536,,
2,128,23,0.8368838927684144,0.5218968325140192,,
2,192,23,0.7273678269275043,0.6468385927755402,,
2,256,23,0.6063953292864499,0.6130575982246169,,
2,384,23,0.3390282943904579,0.6052596600989495,,
3,48,23,0.9332338305147015,0.2477182794904928,,
3,64,23,0.9053093083150293,0.2617259238954465,,
3,96,23,0.8661737719940926,0.3488259638903835,,
3,128,23,0.8181425790958761,0.36589621410284096,,
3,192,23,0.7335006370844406,0.5873928338042561,,
3,256,23,0.6296574236992437,0.5745027240506333,,
3,384,23,0.35600521467259566,0.5900171559500723,,
4,48,23,0.9084719552742879,0.2143233245789274,,
4,64,23,0.9084719552742879,0.20654437130344416,,
4,96,23,0.8626831839675185,0.21147352920320844,,
4,128,23,0.8311219942305533,0.22299359899313906,,
4,192,23,0.7192205129144038,0.4316617213808846,,
4,256,23,0.6367523254632915,0.4699495281150622,,
4,384,23,0.3584539766287654,0.4854743451393822,,
0,48,24,0.9378945046797007,0.4288609955436889,,
0,64,24,0.9170160763262001,0.5231856877253043,,
0,96,24,0.8721689782287841,0.6193066233810809,,
0,128,24,0.8090382979677648,0.6637470318590922,,
0,192,24,0.7282493420007025,0.7097785447898401,,
0,256,24,0.6323975802651512,0.701473830207312,,
0,384,24,0.3386410506832264,0.6188491600019406,,
2,48,24,0.9282390262949228,0.3402490221735459,,
2,64,24,0.9015893340577343,0.41750755144346785,,
2,96,24,0.8739010121064424,0.5218425357470291,,
2,128,24,0.8374908122346523,0.5213130198162282,,
2,192,24,0.7290547770921963,0.5647901401107838,,
2,256,24,0.6447716082094033,0.5967795005689135,,
2,384,24,0.3567630868598241,0.5318358731035376,,
3,48,24,0.9388348447441449,0.23824618492950247,,
3,64,24,0.9226416036355799,0.30459998152854806,,
3,96,24,0.8598483819653994,0.32416889641333796,,
3,128,24,0.8320896357155099,0.37790522543806915,,
3,192,24,0.7385891358453898,0.3774900138647477,,
3,256,24,0.6256381372578899,0.43439783180346525,,
3,384,24,0.3533862493112655,0.45926916927097494,,
4,48,24,0.9363592290151911,0.29263202553456563,,
4,64,24,0.9134183939794018,0.20441104608015864,,
4,96,24,0.8678302961712707,0.23603466001125004,,
4,128,24,0.794282702892878,0.2941844372393443,,
4,192,24,0.7195604860294816,0.4119646300387552,,
4,256,24,0.5877742481620072,0.4498823170618627,,
4,384,24,0.331171710536198,0.4911020234159407,,
0,48,25,0.9409221248637051,0.42814282817222304,,
0,64,25,0.8949659116885368,0.48772963501004946,,
0,96,25,0.8731115881456842,0.5443063817565962,,
0,128,25,0.8348101333226807,0.5927587269228114,,
0,192,25,0.7391326873836495,0.7043969316155119,,
0,256,25,0.6161269602532488,0.6744764123915584,,
0,384,25,0.31680346583930735,0.6235935316094801,,
2,48,25,0.9376407405656199,0.2611767497617818,,
2,64,25,0.89337553710403,0.3268600875356609,,
2,96,25,0.8727244773261773,0.49708110205701844,,
2,128,25,0.8261830630882738,0.5010586049491483,,
2,192,25,0.7324475196399365,0.5371631950428253,,
2,256,25,0.6174777487579933,0.5788939677648495,,
2,384,25,0.35689939165647505,0.5474965821665729,,
3,48,25,0.932279850596959,0.2624768290556458,,
3,64,25,0.9174817800085221,0.37423825638913394,,
3,96,25,0.8732489296147127,0.427990450357451,,
3,128,25,0.8241323695595831,0.3510595850780557,,
3,192,25,0.7177053672365962,0.45172441063936336,,
3,256,25,0.5914507470553596,0.4870523241180854,,
3,384,25,0.32491578084334594,0.4774633825878952,,
4,48,25,0.9315078631555179,0.18804835147157478,,
4,64,25,0.9140868656128192,0.27721139604150985,,
4,96,25,0.8542635542732229,0.2692806214582142,,
4,128,25,0.7971420601836773,0.41034668688734227,,
4,192,25,0.7303791895364518,0.4692027707282741,,
4,256,25,0.6337328600956877,0.4707013512238714,,
4,384,25,0.3185715228505685,0.51306029896863,,
0,48,26,0.93271138982629,0.5489263965107274,,
0,64,26,0.9255649500967021,0.6362752808632145,,
0,96,26,0.8749685961817549,0.6551836718481344,,
0,128,26,0.8260590153521948,0.6705145397314681,,
0,192,26,0.7250797557025508,0.715597691818678,,
0,256,26,0.6307668290347463,0.7579788104578644,,
0,384,26,0.34249754490490425,0.6711951426197782,,
2,48,26,0.9209468475352741,0.33363311933928985,,
2,64,26,0.9135699189981511,0.38525537772103746,,
2,96,26,0.8707238952707348,0.4598795977474262,,
2,128,26,0.8245878540403081,0.5121508140784505,,
2,192,26,0.7196803432328234,0.6552173828526846,,
2,256,26,0.6159537364295931,0.6401330968784271,,
2,384,26,0.3419160172581228,0.5861312113535813,,
3,48,26,0.9239021180874434,0.2037526422949133,,
3,64,26,0.9156165989633969,0.23519030460946994,,
3,96,26,0.8644979980960099,0.26453604268221104,,
3,128,26,0.8280639416685776,0.26410259534153807,,
3,192,26,0.7168508205357836,0.3748517878799799,,
3,256,26,0.6078786014466204,0.4179768329334138,,
3,384,26,0.3603983382629043,0.5428004268211604,,
4,48,26,0.9351682173424624,0.17073524789833774,,
4,64,26,0.9056601917421129,0.1462389557853514,,
4,96,26,0.8725005384467539,0.22748375270759685,,
4,128,26,0.831216397166814,0.23317800116305692,,
4,192,26,0.7220298625763918,0.3197768688781926,,
4,256,26,0.6403548096360948,0.3651584578839364,,
4,384,26,0.332580209225922,0.4884784050118779,,
0,48,27,0.9328092813034274,0.38354547116876503,,
0,64,27,0.9056710397183111,0.560742994011775,,
0,96,27,0.8827397363231252,0.6436481663560715,,
0,128,27,0.8307324789920627,0.6549213632451781,,
0,192,27,0.7281034263191564,0.7212660925563832,,
0,256,27,0.6489627738449377,0.7510195174036735,,
0,384,27,0.37174826209665063,0.6183489602775152,,
2,48,27,0.923623980217154,0.24588895049955872,,
2,64,27,0.9200151722664528,0.30424621068568003,,
2,96,27,0.8764227628788241,0.43615413363534866,,
2,128,27,0.8254465159823541,0.5390415733685391,,
2,192,27,0.7294582032657736,0.6041047555712211,,
2,256,27,0.6264374294832901,0.6415459139247379,,
2,384,27,0.36308812983016525,0.5297444439839217,,
3,48,27,0.9221908818676372,0.2136358456332576,,
3,64,27,0.9037635481673691,0.26377794777666064,,
3,96,27,0.8415191240794273,0.3407821232443822,,
3,128,27,0.8043290809142739,0.45221913824773596,,
3,192,27,0.7324338055695533,0.44513835696334797,,
3,256,27,0.6284565273050599,0.49492039614191846,,
3,384,27,0.34726510547913103,0.6472442043517935,,
4,48,27,0.9319726520055011,0.1724463724450953,,
4,64,27,0.9153669490754804,0.216936758972546,,
4,96,27,0.8698475694956891,0.2884464511486842,,
4,128,27,0.8176567706095311,0.28375223183396603,,
4,192,27,0.7391371653230017,0.36293716626055994,,
4,256,27,0.6081663927306714,0.44842919043121704,,
4,384,27,0.3498795417721995,0.4996483662805716,,
0,48,28,0.9327346422357105,0.5042707345165831,,
0,64,28,0.905165281948761,0.5948746382187877,,
0,96,28,0.8671004315158148,0.6312481154234599,,
0,128,28,0.8331043001058211,0.6299286637923498,,
0,192,28,0.7277847547210657,0.7274647486250312,,
0,256,28,0.6340400292012462,0.7301685686244606,,
0,384,28,0.29936299357631335,0.7092614227935221,,
2,48,28,0.910386014367592,0.2401819933803346,,
2,64,28,0.910386014367592,0.36824313623410593,,
2,96,28,0.870669871261493,0.4852736940843813,,
2,128,28,0.8134338965572958,0.6015468899073303,,
2,192,28,0.7402060196691592,0.5944541174678336,,
2,256,28,0.6177202311592808,0.6427936266731189,,
2,384,28,0.36751011131893485,0.4974036309664166,,
3,48,28,0.9395773650404906,0.17317326228475202,,
3,64,28,0.9176389193268918,0.23260609388604292,,
3,96,28,0.8849680916245549,0.2993446747808171,,
3,128,28,0.8293407489758082,0.3852381031649832,,
3,192,28,0.7146944989817353,0.4713305671202284,,
3,256,28,0.614270617627282,0.4922657193245472,,
3,384,28,0.2911995364137023,0.4764577304240807,,
4,48,28,0.9303896475458906,0.16282279412542358,,
4,64,28,0.8985716008929988,0.20275720229737376,,
4,96,28,0.8712414574832414,0.3069078836262418,,
4,128,28,0.8333045233853567,0.3604088497623293,,
4,192,28,0.72343041374064,0.3154236590523375,,
4,256,28,0.6343057318205069,0.42304547051224345,,
4,384,28,0.3364027898601768,0.4408080788426026,,
0,48,29,0.9260806804301203,0.4452827547961408,,
0,64,29,0.899037311426014,0.577508090517562,,
0,96,29,0.8690293389106606,0.7199730945735221,,
0,128,29,0.818766673838616,0.7044600681392587,,
0,192,29,0.7267251039525094,0.7144702834574226,,
0,256,29,0.6316414913255641,0.6993696863377431,,
0,384,29,0.347736841922063,0.6643562147733685,,
2,48,29,0.933256705510001,0.3087395467448488,,
2,64,29,0.9103453383091386,0.36425295167075245,,
2,96,29,0.8563107378861264,0.45334862416632066,,
2,128,29,0.8357494866189417,0.4527682105904068,,
2,192,29,0.7336039508900822,0.5862122893348,,
2,256,29,0.628309985342378,0.5791061633861228,,
2,384,29,0.37409864328213993,0.5873737623367339,,
3,48,29,0.9390091661699225,0.2707309196697385,,
3,64,29,0.9074833811608596,0.3234602201015819,,
3,96,29,0.856938510145357,0.3374363892393346,,
3,128,29,0.8252013323144355,0.44549818758284915,,
3,192,29,0.7187812339217305,0.5802090646970638,,
3,256,29,0.638532161806946,0.6261977755794221,,
3,384,29,0.3488978532330613,0.5551551313753711,,
4,48,29,0.9309998481861298,0.1860248128785403,,
4,64,29,0.9082862526356228,0.21763383963160549,,
4,96,29,0.863854973335892,0.21705797268631408,,
4,128,29,0.8356101297378173,0.32221521962764443,,
4,192,29,0.7352521657769786,0.43249034908095413,,
4,256,29,0.6232318573912666,0.42928419376254773,,
4,384,29,0.321538663283474,0.4859510856128259,,
0,48,30,0.9331344500950096,0.48493240663081427,,
0,64,30,0.9091250369788146,0.5437532629111332,,
0,96,30,0.8565085344298845,0.6401536109312581,,
0,128,30,0.8211125476427112,0.7010535458367871,,
0,192,30,0.7274866544329971,0.7306119827714099,,
0,256,30,0.6249070734325823,0.7695459605803322,,
0,384,30,0.347459676623402,0.6382032036929334,,
2,48,30,0.9379663164354866,0.31586110784681565,,
2,64,30,0.902686855733183,0.3618111207154238,,
2,96,30,0.8758355541218247,0.5051181031485621,,
2,128,30,0.8242805683943347,0.5588981075018283,,
2,192,30,0.743419518148502,0.630483659079298,,
2,256,30,0.6116012105658716,0.6947567950281439,,
2,384,30,0.35672093630066415,0.5617802316032728,,
3,48,30,0.9381809677450385,0.23693051491062572,,
3,64,30,0.8986492206815085,0.2571046247688919,,
3,96,30,0.8700683166861324,0.307128565966298,,
3,128,30,0.8080193713579888,0.43953301971000586,,
3,192,30,0.711169866747857,0.4876624456171414,,
3,256,30,0.6145841731570177,0.5263287813669948,,
3,384,30,0.3466183029531296,0.49783680817694664,,
4,48,30,0.945084366399502,0.24820109694458123,,
4,64,30,0.9135617507338434,0.19317203284053852,,
4,96,30,0.8714933699088621,0.28519465077122375,,
4,128,30,0.8204651424737037,0.29418898128547694,,
4,192,30,0.7192364932263607,0.39103267585771734,,
4,256,30,0.6078439775734957,0.4366110167620583,,
4,384,30,0.3300199328573874,0.3940276932468702,,
0,48,31,0.9304176626464441,0.45516490275853044,,
0,64,31,0.9127347887292527,0.48175577468267744,,
0,96,31,0.8805062488389265,0.5836223225118088,,
0,128,31,0.8264497550608665,0.7277596209507822,,
0,192,31,0.7221236625489427,0.7277812291802725,,
0,256,31,0.6321574006622566,0.7508243053892291,,
0,384,31,0.3489882571668004,0.645916140397758,,
2,48,31,0.9405735051310387,0.23017561891727767,,
2,64,31,0.9241592991255875,0.2732188424686218,,
2,96,31,0.8639228100526387,0.4304795606904386,,
2,128,31,0.8343386140474448,0.5285019345907495,,
2,192,31,0.726282231468968,0.5507869863462292,,
2,256,31,0.6234272610885183,0.5944872142943222,,
2,384,31,0.34954884616712767,0.66454162757639,,
3,48,31,0.9420824718695748,0.28737760275742397,,
3,64,31,0.9039338908041982,0.25514115621460615,,
3,96,31,0.8757190783725699,0.21828572774810062,,
3,128,31,0.8403213383908527,0.33606782739327257,,
3,192,31,0.7353262241582242,0.4184599549706414,,
3,256,31,0.615740251684084,0.4709947247058274,,
3,384,31,0.34950363541634233,0.4272562166001312,,
4,48,31,0.9356192120830701,0.2353839586772825,,
4,64,31,0.9156717582302212,0.281619523835554,,
4,96,31,0.8535601235155046,0.31791172201427254,,
4,128,31,0.831028229624375,0.3677078341239417,,
4,192,31,0.725283635577701,0.5033205467502128,,
4,256,31,0.6256215241841314,0.3196916721790366,,
4,384,31,0.32349252567782516,0.2949910472887477,,
0,48,32,0.9301638273012229,0.43660679644617895,,
0,64,32,0.9166201669820547,0.44751372792018124,,
0,96,32,0.8692279132684021,0.6303042341831644,,
0,128,32,0.8374486466084492,0.6198942300480345,,
0,192,32,0.7169320973086654,0.701118474103297,,
0,256,32,0.6244527531481676,0.678217351485661,,
0,384,32,0.325641794042298,0.6038529791932208,,
2,48,32,0.9316885316459965,0.22488055822665542,,
2,64,32,0.9082176610157117,0.30008384709021424,,
2,96,32,0.882323261853687,0.38785188591944364,,
2,128,32,0.8225343822326703,0.49303646201232953,,
2,192,32,0.7371519315084774,0.516480204018467,,
2,256,32,0.6226771735462127,0.6759061537822988,,
2,384,32,0.3521252960752968,0.5573149845508505,,
3,48,32,0.93607280610327,0.1741170582657844,,
3,64,32,0.900627869095567,0.23434897809870622,,
3,96,32,0.8576457025915166,0.3364727831767886,,
3,128,32,0.8179661241665797,0.3217013741515882,,
3,192,32,0.7290091082546328,0.4395807754512444,,
3,256,32,0.6274640993878797,0.4479556238352464,,
3,384,32,0.3344025960163144,0.4014745886516155,,
4,48,32,0.9242162254206419,0.1694434636102867,,
4,64,32,0.9123339709423722,0.17821832669704252,,
4,96,32,0.8611619019591964,0.21048229982738215,,
4,128,32,0.8066288685047118,0.19923325033075726,,
4,192,32,0.7352828132109555,0.28220103566576965,,
4,256,32,0.6019868193514557,0.430277887701383,,
4,384,32,0.35522695595766346,0.3751236759483724,,
0,48,33,0.9416727996371842,0.5007763236218497,,
0,64,33,0.9049773278351835,0.634483597946767,,
0,96,33,0.8732124447643372,0.6446116145150755,,
0,128,33,0.8239372143699301,0.7216069198158729,,
0,192,33,0.7236713712237378,0.7299701311259752,,
0,256,33,0.6175054863788864,0.722839394203539,,
0,384,33,0.3773442985536941,0.6547859431392904,,
2,48,33,0.9260659211985751,0.32397809767434543,,
2,64,33,0.8933831738647049,0.37027128546038357,,
2,96,33,0.8683480537681662,0.4994089426512066,,
2,128,33,0.821867281533374,0.48593626509831594,,
2,192,33,0.7371802986575823,0.5682312283897296,,
2,256,33,0.596887665245974,0.6513985716770899,,
2,384,33,0.3515724418159261,0.5514436334698923,,
3,48,33,0.9228705182888506,0.2422530426195552,,
3,64,33,0.9214210462228045,0.2748200950709073,,
3,96,33,0.8546835129241793,0.32789344851717334,,
3,128,33,0.8230937819208035,0.40647292678538316,,
3,192,33,0.7271699434641546,0.46782417310674396,,
3,256,33,0.6410025878549986,0.5927463575590047,,
3,384,33,0.3194905962724997,0.5891201328847008,,
4,48,33,0.9335716409823888,0.2515261672721319,,
4,64,33,0.9055156236677763,0.2123054916608885,,
4,96,33,0.8748433904812537,0.2553122542046553,,
4,128,33,0.7812431556807534,0.3451088980241401,,
4,192,33,0.7205350501229204,0.4771519990639144,,
4,256,33,0.5967657603565286,0.49221575638285664,,
4,384,33,0.3545741377653081,0.46069399997574845,,
0,48,34,0.933540776224953,0.4882057436615222,,
0,64,34,0.9102083975326736,0.5766903457326454,,
0,96,34,0.8850227796874188,0.7021581149449515,,
0,128,34,0.8064070811051475,0.752553593584525,,
0,192,34,0.7434113737901819,0.735038154756316,,
0,256,34,0.6187622397186398,0.7267184871678924,,
0,384,34,0.3365259702916527,0.565779151950667,,
2,48,34,0.9398588153003633,0.2471664334561898,,
2,64,34,0.9144172556477042,0.3189221401431181,,
2,96,34,0.8599053214446674,0.5056316002048625,,
2,128,34,0.8173271620360768,0.5852398169433048,,
2,192,34,0.7225989494085806,0.6846533731362452,,
2,256,34,0.6260164337089338,0.6756465537160401,,
2,384,34,0.3259344935328872,0.5581426281780635,,
3,48,34,0.9347992473164912,0.2032488133137871,,
3,64,34,0.9139036758430453,0.2544627503057665,,
3,96,34,0.8694648400434299,0.3797896073054343,,
3,128,34,0.8151716546829798,0.4775648471501281,,
3,192,34,0.7352829043124637,0.5035616768689177,,
3,256,34,0.6210721244897798,0.5725468856661505,,
3,384,34,0.3208771570036394,0.6022018827630136,,
4,48,34,0.9356769222954018,0.19778525360639188,,
4,64,34,0.9090992157710233,0.23331680642019176,,
4,96,34,0.8612194644410609,0.3029367368270759,,
4,128,34,0.8247608544992281,0.4176457795210179,,
4,192,34,0.7360380336646994,0.4241086523196661,,
4,256,34,0.6134731676089786,0.5232628756133657,,
4,384,34,0.3249225387651259,0.39527856369127956,,
0,48,35,0.9133966731432934,0.5348013556917246,,
0,64,35,0.9051667933286284,0.581857979788898,,
0,96,35,0.8734466388440749,0.6124493989471922,,
0,128,35,0.8038655233548407,0.6854927498133538,,
0,192,35,0.7256484778398073,0.6724380263470854,,
0,256,35,0.6129228024785676,0.671504047413628,,
0,384,35,0.35674820354172304,0.6678544703134254,,
2,48,35,0.9383031017390362,0.27630186388776357,,
2,64,35,0.9172094718112286,0.3844667025634118,,
2,96,35,0.8581289640521599,0.422080396204709,,
2,128,35,0.8365237235723441,0.5315331342331736,,
2,192,35,0.7381344779925189,0.5584646540318335,,
2,256,35,0.6310551965442468,0.6243853827831495,,
2,384,35,0.3508864284460698,0.5134408539263494,,
3,48,35,0.9324702729717207,0.33047415653064677,,
3,64,35,0.9078461690637538,0.36359698652715944,,
3,96,35,0.8644855763523074,0.29330383802626225,,
3,128,35,0.8229266581600252,0.3982023821304338,,
3,192,35,0.7348464850077769,0.44379327521232065,,
3,256,35,0.6147865950434137,0.49849544104946586,,
3,384,35,0.3513974360389085,0.4833066116267533,,
4,48,35,0.9316688581348501,0.25794905119638567,,
4,64,35,0.9216171234653393,0.21407004446188727,,
4,96,35,0.8657350241598503,0.2962706269153944,,
4,128,35,0.8207059888079362,0.40216347965661997,,
4,192,35,0.7081110281741787,0.4576421292750841,,
4,256,35,0.624411399107785,0.5590504532146326,,
4,384,35,0.3023288771744914,0.5502924875840156,,
0,48,36,0.9325198691262082,0.49050848554284754,,
0,64,36,0.9172189587401538,0.5605699277330437,,
0,96,36,0.8820719540369566,0.6237996737625588,,
0,128,36,0.8289206668005162,0.7249010198174625,,
0,192,36,0.706088852550389,0.7602432661129874,,
0,256,36,0.6114980787102466,0.7968881609072834,,
0,384,36,0.35480793566597724,0.6950630806011948,,
2,48,36,0.9349940974970258,0.2245809000426041,,
2,64,36,0.9055668062615353,0.3069705258849145,,
2,96,36,0.839819026124039,0.3923783011306059,,
2,128,36,0.8253165817859844,0.4788385355644636,,
2,192,36,0.7237381855596683,0.653714582011737,,
2,256,36,0.6310641763576584,0.6300498206647751,,
2,384,36,0.3071327863605865,0.5331991500771208,,
3,48,36,0.9121171196401426,0.23223503277651625,,
3,64,36,0.9121171196401425,0.3062488641472662,,
3,96,36,0.8472940171395349,0.34452059630686416,,
3,128,36,0.8408407388927195,0.35319820532845103,,
3,192,36,0.7387009059046811,0.47193553264901905,,
3,256,36,0.6331294864037899,0.5512101996998169,,
3,384,36,0.3591238285065779,0.5499557301717274,,
4,48,36,0.9285514246350662,0.12852318996672404,,
4,64,36,0.9092594294409425,0.1599538412927353,,
4,96,36,0.8755561489258623,0.22301373242459213,,
4,128,36,0.8250074943720948,0.32137408543740453,,
4,192,36,0.7155459845636907,0.415861331314251,,
4,256,36,0.6231328482230974,0.4249239385315945,,
4,384,36,0.3537946669910211,0.48167725058430316,,
0,48,37,0.9316833728970993,0.4583456697853185,,
0,64,37,0.90607483017282,0.5792382988855985,,
0,96,37,0.866103623787142,0.6551494943111675,,
0,128,37,0.8236662889884774,0.6845864151593273,,
0,192,37,0.7008758799733704,0.7155087963242924,,
0,256,37,0.6207350087513753,0.7052314963166537,,
0,384,37,0.3490511016196718,0.6391897142848864,,
2,48,37,0.9317029987510821,0.35561152653159306,,
2,64,37,0.9177860005681641,0.5112444461689724,,
2,96,37,0.854661339822702,0.552473312044657,,
2,128,37,0.8168198129776315,0.5687338412725894,,
2,192,37,0.7261919552025977,0.6098150506946177,,
2,256,37,0.6390886360391569,0.6271456981156903,,
2,384,37,0.3343294749330146,0.588896116804717,,
3,48,37,0.9316630267924826,0.23438648709295498,,
3,64,37,0.9191747997450415,0.3259390129352918,,
3,96,37,0.8637252737180077,0.3372223697612486,,
3,128,37,0.8372794368483796,0.46615502250285923,,
3,192,37,0.7382094128307253,0.4642554334129644,,
3,256,37,0.62800272703604,0.49127328181115065,,
3,384,37,0.3542856146646605,0.4374217178235869,,
4,48,37,0.9210895823486075,0.14600866804629783,,
4,64,37,0.9202522685218298,0.17623825625390255,,
4,96,37,0.8460707568588336,0.19511660486031487,,
4,128,37,0.8191441524235941,0.2727760006633658,,
4,192,37,0.7328944151121746,0.4283302115415183,,
4,256,37,0.6060091151244035,0.47575615802755433,,
4,384,37,0.36273466095824464,0.45830849121971906,,
0,48,38,0.9330792002020196,0.4033636944568199,,
0,64,38,0.9157835574620556,0.493106006039321,,
0,96,38,0.860663221459164,0.5780661248348967,,
0,128,38,0.821002154467137,0.6387292425324734,,
0,192,38,0.7248608394178452,0.7164048544924807,,
0,256,38,0.633365643813209,0.7316113885711055,,
0,384,38,0.3511534750510251,0.5678924347997663,,
2,48,38,0.9300067387460593,0.3009883281045396,,
2,64,38,0.9161003111572665,0.4021380907392706,,
2,96,38,0.8667847654311833,0.4948140971192991,,
2,128,38,0.8295723332821313,0.5679892142511801,,
2,192,38,0.7440374628545836,0.6016375457148136,,
2,256,38,0.6087166403696211,0.511303472366152,,
2,384,38,0.36225783407666706,0.531364150949885,,
3,48,38,0.9414709443722731,0.1943120786909778,,
3,64,38,0.9106399513656198,0.23100978082832374,,
3,96,38,0.8566619999582792,0.2833933663399986,,
3,128,38,0.8210640337998926,0.360020865245119,,
3,192,38,0.7108077135017289,0.46478150327931916,,
3,256,38,0.6390813109657131,0.5920153720977347,,
3,384,38,0.32726858313608825,0.5622772652372554,,
4,48,38,0.9301202833379634,0.1461022236359485,,
4,64,38,0.9217398331245141,0.16076552838550137,,
4,96,38,0.8634984834815038,0.22271706210758263,,
4,128,38,0.8148354571358664,0.2615531708392019,,
4,192,38,0.7221856000685055,0.3065935709344416,,
4,256,38,0.6132298788001513,0.40997724089734244,,
4,384,38,0.354320821029412,0.48044199895443285,,
0,48,39,0.9312310348435505,0.4517296475943115,,
0,64,39,0.9223918886514557,0.5518310746774377,,
0,96,39,0.8513736808091652,0.6912682154982408,,
0,128,39,0.8204209636138805,0.6784606997706941,,
0,192,39,0.7324895264028761,0.652342161773226,,
0,256,39,0.619502544990091,0.6987529793735072,,
0,384,39,0.34980153886441423,0.559343909343956,,
2,48,39,0.9426403807222217,0.25970735108691373,,
2,64,39,0.9154913419523232,0.3818444135439608,,
2,96,39,0.8728205146478568,0.5339352694528562,,
2,128,39,0.8157706507884456,0.6765616924068134,,
2,192,39,0.7416092118830973,0.6030218685515928,,
2,256,39,0.6173870373758233,0.6811809918624561,,
2,384,39,0.3305252443777428,0.6192098894835071,,
3,48,39,0.9325090419472699,0.24685014542173733,,
3,64,39,0.8955721537124768,0.1987463612714893,,
3,96,39,0.8702856896409877,0.28605940591527057,,
3,128,39,0.8419935920888486,0.40167216714922405,,
3,192,39,0.7407038080859981,0.5160152775601261,,
3,256,39,0.6140714217164478,0.5321632451048207,,
3,384,39,0.35103256150623846,0.5498472141678625,,
4,48,39,0.9342825505069077,0.05699768369292325,,
4,64,39,0.918770018091591,0.06801416680673097,,
4,96,39,0.8618704616892422,0.11135619868208188,,
4,128,39,0.8418774722744253,0.15861283654502742,,
4,192,39,0.7284283520370938,0.2253209755253927,,
4,256,39,0.6295369359820561,0.26896767867484717,,
4,384,39,0.3410631064670703,0.32970595563837796,,
0,48,40,0.9346320277463906,0.40505966547207817,,
0,64,40,0.9191621084026935,0.41757840626552856,,
0,96,40,0.870484001733311,0.6184396366927635,,
0,128,40,0.8306141522428669,0.7067325091154941,,
0,192,40,0.7370515020861272,0.6761216530034744,,
0,256,40,0.6269928877633631,0.7051831184752471,,
0,384,40,0.32598668190909835,0.6708946896459135,,
2,48,40,0.9183752657813652,0.3091254559641353,,
2,64,40,0.918201559204406,0.260761937521857,,
2,96,40,0.8756560945119302,0.49608620628424444,,
2,128,40,0.8270772348078462,0.6126200244142976,,
2,192,40,0.7314848644538142,0.6609313605901965,,
2,256,40,0.5842148150996801,0.5979293135610744,,
2,384,40,0.3459912790968653,0.5010881909957188,,
3,48,40,0.9348161777992041,0.16117715029345528,,
3,64,40,0.9091132903552648,0.2061609113952456,,
3,96,40,0.8683176350772276,0.2949057978705804,,
3,128,40,0.8242272042283509,0.3798685775806019,,
3,192,40,0.7388038592688138,0.40672736344818977,,
3,256,40,0.6352056860027454,0.42139421732037985,,
3,384,40,0.32817103354456123,0.46464631102537457,,
4,48,40,0.9174042115538903,0.1817767244156707,,
4,64,40,0.9147355309106846,0.15982624025135578,,
4,96,40,0.8629134699727259,0.24770884588923212,,
4,128,40,0.814094540337272,0.4010995515572181,,
4,192,40,0.7401466893117378,0.47554550171287086,,
4,256,40,0.6057958663351359,0.4050105410027997,,
4,384,40,0.3484465529632487,0.4126243301362336,,
0,48,41,0.922295573920413,0.5363545991072207,,
0,64,41,0.9157141636027263,0.6487585106520277,,
0,96,41,0.8805118073165693,0.6913124266853417,,
0,128,41,0.8247037308767863,0.7313711827376724,,
0,192,41,0.7294125819038256,0.7304925672979394,,
0,256,41,0.6116726256912571,0.737453045118401,,
0,384,41,0.3360128627070447,0.6216936639663725,,
2,48,41,0.9197400329404173,0.2839483610649856,,
2,64,41,0.9147605350612482,0.3672563966709649,,
2,96,41,0.8344632226640897,0.43574381718046756,,
2,128,41,0.8212337543831354,0.5068177103366738,,
2,192,41,0.7361783087691315,0.578714827720801,,
2,256,41,0.6316369780056865,0.5753493317436571,,
2,384,41,0.3509915109242565,0.5386408911207679,,
3,48,41,0.9209673719982747,0.1752526067107371,,
3,64,41,0.9209673719982747,0.23270319854608937,,
3,96,41,0.8710994861295075,0.33746519551484305,,
3,128,41,0.7919594315878273,0.39804981230014,,
3,192,41,0.7347932521447748,0.4675953439049881,,
3,256,41,0.5918169042933668,0.5400979060794204,,
3,384,41,0.36920168183044944,0.44461187190526175,,
4,48,41,0.9224309987236017,0.19139644378884554,,
4,64,41,0.9099846415207051,0.22049924920489689,,
4,96,41,0.8666063058820483,0.25592817118344957,,
4,128,41,0.8222993774357733,0.28858346951765246,,
4,192,41,0.7307017270023358,0.2964019714469977,,
4,256,41,0.6305844829856792,0.40859935478190296,,
4,384,41,0.3365096443095608,0.4302474322366475,,
0,48,42,0.935755091857747,0.5029656004231532,,
0,64,42,0.9209462124481244,0.5404529230089901,,
0,96,42,0.8493916248541048,0.6713167392251693,,
0,128,42,0.8174946766861952,0.6368322002276727,,
0,192,42,0.7301528233227003,0.6978150635979838,,
0,256,42,0.6263464123446157,0.7153200344499206,,
0,384,42,0.3641881790530589,0.5927165533256902,,
2,48,42,0.9376872883677995,0.2827306995922855,,
2,64,42,0.8944071562714904,0.4103073568351872,,
2,96,42,0.862458174737135,0.48931922462089383,,
2,128,42,0.825409255685875,0.5370005671785945,,
2,192,42,0.7175018323581653,0.6034350966540961,,
2,256,42,0.5950659134337222,0.6812790661592193,,
2,384,42,0.33498398242445804,0.6535479427220455,,
3,48,42,0.9283424632492785,0.2284895431206721,,
3,64,42,0.9155415083009051,0.3230111639012794,,
3,96,42,0.8758528847095208,0.2531820792231808,,
3,128,42,0.8160128453473148,0.30796805840105124,,
3,192,42,0.7109015537927051,0.40615424849499693,,
3,256,42,0.6500052295722829,0.3913591203633062,,
3,384,42,0.34915425133065003,0.43807320697265617,,
4,48,42,0.9242173685951188,0.1912124007697453,,
4,64,42,0.896209092356441,0.2353567412656033,,
4,96,42,0.862686628103938,0.3002583652247173,,
4,128,42,0.8261891169059753,0.34205655325255147,,
4,192,42,0.7264531069987883,0.34156904998620297,,
4,256,42,0.6062769985405347,0.40811162907440435,,
4,384,42,0.3218438799377158,0.4352586475586692,,
0,48,43,0.9489045412788368,0.49985790403229796,,
0,64,43,0.9073486443174543,0.5253946732571261,,
0,96,43,0.8629502966173954,0.6029419819531955,,
0,128,43,0.8212076288580695,0.6566732545779282,,
0,192,43,0.7150024558643382,0.6492794241040432,,
0,256,43,0.634265526644987,0.6549141273179493,,
0,384,43,0.3524152236023147,0.609690389673123,,
2,48,43,0.9287726128111491,0.25894875400445583,,
2,64,43,0.9105753532783998,0.3038969036048417,,
2,96,43,0.8735027446808784,0.334106131037646,,
2,128,43,0.8208754213936162,0.41425734536543435,,
2,192,43,0.7505656826221325,0.4724843800327217,,
2,256,43,0.6051959380953392,0.5781723791794654,,
2,384,43,0.3434806413343716,0.5236741579626707,,
3,48,43,0.9172850147677313,0.177687606923806,,
3,64,43,0.908525397377244,0.2092700496349578,,
3,96,43,0.876235856012153,0.2767780234816905,,
3,128,43,0.8271662878483346,0.362525208552921,,
3,192,43,0.7288845009660225,0.451867952198088,,
3,256,43,0.635647428599,0.5415166792642083,,
3,384,43,0.34174501162058996,0.5807035461978065,,
4,48,43,0.9309553281302413,0.16937092735999235,,
4,64,43,0.9074208668126587,0.23105797745009998,,
4,96,43,0.8661789861251212,0.23366328705792383,,
4,128,43,0.8163001307513393,0.29593452903860107,,
4,192,43,0.7424691363625108,0.42695231063030664,,
4,256,43,0.608367221187892,0.4894501865661577,,
4,384,43,0.3560922452610811,0.44895981629007997,,
0,48,44,0.92707272321459,0.5122118341050732,,
0,64,44,0.9262695019113136,0.5483450241040042,,
0,96,44,0.885186591585453,0.6757127405112372,,
0,128,44,0.8098764682073799,0.7552063099973862,,
0,192,44,0.7234501001751314,0.772708257017945,,
0,256,44,0.6377397473445695,0.7779340151667685,,
0,384,44,0.33413018913352643,0.6905260621863443,,
2,48,44,0.9397003537053117,0.3181747299650932,,
2,64,44,0.8865576378805785,0.36214027483901773,,
2,96,44,0.8428618089933698,0.46310332389151865,,
2,128,44,0.8237700212509291,0.4702474319012408,,
2,192,44,0.7311311502186217,0.5832180820828275,,
2,256,44,0.62821506307551,0.5817645673049665,,
2,384,44,0.34553118817641637,0.6402804776821104,,
3,48,44,0.9366261081477083,0.2425534474009516,,
3,64,44,0.915862647506531,0.331051453432875,,
3,96,44,0.8611437656063288,0.3718457925353913,,
3,128,44,0.8347460548313947,0.2934537260037168,,
3,192,44,0.7409924592896322,0.3829922132471869,,
3,256,44,0.629401849926236,0.42808489326620175,,
3,384,44,0.3291457511078576,0.4405435091228059,,
4,48,44,0.922858689904102,0.17558259301535195,,
4,64,44,0.9197859241132839,0.17166297977709488,,
4,96,44,0.870306055302867,0.23836888267946535,,
4,128,44,0.8328948576608077,0.3194544627140036,,
4,192,44,0.7234245466177802,0.4627921623498847,,
4,256,44,0.6245346681820303,0.49274846464963135,,
4,384,44,0.333128621179149,0.4900804842274735,,
0,48,45,0.9332820040189284,0.46087234475914163,,
0,64,45,0.8919118662703932,0.5568030257491091,,
0,96,45,0.8697379632792216,0.6291733570417367,,
0,128,45,0.7973285601970596,0.68562295234442,,
0,192,45,0.7199841654103485,0.6863328309581564,,
0,256,45,0.619127122000519,0.6891285072365514,,
0,384,45,0.33076151429340755,0.6249728725883136,,
2,48,45,0.9413641637282216,0.32679678216527364,,
2,64,45,0.8920501125847201,0.2960528791277882,,
2,96,45,0.8723164290219162,0.38252623189666274,,
2,128,45,0.830280074716304,0.4341818947550376,,
2,192,45,0.732381904285246,0.5249023522407502,,
2,256,45,0.6404129594975819,0.5889215887323099,,
2,384,45,0.330477417143308,0.486962592494314,,
3,48,45,0.9255073539450032,0.22652942707528714,,
3,64,45,0.9203617513445714,0.25851438166212803,,
3,96,45,0.866660212899885,0.32542754140001756,,
3,128,45,0.8314166447219538,0.3713727983756569,,
3,192,45,0.7281879608999908,0.46284872116203807,,
3,256,45,0.6260619944683944,0.48025013968601304,,
3,384,45,0.3528625605078489,0.61130964742392,,
4,48,45,0.9373872571226357,0.18804338101779025,,
4,64,45,0.9007406681154093,0.23569241977834496,,
4,96,45,0.8795405278267137,0.2621332614021142,,
4,128,45,0.8276972794307687,0.3183372298328784,,
4,192,45,0.7031147185009129,0.46033227892039913,,
4,256,45,0.6321787312141339,0.4649085283089799,,
4,384,45,0.34628945923194554,0.4151115660971303,,
0,48,46,0.9315827719779186,0.5063999336706654,,
0,64,46,0.9187240859112223,0.6114350669159255,,
0,96,46,0.8669973734381103,0.6077759568952043,,
0,128,46,0.83172733081867,0.6694430500250719,,
0,192,46,0.737869481388042,0.6643102196188996,,
0,256,46,0.6293467124203614,0.6724595902341569,,
0,384,46,0.31322572608537,0.6447808812803629,,
2,48,46,0.938987484111014,0.3206104102221393,,
2,64,46,0.9073749777584851,0.40961733111943255,,
2,96,46,0.8563026017943737,0.4957281856407737,,
2,128,46,0.830723074916937,0.6058443977276733,,
2,192,46,0.7144276116761548,0.6336103476724215,,
2,256,46,0.5907895717581368,0.6493561796044663,,
2,384,46,0.3547834290982887,0.6805394341182809,,
3,48,46,0.9256495040611168,0.40171653741299107,,
3,64,46,0.9182430119213407,0.3072129249719607,,
3,96,46,0.8709686717897598,0.3887582416072315,,
3,128,46,0.8196720956082778,0.40489583107044064,,
3,192,46,0.7313808994821648,0.46764751697472895,,
3,256,46,0.6133182476804869,0.5847633502314373,,
3,384,46,0.3453372740413556,0.49008524207475346,,
4,48,46,0.9371879740563264,0.19688111250478652,,
4,64,46,0.9151046852100709,0.17625592476522361,,
4,96,46,0.8671572364596959,0.2711359715873909,,
4,128,46,0.8052966133153535,0.24865663215855247,,
4,192,46,0.7372403673146449,0.3156444776041662,,
4,256,46,0.6325582158924782,0.25072867496539,,
4,384,46,0.3601090292473199,0.31741317151035864,,
0,48,47,0.9275703541527758,0.46373152218319025,,
0,64,47,0.9099588253546419,0.5036098027657344,,
0,96,47,0.8714050003215794,0.6519496198394036,,
0,128,47,0.8307123644417291,0.7385464139308333,,
0,192,47,0.742419631002084,0.746948700692648,,
0,256,47,0.6328617157145338,0.756871206181898,,
0,384,47,0.36419412388233535,0.72669264458386,,
2,48,47,0.9352905502651535,0.17610048194057917,,
2,64,47,0.9102377045363886,0.17642739568741364,,
2,96,47,0.883155006494465,0.3074680262255766,,
2,128,47,0.8216268570436008,0.4605232509774848,,
2,192,47,0.7277869283359404,0.5499760028865264,,
2,256,47,0.6214394916721662,0.5752294547678914,,
2,384,47,0.3578243653709276,0.5895096818823313,,
3,48,47,0.9445223950104898,0.17106850640908225,,
3,64,47,0.9165157417760208,0.18953456189857182,,
3,96,47,0.8668591851131311,0.2731799582557156,,
3,128,47,0.826090089438282,0.4242641171165201,,
3,192,47,0.7399677268165061,0.5029130428389381,,
3,256,47,0.6289280341406247,0.540572929320266,,
3,384,47,0.3447861531213346,0.515967238314446,,
4,48,47,0.9399357157324936,0.20340266172385096,,
4,64,47,0.9143038690124707,0.15810585984997289,,
4,96,47,0.8663224172158689,0.23570367160759978,,
4,128,47,0.8136998033153552,0.2588862591292857,,
4,192,47,0.7282517374653557,0.27682407588182945,,
4,256,47,0.6245427742057418,0.26766111485901123,,
4,384,47,0.3394089548550073,0.3354910202378886,,
0,48,48,0.9451363917186146,0.41402223529708443,,
0,64,48,0.9152661359962335,0.4569043378262047,,
0,96,48,0.8649587457091866,0.5677492903190852,,
0,128,48,0.8238384349793945,0.6503315628211194,,
0,192,48,0.7229698974532441,0.7307707397768886,,
0,256,48,0.6381007947731114,0.7382036651425983,,
0,384,48,0.3325975584199677,0.5892012427209671,,
2,48,48,0.9436775289757632,0.31751434745229035,,
2,64,48,0.9126852483785076,0.3635456725522452,,
2,96,48,0.8703171546179571,0.39201500549063506,,
2,128,48,0.8191920101292723,0.4585214774317137,,
2,192,48,0.7380957121399346,0.5776267802667023,,
2,256,48,0.6268729117002637,0.6047594733208667,,
2,384,48,0.3382613936228287,0.6328409276492788,,
3,48,48,0.9245142906783809,0.1765256424423036,,
3,64,48,0.9245142906783808,0.1913835897967081,,
3,96,48,0.8648676667590236,0.27345312953061324,,
3,128,48,0.7975712404464231,0.2942315764997206,,
3,192,48,0.7220137303648023,0.4506710486910466,,
3,256,48,0.6333222232198512,0.5169433606655407,,
3,384,48,0.33112243048290996,0.532232431055819,,
4,48,48,0.9429797614072424,0.22102906517095863,,
4,64,48,0.9093552353119494,0.22098802106915003,,
4,96,48,0.863150982832405,0.23687645790319256,,
4,128,48,0.8114208674909256,0.3458449505653647,,
4,192,48,0.7270207441207365,0.4400134302307977,,
4,256,48,0.6353262410263004,0.46492499824843714,,
4,384,48,0.35480171830560425,0.5343294779571753,,
0,48,49,0.9449539966351459,0.42116579248734093,,
0,64,49,0.9181496320043112,0.5556570249863,,
0,96,49,0.8642635436364776,0.5790200375523971,,
0,128,49,0.8280371195583215,0.6466060759172609,,
0,192,49,0.729020206167438,0.6993721876051051,,
0,256,49,0.642618786387832,0.7246770474110411,,
0,384,49,0.3397422378042604,0.6212379136537681,,
2,48,49,0.931748385125107,0.26721351427969736,,
2,64,49,0.9084011476298943,0.42954767832215185,,
2,96,49,0.8815717393214213,0.5217357409975859,,
2,128,49,0.8347549163720115,0.6108948592453898,,
2,192,49,0.7202823524706834,0.5957583945512158,,
2,256,49,0.6222521142317621,0.633195093777496,,
2,384,49,0.3521549529237272,0.5165824119016007,,
3,48,49,0.9306638356101312,0.23439978735673453,,
3,64,49,0.9205883633982693,0.24526190541976792,,
3,96,49,0.8721751673823266,0.350901143433624,,
3,128,49,0.8212218405647379,0.4127950132496275,,
3,192,49,0.7083364170658252,0.464195212911491,,
3,256,49,0.621828512101012,0.5330123382069333,,
3,384,49,0.34181517592436145,0.4425960333789532,,
4,48,49,0.9241715722574572,0.13655575317510948,,
4,64,49,0.9241715722574572,0.15452065594757808,,
4,96,49,0.8674624547382949,0.23811295036540564,,
4,128,49,0.8329545569501934,0.3170663218606211,,
4,192,49,0.7058574349775801,0.41623938314927056,,
4,256,49,0.6019442977534805,0.4054423131760704,,
4,384,49,0.3500580981871154,0.42756767664545225,,
0,48,50,0.9367440515421681,0.4032023187598339,,
0,64,50,0.9143725764595664,0.49566116242880465,,
0,96,50,0.869603409643736,0.6102280471289049,,
0,128,50,0.8335809874546591,0.6727839686896713,,
0,192,50,0.7205490381430607,0.7235234214535542,,
0,256,50,0.6262234515731346,0.7473227853143242,,
0,384,50,0.3431295006283633,0.6137329537293935,,
2,48,50,0.9410250409193716,0.2145543965555305,,
2,64,50,0.9115149808347662,0.26889801997910984,,
2,96,50,0.8463659335101703,0.4140082604040141,,
2,128,50,0.8150850996276608,0.5001713347982072,,
2,192,50,0.7249831594934941,0.6302584911791126,,
2,256,50,0.6223919551172091,0.6603036429292395,,
2,384,50,0.3478712670830776,0.5405401657440382,,
3,48,50,0.925671314366294,0.18507072495308516,,
3,64,50,0.9172847744372816,0.2390843161916409,,
3,96,50,0.88224201244637,0.35750232283843447,,
3,128,50,0.8181820437576643,0.40406977071804473,,
3,192,50,0.7275245300141122,0.5152662825505436,,
3,256,50,0.6118451886768,0.546094485469403,,
3,384,50,0.36249191994438273,0.5271614234033243,,
4,48,50,0.9396111579728441,0.17077661903900063,,
4,64,50,0.9097975424317325,0.20442603691633154,,
4,96,50,0.8528926533432316,0.26146543833514796,,
4,128,50,0.8262686543983778,0.2672647508756514,,
4,192,50,0.7458535009928015,0.3759778490689978,,
4,256,50,0.6173986680631277,0.4831001254677669,,
4,384,50,0.34866614027171017,0.4508642062606851,,
0,48,51,0.9229645048759947,0.4339947806381182,,
0,64,51,0.905223655011882,0.4342985653537311,,
0,96,51,0.8650399100369656,0.6178622309171744,,
0,128,51,0.8396132658537429,0.690126117586657,,
0,192,51,0.68556673312777,0.7410860709840836,,
0,256,51,0.5992746602977891,0.7469980192715743,,
0,384,51,0.3320641555855911,0.6345462679706588,,
2,48,51,0.9287759421577554,0.2490799527611555,,
2,64,51,0.9101682671052774,0.27016651741773645,,
2,96,51,0.8660187985150617,0.4535180626386017,,
2,128,51,0.8118159971547515,0.5283306791240888,,
2,192,51,0.7056313345762331,0.5577896388511111,,
2,256,51,0.6325933500144961,0.6284030642019456,,
2,384,51,0.3541280999324128,0.5715392455616322,,
3,48,51,0.9470575475959864,0.23948420782563215,,
3,64,51,0.9134461525760533,0.2564504424545073,,
3,96,51,0.871184794784191,0.4319043065970909,,
3,128,51,0.823853311759894,0.4493035592534854,,
3,192,51,0.7267143372612196,0.5775075014172727,,
3,256,51,0.606402201323683,0.5492957892456256,,
3,384,51,0.3584226077359534,0.5543236777566907,,
4,48,51,0.9353398129122324,0.17464936379911747,,
4,64,51,0.9016366791682834,0.19806310109721706,,
4,96,51,0.8810419692109828,0.25658198222695316,,
4,128,51,0.8338096906379289,0.24485598766089714,,
4,192,51,0.7419988110648575,0.4337923535433452,,
4,256,51,0.6284903408519888,0.46418382743239234,,
4,384,51,0.34779193706673767,0.4899960742533023,,
0,48,52,0.9348662765103103,0.4584127482234277,,
0,64,52,0.901206868705129,0.5620039990949314,,
0,96,52,0.8763701082484476,0.625417505571459,,
0,128,52,0.8217359412203464,0.617785184447882,,
0,192,52,0.7455433898019677,0.6420764221943495,,
0,256,52,0.6395887083769092,0.6914171041773339,,
0,384,52,0.3480017182796036,0.6132935508327456,,
2,48,52,0.9341152508629469,0.2880577069747746,,
2,64,52,0.9237902510221596,0.3572008512469769,,
2,96,52,0.8714040631945495,0.390509472080227,,
2,128,52,0.7998068679130031,0.43258709383561444,,
2,192,52,0.7217046290897502,0.5267408742845427,,
2,256,52,0.6007083999666198,0.5926433781263241,,
2,384,52,0.3636865414413444,0.5689645333759779,,
3,48,52,0.9325862588999622,0.22263235218153496,,
3,64,52,0.8997372891537011,0.23077048552002102,,
3,96,52,0.8721901470457581,0.2961949933892358,,
3,128,52,0.8097221364533158,0.3191027857517083,,
3,192,52,0.7332730358078615,0.4165720317715646,,
3,256,52,0.6358667053819442,0.48015846533119066,,
3,384,52,0.3450682051252114,0.5122902412487905,,
4,48,52,0.9419803847192653,0.2160749046671537,,
4,64,52,0.9129962785416453,0.22511523843897047,,
4,96,52,0.8722670714468821,0.23971660930835756,,
4,128,52,0.8255660705149089,0.29131535088277455,,
4,192,52,0.7331861267252884,0.4419781952843432,,
4,256,52,0.5994858513135253,0.4494237616459353,,
4,384,52,0.32965507436657465,0.46930594437534406,,
0,48,53,0.938698608712973,0.4513835078464115,,
0,64,53,0.9119289217953243,0.5924099445702201,,
0,96,53,0.8811581718519179,0.7180350668212633,,
0,128,53,0.8213872061037951,0.7534074959561857,,
0,192,53,0.7427524730138187,0.7692180441416523,,
0,256,53,0.6170297158592257,0.7604507920975369,,
0,384,53,0.3366955534674614,0.6407862586024186,,
2,48,53,0.9356098750541483,0.3653533426342212,,
2,64,53,0.9178628510905908,0.3755629141920086,,
2,96,53,0.869684230755603,0.518979310831231,,
2,128,53,0.8012370374490584,0.5522521304652633,,
2,192,53,0.7264330522044261,0.6884309100333508,,
2,256,53,0.61189568574926,0.7099799734149749,,
2,384,53,0.3433975567488348,0.5232872052022627,,
3,48,53,0.9360609739305373,0.17494812883777675,,
3,64,53,0.9021583696209634,0.21423621154329314,,
3,96,53,0.854630950170402,0.31339143557601173,,
3,128,53,0.8277564764470096,0.38684117475707125,,
3,192,53,0.7042822287538136,0.4318141837469588,,
3,256,53,0.6272587696382061,0.5823619025524526,,
3,384,53,0.35002339530374416,0.46891944785378437,,
4,48,53,0.926204749973315,0.14165935521481177,,
4,64,53,0.9049270808929718,0.15592702444295536,,
4,96,53,0.8387964160254796,0.1463457446980295,,
4,128,53,0.817041805361344,0.21364089919924736,,
4,192,53,0.739307811600594,0.33723267406327717,,
4,256,53,0.6005951531798729,0.41839155512606885,,
4,384,53,0.3362713804943214,0.3943297282063581,,
0,48,54,0.9364949574961915,0.3799731342263769,,
0,64,54,0.9010589883717278,0.5299801734460268,,
0,96,54,0.8503889341195257,0.5730165059184036,,
0,128,54,0.8209264467279757,0.6411352600421671,,
0,192,54,0.7173240772385935,0.7340859567608881,,
0,256,54,0.6209103458169734,0.6982977333324176,,
0,384,54,0.3301963742759845,0.5481235911431496,,
2,48,54,0.9168941670666731,0.2844867874323847,,
2,64,54,0.9142807445218997,0.3533155514736733,,
2,96,54,0.8659626022434648,0.5489360678295229,,
2,128,54,0.8237634404571291,0.560195507282297,,
2,192,54,0.7263234570698696,0.6079325002535237,,
2,256,54,0.6213342957443508,0.6466874090841734,,
2,384,54,0.3688101035000753,0.6175869860149257,,
3,48,54,0.9249769462412976,0.2655338395208215,,
3,64,54,0.905308181397518,0.31285599282502596,,
3,96,54,0.8602115388998369,0.4165038521779305,,
3,128,54,0.8193888064201479,0.4219565580379483,,
3,192,54,0.7337513426586915,0.46659874823968284,,
3,256,54,0.6391112982399351,0.47547369020839225,,
3,384,54,0.3073109613307442,0.5164997422388257,,
4,48,54,0.9323989601614796,0.25257886505428995,,
4,64,54,0.8981985360282891,0.23692076549613236,,
4,96,54,0.8822174343651772,0.27915048920088426,,
4,128,54,0.8240930401012838,0.2730365942233284,,
4,192,54,0.7244416877317359,0.38745485798048623,,
4,256,54,0.6192877312066952,0.4193522268679427,,
4,384,54,0.3211644860013805,0.3856634224450193,,
0,48,55,0.9448245514627713,0.3717751705280441,,
0,64,55,0.8801514510458553,0.5784150186505888,,
0,96,55,0.8561698904974568,0.6498416848869927,,
0,128,55,0.802147788137916,0.709516467377886,,
0,192,55,0.7336400281429654,0.7163830743910532,,
0,256,55,0.6402087936749412,0.7529801153336071,,
0,384,55,0.3365820617240774,0.6332351686845386,,
2,48,55,0.9316684277791392,0.2615813621668387,,
2,64,55,0.9057173247120687,0.39535021987096414,,
2,96,55,0.8678729386171549,0.44492327404913057,,
2,128,55,0.8068614935948927,0.5660789095226952,,
2,192,55,0.7156707402573339,0.6038708969204477,,
2,256,55,0.602754462633394,0.6103395536529096,,
2,384,55,0.3512164518739428,0.5445157752202646,,
3,48,55,0.929887088916431,0.1660558492647075,,
3,64,55,0.9066991382621907,0.21759027027715816,,
3,96,55,0.8691320053032748,0.30258075999675305,,
3,128,55,0.8218825619003173,0.37343987923296257,,
3,192,55,0.716295577083556,0.4099777815050772,,
3,256,55,0.6175522403961963,0.49886782667297075,,
3,384,55,0.3438612895094167,0.4666561008191869,,
4,48,55,0.9355230353942666,0.18043940522708626,,
4,64,55,0.9127567638946442,0.2644640449996654,,
4,96,55,0.8727503809149227,0.3079395704378664,,
4,128,55,0.8132499676578828,0.36654560793691815,,
4,192,55,0.7186580158856617,0.5017722043745051,,
4,256,55,0.6317346583375071,0.4984871219935706,,
4,384,55,0.28811765971495895,0.37762750599085015,,
0,48,56,0.9458343944083434,0.452578408487808,,
0,64,56,0.9193637456589859,0.5779547025940855,,
0,96,56,0.8709454463770937,0.7099063794192662,,
0,128,56,0.8265559468956436,0.7189418594371567,,
0,192,56,0.7319944732680701,0.7704990764352062,,
0,256,56,0.6439693615638094,0.7582238207492733,,
0,384,56,0.322601266135688,0.6347604438818667,,
2,48,56,0.9436345034736975,0.23419293836724364,,
2,64,56,0.909743904939396,0.33617522634289243,,
2,96,56,0.8512176254011226,0.4493603789752929,,
2,128,56,0.8250026832951606,0.4894903561279694,,
2,192,56,0.7234718762479418,0.6274563433584813,,
2,256,56,0.6124935559111963,0.670338790284932,,
2,384,56,0.31645039559693056,0.5114112538436912,,
3,48,56,0.9317430735324564,0.24806436044192168,,
3,64,56,0.9228073736672201,0.24345444573491773,,
3,96,56,0.8702738635235597,0.33152616566148413,,
3,128,56,0.8228251606862157,0.3940664316698623,,
3,192,56,0.7339925033796848,0.5058855652586414,,
3,256,56,0.6272146260511275,0.5593565920780874,,
3,384,56,0.3359208350660703,0.48389123719552996,,
4,48,56,0.9329419150833229,0.21326586552379037,,
4,64,56,0.9059194656554493,0.25505280485778753,,
4,96,56,0.8477625160012824,0.2420909748114798,,
4,128,56,0.8293277444707744,0.2547036792181885,,
4,192,56,0.7196865219829427,0.3505084440327249,,
4,256,56,0.5759857685319805,0.38553571949799864,,
4,384,56,0.34426010649249783,0.4341011314342807,,
0,48,57,0.9274250197094864,0.49452487700299413,,
0,64,57,0.885074138775566,0.5966297143528579,,
0,96,57,0.8663130441258892,0.6419460118305093,,
0,128,57,0.8310361013148341,0.7080034375938578,,
0,192,57,0.7214357089665145,0.7638327051605897,,
0,256,57,0.6399516380991713,0.7235895819467905,,
0,384,57,0.35727475160638716,0.55417701008353,,
2,48,57,0.9289727675254758,0.30186885260367585,,
2,64,57,0.9181875030650279,0.3256152724343267,,
2,96,57,0.8760391914755699,0.5091564399993854,,
2,128,57,0.8321397706102771,0.5302922851703016,,
2,192,57,0.7388435849567624,0.6247614176425561,,
2,256,57,0.6480407692190435,0.6831515057736437,,
2,384,57,0.32525973869092034,0.5508928694986657,,
3,48,57,0.9416331466475792,0.17246540229069587,,
3,64,57,0.898858259214406,0.22651437893972237,,
3,96,57,0.8691588773955511,0.3675284458798673,,
3,128,57,0.8434484257155536,0.4383521800057199,,
3,192,57,0.7196276948677938,0.5166314963155069,,
3,256,57,0.6239494188108509,0.5519158277239545,,
3,384,57,0.31862401582260585,0.47202152500075184,,
4,48,57,0.9461909162044658,0.11477247817749275,,
4,64,57,0.9183326484348042,0.135557908898894,,
4,96,57,0.8605193286116097,0.14343467098140683,,
4,128,57,0.8310855921505582,0.25036403230816073,,
4,192,57,0.686200997636701,0.33139289381514353,,
4,256,57,0.6411554043818222,0.3818431530808142,,
4,384,57,0.3573734754362913,0.4113072916533896,,
0,48,58,0.9406818974104467,0.5407904892001281,,
0,64,58,0.9053614670145563,0.607292849990147,,
0,96,58,0.8550535234220256,0.7308418542836721,,
0,128,58,0.8059404886234854,0.7354993338210802,,
0,192,58,0.7277066176535905,0.7304694308437659,,
0,256,58,0.6278238512361133,0.7572701581189502,,
0,384,58,0.3430588549477703,0.6802197443626168,,
2,48,58,0.9207739213984856,0.33406933376787984,,
2,64,58,0.9132446189139293,0.40032219202265035,,
2,96,58,0.8650840856764369,0.47237519999423394,,
2,128,58,0.8025019913127062,0.5514084656628265,,
2,192,58,0.716310143551017,0.6031015624268637,,
2,256,58,0.6160165643967795,0.6151298083883648,,
2,384,58,0.35911151360226307,0.6229147783778303,,
3,48,58,0.9350531027472555,0.18546083132831706,,
3,64,58,0.9229872279480773,0.20589117559534656,,
3,96,58,0.851979064683724,0.26937406734533986,,
3,128,58,0.8249027192033258,0.3225591171531634,,
3,192,58,0.7490271513041205,0.4398513868434812,,
3,256,58,0.6073609905839124,0.4418765566547362,,
3,384,58,0.34070082742063185,0.5173798699223865,,
4,48,58,0.9350773496523659,0.12633812963282307,,
4,64,58,0.911208339385114,0.18020155715144284,,
4,96,58,0.8618185086070741,0.25411760087297774,,
4,128,58,0.8139590767259005,0.3062318859674954,,
4,192,58,0.7264141036522499,0.356431905545842,,
4,256,58,0.613262025877345,0.4124795756559649,,
4,384,58,0.3360311120534734,0.378619447476498,,
0,48,59,0.9293241692916853,0.4528194427421976,,
0,64,59,0.9132478240033897,0.5239114454162542,,
0,96,59,0.8787271058702358,0.5600008833957173,,
0,128,59,0.8275485124986215,0.7146193929630233,,
0,192,59,0.7292293942877653,0.6872995878054992,,
0,256,59,0.6068281611562255,0.6273700197190312,,
0,384,59,0.3513480500603923,0.6117895886637637,,
2,48,59,0.9049352275251129,0.28420791616544044,,
2,64,59,0.8980606403246696,0.3480963799229568,,
2,96,59,0.8748256331962982,0.4305662541669842,,
2,128,59,0.8247108327480539,0.4924798997786822,,
2,192,59,0.7059245980327722,0.5490618150799911,,
2,256,59,0.6319488317675583,0.5679379251556974,,
2,384,59,0.3386041396337536,0.5503369397634699,,
3,48,59,0.9293170425255305,0.28531300603162507,,
3,64,59,0.9153416200121846,0.2830757400190922,,
3,96,59,0.8670784415592221,0.33314030472260003,,
3,128,59,0.8240793662299847,0.3634202883983214,,
3,192,59,0.7406205603640597,0.46823575648476884,,
3,256,59,0.6240299761771669,0.4871777337073657,,
3,384,59,0.33609764551291194,0.4845606200852974,,
4,48,59,0.9343301371068237,0.17555398963957458,,
4,64,59,0.9100362579000051,0.17252433089298405,,
4,96,59,0.8846692510315037,0.2901413645649805,,
4,128,59,0.8226045490825699,0.3984871035546162,,
4,192,59,0.7255071027881611,0.4396811729224891,,
4,256,59,0.6441390285893039,0.5670153545565628,,
4,384,59,0.34858350195679255,0.4807904460910966,,
0,48,60,0.9463650943829381,0.49128578871217954,,
0,64,60,0.9064118004393945,0.5605877041866314,,
0,96,60,0.8711396308280164,0.6318023661429114,,
0,128,60,0.8293906990599961,0.7180698440620171,,
0,192,60,0.7227938458067676,0.7229030353372555,,
0,256,60,0.6234397295879172,0.7322033730358796,,
0,384,60,0.34823525854417287,0.6496841737086632,,
2,48,60,0.9342546797057351,0.27396775861691347,,
2,64,60,0.9186167558571646,0.33958347165325065,,
2,96,60,0.860617415727392,0.4291942670332538,,
2,128,60,0.8221563457649854,0.5758593413585849,,
2,192,60,0.7363831234535041,0.6780389784859782,,
2,256,60,0.6167888036468201,0.6699501533700617,,
2,384,60,0.3386047499974239,0.5536171021870359,,
3,48,60,0.9370389080354814,0.22685671039984032,,
3,64,60,0.9215755582485466,0.26729246020851366,,
3,96,60,0.8433543134645312,0.3600397937818546,,
3,128,60,0.8235369329535391,0.41430074667100286,,
3,192,60,0.7254162945345817,0.42676970531396025,,
3,256,60,0.617623807977083,0.5119088094797717,,
3,384,60,0.3397206119186776,0.48028210582088254,,
4,48,60,0.9418533875951047,0.11209564533236836,,
4,64,60,0.9079401675834456,0.13283207402020525,,
4,96,60,0.8745804061760569,0.14620681669859523,,
4,128,60,0.8384767090133621,0.18734229530015634,,
4,192,60,0.7276144827601982,0.28808252579293253,,
4,256,60,0.6433981924280143,0.3364077082218372,,
4,384,60,0.3242000836339116,0.4181331556364671,,
0,48,61,0.9309101977933713,0.4527353486402512,,
0,64,61,0.9184142067120316,0.5544353264110476,,
0,96,61,0.8540028835638197,0.6349315129179901,,
0,128,61,0.8111783058237115,0.6082444517274372,,
0,192,61,0.7176797917344722,0.6491189631957499,,
0,256,61,0.6345983995046119,0.6482772780497179,,
0,384,61,0.345723308374109,0.543752625230962,,
2,48,61,0.9353067405736283,0.24477949789413853,,
2,64,61,0.9215301269568428,0.294470869683277,,
2,96,61,0.8732801276221012,0.4644304755390002,,
2,128,61,0.8327997171251755,0.5551078309088784,,
2,192,61,0.733638823918558,0.5859015011176145,,
2,256,61,0.6236355472434263,0.680874945437737,,
2,384,61,0.35087715080999266,0.66907016709173,,
3,48,61,0.9392175039604473,0.19988410042795102,,
3,64,61,0.9148093077391936,0.2137647145085968,,
3,96,61,0.8680844641676522,0.30710305822058714,,
3,128,61,0.8113092644325048,0.3523943428380448,,
3,192,61,0.7351706510845754,0.4644639935418403,,
3,256,61,0.6157278922604856,0.534428782703541,,
3,384,61,0.35246032018512763,0.48625402081852187,,
4,48,61,0.9221710238491212,0.22651750051509828,,
4,64,61,0.8984193682925564,0.21568373848737069,,
4,96,61,0.8735402731109558,0.24160269209787644,,
4,128,61,0.8320803906846931,0.26403002116909396,,
4,192,61,0.7222421439106025,0.3446795810919465,,
4,256,61,0.6428625425199287,0.36629225488936906,,
4,384,61,0.33433636846072917,0.42376843319477925,,
0,48,62,0.9332992623704649,0.3906260734168276,,
0,64,62,0.9134817441530367,0.4958491597527177,,
0,96,62,0.8603206794937144,0.5271412164685031,,
0,128,62,0.8369893943174926,0.6484585688519305,,
0,192,62,0.7399024629328803,0.6716693376592093,,
0,256,62,0.6003279494537785,0.7274676617174416,,
0,384,62,0.3658301404559928,0.5951395499895084,,
2,48,62,0.9385932987470661,0.271388128719415,,
2,64,62,0.9133419672403189,0.33010839756758964,,
2,96,62,0.8811994589779398,0.42421821768399315,,
2,128,62,0.8293174270219192,0.5138621584811764,,
2,192,62,0.7237410129386816,0.6163012665734652,,
2,256,62,0.6195822323431025,0.6475424833785246,,
2,384,62,0.3274333062310207,0.6310452415754293,,
3,48,62,0.9158883880348083,0.2400151802447735,,
3,64,62,0.9059492149582913,0.26004081210670527,,
3,96,62,0.8762060739860743,0.3899549766231867,,
3,128,62,0.8335097773386602,0.51872306935659,,
3,192,62,0.7379844708206686,0.44569095554180765,,
3,256,62,0.6213690462562822,0.5166727354060706,,
3,384,62,0.34997174451847046,0.4741385107699212,,
4,48,62,0.9301798121136897,0.14568921856605885,,
4,64,62,0.920176777784562,0.16769292094637703,,
4,96,62,0.8754815090086,0.2424667664741753,,
4,128,62,0.8264323668037487,0.2492241875291079,,
4,192,62,0.6941134307672167,0.3485943630812997,,
4,256,62,0.5989847343566457,0.35407700664967656,,
4,384,62,0.3331640697831163,0.3512539440968886,,
0,48,63,0.9462984424920897,0.48236665346251295,,
0,64,63,0.9059042090499779,0.5947407443552986,,
0,96,63,0.8740564681365119,0.6784719360760582,,
0,128,63,0.7899537389709996,0.6685829205203657,,
0,192,63,0.718232845240735,0.7239473853440109,,
0,256,63,0.6266175526456981,0.7603743496960166,,
0,384,63,0.35146858434365336,0.6766646312767445,,
2,48,63,0.9410089934801072,0.29993578624888745,,
2,64,63,0.9052756580812179,0.39313358150780653,,
2,96,63,0.848292148785383,0.4822576964212402,,
2,128,63,0.8213093082412454,0.5422690590631476,,
2,192,63,0.7227900974634538,0.6215065035151137,,
2,256,63,0.608279497633881,0.6400026021244751,,
2,384,63,0.3625176987128307,0.5960961590535981,,
3,48,63,0.9213802334445107,0.22848997227260998,,
3,64,63,0.9213802334445107,0.26427450635805216,,
3,96,63,0.8657934857077026,0.30104337010832893,,
3,128,63,0.8101202350762486,0.4032078647856675,,
3,192,63,0.7408763818980885,0.4826202353713277,,
3,256,63,0.630063278409755,0.546916210414154,,
3,384,63,0.3270548068824798,0.48575134321767355,,
4,48,63,0.9374747872010696,0.13896364620924476,,
4,64,63,0.9075937880488931,0.18007948420152914,,
4,96,63,0.8668974787194825,0.2741341287659647,,
4,128,63,0.7973264101297214,0.3026525903018441,,
4,192,63,0.7393272621304571,0.36640715481508324,,
4,256,63,0.61308416958291,0.33273154674606137,,
4,384,63,0.34441908587571696,0.3937069482155508,,
0,48,64,0.9161849605154981,0.3943543616029194,,
0,64,64,0.9161849605154981,0.5622748498248238,,
0,96,64,0.8730885351737706,0.6339702037870257,,
0,128,64,0.8292672825994517,0.6336977509679135,,
0,192,64,0.7370225818183016,0.7258449746250701,,
0,256,64,0.6440373315137196,0.7658510476178589,,
0,384,64,0.37773393777115766,0.5871019359147593,,
2,48,64,0.920127022502414,0.2507884344418523,,
2,64,64,0.9167000914688085,0.30273259554678517,,
2,96,64,0.8563600123692139,0.4619939421869237,,
2,128,64,0.8214964013449986,0.47496386971407545,,
2,192,64,0.7217660127360476,0.628894267814402,,
2,256,64,0.6154647912842445,0.6359114192818464,,
2,384,64,0.32964162920420803,0.6229374804479441,,
3,48,64,0.9176404311518387,0.20786029566547062,,
3,64,64,0.9176404311518388,0.2610528273262223,,
3,96,64,0.868718936697894,0.29263232686312984,,
3,128,64,0.8041514355203716,0.38244409083830017,,
3,192,64,0.7434616712572042,0.4876559241987915,,
3,256,64,0.593971153151044,0.537386944411368,,
3,384,64,0.3242475607121793,0.45914893718379535,,
4,48,64,0.9317004149704687,0.13662611950326398,,
4,64,64,0.9130871674753785,0.19398259162149967,,
4,96,64,0.8747109064230488,0.22311187021168327,,
4,128,64,0.8398154211719429,0.2696114632433363,,
4,192,64,0.7100696617658937,0.40997686701466585,,
4,256,64,0.6184268644759321,0.41586167710747035,,
4,384,64,0.30600444241731517,0.42727282566318836,,
0,48,65,0.9346115772438306,0.524187310456012,,
0,64,65,0.9076343425947724,0.6144125488648928,,
0,96,65,0.8599615721091827,0.6874489395302195,,
0,128,65,0.8236361632181204,0.7457284191159482,,
0,192,65,0.7320275284555824,0.7495757536367729,,
0,256,65,0.6284246899989654,0.7761594891603144,,
0,384,65,0.3475711644799818,0.6654033206473801,,
2,48,65,0.9384558115342663,0.36755777530194417,,
2,64,65,0.9150568611015993,0.46623459537047524,,
2,96,65,0.8781380160004131,0.6249821877170683,,
2,128,65,0.8364689296264487,0.6607157848103615,,
2,192,65,0.7125792994285844,0.6540346681836532,,
2,256,65,0.643033146764661,0.7036030220779605,,
2,384,65,0.34272236754742175,0.6671972347316756,,
3,48,65,0.9353906951041342,0.3261291693915458,,
3,64,65,0.9084471488733782,0.31348463455884795,,
3,96,65,0.8830491439591027,0.36403917509645456,,
3,128,65,0.8374999789222396,0.29908552944057354,,
3,192,65,0.7077495704518858,0.5468243039469823,,
3,256,65,0.6255935085808209,0.6301146425258238,,
3,384,65,0.30165184385614024,0.5183399781665041,,
4,48,65,0.9387337899242238,0.15386471938751972,,
4,64,65,0.9070804233337326,0.19376228215898347,,
4,96,65,0.8636459536440868,0.2326526480104726,,
4,128,65,0.8446654384388561,0.3424837481148704,,
4,192,65,0.7287762492662536,0.32029673502537803,,
4,256,65,0.6421206069760387,0.5060152110156159,,
4,384,65,0.31174664563842214,0.518536060717135,,
0,48,66,0.928840372962814,0.49727962962491823,,
0,64,66,0.8914771829842452,0.5810151294957042,,
0,96,66,0.8817819095003936,0.6252107248518155,,
0,128,66,0.8245621177014656,0.6894478232480021,,
0,192,66,0.7379031729415689,0.7114903614880637,,
0,256,66,0.6304471398790872,0.6750735199618985,,
0,384,66,0.3533024004262424,0.6338918032146162,,
2,48,66,0.9473776807083346,0.29861796871344365,,
2,64,66,0.9086825272302317,0.33920332880057164,,
2,96,66,0.8764688299550463,0.4878871253510549,,
2,128,66,0.8117587948974293,0.5756818506607176,,
2,192,66,0.6772865701045242,0.6121195666679281,,
2,256,66,0.6167889222887072,0.6019291266421821,,
2,384,66,0.35127344175523606,0.5860093049619554,,
3,48,66,0.9264890681692289,0.17932318492628047,,
3,64,66,0.9076700726383218,0.2285153301753533,,
3,96,66,0.8666353919077858,0.257168035053767,,
3,128,66,0.8318729738540729,0.32865421104652554,,
3,192,66,0.6839084957425461,0.37301174284438654,,
3,256,66,0.627617812336547,0.43104514378938574,,
3,384,66,0.30374382992437926,0.4975656843035375,,
4,48,66,0.9185478688375318,0.3456269192539666,,
4,64,66,0.9179202600506188,0.2874176802505769,,
4,96,66,0.8742547728109205,0.2607133941409644,,
4,128,66,0.8249104050891446,0.40094745558094397,,
4,192,66,0.7349719477639334,0.4286199785617692,,
4,256,66,0.6135075382422233,0.4245431434724327,,
4,384,66,0.3342489986977745,0.4264464533059273,,
0,48,67,0.9382671052653632,0.45528120899496033,,
0,64,67,0.9176307294332972,0.518729608062847,,
0,96,67,0.8580077347722498,0.6541146193579107,,
0,128,67,0.8179642141749699,0.7375411486554142,,
0,192,67,0.7234352358780639,0.7877890885987872,,
0,256,67,0.6219078635293416,0.7656618057609186,,
0,384,67,0.34113067708451855,0.6556340723234324,,
2,48,67,0.9440535129001938,0.2076697856840545,,
2,64,67,0.9154426778910686,0.2958792366095371,,
2,96,67,0.8676636942757542,0.42539877158168526,,
2,128,67,0.8187167225355467,0.5064320243997598,,
2,192,67,0.7266796595059749,0.6020176635796733,,
2,256,67,0.6159526579367686,0.6226854609407887,,
2,384,67,0.34523726271024574,0.5858747042895336,,
3,48,67,0.9395597340144435,0.20983083688489587,,
3,64,67,0.907220480659399,0.1975051334140543,,
3,96,67,0.8630468271841337,0.30343393982409306,,
3,128,67,0.824027792589861,0.3444400376833069,,
3,192,67,0.7116488804994053,0.39345579031060995,,
3,256,67,0.6390580833768743,0.42026971956164544,,
3,384,67,0.32074462737955367,0.5080409526796852,,
4,48,67,0.9378690652883315,0.1310245355505087,,
4,64,67,0.9149312843795651,0.13770101549885203,,
4,96,67,0.8760764107810799,0.19116186064372107,,
4,128,67,0.8319563179573919,0.2818163438283132,,
4,192,67,0.7198595753331123,0.2777220497536699,,
4,256,67,0.6267141345471726,0.40366439365793116,,
4,384,67,0.3594805323747394,0.4128276511513378,,
0,48,68,0.9405808654384301,0.3656715193325366,,
0,64,68,0.9091011053205492,0.482192568692369,,
0,96,68,0.8558915420380216,0.6827850841804367,,
0,128,68,0.81862227265117,0.7231191349272447,,
0,192,68,0.7423966548978869,0.7544483526134256,,
0,256,68,0.6303660800961621,0.741806899508932,,
0,384,68,0.3207727102204241,0.5255505764927577,,
2,48,68,0.9388530339305736,0.24938936074039245,,
2,64,68,0.9131698165959922,0.3514911614568604,,
2,96,68,0.8810324452480935,0.5196410437171379,,
2,128,68,0.8342177032653944,0.5530149183201486,,
2,192,68,0.7232355717504015,0.6252321091693913,,
2,256,68,0.6283020270377939,0.69333651756626,,
2,384,68,0.33324879600753676,0.5774434966074105,,
3,48,68,0.9297412510728579,0.23974392236450187,,
3,64,68,0.9132509637758255,0.2564537084877202,,
3,96,68,0.875662329444646,0.3845920637593846,,
3,128,68,0.8257210427745123,0.48273543939236263,,
3,192,68,0.7311600743492358,0.5634520425938825,,
3,256,68,0.620935678475171,0.4928553038731158,,
3,384,68,0.33435637801854545,0.5232608241410385,,
4,48,68,0.9364691123176965,0.22694719210321365,,
4,64,68,0.9061508313222316,0.16119116292034355,,
4,96,68,0.8768956776601435,0.2673882375110136,,
4,128,68,0.8152028167861078,0.3218751926975213,,
4,192,68,0.7344794198876502,0.39236149798603137,,
4,256,68,0.6333136783514495,0.4964975987404414,,
4,384,68,0.3754670135665099,0.44362487483771335,,
0,48,69,0.9261177968253818,0.466367773814497,,
0,64,69,0.9182120597733455,0.5488930735847375,,
0,96,69,0.8699743736990626,0.6315516788502441,,
0,128,69,0.8262486630763912,0.6813410828533943,,
0,192,69,0.7197366374195265,0.7028691247503351,,
0,256,69,0.6288044834206432,0.7801458131581208,,
0,384,69,0.33973924864705685,0.6422963499437576,,
2,48,69,0.9320194993336738,0.2921574616924619,,
2,64,69,0.9187145209342158,0.32739684567637917,,
2,96,69,0.8711978185948391,0.47097598226969223,,
2,128,69,0.8457156777571343,0.5406734786884931,,
2,192,69,0.7303060583365025,0.5438815491431308,,
2,256,69,0.6295663114987509,0.6799293446348534,,
2,384,69,0.36647162550854745,0.7057545455720347,,
3,48,69,0.9371966648408276,0.24316097913827814,,
3,64,69,0.9141486951942156,0.2203966550534576,,
3,96,69,0.8674901187952446,0.24215789194388218,,
3,128,69,0.8107389858009217,0.3302677708457055,,
3,192,69,0.7406249747775283,0.3766970171526042,,
3,256,69,0.6200913629671065,0.4440408751559459,,
3,384,69,0.37501714265684843,0.46650891620554436,,
4,48,69,0.9307633460764841,0.24758516217142057,,
4,64,69,0.9251163262921114,0.1907036578822202,,
4,96,69,0.8702769686999401,0.27534299555486313,,
4,128,69,0.8261968330182228,0.3513974904324552,,
4,192,69,0.7312675097618656,0.4225378521647421,,
4,256,69,0.6341616580341122,0.5000932240722867,,
4,384,69,0.3322372488448605,0.5885351381529356,,
0,48,70,0.9223333861232283,0.3345584477868686,,
0,64,70,0.9110823456500381,0.5228400789902227,,
0,96,70,0.8737524431293433,0.6707081238778471,,
0,128,70,0.8285163109167977,0.7169166333596999,,
0,192,70,0.7392053812925683,0.6865739287907541,,
0,256,70,0.6165136031160703,0.6349441377720272,,
0,384,70,0.3340619512585217,0.5963887680293156,,
2,48,70,0.9339780588681411,0.23257192415851455,,
2,64,70,0.9042547029562958,0.358364359603913,,
2,96,70,0.8831697008079438,0.5069902535905555,,
2,128,70,0.8269891983545403,0.5507248857660194,,
2,192,70,0.7211148858991052,0.5771351575909582,,
2,256,70,0.613303290907774,0.5300212496868734,,
2,384,70,0.33406984679559787,0.6378429076881048,,
3,48,70,0.9409759226708537,0.28031189065940776,,
3,64,70,0.9157343562429666,0.3664537211231318,,
3,96,70,0.8703726951592861,0.3716214705815123,,
3,128,70,0.8148839765039628,0.33935276751339993,,
3,192,70,0.7330242059787828,0.3922679704614064,,
3,256,70,0.6250019446866488,0.4792563376193913,,
3,384,70,0.3576347254207195,0.4666995662883849,,
4,48,70,0.9298637347572442,0.23855278116561732,,
4,64,70,0.9093946218921198,0.24463034521716498,,
4,96,70,0.8711608950596118,0.3204516587265511,,
4,128,70,0.8147650732036182,0.33472075672619417,,
4,192,70,0.7428456483372718,0.36940477473542654,,
4,256,70,0.6216923035125081,0.4684530821965378,,
4,384,70,0.3330031422826299,0.5343689923371875,,
0,48,71,0.9382527217524381,0.40918479528975693,,
0,64,71,0.9082236538144178,0.49155485058555526,,
0,96,71,0.875334262212804,0.600766651399812,,
0,128,71,0.8190113750648066,0.6700839954956799,,
0,192,71,0.7537758381284407,0.6542713166591763,,
0,256,71,0.6363777519055324,0.714025543556212,,
0,384,71,0.3522960346722935,0.7034347171838327,,
2,48,71,0.918514625531429,0.2627764191581652,,
2,64,71,0.9144992018493133,0.355491626200396,,
2,96,71,0.871418554405158,0.4662612673901357,,
2,128,71,0.8116958542992687,0.5157904905699948,,
2,192,71,0.7066627081908429,0.5648287671103973,,
2,256,71,0.5930187074412872,0.6109980288982588,,
2,384,71,0.3488503047031443,0.6228520898840236,,
3,48,71,0.9375028959459182,0.27242234635342943,,
3,64,71,0.9205343016067583,0.30474808402330855,,
3,96,71,0.8654244968794995,0.37525614835604987,,
3,128,71,0.8034795592316591,0.39532412508823067,,
3,192,71,0.7280588292223964,0.5000090808386922,,
3,256,71,0.6319734750844724,0.5666753357530764,,
3,384,71,0.3464133581560206,0.5139911062530916,,
4,48,71,0.9360331926370082,0.214205195403871,,
4,64,71,0.9013609360800962,0.24026720257619555,,
4,96,71,0.8766160219114444,0.2717555583276475,,
4,128,71,0.8163097194329382,0.39482540826879375,,
4,192,71,0.7296368458125625,0.41708016402934134,,
4,256,71,0.6382263781196795,0.49589021461521937,,
4,384,71,0.3172372954942652,0.40550201297099003,,
0,48,72,0.9298117851916387,0.4468420723353837,,
0,64,72,0.8977441399514039,0.5529185610938516,,
0,96,72,0.8727244828010173,0.578373309794164,,
0,128,72,0.8282442131382559,0.608012838155826,,
0,192,72,0.7238749219788885,0.6424381642480046,,
0,256,72,0.6397673163030902,0.7041893882185922,,
0,384,72,0.34391282946112073,0.6478770540274618,,
2,48,72,0.9422866092924733,0.38871222765177815,,
2,64,72,0.9116055879668116,0.4054358677095919,,
2,96,72,0.8698821933586988,0.46000292944513366,,
2,128,72,0.8345584458859373,0.5419285146953575,,
2,192,72,0.729604076540235,0.6155304829027639,,
2,256,72,0.6245645808174023,0.5985411880594389,,
2,384,72,0.3273658350018396,0.6158264737670448,,
3,48,72,0.9444036091310012,0.21235426398246174,,
3,64,72,0.9036415266860055,0.2129675624108636,,
3,96,72,0.8545461095095004,0.25087915639708724,,
3,128,72,0.8118259763866589,0.35829481413477987,,
3,192,72,0.7298715430370858,0.40187990270046264,,
3,256,72,0.6019359860670114,0.5152238737278697,,
3,384,72,0.3321204504537167,0.3809078062096399,,
4,48,72,0.9338234787330005,0.30322551062605907,,
4,64,72,0.9072530309944256,0.3186014987179282,,
4,96,72,0.8755526430428193,0.2845002567488734,,
4,128,72,0.8151855912370054,0.3757898649492356,,
4,192,72,0.6997750617443612,0.4201186672398265,,
4,256,72,0.6226930703070743,0.44056572278511463,,
4,384,72,0.34012755029752056,0.49224322065983855,,
0,48,73,0.9400622989961738,0.5137896360599977,,
0,64,73,0.8980907054470315,0.6486535043805509,,
0,96,73,0.8506335553044092,0.7117674816528001,,
0,128,73,0.8328245311474544,0.7179429993660802,,
0,192,73,0.7374066975677769,0.7346177670024642,,
0,256,73,0.6468904600914591,0.7192226466749434,,
0,384,73,0.2974583978102715,0.6764362139139445,,
2,48,73,0.929265209635633,0.33758681415309766,,
2,64,73,0.9018234932698125,0.3805913754269796,,
2,96,73,0.8815377112366833,0.43607081247332047,,
2,128,73,0.7994118143140441,0.5540025402422294,,
2,192,73,0.7292642033446316,0.574321609300905,,
2,256,73,0.627958512852554,0.6013418429919981,,
2,384,73,0.34017793940216834,0.5566327672013718,,
3,48,73,0.930417394524184,0.21941620142103765,,
3,64,73,0.8975852836796009,0.25532692963076364,,
3,96,73,0.8704566843290245,0.32900408035899514,,
3,128,73,0.8360731164373286,0.4289785204798581,,
3,192,73,0.7444931126255527,0.5237392538362583,,
3,256,73,0.6188370360475238,0.4949571298854703,,
3,384,73,0.36097905653700785,0.4707994661864165,,
4,48,73,0.9375977784158703,0.26074256878334273,,
4,64,73,0.9038695346659776,0.1484332902871893,,
4,96,73,0.8421818287943769,0.21476153221713612,,
4,128,73,0.8231782315352846,0.23539133000666485,,
4,192,73,0.7390245991337078,0.31339136786233396,,
4,256,73,0.6367034974380202,0.2742805909581024,,
4,384,73,0.3367991407355938,0.3303057149715826,,
0,48,74,0.9341075066622168,0.4688397514267397,,
0,64,74,0.9176829475252227,0.6393004202578384,,
0,96,74,0.8623929290629762,0.6920052269821075,,
0,128,74,0.7704786093960075,0.7076534387303225,,
0,192,74,0.729883063106532,0.7207160747810625,,
0,256,74,0.6446305369054364,0.7725048585809948,,
0,384,74,0.32182519975013146,0.620384166359559,,
2,48,74,0.9230674071788868,0.32122439132757147,,
2,64,74,0.9208709618900905,0.4086495107149693,,
2,96,74,0.8731052541077597,0.570629329743077,,
2,128,74,0.8393260277636447,0.5675770421882625,,
2,192,74,0.7173480217613776,0.609047376314861,,
2,256,74,0.6234793231334755,0.588911316941531,,
2,384,74,0.3328659414855475,0.5940431944225456,,
3,48,74,0.9366862515583227,0.1888223014935587,,
3,64,74,0.8970641729776135,0.227087211832733,,
3,96,74,0.8598544572760053,0.31479461865692787,,
3,128,74,0.8262274895181428,0.38799334360706217,,
3,192,74,0.7222176746598465,0.4431948797695159,,
3,256,74,0.6269914613528595,0.4810465999201057,,
3,384,74,0.3495787215248172,0.5231981246869307,,
4,48,74,0.9276228849379757,0.20035249422091905,,
4,64,74,0.909507921460662,0.2131023760687628,,
4,96,74,0.8688243082187116,0.2597985719982888,,
4,128,74,0.8037401677010322,0.2653837327399104,,
4,192,74,0.738557399552389,0.30104225267035345,,
4,256,74,0.6317895892306187,0.3462779041561462,,
4,384,74,0.3447516998773383,0.36501311132213354,,
0,48,75,0.9193999807489105,0.37297073039475953,,
0,64,75,0.9188132315882704,0.5575077117824502,,
0,96,75,0.8524684193673845,0.5993336347018491,,
0,128,75,0.8279364568716098,0.6511118474819446,,
0,192,75,0.7253724977694015,0.6856912115106499,,
0,256,75,0.6228834788463685,0.67106774575177,,
0,384,75,0.3366579389843619,0.6252883343694444,,
2,48,75,0.9351721270191892,0.24906388439281957,,
2,64,75,0.9173705590242037,0.4198608938993731,,
2,96,75,0.8733472264096767,0.490452606918229,,
2,128,75,0.8244302797815607,0.5300908295075966,,
2,192,75,0.7294665355393123,0.6273495915825875,,
2,256,75,0.6287389891349648,0.6583349817850181,,
2,384,75,0.33147184732428586,0.6645067707020806,,
3,48,75,0.9323518489176255,0.1466315835851026,,
3,64,75,0.9087621766243492,0.2014609365965784,,
3,96,75,0.8685457291308878,0.2649060356130236,,
3,128,75,0.807182535539814,0.36004590605700637,,
3,192,75,0.7219847860810013,0.4830547715516411,,
3,256,75,0.5899013093036248,0.5172352536623787,,
3,384,75,0.3353591276571553,0.4647058269252289,,
4,48,75,0.9366575590274946,0.20080205021964412,,
4,64,75,0.9213423588166405,0.2252144455562865,,
4,96,75,0.8796747790554985,0.24272971625493767,,
4,128,75,0.8307868950142314,0.2140407749442468,,
4,192,75,0.7411486875546044,0.2892437179937925,,
4,256,75,0.6224927425641592,0.37586166080406086,,
4,384,75,0.3226313700037943,0.4440665148937662,,
0,48,76,0.9225443232353383,0.47577634670260943,,
0,64,76,0.9225443232353383,0.5364405345890919,,
0,96,76,0.8582638806925159,0.6804299093308123,,
0,128,76,0.8061506791161526,0.7292079500899757,,
0,192,76,0.7353061278534001,0.7354928892764135,,
0,256,76,0.630924958404924,0.7484653851371175,,
0,384,76,0.34678411892805255,0.7360961117600309,,
2,48,76,0.9318807367753252,0.3611896284032004,,
2,64,76,0.912088965948313,0.34898819572234147,,
2,96,76,0.8730130405537282,0.44002560557776593,,
2,128,76,0.8326976537014217,0.46672406029471203,,
2,192,76,0.715144486700069,0.6132645575693617,,
2,256,76,0.6302068604870816,0.6482241856899666,,
2,384,76,0.33062813181233064,0.5327008065067099,,
3,48,76,0.9274987878186257,0.26734497062657775,,
3,64,76,0.9203144740016491,0.2689672556196686,,
3,96,76,0.8761652467267321,0.3916759654789682,,
3,128,76,0.827517566382307,0.5378791244601715,,
3,192,76,0.7135492191988702,0.5828064165287927,,
3,256,76,0.6156540405643157,0.538986356153035,,
3,384,76,0.3520257595774672,0.428113877636303,,
4,48,76,0.9261494350427423,0.17115899498735762,,
4,64,76,0.9172104225228495,0.193892727882858,,
4,96,76,0.8739253239763569,0.30792586845126485,,
4,128,76,0.8197092919460202,0.3708330853445624,,
4,192,76,0.7275091741998989,0.3173845664908706,,
4,256,76,0.6365960133495627,0.3539436169502337,,
4,384,76,0.35981792731389256,0.4481235022400504,,
0,48,77,0.9461688661198278,0.4565120101923991,,
0,64,77,0.909217461830604,0.6393432680195081,,
0,96,77,0.8601997976200912,0.6842984191025059,,
0,128,77,0.8262934413428155,0.6624716891211563,,
0,192,77,0.7234897544030798,0.7345664851540447,,
0,256,77,0.6356738243155409,0.7653516309505628,,
0,384,77,0.3197146021064896,0.6063180856177317,,
2,48,77,0.9247771820638196,0.2708245487909076,,
2,64,77,0.9081524697950168,0.40818574639661864,,
2,96,77,0.8631742204005519,0.4862433566987915,,
2,128,77,0.8197926117151884,0.5639070415078589,,
2,192,77,0.7241057875870582,0.5992900360208152,,
2,256,77,0.6350068849602424,0.625617195422679,,
2,384,77,0.3492723553129662,0.5801604824897242,,
3,48,77,0.9260995312955248,0.18022415919285326,,
3,64,77,0.9090494267925515,0.26116848432025996,,
3,96,77,0.8622099713493446,0.36537621409321447,,
3,128,77,0.8055696866778748,0.386685401850351,,
3,192,77,0.7415652226462052,0.4737463238482084,,
3,256,77,0.5794015210288167,0.5601732392539431,,
3,384,77,0.34940004613726056,0.5813839715829692,,
4,48,77,0.9425818787723536,0.16138258087730922,,
4,64,77,0.9157387600002247,0.17332268358837677,,
4,96,77,0.8870613584543804,0.23233997245954782,,
4,128,77,0.8389544688160735,0.2699507602055739,,
4,192,77,0.7280727635252757,0.3522970049001516,,
4,256,77,0.6150873951260163,0.3691930906202044,,
4,384,77,0.3420126460080314,0.361720308054114,,
0,48,78,0.9378559522105623,0.45636713865205614,,
0,64,78,0.9107004489709143,0.5623760394667662,,
0,96,78,0.8769144922217328,0.5668850166128117,,
0,128,78,0.8292186593078551,0.6491970806497178,,
0,192,78,0.7426178461026878,0.6760327857011281,,
0,256,78,0.6348844016535892,0.6704970165928907,,
0,384,78,0.3329659929727296,0.6338305333358096,,
2,48,78,0.9282920089344909,0.27687572118215337,,
2,64,78,0.9096226700545456,0.37119071000652215,,
2,96,78,0.8611634757831624,0.4517052551276235,,
2,128,78,0.827055270872153,0.5782809997581488,,
2,192,78,0.7365448228281074,0.7000581903588904,,
2,256,78,0.6433634849984192,0.6838690408500386,,
2,384,78,0.3311243992741562,0.6504600930123607,,
3,48,78,0.9351289000053417,0.21236112662336368,,
3,64,78,0.905906537593617,0.2720323399836739,,
3,96,78,0.8622548908654414,0.3238377443565793,,
3,128,78,0.8101579501863693,0.38821929839163644,,
3,192,78,0.7226923650740461,0.47570960956748104,,
3,256,78,0.6234628119757719,0.5196993486358341,,
3,384,78,0.350576943422087,0.49145060326205803,,
4,48,78,0.9403461261945276,0.2461876970971661,,
4,64,78,0.911253588951438,0.328806365464651,,
4,96,78,0.8697619764418841,0.3573844209413646,,
4,128,78,0.801676062520328,0.33589806522058224,,
4,192,78,0.7338982988895189,0.35616381840901584,,
4,256,78,0.6272236050273906,0.4716944043725269,,
4,384,78,0.3238849578217346,0.4769746108527196,,
0,48,79,0.9397377101199337,0.36101516773012077,,
0,64,79,0.9028447340248933,0.4575230280877548,,
0,96,79,0.8638715463036982,0.657562010177951,,
0,128,79,0.828175523803326,0.6443255222447152,,
0,192,79,0.7158801724869547,0.6707460219331471,,
0,256,79,0.6150981826303679,0.7304919612727477,,
0,384,79,0.3084525293225329,0.6285567152530447,,
2,48,79,0.9428927242471976,0.2637459466937861,,
2,64,79,0.9209797270116086,0.2885239081480627,,
2,96,79,0.860358574340343,0.4353383300480413,,
2,128,79,0.816351700299653,0.5124947316890589,,
2,192,79,0.7431728241116644,0.559371724797822,,
2,256,79,0.6426761391076351,0.6286887875567636,,
2,384,79,0.3552923422754228,0.608150459174677,,
3,48,79,0.9096896042891265,0.21668266497518052,,
3,64,79,0.9096896042891265,0.3174661491533602,,
3,96,79,0.8734772762955858,0.46418276088561666,,
3,128,79,0.8059835827910091,0.3683587883513179,,
3,192,79,0.7270284520785957,0.4502334742757673,,
3,256,79,0.6202675952747335,0.5012294343799685,,
3,384,79,0.3583317767378552,0.4808185047640904,,
4,48,79,0.9481503481090362,0.15209159238750433,,
4,64,79,0.9085925266518774,0.1620260114862796,,
4,96,79,0.8744152288881741,0.22834730074541384,,
4,128,79,0.8296511832518613,0.29543025675138246,,
4,192,79,0.7048683107632969,0.40047217768448706,,
4,256,79,0.6253064522122995,0.4841685314530096,,
4,384,79,0.3609858777671185,0.40140527008207355,,
0,48,80,0.9372218664216383,0.41929953467435216,,
0,64,80,0.9220985601946537,0.5753314330413867,,
0,96,80,0.8757260422215507,0.628337039542683,,
0,128,80,0.8166237444668625,0.7026110637242402,,
0,192,80,0.724351843115658,0.7074903325457836,,
0,256,80,0.6291726530423841,0.7832140277473565,,
0,384,80,0.3532987623929039,0.7005705523802479,,
2,48,80,0.9298945272002167,0.3015233506541267,,
2,64,80,0.906362298938655,0.369665085574341,,
2,96,80,0.8673952019503756,0.4280585700609913,,
2,128,80,0.8061159043778203,0.48629530812727784,,
2,192,80,0.7066009605215594,0.5821768509380687,,
2,256,80,0.6367183246702911,0.6961621617596991,,
2,384,80,0.3396709463704586,0.619566435444406,,
3,48,80,0.9319976997923753,0.1980792264388616,,
3,64,80,0.907434911572128,0.26288086319716714,,
3,96,80,0.8640285775225156,0.33430474421546874,,
3,128,80,0.8299001965947036,0.40788545736664233,,
3,192,80,0.7380931056877065,0.5492830336450654,,
3,256,80,0.6227834562091602,0.6170121432321817,,
3,384,80,0.32839302366231454,0.5594628883485372,,
4,48,80,0.9394348976943381,0.16719335875894972,,
4,64,80,0.9113731450244501,0.2374685645631686,,
4,96,80,0.8779910795849765,0.27334903564664614,,
4,128,80,0.818299391605245,0.28994057011106833,,
4,192,80,0.7057168119942633,0.40383288337628764,,
4,256,80,0.6247003113982033,0.4189492573836686,,
4,384,80,0.34634171368515326,0.5308174609191179,,
0,48,81,0.936495873986634,0.49962378354006687,,
0,64,81,0.9256280740065974,0.5704472435404447,,
0,96,81,0.8654787700471039,0.6555767019182227,,
0,128,81,0.8293314761009283,0.7146361109403886,,
0,192,81,0.744443567789231,0.7373274123674981,,
0,256,81,0.6254917095196841,0.7734217737211698,,
0,384,81,0.3148482030160187,0.714670841195157,,
2,48,81,0.934461267847674,0.27376226804513415,,
2,64,81,0.8992144460879373,0.27458015936919666,,
2,96,81,0.8763147167775043,0.3861323505228328,,
2,128,81,0.801338757871324,0.41716845429437194,,
2,192,81,0.7150731836285236,0.5280499949315614,,
2,256,81,0.6138468478199669,0.5872405731828606,,
2,384,81,0.3710973333389849,0.6158166157839959,,
3,48,81,0.9273262009628918,0.32200357939344115,,
3,64,81,0.9144090228562107,0.22722741250592443,,
3,96,81,0.8720265277783354,0.3186623415952936,,
3,128,81,0.804327228233195,0.3831392652669707,,
3,192,81,0.7204443251281055,0.5094001630580544,,
3,256,81,0.6249530925437422,0.5727315447432161,,
3,384,81,0.3412479632414747,0.5076512215784124,,
4,48,81,0.9388923716024649,0.16602991987345256,,
4,64,81,0.9250631475481079,0.20680585964529294,,
4,96,81,0.8630145047736749,0.2912348268337577,,
4,128,81,0.8021124834200618,0.3624848239490615,,
4,192,81,0.7374293555658438,0.3652534593324593,,
4,256,81,0.598562153516639,0.4433766042197385,,
4,384,81,0.3326436112995881,0.41868524108125277,,
0,48,82,0.9336212423313938,0.4703836553590855,,
0,64,82,0.9113459198628151,0.48736843400438185,,
0,96,82,0.872267310523482,0.54163166163801,,
0,128,82,0.8445880027498592,0.7019414305332403,,
0,192,82,0.724801290348865,0.7007226941640101,,
0,256,82,0.6205964444193408,0.7222628949071233,,
0,384,82,0.35127488738651025,0.5876308377729953,,
2,48,82,0.946493139885752,0.2723270499901306,,
2,64,82,0.9050087681994624,0.3674545043602721,,
2,96,82,0.8746974342138312,0.4272542286357016,,
2,128,82,0.8335161031663793,0.5301599358471367,,
2,192,82,0.7087189838311279,0.6210508513695244,,
2,256,82,0.6062841394061961,0.6632894400368073,,
2,384,82,0.34849291547890127,0.5228753496147213,,
3,48,82,0.9306397707710754,0.19266628582316342,,
3,64,82,0.9203689969407447,0.23785273318810587,,
3,96,82,0.877180712670887,0.24518004885259564,,
3,128,82,0.8355464011018557,0.35940935529023826,,
3,192,82,0.7348814780684899,0.40077313548099813,,
3,256,82,0.6362076449056522,0.41971450961647233,,
3,384,82,0.34185336500884217,0.45447056619341036,,
4,48,82,0.9271229497029171,0.3102860239538482,,
4,64,82,0.9131379512528274,0.27335264256557396,,
4,96,82,0.8737034602429781,0.17583088577113767,,
4,128,82,0.8422807843190628,0.2588397746880024,,
4,192,82,0.713974084643382,0.30265518631582294,,
4,256,82,0.614289995048383,0.3646261404859678,,
4,384,82,0.352824789742416,0.30543691994825684,,
0,48,83,0.9311735641235664,0.5013053335849009,,
0,64,83,0.9150990554328408,0.5702233751380656,,
0,96,83,0.8857270915926718,0.5847072403495942,,
0,128,83,0.843871135775305,0.6964773762655244,,
0,192,83,0.7357309999135533,0.7029736453402584,,
0,256,83,0.6187320243202533,0.7307554309694002,,
0,384,83,0.33839063271155967,0.5991297479134248,,
2,48,83,0.9287875421793111,0.29509343235394925,,
2,64,83,0.9080068613452891,0.4044720556219436,,
2,96,83,0.8611167788062845,0.4926999104444825,,
2,128,83,0.8418003727275454,0.579884496191696,,
2,192,83,0.7291012438689508,0.5829098872626345,,
2,256,83,0.6440565129815976,0.6324414757073532,,
2,384,83,0.3359067279679702,0.5909817652774872,,
3,48,83,0.9225101894589157,0.13777899736502566,,
3,64,83,0.9091362854228308,0.16927833315384003,,
3,96,83,0.8623438016047104,0.2531094103699104,,
3,128,83,0.8255212746752123,0.2879955398844356,,
3,192,83,0.7360294945680717,0.3957821300403826,,
3,256,83,0.6306977411952222,0.4043539164868963,,
3,384,83,0.3743310352548604,0.49702413997332956,,
4,48,83,0.9328124343772922,0.22143823771305246,,
4,64,83,0.9055893084246383,0.24639394933692293,,
4,96,83,0.8734682235489758,0.29185930866802406,,
4,128,83,0.8305850493885997,0.47359904855900675,,
4,192,83,0.7172368377550746,0.4974688128045609,,
4,256,83,0.6235877726747435,0.4568046278329805,,
4,384,83,0.31786692659073246,0.40575856297718566,,
0,48,84,0.9368740706234644,0.4310394285023564,,
0,64,84,0.9041417466050969,0.5588853680311182,,
0,96,84,0.8604360500781134,0.6179936834311355,,
0,128,84,0.8169746115922696,0.6622714028798605,,
0,192,84,0.739396175113979,0.7365602971070964,,
0,256,84,0.602782627338859,0.7201193823430085,,
0,384,84,0.35039049969668323,0.6271450431434635,,
2,48,84,0.9376261641718728,0.2604304645243087,,
2,64,84,0.9192112128129288,0.3644743853965139,,
2,96,84,0.8630875484360138,0.46597262078108853,,
2,128,84,0.839732314014349,0.5550801439575638,,
2,192,84,0.7357148638686813,0.6099574595665882,,
2,256,84,0.6100123496341396,0.5898771190535944,,
2,384,84,0.338494447037372,0.601177415148067,,
3,48,84,0.9305773091994741,0.3076197121670911,,
3,64,84,0.9226803334167571,0.344075778006912,,
3,96,84,0.8782668509455889,0.3486566748647909,,
3,128,84,0.8408122411178175,0.4214622935769551,,
3,192,84,0.7208559238041432,0.445947897942087,,
3,256,84,0.6205826405637451,0.5020239775840843,,
3,384,84,0.34122239185230707,0.505570178361262,,
4,48,84,0.940820028995817,0.18100135583435026,,
4,64,84,0.9211194633543506,0.2228578192893353,,
4,96,84,0.8676364582538193,0.3005261213627688,,
4,128,84,0.8079450040077375,0.37697445000094487,,
4,192,84,0.7242610781781569,0.42086173203252814,,
4,256,84,0.6322261680448861,0.4724790123587296,,
4,384,84,0.36387590846138346,0.46254133136681247,,
0,48,85,0.9383934130721735,0.4269759047278112,,
0,64,85,0.9042607301149856,0.5513473668692151,,
0,96,85,0.8658489613463686,0.6161332496770225,,
0,128,85,0.8123009108726162,0.6647291043925948,,
0,192,85,0.7148513117571723,0.7306206085492277,,
0,256,85,0.6338544277370882,0.7378928857963262,,
0,384,85,0.3429664829420769,0.5298302763774763,,
2,48,85,0.9224511410745695,0.34748792933409234,,
2,64,85,0.9111282605538948,0.39148594013393034,,
2,96,85,0.8611505276544771,0.524117615618203,,
2,128,85,0.8259236727463232,0.5399051463388146,,
2,192,85,0.7270620874783849,0.5608657897237573,,
2,256,85,0.6168846556782296,0.5871423521356853,,
2,384,85,0.3421398797509972,0.5502349893353067,,
3,48,85,0.9271732931783393,0.2919202904458238,,
3,64,85,0.9147915355889072,0.3670498359258607,,
3,96,85,0.8809734302858302,0.41172004823638214,,
3,128,85,0.8238597014009952,0.3728357687237972,,
3,192,85,0.7297667862593655,0.45663386690447866,,
3,256,85,0.598318535962123,0.5914691590744804,,
3,384,85,0.36131823916007,0.4344699974520996,,
4,48,85,0.9490341730425261,0.18382176934429112,,
4,64,85,0.9203718719420909,0.2153879557167496,,
4,96,85,0.888458473704437,0.2792190916826779,,
4,128,85,0.8228951179871218,0.33246792281633447,,
4,192,85,0.7311926959453013,0.34827594489773195,,
4,256,85,0.6134919123968846,0.39513762546913883,,
4,384,85,0.36421412899631794,0.35237978541834264,,
0,48,86,0.9426464457321142,0.4556409928010509,,
0,64,86,0.9197219044695651,0.5724681281091086,,
0,96,86,0.8701973418159004,0.7170924172766387,,
0,128,86,0.8308267533524617,0.6996565089820888,,
0,192,86,0.7161531745091052,0.7792504530111249,,
0,256,86,0.6311380004372346,0.7771741419293658,,
0,384,86,0.3588788806775214,0.5884916757339158,,
2,48,86,0.9193130961382717,0.31147168814610526,,
2,64,86,0.9163422703707218,0.353064814206468,,
2,96,86,0.8753816682609182,0.5124794222021937,,
2,128,86,0.8232227581268001,0.5019819331917958,,
2,192,86,0.7301710354856709,0.6209760997764558,,
2,256,86,0.6253453732435125,0.6225221835536243,,
2,384,86,0.32957299586570793,0.5831473154456672,,
3,48,86,0.9424512794029785,0.27542523743632985,,
3,64,86,0.9059880738932119,0.2881345640315707,,
3,96,86,0.8669108657785365,0.33423516925713964,,
3,128,86,0.8260054850057189,0.3928850796798546,,
3,192,86,0.7416317353203541,0.4895282280925936,,
3,256,86,0.6182849755260612,0.5631133694819329,,
3,384,86,0.3173259071553854,0.5144931037938888,,
4,48,86,0.9342069401238228,0.18134961232000926,,
4,64,86,0.9159330994967788,0.2239829758180756,,
4,96,86,0.8613481723339845,0.2854715642277411,,
4,128,86,0.8156478309155891,0.3295917731424825,,
4,192,86,0.7381529679705479,0.47351262352310264,,
4,256,86,0.6202597210950578,0.4323801874103659,,
4,384,86,0.334756091793976,0.5033246970802845,,
0,48,87,0.9341248845995838,0.40317983322549017,,
0,64,87,0.9090412974229747,0.4109075112349246,,
0,96,87,0.8773982862699777,0.5684833371688987,,
0,128,87,0.8260738084030195,0.6046746783429319,,
0,192,87,0.7383796478943014,0.6719068143255049,,
0,256,87,0.5961500359475405,0.6358931586330724,,
0,384,87,0.35586095002102364,0.5735394478723325,,
2,48,87,0.9363213798076973,0.22067309643354563,,
2,64,87,0.9137797374432198,0.25881602648714286,,
2,96,87,0.8610128276726988,0.4025459062489194,,
2,128,87,0.8158806656448313,0.4658171840055293,,
2,192,87,0.7055497914424588,0.5752633176974429,,
2,256,87,0.6291532319921123,0.6189671172625222,,
2,384,87,0.32849123971502187,0.5848947870393124,,
3,48,87,0.9281538846094388,0.24445406164387684,,
3,64,87,0.8993542676367674,0.2726257825417211,,
3,96,87,0.8573043583778052,0.40164574461639735,,
3,128,87,0.81730215918503,0.46041518064387216,,
3,192,87,0.7108728520067611,0.5648951099036985,,
3,256,87,0.6390057383897574,0.5100159770699255,,
3,384,87,0.2996781935075487,0.4578607730161024,,
4,48,87,0.9409136322736141,0.14405844896983883,,
4,64,87,0.881022351621146,0.14085894904166577,,
4,96,87,0.8679871530023243,0.21822690847519396,,
4,128,87,0.814768239059286,0.2607018030316497,,
4,192,87,0.7187970811570707,0.443270379230104,,
4,256,87,0.6148060772184469,0.5261299701024764,,
4,384,87,0.31276858923332473,0.3352760314056862,,
0,48,88,0.9401992714571868,0.4178479092720016,,
0,64,88,0.9040550677236899,0.610630304122462,,
0,96,88,0.8706234620608017,0.7076019426942203,,
0,128,88,0.834160490156248,0.7440469380505547,,
0,192,88,0.7087078049714438,0.7013971504327835,,
0,256,88,0.5956339834300912,0.7025526849636013,,
0,384,88,0.36730700444161096,0.6406653609129528,,
2,48,88,0.9050740485754063,0.252447200115232,,
2,64,88,0.9050740485754063,0.306786677238683,,
2,96,88,0.8606476530478399,0.48886706085963066,,
2,128,88,0.8268533721376063,0.5218116819364099,,
2,192,88,0.7287922101610842,0.590377369957516,,
2,256,88,0.6341472655871483,0.634724146152979,,
2,384,88,0.34249255392786965,0.5991938120969679,,
3,48,88,0.924159466152656,0.1644687993589244,,
3,64,88,0.9090240451031771,0.1852744725209807,,
3,96,88,0.8728223260991014,0.2723408541018653,,
3,128,88,0.8198411821819486,0.30523102640300637,,
3,192,88,0.7238221064783601,0.4333631744377296,,
3,256,88,0.6042997725053669,0.5026035593741559,,
3,384,88,0.32419702267174694,0.5235989304174623,,
4,48,88,0.9391729111879109,0.10626499929776076,,
4,64,88,0.9182166632248667,0.11791056235618448,,
4,96,88,0.8802054513333335,0.18348972943236502,,
4,128,88,0.8282781182328847,0.2840482096347346,,
4,192,88,0.7132319726847492,0.3327009294855055,,
4,256,88,0.6268011413732623,0.4714438142324467,,
4,384,88,0.3368379387843926,0.5093184324203492,,
0,48,89,0.9380096295563471,0.44247346603326115,,
0,64,89,0.9196813835095723,0.5597786451827133,,
0,96,89,0.8531742779524503,0.6380048304623266,,
0,128,89,0.8208444311277542,0.7159954061744835,,
0,192,89,0.7264937117896665,0.7064654336031595,,
0,256,89,0.6234450399318604,0.7348158733540726,,
0,384,89,0.32763460414503204,0.6318936659124976,,
2,48,89,0.9401635104380874,0.31341556664684017,,
2,64,89,0.921341528792984,0.3556020724210386,,
2,96,89,0.8821680708508711,0.43189006812981945,,
2,128,89,0.8260211005879363,0.49189126689264434,,
2,192,89,0.7308325465578989,0.5295259915604541,,
2,256,89,0.6054160568342263,0.6048342462691385,,
2,384,89,0.34244859683926154,0.5790782927502389,,
3,48,89,0.9226678815840913,0.19459545748015564,,
3,64,89,0.9100544052569194,0.24340473957263412,,
3,96,89,0.8769133859789325,0.28852430616959374,,
3,128,89,0.8274832145861412,0.41018524738031964,,
3,192,89,0.7327258775921138,0.5136407026825004,,
3,256,89,0.6252282359660598,0.5628871728457332,,
3,384,89,0.36606719999820736,0.5573474159484849,,
4,48,89,0.92799645506228,0.20384207948962746,,
4,64,89,0.8911538090545461,0.20466660967260614,,
4,96,89,0.8565759863641839,0.2386295306544075,,
4,128,89,0.8034832867747148,0.3513564948807677,,
4,192,89,0.7080857083402029,0.4040712401568108,,
4,256,89,0.6293482343744536,0.4498876257066993,,
4,384,89,0.34615019720545676,0.4725639862038708,,
0,48,90,0.9314727988594896,0.4606562156161692,,
0,64,90,0.9145559065157244,0.557636010756405,,
0,96,90,0.8740148209757368,0.5737104331743991,,
0,128,90,0.8301925801547825,0.5917177879197655,,
0,192,90,0.7450824416550744,0.6759139494756603,,
0,256,90,0.6085837128573899,0.679955200407857,,
0,384,90,0.31888068340092646,0.5357743288537369,,
2,48,90,0.9294834937293797,0.371992275337427,,
2,64,90,0.9070855468161894,0.3720812863131023,,
2,96,90,0.8720311840321314,0.33924516893760354,,
2,128,90,0.8223676564692859,0.4301818373576632,,
2,192,90,0.7308621572772906,0.4804479800152552,,
2,256,90,0.6188956663952444,0.5886147341389015,,
2,384,90,0.32252203247491507,0.5574759949566904,,
3,48,90,0.9235851419542661,0.18410107838158635,,
3,64,90,0.9194526175633663,0.22663232388306417,,
3,96,90,0.8612606158051737,0.3046209195693623,,
3,128,90,0.8365345235495066,0.3766938424863023,,
3,192,90,0.7292808759387098,0.5071947651256411,,
3,256,90,0.6327665092898761,0.47861526604087273,,
3,384,90,0.3326510184223362,0.3864569387917317,,
4,48,90,0.9236465897575797,0.23432693924828976,,
4,64,90,0.906166260542601,0.2034809270988131,,
4,96,90,0.8694789225090483,0.2810470603102509,,
4,128,90,0.8140411102425852,0.3234408938142302,,
4,192,90,0.7146314042377985,0.35667170981420226,,
4,256,90,0.6297426012808908,0.42933807384215655,,
4,384,90,0.3497881790294833,0.4517955746917556,,
0,48,91,0.9359829798352409,0.4569603744039392,,
0,64,91,0.9244365590999062,0.604762357887653,,
0,96,91,0.872499620469823,0.7091995810523538,,
0,128,91,0.8192242196458112,0.7212636834300181,,
0,192,91,0.7206764368448484,0.71724201540795,,
0,256,91,0.6224216384144202,0.7226746222049311,,
0,384,91,0.33684926835420503,0.5684571886132201,,
2,48,91,0.9364203375917525,0.319495075580329,,
2,64,91,0.9017867901128868,0.466768214852953,,
2,96,91,0.8594374241852462,0.5118765552899743,,
2,128,91,0.81347032475533,0.5641401981495636,,
2,192,91,0.7237091890639237,0.6254736974272653,,
2,256,91,0.6154084737006057,0.6447884399695357,,
2,384,91,0.3389612360459161,0.6420624963367859,,
3,48,91,0.9406950298507574,0.2269264116892897,,
3,64,91,0.9146212356302187,0.33722251154953375,,
3,96,91,0.8578335490365478,0.42728419425097985,,
3,128,91,0.8299337366830304,0.491306487988161,,
3,192,91,0.7327841345355588,0.5130973227732243,,
3,256,91,0.597250863569929,0.5419262135427558,,
3,384,91,0.3447146292179714,0.4972155342159828,,
4,48,91,0.9266181062841478,0.22849139660529555,,
4,64,91,0.9083693859619937,0.24993740849910756,,
4,96,91,0.8480208926495914,0.2896266008833498,,
4,128,91,0.8387944403044417,0.2745571014379407,,
4,192,91,0.7267969037296913,0.350033997122268,,
4,256,91,0.6390065955842518,0.39349911339447646,,
4,384,91,0.31918544006766897,0.4630717701275321,,
0,48,92,0.9375665612980064,0.5966399031770832,,
0,64,92,0.9136065193447075,0.6794561953402553,,
0,96,92,0.864483626992054,0.6514499324013318,,
0,128,92,0.8277578474292747,0.752806217297678,,
0,192,92,0.7449631210814879,0.7658387505915617,,
0,256,92,0.6180880128064591,0.7995543343370902,,
0,384,92,0.3504789537504813,0.6270494761944698,,
2,48,92,0.9302522763448154,0.28095408395273386,,
2,64,92,0.9066587814874023,0.3623377252971993,,
2,96,92,0.8763673011915732,0.44643601168719294,,
2,128,92,0.8308325241091614,0.556836565994635,,
2,192,92,0.7207693666504144,0.6984459006474627,,
2,256,92,0.6227853251385411,0.6562176538929044,,
2,384,92,0.3413381587569823,0.5813192752219166,,
3,48,92,0.9311481042971627,0.31835568489078997,,
3,64,92,0.8968482095726108,0.32814524980148047,,
3,96,92,0.8585009602849255,0.37203692559683676,,
3,128,92,0.8191478501835392,0.3968922477224966,,
3,192,92,0.7328750816562494,0.42310090172891035,,
3,256,92,0.6090264392699685,0.4643829749141224,,
3,384,92,0.35265526008885,0.4370964162585486,,
4,48,92,0.9443301186029305,0.12920733641984136,,
4,64,92,0.9192007342455036,0.13664270019355754,,
4,96,92,0.8679002739465428,0.22540257616817436,,
4,128,92,0.8355207039633457,0.3376827379990026,,
4,192,92,0.6945999876210748,0.40031909703489094,,
4,256,92,0.6176016731309102,0.4504294805044627,,
4,384,92,0.3450890840921545,0.44000196142542597,,
0,48,93,0.9296098639481468,0.5413140027008364,,
0,64,93,0.9094585088626419,0.6312620817171057,,
0,96,93,0.8645942038208666,0.637976839332966,,
0,128,93,0.8175571427653536,0.6632430613276638,,
0,192,93,0.7253776491039623,0.6269198368964767,,
0,256,93,0.5877176750979047,0.7409016097839768,,
0,384,93,0.3575436120289187,0.6580354858518248,,
2,48,93,0.9329496171988834,0.3621640772969885,,
2,64,93,0.9063479648496411,0.43553796253370897,,
2,96,93,0.8548077302777367,0.4855096428648958,,
2,128,93,0.824234105663435,0.49040818693519095,,
2,192,93,0.7314733310240762,0.6180310514201303,,
2,256,93,0.6289018851922754,0.7113659375583316,,
2,384,93,0.33209781175872766,0.6282143701673708,,
3,48,93,0.9184160746202951,0.22002704016372948,,
3,64,93,0.8989840760536312,0.287970564756735,,
3,96,93,0.8744063883311325,0.3682192591922013,,
3,128,93,0.8185674074798404,0.4191044654498916,,
3,192,93,0.736176743827247,0.4620640405594827,,
3,256,93,0.6198970733075578,0.416656030114414,,
3,384,93,0.33866386013109057,0.49279062661303236,,
4,48,93,0.9373073757988019,0.2076129542398468,,
4,64,93,0.9083754060718864,0.2223346503112662,,
4,96,93,0.863477977664165,0.26845576224258716,,
4,128,93,0.8175473018846128,0.3652000104879986,,
4,192,93,0.7327137292427337,0.4356091498370085,,
4,256,93,0.6389432694326511,0.4264146557728979,,
4,384,93,0.3590689934108208,0.35711595086900894,,
0,48,94,0.9400457590857283,0.4243292581744687,,
0,64,94,0.9208388238335534,0.5475612299156767,,
0,96,94,0.8569856282631004,0.5793519672240544,,
0,128,94,0.8308343056606128,0.6925417794419297,,
0,192,94,0.7128799881723415,0.6872003448589412,,
0,256,94,0.6240503416253698,0.6845167146290969,,
0,384,94,0.34157533097696546,0.6321011226180195,,
2,48,94,0.9236247047179224,0.26698055544282034,,
2,64,94,0.9196475017199629,0.3414230443665115,,
2,96,94,0.8748047691711678,0.4122555519645617,,
2,128,94,0.8346047749379152,0.4160414510081549,,
2,192,94,0.7324890475028771,0.549078387998502,,
2,256,94,0.6236014262175168,0.6434043438852065,,
2,384,94,0.3513604087954525,0.546892203370195,,
3,48,94,0.9362149914275908,0.1855502955356317,,
3,64,94,0.9023039584622172,0.22592675265150436,,
3,96,94,0.8755945158144358,0.31346982963122616,,
3,128,94,0.8041476271655545,0.45001902963009893,,
3,192,94,0.7369016215854205,0.5389599342986552,,
3,256,94,0.6330196730855128,0.594777032902779,,
3,384,94,0.3425423591981955,0.5301133770019401,,
4,48,94,0.922197483989384,0.16967704297389807,,
4,64,94,0.9151212487413076,0.20146317930805127,,
4,96,94,0.8767079689840597,0.21564058462535582,,
4,128,94,0.8186371577919488,0.2860868014799694,,
4,192,94,0.7365418697816983,0.3578674929087558,,
4,256,94,0.6309800178714162,0.4583454140677435,,
4,384,94,0.33430685846919556,0.2682296704682991,,
0,48,95,0.9259184919259884,0.4423665970983839,,
0,64,95,0.9171039704172577,0.5319340591671451,,
0,96,95,0.877803955442288,0.6821188020804195,,
0,128,95,0.828924561130741,0.6770871393096176,,
0,192,95,0.7033448299607492,0.6879988209122591,,
0,256,95,0.6055599258595616,0.6686402033514072,,
0,384,95,0.3486653238576778,0.5484300774437295,,
2,48,95,0.9161358423571326,0.2354015638691362,,
2,64,95,0.9159784895368168,0.35166469992768234,,
2,96,95,0.8774653539116697,0.44825020036842994,,
2,128,95,0.8148444456221284,0.5403495643152266,,
2,192,95,0.7395701292750919,0.5521522612510792,,
2,256,95,0.6219160235473581,0.6039672028455525,,
2,384,95,0.35526721384644366,0.6103051892526129,,
3,48,95,0.9431741020756429,0.38821939190338445,,
3,64,95,0.9018011514599217,0.3859382290393661,,
3,96,95,0.857381118792423,0.4111571955563146,,
3,128,95,0.821545784218493,0.4623500673938858,,
3,192,95,0.7177670203816287,0.49734123036840855,,
3,256,95,0.6262726596483512,0.6056138710524858,,
3,384,95,0.3203495564120637,0.5244291936980325,,
4,48,95,0.9183414986696231,0.16369702326023947,,
4,64,95,0.9002289960124161,0.1855863631079429,,
4,96,95,0.8765461173330741,0.2778381668589703,,
4,128,95,0.8151537503384908,0.43055504350064816,,
4,192,95,0.7264985858634254,0.43461335196486894,,
4,256,95,0.6159363489462284,0.5056503497613393,,
4,384,95,0.3321830720372058,0.523771362900568,,
